N;Instance;Decoder;Total Distance;Time Spent;Alpha
N10;52;PositionalDecoderWithVehicleByPercentage;615,08;179,38;Alpha1
N10;52;PositionalDecoderWithVehicleByPercentage;750,66;142,21;Alpha1
N10;52;PositionalDecoderWithVehicleByPercentage;770,38;124,95;Alpha1
N10;52;PositionalDecoderWithVehicleByPercentage;814,03;179,38;Alpha1
N10;52;PositionalDecoderWithVehicleByPercentage;782,80;142,21;Alpha1
N10;52;PositionalDecoderWithVehicleByPercentage;787,77;124,95;Alpha1
N10;52;PositionalDecoderWithVehicleByPercentage;817,92;124,95;Alpha1
N10;52;PositionalDecoderWithVehicleByPercentage;790,11;124,95;Alpha1
N10;52;PositionalDecoderWithVehicleByPercentage;565,48;179,38;Alpha1
N10;52;PositionalDecoderWithVehicleByPercentage;808,24;124,95;Alpha1
N10;52;TimeDecoderWithVehicleByPercentage;758,79;124,95;Alpha1
N10;52;TimeDecoderWithVehicleByPercentage;793,11;124,95;Alpha1
N10;52;TimeDecoderWithVehicleByPercentage;585,21;179,38;Alpha1
N10;52;TimeDecoderWithVehicleByPercentage;804,24;139,32;Alpha1
N10;52;TimeDecoderWithVehicleByPercentage;553,79;179,38;Alpha1
N10;52;TimeDecoderWithVehicleByPercentage;768,56;124,95;Alpha1
N10;52;TimeDecoderWithVehicleByPercentage;548,40;179,38;Alpha1
N10;52;TimeDecoderWithVehicleByPercentage;792,99;124,95;Alpha1
N10;52;TimeDecoderWithVehicleByPercentage;605,81;179,38;Alpha1
N10;52;TimeDecoderWithVehicleByPercentage;771,85;124,95;Alpha1
N10;53;PositionalDecoderWithVehicleByPercentage;709,66;80,83;Alpha1
N10;53;PositionalDecoderWithVehicleByPercentage;723,82;80,83;Alpha1
N10;53;PositionalDecoderWithVehicleByPercentage;715,02;80,83;Alpha1
N10;53;PositionalDecoderWithVehicleByPercentage;729,92;80,83;Alpha1
N10;53;PositionalDecoderWithVehicleByPercentage;733,24;80,83;Alpha1
N10;53;PositionalDecoderWithVehicleByPercentage;721,56;80,83;Alpha1
N10;53;PositionalDecoderWithVehicleByPercentage;636,62;93,56;Alpha1
N10;53;PositionalDecoderWithVehicleByPercentage;733,28;80,83;Alpha1
N10;53;PositionalDecoderWithVehicleByPercentage;723,78;80,83;Alpha1
N10;53;PositionalDecoderWithVehicleByPercentage;693,07;80,83;Alpha1
N10;53;TimeDecoderWithVehicleByPercentage;720,80;80,83;Alpha1
N10;53;TimeDecoderWithVehicleByPercentage;736,09;80,83;Alpha1
N10;53;TimeDecoderWithVehicleByPercentage;687,09;80,83;Alpha1
N10;53;TimeDecoderWithVehicleByPercentage;710,64;80,83;Alpha1
N10;53;TimeDecoderWithVehicleByPercentage;696,82;80,83;Alpha1
N10;53;TimeDecoderWithVehicleByPercentage;710,98;80,83;Alpha1
N10;53;TimeDecoderWithVehicleByPercentage;695,32;80,83;Alpha1
N10;53;TimeDecoderWithVehicleByPercentage;705,24;80,83;Alpha1
N10;53;TimeDecoderWithVehicleByPercentage;722,12;80,83;Alpha1
N10;53;TimeDecoderWithVehicleByPercentage;710,23;80,83;Alpha1
N10;56;PositionalDecoderWithVehicleByPercentage;890,40;175,02;Alpha1
N10;56;PositionalDecoderWithVehicleByPercentage;785,77;171,29;Alpha1
N10;56;PositionalDecoderWithVehicleByPercentage;898,54;171,29;Alpha1
N10;56;PositionalDecoderWithVehicleByPercentage;892,15;204,30;Alpha1
N10;56;PositionalDecoderWithVehicleByPercentage;915,65;175,02;Alpha1
N10;56;PositionalDecoderWithVehicleByPercentage;858,31;171,29;Alpha1
N10;56;PositionalDecoderWithVehicleByPercentage;786,72;171,29;Alpha1
N10;56;PositionalDecoderWithVehicleByPercentage;743,23;171,29;Alpha1
N10;56;PositionalDecoderWithVehicleByPercentage;745,43;171,29;Alpha1
N10;56;PositionalDecoderWithVehicleByPercentage;781,50;171,29;Alpha1
N10;56;TimeDecoderWithVehicleByPercentage;813,33;171,29;Alpha1
N10;56;TimeDecoderWithVehicleByPercentage;808,83;171,29;Alpha1
N10;56;TimeDecoderWithVehicleByPercentage;794,97;171,29;Alpha1
N10;56;TimeDecoderWithVehicleByPercentage;877,64;175,02;Alpha1
N10;56;TimeDecoderWithVehicleByPercentage;802,30;171,29;Alpha1
N10;56;TimeDecoderWithVehicleByPercentage;827,77;171,29;Alpha1
N10;56;TimeDecoderWithVehicleByPercentage;934,92;175,02;Alpha1
N10;56;TimeDecoderWithVehicleByPercentage;745,43;171,29;Alpha1
N10;56;TimeDecoderWithVehicleByPercentage;798,18;171,29;Alpha1
N10;56;TimeDecoderWithVehicleByPercentage;853,36;171,29;Alpha1
N10;57;PositionalDecoderWithVehicleByPercentage;804,91;66,81;Alpha1
N10;57;PositionalDecoderWithVehicleByPercentage;572,66;169,65;Alpha1
N10;57;PositionalDecoderWithVehicleByPercentage;814,47;66,81;Alpha1
N10;57;PositionalDecoderWithVehicleByPercentage;815,54;66,81;Alpha1
N10;57;PositionalDecoderWithVehicleByPercentage;809,14;66,81;Alpha1
N10;57;PositionalDecoderWithVehicleByPercentage;799,97;66,81;Alpha1
N10;57;PositionalDecoderWithVehicleByPercentage;819,28;66,81;Alpha1
N10;57;PositionalDecoderWithVehicleByPercentage;715,85;161,88;Alpha1
N10;57;PositionalDecoderWithVehicleByPercentage;810,94;66,81;Alpha1
N10;57;PositionalDecoderWithVehicleByPercentage;813,95;66,81;Alpha1
N10;57;TimeDecoderWithVehicleByPercentage;812,17;66,81;Alpha1
N10;57;TimeDecoderWithVehicleByPercentage;803,72;66,81;Alpha1
N10;57;TimeDecoderWithVehicleByPercentage;810,53;66,81;Alpha1
N10;57;TimeDecoderWithVehicleByPercentage;820,03;66,81;Alpha1
N10;57;TimeDecoderWithVehicleByPercentage;806,35;66,81;Alpha1
N10;57;TimeDecoderWithVehicleByPercentage;815,65;66,81;Alpha1
N10;57;TimeDecoderWithVehicleByPercentage;673,80;161,88;Alpha1
N10;57;TimeDecoderWithVehicleByPercentage;819,74;66,81;Alpha1
N10;57;TimeDecoderWithVehicleByPercentage;808,99;66,81;Alpha1
N10;57;TimeDecoderWithVehicleByPercentage;819,52;66,81;Alpha1
N10;58;PositionalDecoderWithVehicleByPercentage;777,88;163,35;Alpha1
N10;58;PositionalDecoderWithVehicleByPercentage;692,70;184,33;Alpha1
N10;58;PositionalDecoderWithVehicleByPercentage;813,45;163,35;Alpha1
N10;58;PositionalDecoderWithVehicleByPercentage;792,74;184,33;Alpha1
N10;58;PositionalDecoderWithVehicleByPercentage;852,35;184,33;Alpha1
N10;58;PositionalDecoderWithVehicleByPercentage;681,25;184,33;Alpha1
N10;58;PositionalDecoderWithVehicleByPercentage;746,97;184,33;Alpha1
N10;58;PositionalDecoderWithVehicleByPercentage;806,54;184,33;Alpha1
N10;58;PositionalDecoderWithVehicleByPercentage;691,59;184,33;Alpha1
N10;58;PositionalDecoderWithVehicleByPercentage;866,57;188,34;Alpha1
N10;58;TimeDecoderWithVehicleByPercentage;842,53;184,33;Alpha1
N10;58;TimeDecoderWithVehicleByPercentage;845,44;188,34;Alpha1
N10;58;TimeDecoderWithVehicleByPercentage;828,15;188,34;Alpha1
N10;58;TimeDecoderWithVehicleByPercentage;874,14;163,35;Alpha1
N10;58;TimeDecoderWithVehicleByPercentage;759,62;163,35;Alpha1
N10;58;TimeDecoderWithVehicleByPercentage;814,11;163,35;Alpha1
N10;58;TimeDecoderWithVehicleByPercentage;865,05;184,33;Alpha1
N10;58;TimeDecoderWithVehicleByPercentage;848,17;188,34;Alpha1
N10;58;TimeDecoderWithVehicleByPercentage;728,88;184,33;Alpha1
N10;58;TimeDecoderWithVehicleByPercentage;795,58;184,33;Alpha1
N10;59;PositionalDecoderWithVehicleByPercentage;768,43;187,78;Alpha1
N10;59;PositionalDecoderWithVehicleByPercentage;893,49;115,86;Alpha1
N10;59;PositionalDecoderWithVehicleByPercentage;863,89;115,86;Alpha1
N10;59;PositionalDecoderWithVehicleByPercentage;890,83;115,86;Alpha1
N10;59;PositionalDecoderWithVehicleByPercentage;905,50;115,86;Alpha1
N10;59;PositionalDecoderWithVehicleByPercentage;860,57;115,86;Alpha1
N10;59;PositionalDecoderWithVehicleByPercentage;917,66;127,69;Alpha1
N10;59;PositionalDecoderWithVehicleByPercentage;923,79;115,86;Alpha1
N10;59;PositionalDecoderWithVehicleByPercentage;901,66;115,86;Alpha1
N10;59;PositionalDecoderWithVehicleByPercentage;886,78;115,86;Alpha1
N10;59;TimeDecoderWithVehicleByPercentage;868,12;115,86;Alpha1
N10;59;TimeDecoderWithVehicleByPercentage;870,14;115,86;Alpha1
N10;59;TimeDecoderWithVehicleByPercentage;896,84;115,86;Alpha1
N10;59;TimeDecoderWithVehicleByPercentage;899,90;115,86;Alpha1
N10;59;TimeDecoderWithVehicleByPercentage;895,75;115,86;Alpha1
N10;59;TimeDecoderWithVehicleByPercentage;890,88;115,86;Alpha1
N10;59;TimeDecoderWithVehicleByPercentage;916,21;115,86;Alpha1
N10;59;TimeDecoderWithVehicleByPercentage;872,76;115,86;Alpha1
N10;59;TimeDecoderWithVehicleByPercentage;903,33;115,86;Alpha1
N10;59;TimeDecoderWithVehicleByPercentage;871,40;115,86;Alpha1
N10;60;PositionalDecoderWithVehicleByPercentage;925,82;164,92;Alpha1
N10;60;PositionalDecoderWithVehicleByPercentage;860,43;164,92;Alpha1
N10;60;PositionalDecoderWithVehicleByPercentage;683,63;222,76;Alpha1
N10;60;PositionalDecoderWithVehicleByPercentage;860,77;164,92;Alpha1
N10;60;PositionalDecoderWithVehicleByPercentage;891,94;164,92;Alpha1
N10;60;PositionalDecoderWithVehicleByPercentage;898,94;164,92;Alpha1
N10;60;PositionalDecoderWithVehicleByPercentage;859,22;164,92;Alpha1
N10;60;PositionalDecoderWithVehicleByPercentage;925,82;164,92;Alpha1
N10;60;PositionalDecoderWithVehicleByPercentage;857,65;164,92;Alpha1
N10;60;PositionalDecoderWithVehicleByPercentage;868,40;164,92;Alpha1
N10;60;TimeDecoderWithVehicleByPercentage;668,71;232,41;Alpha1
N10;60;TimeDecoderWithVehicleByPercentage;767,21;202,96;Alpha1
N10;60;TimeDecoderWithVehicleByPercentage;857,65;164,92;Alpha1
N10;60;TimeDecoderWithVehicleByPercentage;889,72;164,92;Alpha1
N10;60;TimeDecoderWithVehicleByPercentage;866,23;164,92;Alpha1
N10;60;TimeDecoderWithVehicleByPercentage;857,21;164,92;Alpha1
N10;60;TimeDecoderWithVehicleByPercentage;876,20;164,92;Alpha1
N10;60;TimeDecoderWithVehicleByPercentage;891,60;164,92;Alpha1
N10;60;TimeDecoderWithVehicleByPercentage;868,84;164,92;Alpha1
N10;60;TimeDecoderWithVehicleByPercentage;909,00;164,92;Alpha1
N10;51;PositionalDecoderWithVehicleByPercentage;965,24;222,63;Alpha1
N10;51;PositionalDecoderWithVehicleByPercentage;950,84;223,25;Alpha1
N10;51;PositionalDecoderWithVehicleByPercentage;845,17;226,91;Alpha1
N10;51;PositionalDecoderWithVehicleByPercentage;1021,98;205,14;Alpha1
N10;51;PositionalDecoderWithVehicleByPercentage;998,07;222,63;Alpha1
N10;51;PositionalDecoderWithVehicleByPercentage;965,24;222,63;Alpha1
N10;51;PositionalDecoderWithVehicleByPercentage;1001,21;222,63;Alpha1
N10;51;PositionalDecoderWithVehicleByPercentage;903,82;223,46;Alpha1
N10;51;PositionalDecoderWithVehicleByPercentage;877,29;222,63;Alpha1
N10;51;PositionalDecoderWithVehicleByPercentage;869,18;223,46;Alpha1
N10;51;TimeDecoderWithVehicleByPercentage;900,30;222,63;Alpha1
N10;51;TimeDecoderWithVehicleByPercentage;877,99;225,61;Alpha1
N10;51;TimeDecoderWithVehicleByPercentage;847,19;223,46;Alpha1
N10;51;TimeDecoderWithVehicleByPercentage;1057,63;204,23;Alpha1
N10;51;TimeDecoderWithVehicleByPercentage;838,04;226,91;Alpha1
N10;51;TimeDecoderWithVehicleByPercentage;988,06;227,18;Alpha1
N10;51;TimeDecoderWithVehicleByPercentage;950,27;223,46;Alpha1
N10;51;TimeDecoderWithVehicleByPercentage;955,35;204,23;Alpha1
N10;51;TimeDecoderWithVehicleByPercentage;967,49;222,63;Alpha1
N10;51;TimeDecoderWithVehicleByPercentage;870,33;225,61;Alpha1
N10;54;PositionalDecoderWithVehicleByPercentage;854,97;136,31;Alpha1
N10;54;PositionalDecoderWithVehicleByPercentage;846,72;136,31;Alpha1
N10;54;PositionalDecoderWithVehicleByPercentage;853,60;136,31;Alpha1
N10;54;PositionalDecoderWithVehicleByPercentage;826,01;136,31;Alpha1
N10;54;PositionalDecoderWithVehicleByPercentage;882,64;136,31;Alpha1
N10;54;PositionalDecoderWithVehicleByPercentage;830,10;136,31;Alpha1
N10;54;PositionalDecoderWithVehicleByPercentage;825,22;136,31;Alpha1
N10;54;PositionalDecoderWithVehicleByPercentage;838,16;136,31;Alpha1
N10;54;PositionalDecoderWithVehicleByPercentage;855,33;136,31;Alpha1
N10;54;PositionalDecoderWithVehicleByPercentage;865,34;136,31;Alpha1
N10;54;TimeDecoderWithVehicleByPercentage;871,40;136,31;Alpha1
N10;54;TimeDecoderWithVehicleByPercentage;808,35;136,31;Alpha1
N10;54;TimeDecoderWithVehicleByPercentage;855,87;136,31;Alpha1
N10;54;TimeDecoderWithVehicleByPercentage;855,33;136,31;Alpha1
N10;54;TimeDecoderWithVehicleByPercentage;849,27;136,31;Alpha1
N10;54;TimeDecoderWithVehicleByPercentage;836,16;136,31;Alpha1
N10;54;TimeDecoderWithVehicleByPercentage;869,72;136,31;Alpha1
N10;54;TimeDecoderWithVehicleByPercentage;826,86;136,31;Alpha1
N10;54;TimeDecoderWithVehicleByPercentage;888,62;136,31;Alpha1
N10;54;TimeDecoderWithVehicleByPercentage;874,40;136,31;Alpha1
N10;55;PositionalDecoderWithVehicleByPercentage;937,80;182,37;Alpha1
N10;55;PositionalDecoderWithVehicleByPercentage;901,89;240,85;Alpha1
N10;55;PositionalDecoderWithVehicleByPercentage;991,20;182,37;Alpha1
N10;55;PositionalDecoderWithVehicleByPercentage;976,18;182,37;Alpha1
N10;55;PositionalDecoderWithVehicleByPercentage;1040,99;182,37;Alpha1
N10;55;PositionalDecoderWithVehicleByPercentage;1033,89;182,37;Alpha1
N10;55;PositionalDecoderWithVehicleByPercentage;862,84;238,39;Alpha1
N10;55;PositionalDecoderWithVehicleByPercentage;1020,81;182,37;Alpha1
N10;55;PositionalDecoderWithVehicleByPercentage;956,05;182,37;Alpha1
N10;55;PositionalDecoderWithVehicleByPercentage;1066,00;182,37;Alpha1
N10;55;TimeDecoderWithVehicleByPercentage;1022,48;182,37;Alpha1
N10;55;TimeDecoderWithVehicleByPercentage;1014,15;182,37;Alpha1
N10;55;TimeDecoderWithVehicleByPercentage;969,36;182,37;Alpha1
N10;55;TimeDecoderWithVehicleByPercentage;995,97;182,37;Alpha1
N10;55;TimeDecoderWithVehicleByPercentage;804,40;243,14;Alpha1
N10;55;TimeDecoderWithVehicleByPercentage;988,39;182,37;Alpha1
N10;55;TimeDecoderWithVehicleByPercentage;947,54;240,85;Alpha1
N10;55;TimeDecoderWithVehicleByPercentage;976,25;182,37;Alpha1
N10;55;TimeDecoderWithVehicleByPercentage;969,58;182,37;Alpha1
N10;55;TimeDecoderWithVehicleByPercentage;844,15;238,39;Alpha1
N20;61;PositionalDecoderWithVehicleByPercentage;1102,44;219,24;Alpha1
N20;61;PositionalDecoderWithVehicleByPercentage;1217,41;197,69;Alpha1
N20;61;PositionalDecoderWithVehicleByPercentage;936,93;243,01;Alpha1
N20;61;PositionalDecoderWithVehicleByPercentage;1117,60;256,67;Alpha1
N20;61;PositionalDecoderWithVehicleByPercentage;1194,90;229,63;Alpha1
N20;61;PositionalDecoderWithVehicleByPercentage;1043,37;182,28;Alpha1
N20;61;PositionalDecoderWithVehicleByPercentage;1099,24;238,63;Alpha1
N20;61;PositionalDecoderWithVehicleByPercentage;1044,59;202,24;Alpha1
N20;61;PositionalDecoderWithVehicleByPercentage;1079,63;186,56;Alpha1
N20;61;PositionalDecoderWithVehicleByPercentage;1207,67;189,81;Alpha1
N20;61;TimeDecoderWithVehicleByPercentage;963,59;242,06;Alpha1
N20;61;TimeDecoderWithVehicleByPercentage;1185,03;228,07;Alpha1
N20;61;TimeDecoderWithVehicleByPercentage;1130,35;221,64;Alpha1
N20;61;TimeDecoderWithVehicleByPercentage;1093,60;202,94;Alpha1
N20;61;TimeDecoderWithVehicleByPercentage;1090,46;186,73;Alpha1
N20;61;TimeDecoderWithVehicleByPercentage;1212,11;191,53;Alpha1
N20;61;TimeDecoderWithVehicleByPercentage;1180,69;231,91;Alpha1
N20;61;TimeDecoderWithVehicleByPercentage;1121,99;196,85;Alpha1
N20;61;TimeDecoderWithVehicleByPercentage;949,84;189,04;Alpha1
N20;61;TimeDecoderWithVehicleByPercentage;1058,92;252,55;Alpha1
N20;62;PositionalDecoderWithVehicleByPercentage;1431,92;245,08;Alpha1
N20;62;PositionalDecoderWithVehicleByPercentage;1209,80;270,71;Alpha1
N20;62;PositionalDecoderWithVehicleByPercentage;1179,37;253,57;Alpha1
N20;62;PositionalDecoderWithVehicleByPercentage;1354,02;306,13;Alpha1
N20;62;PositionalDecoderWithVehicleByPercentage;1498,51;305,42;Alpha1
N20;62;PositionalDecoderWithVehicleByPercentage;1259,03;266,01;Alpha1
N20;62;PositionalDecoderWithVehicleByPercentage;1355,32;259,85;Alpha1
N20;62;PositionalDecoderWithVehicleByPercentage;1286,64;305,56;Alpha1
N20;62;PositionalDecoderWithVehicleByPercentage;1226,61;317,99;Alpha1
N20;62;PositionalDecoderWithVehicleByPercentage;1363,98;327,46;Alpha1
N20;62;TimeDecoderWithVehicleByPercentage;1322,66;224,16;Alpha1
N20;62;TimeDecoderWithVehicleByPercentage;1438,26;218,36;Alpha1
N20;62;TimeDecoderWithVehicleByPercentage;1309,41;283,19;Alpha1
N20;62;TimeDecoderWithVehicleByPercentage;1545,21;306,64;Alpha1
N20;62;TimeDecoderWithVehicleByPercentage;1332,22;230,17;Alpha1
N20;62;TimeDecoderWithVehicleByPercentage;1294,17;256,62;Alpha1
N20;62;TimeDecoderWithVehicleByPercentage;1426,09;271,30;Alpha1
N20;62;TimeDecoderWithVehicleByPercentage;1531,59;277,46;Alpha1
N20;62;TimeDecoderWithVehicleByPercentage;1493,17;258,68;Alpha1
N20;62;TimeDecoderWithVehicleByPercentage;1240,32;297,56;Alpha1
N20;67;PositionalDecoderWithVehicleByPercentage;1543,81;333,58;Alpha1
N20;67;PositionalDecoderWithVehicleByPercentage;1353,26;289,71;Alpha1
N20;67;PositionalDecoderWithVehicleByPercentage;1427,43;259,84;Alpha1
N20;67;PositionalDecoderWithVehicleByPercentage;1502,69;278,09;Alpha1
N20;67;PositionalDecoderWithVehicleByPercentage;1384,85;276,56;Alpha1
N20;67;PositionalDecoderWithVehicleByPercentage;1530,78;285,54;Alpha1
N20;67;PositionalDecoderWithVehicleByPercentage;1355,05;288,34;Alpha1
N20;67;PositionalDecoderWithVehicleByPercentage;1618,96;276,91;Alpha1
N20;67;PositionalDecoderWithVehicleByPercentage;1307,90;298,83;Alpha1
N20;67;PositionalDecoderWithVehicleByPercentage;1445,82;349,40;Alpha1
N20;67;TimeDecoderWithVehicleByPercentage;1439,12;294,59;Alpha1
N20;67;TimeDecoderWithVehicleByPercentage;1476,39;330,06;Alpha1
N20;67;TimeDecoderWithVehicleByPercentage;1271,22;297,56;Alpha1
N20;67;TimeDecoderWithVehicleByPercentage;1538,23;301,82;Alpha1
N20;67;TimeDecoderWithVehicleByPercentage;1401,33;295,63;Alpha1
N20;67;TimeDecoderWithVehicleByPercentage;1292,00;277,26;Alpha1
N20;67;TimeDecoderWithVehicleByPercentage;1435,77;313,12;Alpha1
N20;67;TimeDecoderWithVehicleByPercentage;1464,28;317,33;Alpha1
N20;67;TimeDecoderWithVehicleByPercentage;1314,02;327,31;Alpha1
N20;67;TimeDecoderWithVehicleByPercentage;1389,79;303,18;Alpha1
N20;68;PositionalDecoderWithVehicleByPercentage;1555,28;375,17;Alpha1
N20;68;PositionalDecoderWithVehicleByPercentage;1416,23;343,52;Alpha1
N20;68;PositionalDecoderWithVehicleByPercentage;1427,57;288,60;Alpha1
N20;68;PositionalDecoderWithVehicleByPercentage;1492,04;303,28;Alpha1
N20;68;PositionalDecoderWithVehicleByPercentage;1576,75;300,22;Alpha1
N20;68;PositionalDecoderWithVehicleByPercentage;1440,43;290,99;Alpha1
N20;68;PositionalDecoderWithVehicleByPercentage;1501,21;286,03;Alpha1
N20;68;PositionalDecoderWithVehicleByPercentage;1391,53;305,30;Alpha1
N20;68;PositionalDecoderWithVehicleByPercentage;1559,01;327,83;Alpha1
N20;68;PositionalDecoderWithVehicleByPercentage;1464,03;311,77;Alpha1
N20;68;TimeDecoderWithVehicleByPercentage;1214,69;287,67;Alpha1
N20;68;TimeDecoderWithVehicleByPercentage;1397,64;329,80;Alpha1
N20;68;TimeDecoderWithVehicleByPercentage;1281,08;290,57;Alpha1
N20;68;TimeDecoderWithVehicleByPercentage;1564,42;295,84;Alpha1
N20;68;TimeDecoderWithVehicleByPercentage;1364,48;308,22;Alpha1
N20;68;TimeDecoderWithVehicleByPercentage;1676,43;333,22;Alpha1
N20;68;TimeDecoderWithVehicleByPercentage;1364,97;292,05;Alpha1
N20;68;TimeDecoderWithVehicleByPercentage;1572,56;339,16;Alpha1
N20;68;TimeDecoderWithVehicleByPercentage;1503,23;308,67;Alpha1
N20;68;TimeDecoderWithVehicleByPercentage;1349,02;356,44;Alpha1
N20;70;PositionalDecoderWithVehicleByPercentage;1223,61;269,32;Alpha1
N20;70;PositionalDecoderWithVehicleByPercentage;1072,44;240,18;Alpha1
N20;70;PositionalDecoderWithVehicleByPercentage;1396,62;260,15;Alpha1
N20;70;PositionalDecoderWithVehicleByPercentage;1101,04;282,48;Alpha1
N20;70;PositionalDecoderWithVehicleByPercentage;1238,15;279,20;Alpha1
N20;70;PositionalDecoderWithVehicleByPercentage;1228,22;268,62;Alpha1
N20;70;PositionalDecoderWithVehicleByPercentage;1235,03;258,27;Alpha1
N20;70;PositionalDecoderWithVehicleByPercentage;1417,34;267,05;Alpha1
N20;70;PositionalDecoderWithVehicleByPercentage;1416,79;253,26;Alpha1
N20;70;PositionalDecoderWithVehicleByPercentage;1552,54;312,64;Alpha1
N20;70;TimeDecoderWithVehicleByPercentage;1307,80;272,96;Alpha1
N20;70;TimeDecoderWithVehicleByPercentage;1465,12;277,86;Alpha1
N20;70;TimeDecoderWithVehicleByPercentage;1184,26;259,34;Alpha1
N20;70;TimeDecoderWithVehicleByPercentage;1183,77;262,41;Alpha1
N20;70;TimeDecoderWithVehicleByPercentage;1305,51;278,00;Alpha1
N20;70;TimeDecoderWithVehicleByPercentage;1322,36;297,40;Alpha1
N20;70;TimeDecoderWithVehicleByPercentage;1076,40;257,41;Alpha1
N20;70;TimeDecoderWithVehicleByPercentage;1380,58;291,40;Alpha1
N20;70;TimeDecoderWithVehicleByPercentage;1289,51;239,21;Alpha1
N20;70;TimeDecoderWithVehicleByPercentage;1368,04;297,10;Alpha1
N20;63;PositionalDecoderWithVehicleByPercentage;1464,32;305,18;Alpha1
N20;63;PositionalDecoderWithVehicleByPercentage;1100,42;285,25;Alpha1
N20;63;PositionalDecoderWithVehicleByPercentage;1175,56;350,32;Alpha1
N20;63;PositionalDecoderWithVehicleByPercentage;1291,38;341,96;Alpha1
N20;63;PositionalDecoderWithVehicleByPercentage;1465,36;282,11;Alpha1
N20;63;PositionalDecoderWithVehicleByPercentage;1302,82;298,40;Alpha1
N20;63;PositionalDecoderWithVehicleByPercentage;1198,48;261,71;Alpha1
N20;63;PositionalDecoderWithVehicleByPercentage;1277,84;286,12;Alpha1
N20;63;PositionalDecoderWithVehicleByPercentage;1129,53;298,17;Alpha1
N20;63;PositionalDecoderWithVehicleByPercentage;1112,42;297,37;Alpha1
N20;63;TimeDecoderWithVehicleByPercentage;1240,29;294,74;Alpha1
N20;63;TimeDecoderWithVehicleByPercentage;1333,69;339,74;Alpha1
N20;63;TimeDecoderWithVehicleByPercentage;1376,75;291,96;Alpha1
N20;63;TimeDecoderWithVehicleByPercentage;1311,49;287,67;Alpha1
N20;63;TimeDecoderWithVehicleByPercentage;1141,95;283,65;Alpha1
N20;63;TimeDecoderWithVehicleByPercentage;1338,14;268,70;Alpha1
N20;63;TimeDecoderWithVehicleByPercentage;1237,44;272,67;Alpha1
N20;63;TimeDecoderWithVehicleByPercentage;1295,53;284,35;Alpha1
N20;63;TimeDecoderWithVehicleByPercentage;1347,52;282,40;Alpha1
N20;63;TimeDecoderWithVehicleByPercentage;1500,68;301,18;Alpha1
N20;64;PositionalDecoderWithVehicleByPercentage;1282,99;238,89;Alpha1
N20;64;PositionalDecoderWithVehicleByPercentage;1186,82;202,26;Alpha1
N20;64;PositionalDecoderWithVehicleByPercentage;1206,01;236,69;Alpha1
N20;64;PositionalDecoderWithVehicleByPercentage;1029,19;237,19;Alpha1
N20;64;PositionalDecoderWithVehicleByPercentage;1140,96;253,62;Alpha1
N20;64;PositionalDecoderWithVehicleByPercentage;1343,42;247,76;Alpha1
N20;64;PositionalDecoderWithVehicleByPercentage;1260,86;249,17;Alpha1
N20;64;PositionalDecoderWithVehicleByPercentage;1329,61;208,52;Alpha1
N20;64;PositionalDecoderWithVehicleByPercentage;1146,89;230,78;Alpha1
N20;64;PositionalDecoderWithVehicleByPercentage;1069,45;266,26;Alpha1
N20;64;TimeDecoderWithVehicleByPercentage;1320,85;215,19;Alpha1
N20;64;TimeDecoderWithVehicleByPercentage;1233,00;270,91;Alpha1
N20;64;TimeDecoderWithVehicleByPercentage;1328,04;214,08;Alpha1
N20;64;TimeDecoderWithVehicleByPercentage;1274,54;206,78;Alpha1
N20;64;TimeDecoderWithVehicleByPercentage;1170,71;243,66;Alpha1
N20;64;TimeDecoderWithVehicleByPercentage;1258,77;241,14;Alpha1
N20;64;TimeDecoderWithVehicleByPercentage;1301,04;258,74;Alpha1
N20;64;TimeDecoderWithVehicleByPercentage;1238,25;323,24;Alpha1
N20;64;TimeDecoderWithVehicleByPercentage;1235,06;205,40;Alpha1
N20;64;TimeDecoderWithVehicleByPercentage;1222,18;279,58;Alpha1
N20;65;PositionalDecoderWithVehicleByPercentage;1164,64;344,29;Alpha1
N20;65;PositionalDecoderWithVehicleByPercentage;1434,68;308,53;Alpha1
N20;65;PositionalDecoderWithVehicleByPercentage;1211,71;282,31;Alpha1
N20;65;PositionalDecoderWithVehicleByPercentage;1207,07;280,51;Alpha1
N20;65;PositionalDecoderWithVehicleByPercentage;1507,35;332,64;Alpha1
N20;65;PositionalDecoderWithVehicleByPercentage;1308,70;290,41;Alpha1
N20;65;PositionalDecoderWithVehicleByPercentage;1391,93;366,98;Alpha1
N20;65;PositionalDecoderWithVehicleByPercentage;1243,28;351,61;Alpha1
N20;65;PositionalDecoderWithVehicleByPercentage;1471,75;292,94;Alpha1
N20;65;PositionalDecoderWithVehicleByPercentage;1298,21;267,65;Alpha1
N20;65;TimeDecoderWithVehicleByPercentage;1279,41;322,23;Alpha1
N20;65;TimeDecoderWithVehicleByPercentage;1593,35;322,44;Alpha1
N20;65;TimeDecoderWithVehicleByPercentage;1394,54;341,68;Alpha1
N20;65;TimeDecoderWithVehicleByPercentage;1518,57;300,84;Alpha1
N20;65;TimeDecoderWithVehicleByPercentage;1349,76;304,08;Alpha1
N20;65;TimeDecoderWithVehicleByPercentage;1499,33;340,86;Alpha1
N20;65;TimeDecoderWithVehicleByPercentage;1301,41;314,33;Alpha1
N20;65;TimeDecoderWithVehicleByPercentage;1540,51;302,52;Alpha1
N20;65;TimeDecoderWithVehicleByPercentage;1366,63;306,69;Alpha1
N20;65;TimeDecoderWithVehicleByPercentage;1348,46;296,86;Alpha1
N20;66;PositionalDecoderWithVehicleByPercentage;1569,10;247,84;Alpha1
N20;66;PositionalDecoderWithVehicleByPercentage;1670,55;285,08;Alpha1
N20;66;PositionalDecoderWithVehicleByPercentage;1578,32;267,10;Alpha1
N20;66;PositionalDecoderWithVehicleByPercentage;1670,69;274,44;Alpha1
N20;66;PositionalDecoderWithVehicleByPercentage;1268,84;288,52;Alpha1
N20;66;PositionalDecoderWithVehicleByPercentage;1405,26;274,60;Alpha1
N20;66;PositionalDecoderWithVehicleByPercentage;1376,64;270,61;Alpha1
N20;66;PositionalDecoderWithVehicleByPercentage;1401,43;253,78;Alpha1
N20;66;PositionalDecoderWithVehicleByPercentage;1388,33;255,62;Alpha1
N20;66;PositionalDecoderWithVehicleByPercentage;1624,58;320,60;Alpha1
N20;66;TimeDecoderWithVehicleByPercentage;1440,49;255,73;Alpha1
N20;66;TimeDecoderWithVehicleByPercentage;1283,16;269,55;Alpha1
N20;66;TimeDecoderWithVehicleByPercentage;1278,10;289,79;Alpha1
N20;66;TimeDecoderWithVehicleByPercentage;1560,17;278,09;Alpha1
N20;66;TimeDecoderWithVehicleByPercentage;1508,28;287,98;Alpha1
N20;66;TimeDecoderWithVehicleByPercentage;1567,04;316,83;Alpha1
N20;66;TimeDecoderWithVehicleByPercentage;1363,08;264,03;Alpha1
N20;66;TimeDecoderWithVehicleByPercentage;1354,37;269,74;Alpha1
N20;66;TimeDecoderWithVehicleByPercentage;1342,33;268,05;Alpha1
N20;66;TimeDecoderWithVehicleByPercentage;1579,77;323,34;Alpha1
N20;69;PositionalDecoderWithVehicleByPercentage;1440,24;240,67;Alpha1
N20;69;PositionalDecoderWithVehicleByPercentage;1487,54;294,11;Alpha1
N20;69;PositionalDecoderWithVehicleByPercentage;1248,34;290,56;Alpha1
N20;69;PositionalDecoderWithVehicleByPercentage;1415,51;252,99;Alpha1
N20;69;PositionalDecoderWithVehicleByPercentage;1185,09;235,05;Alpha1
N20;69;PositionalDecoderWithVehicleByPercentage;1439,61;223,46;Alpha1
N20;69;PositionalDecoderWithVehicleByPercentage;1431,02;219,26;Alpha1
N20;69;PositionalDecoderWithVehicleByPercentage;1223,20;290,64;Alpha1
N20;69;PositionalDecoderWithVehicleByPercentage;1442,49;249,63;Alpha1
N20;69;PositionalDecoderWithVehicleByPercentage;1145,22;278,09;Alpha1
N20;69;TimeDecoderWithVehicleByPercentage;1486,30;306,08;Alpha1
N20;69;TimeDecoderWithVehicleByPercentage;1126,18;286,16;Alpha1
N20;69;TimeDecoderWithVehicleByPercentage;1265,92;237,00;Alpha1
N20;69;TimeDecoderWithVehicleByPercentage;1345,38;250,13;Alpha1
N20;69;TimeDecoderWithVehicleByPercentage;1515,45;269,83;Alpha1
N20;69;TimeDecoderWithVehicleByPercentage;1440,41;239,40;Alpha1
N20;69;TimeDecoderWithVehicleByPercentage;1162,70;263,00;Alpha1
N20;69;TimeDecoderWithVehicleByPercentage;1559,15;289,89;Alpha1
N20;69;TimeDecoderWithVehicleByPercentage;1362,13;272,76;Alpha1
N20;69;TimeDecoderWithVehicleByPercentage;1394,23;285,39;Alpha1
N50;71;PositionalDecoderWithVehicleByPercentage;3719,15;673,37;Alpha1
N50;71;PositionalDecoderWithVehicleByPercentage;3019,07;621,23;Alpha1
N50;71;PositionalDecoderWithVehicleByPercentage;3071,45;640,29;Alpha1
N50;71;PositionalDecoderWithVehicleByPercentage;3579,54;686,47;Alpha1
N50;71;PositionalDecoderWithVehicleByPercentage;3220,58;591,10;Alpha1
N50;71;PositionalDecoderWithVehicleByPercentage;3116,41;507,24;Alpha1
N50;71;PositionalDecoderWithVehicleByPercentage;3325,54;670,01;Alpha1
N50;71;PositionalDecoderWithVehicleByPercentage;3279,32;715,91;Alpha1
N50;71;PositionalDecoderWithVehicleByPercentage;3026,15;614,25;Alpha1
N50;71;PositionalDecoderWithVehicleByPercentage;3284,66;649,59;Alpha1
N50;71;TimeDecoderWithVehicleByPercentage;3152,27;603,57;Alpha1
N50;71;TimeDecoderWithVehicleByPercentage;3308,34;615,88;Alpha1
N50;71;TimeDecoderWithVehicleByPercentage;3288,88;682,66;Alpha1
N50;71;TimeDecoderWithVehicleByPercentage;2871,64;626,46;Alpha1
N50;71;TimeDecoderWithVehicleByPercentage;3333,84;603,21;Alpha1
N50;71;TimeDecoderWithVehicleByPercentage;2928,26;632,65;Alpha1
N50;71;TimeDecoderWithVehicleByPercentage;3273,15;569,97;Alpha1
N50;71;TimeDecoderWithVehicleByPercentage;3428,24;693,83;Alpha1
N50;71;TimeDecoderWithVehicleByPercentage;3333,28;683,88;Alpha1
N50;71;TimeDecoderWithVehicleByPercentage;3461,18;655,88;Alpha1
N50;72;PositionalDecoderWithVehicleByPercentage;3368,46;692,73;Alpha1
N50;72;PositionalDecoderWithVehicleByPercentage;3347,95;704,92;Alpha1
N50;72;PositionalDecoderWithVehicleByPercentage;3302,74;661,93;Alpha1
N50;72;PositionalDecoderWithVehicleByPercentage;3238,56;671,24;Alpha1
N50;72;PositionalDecoderWithVehicleByPercentage;3407,95;626,31;Alpha1
N50;72;PositionalDecoderWithVehicleByPercentage;3395,31;707,51;Alpha1
N50;72;PositionalDecoderWithVehicleByPercentage;2968,87;666,22;Alpha1
N50;72;PositionalDecoderWithVehicleByPercentage;3396,00;645,80;Alpha1
N50;72;PositionalDecoderWithVehicleByPercentage;3451,51;736,49;Alpha1
N50;72;PositionalDecoderWithVehicleByPercentage;3466,28;693,98;Alpha1
N50;72;TimeDecoderWithVehicleByPercentage;3623,16;818,29;Alpha1
N50;72;TimeDecoderWithVehicleByPercentage;3782,89;700,16;Alpha1
N50;72;TimeDecoderWithVehicleByPercentage;3040,31;637,86;Alpha1
N50;72;TimeDecoderWithVehicleByPercentage;3645,67;660,52;Alpha1
N50;72;TimeDecoderWithVehicleByPercentage;3825,52;760,94;Alpha1
N50;72;TimeDecoderWithVehicleByPercentage;3236,67;718,58;Alpha1
N50;72;TimeDecoderWithVehicleByPercentage;3583,18;639,12;Alpha1
N50;72;TimeDecoderWithVehicleByPercentage;3422,73;772,41;Alpha1
N50;72;TimeDecoderWithVehicleByPercentage;3797,18;696,83;Alpha1
N50;72;TimeDecoderWithVehicleByPercentage;3767,06;758,69;Alpha1
N50;77;PositionalDecoderWithVehicleByPercentage;3103,95;572,06;Alpha1
N50;77;PositionalDecoderWithVehicleByPercentage;3079,25;597,71;Alpha1
N50;77;PositionalDecoderWithVehicleByPercentage;3137,35;701,91;Alpha1
N50;77;PositionalDecoderWithVehicleByPercentage;3317,95;746,99;Alpha1
N50;77;PositionalDecoderWithVehicleByPercentage;3300,61;630,91;Alpha1
N50;77;PositionalDecoderWithVehicleByPercentage;3395,82;735,84;Alpha1
N50;77;PositionalDecoderWithVehicleByPercentage;3299,50;590,82;Alpha1
N50;77;PositionalDecoderWithVehicleByPercentage;3448,05;569,16;Alpha1
N50;77;PositionalDecoderWithVehicleByPercentage;3716,51;814,67;Alpha1
N50;77;PositionalDecoderWithVehicleByPercentage;3046,87;507,37;Alpha1
N50;77;TimeDecoderWithVehicleByPercentage;3578,68;646,62;Alpha1
N50;77;TimeDecoderWithVehicleByPercentage;3311,93;633,49;Alpha1
N50;77;TimeDecoderWithVehicleByPercentage;2870,32;651,98;Alpha1
N50;77;TimeDecoderWithVehicleByPercentage;3156,09;717,68;Alpha1
N50;77;TimeDecoderWithVehicleByPercentage;3345,99;682,18;Alpha1
N50;77;TimeDecoderWithVehicleByPercentage;3296,03;574,99;Alpha1
N50;77;TimeDecoderWithVehicleByPercentage;3218,42;669,84;Alpha1
N50;77;TimeDecoderWithVehicleByPercentage;2918,75;657,55;Alpha1
N50;77;TimeDecoderWithVehicleByPercentage;2956,78;644,48;Alpha1
N50;77;TimeDecoderWithVehicleByPercentage;3674,71;699,75;Alpha1
N50;78;PositionalDecoderWithVehicleByPercentage;3504,11;696,03;Alpha1
N50;78;PositionalDecoderWithVehicleByPercentage;3302,68;755,71;Alpha1
N50;78;PositionalDecoderWithVehicleByPercentage;3425,36;669,71;Alpha1
N50;78;PositionalDecoderWithVehicleByPercentage;3383,61;695,88;Alpha1
N50;78;PositionalDecoderWithVehicleByPercentage;3614,45;774,15;Alpha1
N50;78;PositionalDecoderWithVehicleByPercentage;3164,43;679,16;Alpha1
N50;78;PositionalDecoderWithVehicleByPercentage;3145,75;690,65;Alpha1
N50;78;PositionalDecoderWithVehicleByPercentage;3852,80;712,11;Alpha1
N50;78;PositionalDecoderWithVehicleByPercentage;3408,04;696,52;Alpha1
N50;78;PositionalDecoderWithVehicleByPercentage;3531,09;771,99;Alpha1
N50;78;TimeDecoderWithVehicleByPercentage;3695,58;762,16;Alpha1
N50;78;TimeDecoderWithVehicleByPercentage;3119,77;740,24;Alpha1
N50;78;TimeDecoderWithVehicleByPercentage;3276,24;666,65;Alpha1
N50;78;TimeDecoderWithVehicleByPercentage;3221,40;596,61;Alpha1
N50;78;TimeDecoderWithVehicleByPercentage;3352,90;636,58;Alpha1
N50;78;TimeDecoderWithVehicleByPercentage;3432,66;654,50;Alpha1
N50;78;TimeDecoderWithVehicleByPercentage;3241,06;648,79;Alpha1
N50;78;TimeDecoderWithVehicleByPercentage;3527,85;701,53;Alpha1
N50;78;TimeDecoderWithVehicleByPercentage;3577,90;721,19;Alpha1
N50;78;TimeDecoderWithVehicleByPercentage;3910,14;692,66;Alpha1
N50;79;PositionalDecoderWithVehicleByPercentage;3193,40;635,45;Alpha1
N50;79;PositionalDecoderWithVehicleByPercentage;3058,55;656,20;Alpha1
N50;79;PositionalDecoderWithVehicleByPercentage;3089,05;523,32;Alpha1
N50;79;PositionalDecoderWithVehicleByPercentage;3181,78;633,96;Alpha1
N50;79;PositionalDecoderWithVehicleByPercentage;2722,14;584,90;Alpha1
N50;79;PositionalDecoderWithVehicleByPercentage;3298,09;672,72;Alpha1
N50;79;PositionalDecoderWithVehicleByPercentage;2662,04;612,58;Alpha1
N50;79;PositionalDecoderWithVehicleByPercentage;3086,54;676,89;Alpha1
N50;79;PositionalDecoderWithVehicleByPercentage;2545,79;528,15;Alpha1
N50;79;PositionalDecoderWithVehicleByPercentage;3148,67;657,37;Alpha1
N50;79;TimeDecoderWithVehicleByPercentage;2853,95;661,45;Alpha1
N50;79;TimeDecoderWithVehicleByPercentage;3118,09;598,02;Alpha1
N50;79;TimeDecoderWithVehicleByPercentage;2839,35;617,49;Alpha1
N50;79;TimeDecoderWithVehicleByPercentage;3262,47;585,23;Alpha1
N50;79;TimeDecoderWithVehicleByPercentage;2887,42;592,67;Alpha1
N50;79;TimeDecoderWithVehicleByPercentage;3341,65;570,65;Alpha1
N50;79;TimeDecoderWithVehicleByPercentage;2846,67;537,75;Alpha1
N50;79;TimeDecoderWithVehicleByPercentage;2650,84;604,71;Alpha1
N50;79;TimeDecoderWithVehicleByPercentage;2886,88;687,11;Alpha1
N50;79;TimeDecoderWithVehicleByPercentage;2973,88;584,05;Alpha1
N50;80;PositionalDecoderWithVehicleByPercentage;2883,49;567,20;Alpha1
N50;80;PositionalDecoderWithVehicleByPercentage;2921,48;662,95;Alpha1
N50;80;PositionalDecoderWithVehicleByPercentage;2661,48;474,39;Alpha1
N50;80;PositionalDecoderWithVehicleByPercentage;2931,41;592,54;Alpha1
N50;80;PositionalDecoderWithVehicleByPercentage;3274,07;580,69;Alpha1
N50;80;PositionalDecoderWithVehicleByPercentage;2966,31;558,94;Alpha1
N50;80;PositionalDecoderWithVehicleByPercentage;3248,01;601,00;Alpha1
N50;80;PositionalDecoderWithVehicleByPercentage;3208,21;527,07;Alpha1
N50;80;PositionalDecoderWithVehicleByPercentage;3164,61;697,16;Alpha1
N50;80;PositionalDecoderWithVehicleByPercentage;3046,08;574,72;Alpha1
N50;80;TimeDecoderWithVehicleByPercentage;3439,13;537,32;Alpha1
N50;80;TimeDecoderWithVehicleByPercentage;3399,51;697,27;Alpha1
N50;80;TimeDecoderWithVehicleByPercentage;3286,50;539,67;Alpha1
N50;80;TimeDecoderWithVehicleByPercentage;2823,18;530,83;Alpha1
N50;80;TimeDecoderWithVehicleByPercentage;3129,07;596,86;Alpha1
N50;80;TimeDecoderWithVehicleByPercentage;3136,21;624,73;Alpha1
N50;80;TimeDecoderWithVehicleByPercentage;2857,27;656,65;Alpha1
N50;80;TimeDecoderWithVehicleByPercentage;3211,69;587,22;Alpha1
N50;80;TimeDecoderWithVehicleByPercentage;3447,28;714,86;Alpha1
N50;80;TimeDecoderWithVehicleByPercentage;3221,39;611,85;Alpha1
N50;73;PositionalDecoderWithVehicleByPercentage;3349,46;550,79;Alpha1
N50;73;PositionalDecoderWithVehicleByPercentage;3166,31;627,23;Alpha1
N50;73;PositionalDecoderWithVehicleByPercentage;3700,77;614,95;Alpha1
N50;73;PositionalDecoderWithVehicleByPercentage;2918,02;627,93;Alpha1
N50;73;PositionalDecoderWithVehicleByPercentage;3097,94;656,58;Alpha1
N50;73;PositionalDecoderWithVehicleByPercentage;3139,50;594,55;Alpha1
N50;73;PositionalDecoderWithVehicleByPercentage;3198,08;693,48;Alpha1
N50;73;PositionalDecoderWithVehicleByPercentage;3432,82;735,68;Alpha1
N50;73;PositionalDecoderWithVehicleByPercentage;3418,51;725,62;Alpha1
N50;73;PositionalDecoderWithVehicleByPercentage;3415,21;721,56;Alpha1
N50;73;TimeDecoderWithVehicleByPercentage;3664,13;689,50;Alpha1
N50;73;TimeDecoderWithVehicleByPercentage;3770,75;693,02;Alpha1
N50;73;TimeDecoderWithVehicleByPercentage;3317,53;772,18;Alpha1
N50;73;TimeDecoderWithVehicleByPercentage;3032,69;623,21;Alpha1
N50;73;TimeDecoderWithVehicleByPercentage;3054,33;707,79;Alpha1
N50;73;TimeDecoderWithVehicleByPercentage;3156,06;668,26;Alpha1
N50;73;TimeDecoderWithVehicleByPercentage;3336,55;672,69;Alpha1
N50;73;TimeDecoderWithVehicleByPercentage;3719,87;721,79;Alpha1
N50;73;TimeDecoderWithVehicleByPercentage;3379,01;735,65;Alpha1
N50;73;TimeDecoderWithVehicleByPercentage;3690,91;749,46;Alpha1
N50;74;PositionalDecoderWithVehicleByPercentage;3038,98;680,89;Alpha1
N50;74;PositionalDecoderWithVehicleByPercentage;3347,07;543,88;Alpha1
N50;74;PositionalDecoderWithVehicleByPercentage;3162,21;557,18;Alpha1
N50;74;PositionalDecoderWithVehicleByPercentage;3247,68;614,88;Alpha1
N50;74;PositionalDecoderWithVehicleByPercentage;3482,78;611,89;Alpha1
N50;74;PositionalDecoderWithVehicleByPercentage;3335,35;588,36;Alpha1
N50;74;PositionalDecoderWithVehicleByPercentage;2953,10;583,84;Alpha1
N50;74;PositionalDecoderWithVehicleByPercentage;3462,15;642,79;Alpha1
N50;74;PositionalDecoderWithVehicleByPercentage;2960,04;608,68;Alpha1
N50;74;PositionalDecoderWithVehicleByPercentage;3151,55;588,19;Alpha1
N50;74;TimeDecoderWithVehicleByPercentage;3359,28;634,46;Alpha1
N50;74;TimeDecoderWithVehicleByPercentage;3354,55;663,76;Alpha1
N50;74;TimeDecoderWithVehicleByPercentage;3265,90;618,04;Alpha1
N50;74;TimeDecoderWithVehicleByPercentage;3224,66;669,72;Alpha1
N50;74;TimeDecoderWithVehicleByPercentage;3159,11;636,82;Alpha1
N50;74;TimeDecoderWithVehicleByPercentage;3076,37;544,58;Alpha1
N50;74;TimeDecoderWithVehicleByPercentage;3108,52;649,31;Alpha1
N50;74;TimeDecoderWithVehicleByPercentage;3013,78;670,63;Alpha1
N50;74;TimeDecoderWithVehicleByPercentage;3371,55;630,89;Alpha1
N50;74;TimeDecoderWithVehicleByPercentage;3507,22;753,53;Alpha1
N50;75;PositionalDecoderWithVehicleByPercentage;3137,21;639,52;Alpha1
N50;75;PositionalDecoderWithVehicleByPercentage;3380,64;740,21;Alpha1
N50;75;PositionalDecoderWithVehicleByPercentage;3638,17;765,13;Alpha1
N50;75;PositionalDecoderWithVehicleByPercentage;3075,86;615,35;Alpha1
N50;75;PositionalDecoderWithVehicleByPercentage;3175,26;699,09;Alpha1
N50;75;PositionalDecoderWithVehicleByPercentage;2996,77;636,02;Alpha1
N50;75;PositionalDecoderWithVehicleByPercentage;3112,12;729,62;Alpha1
N50;75;PositionalDecoderWithVehicleByPercentage;3045,93;605,33;Alpha1
N50;75;PositionalDecoderWithVehicleByPercentage;3253,50;656,29;Alpha1
N50;75;PositionalDecoderWithVehicleByPercentage;3017,10;692,34;Alpha1
N50;75;TimeDecoderWithVehicleByPercentage;2945,31;633,55;Alpha1
N50;75;TimeDecoderWithVehicleByPercentage;3104,44;657,46;Alpha1
N50;75;TimeDecoderWithVehicleByPercentage;3270,50;605,83;Alpha1
N50;75;TimeDecoderWithVehicleByPercentage;3261,61;716,17;Alpha1
N50;75;TimeDecoderWithVehicleByPercentage;3085,43;699,27;Alpha1
N50;75;TimeDecoderWithVehicleByPercentage;3380,65;703,58;Alpha1
N50;75;TimeDecoderWithVehicleByPercentage;3179,60;634,88;Alpha1
N50;75;TimeDecoderWithVehicleByPercentage;3090,79;741,27;Alpha1
N50;75;TimeDecoderWithVehicleByPercentage;3268,59;724,73;Alpha1
N50;75;TimeDecoderWithVehicleByPercentage;3069,54;580,54;Alpha1
N50;76;PositionalDecoderWithVehicleByPercentage;3096,62;621,71;Alpha1
N50;76;PositionalDecoderWithVehicleByPercentage;3255,51;645,84;Alpha1
N50;76;PositionalDecoderWithVehicleByPercentage;3372,34;761,27;Alpha1
N50;76;PositionalDecoderWithVehicleByPercentage;3112,45;613,57;Alpha1
N50;76;PositionalDecoderWithVehicleByPercentage;3168,81;658,57;Alpha1
N50;76;PositionalDecoderWithVehicleByPercentage;3160,78;589,37;Alpha1
N50;76;PositionalDecoderWithVehicleByPercentage;3177,62;698,36;Alpha1
N50;76;PositionalDecoderWithVehicleByPercentage;2970,30;562,49;Alpha1
N50;76;PositionalDecoderWithVehicleByPercentage;2879,45;721,83;Alpha1
N50;76;PositionalDecoderWithVehicleByPercentage;3056,38;630,41;Alpha1
N50;76;TimeDecoderWithVehicleByPercentage;3432,33;680,40;Alpha1
N50;76;TimeDecoderWithVehicleByPercentage;2859,57;695,19;Alpha1
N50;76;TimeDecoderWithVehicleByPercentage;3175,29;628,80;Alpha1
N50;76;TimeDecoderWithVehicleByPercentage;2800,88;629,64;Alpha1
N50;76;TimeDecoderWithVehicleByPercentage;3001,68;567,79;Alpha1
N50;76;TimeDecoderWithVehicleByPercentage;3191,59;626,50;Alpha1
N50;76;TimeDecoderWithVehicleByPercentage;3546,31;639,50;Alpha1
N50;76;TimeDecoderWithVehicleByPercentage;3168,18;629,98;Alpha1
N50;76;TimeDecoderWithVehicleByPercentage;3254,07;677,95;Alpha1
N50;76;TimeDecoderWithVehicleByPercentage;3471,00;597,58;Alpha1
N75;87;PositionalDecoderWithVehicleByPercentage;4340,01;927,00;Alpha1
N75;87;PositionalDecoderWithVehicleByPercentage;4356,98;808,96;Alpha1
N75;87;PositionalDecoderWithVehicleByPercentage;4386,09;918,90;Alpha1
N75;87;PositionalDecoderWithVehicleByPercentage;4547,83;895,21;Alpha1
N75;87;PositionalDecoderWithVehicleByPercentage;5098,80;1038,26;Alpha1
N75;87;PositionalDecoderWithVehicleByPercentage;4553,25;849,93;Alpha1
N75;87;PositionalDecoderWithVehicleByPercentage;4153,61;876,24;Alpha1
N75;87;PositionalDecoderWithVehicleByPercentage;4535,15;1020,30;Alpha1
N75;87;PositionalDecoderWithVehicleByPercentage;4760,23;822,28;Alpha1
N75;87;PositionalDecoderWithVehicleByPercentage;4448,97;958,58;Alpha1
N75;87;TimeDecoderWithVehicleByPercentage;4533,25;909,16;Alpha1
N75;87;TimeDecoderWithVehicleByPercentage;4914,81;1028,33;Alpha1
N75;87;TimeDecoderWithVehicleByPercentage;4673,48;972,56;Alpha1
N75;87;TimeDecoderWithVehicleByPercentage;4399,69;1083,52;Alpha1
N75;87;TimeDecoderWithVehicleByPercentage;4695,43;916,05;Alpha1
N75;87;TimeDecoderWithVehicleByPercentage;4291,96;786,40;Alpha1
N75;87;TimeDecoderWithVehicleByPercentage;4139,84;877,06;Alpha1
N75;87;TimeDecoderWithVehicleByPercentage;4475,66;1067,75;Alpha1
N75;87;TimeDecoderWithVehicleByPercentage;4545,21;867,40;Alpha1
N75;87;TimeDecoderWithVehicleByPercentage;4343,28;893,51;Alpha1
N75;89;PositionalDecoderWithVehicleByPercentage;5176,73;996,57;Alpha1
N75;89;PositionalDecoderWithVehicleByPercentage;4366,65;1032,17;Alpha1
N75;89;PositionalDecoderWithVehicleByPercentage;4422,81;1054,13;Alpha1
N75;89;PositionalDecoderWithVehicleByPercentage;4170,22;934,42;Alpha1
N75;89;PositionalDecoderWithVehicleByPercentage;4966,66;1027,95;Alpha1
N75;89;PositionalDecoderWithVehicleByPercentage;4348,58;906,92;Alpha1
N75;89;PositionalDecoderWithVehicleByPercentage;4570,38;799,39;Alpha1
N75;89;PositionalDecoderWithVehicleByPercentage;4884,77;926,69;Alpha1
N75;89;PositionalDecoderWithVehicleByPercentage;4637,58;902,85;Alpha1
N75;89;PositionalDecoderWithVehicleByPercentage;4696,68;995,14;Alpha1
N75;89;TimeDecoderWithVehicleByPercentage;4394,48;866,96;Alpha1
N75;89;TimeDecoderWithVehicleByPercentage;4363,75;853,31;Alpha1
N75;89;TimeDecoderWithVehicleByPercentage;4563,40;936,89;Alpha1
N75;89;TimeDecoderWithVehicleByPercentage;4644,69;898,35;Alpha1
N75;89;TimeDecoderWithVehicleByPercentage;4741,06;899,40;Alpha1
N75;89;TimeDecoderWithVehicleByPercentage;5134,80;1127,99;Alpha1
N75;89;TimeDecoderWithVehicleByPercentage;4699,92;871,56;Alpha1
N75;89;TimeDecoderWithVehicleByPercentage;4357,71;926,53;Alpha1
N75;89;TimeDecoderWithVehicleByPercentage;4746,13;957,22;Alpha1
N75;89;TimeDecoderWithVehicleByPercentage;5057,15;1034,96;Alpha1
N75;81;PositionalDecoderWithVehicleByPercentage;4832,32;1005,07;Alpha1
N75;81;PositionalDecoderWithVehicleByPercentage;4864,84;996,49;Alpha1
N75;81;PositionalDecoderWithVehicleByPercentage;4039,82;870,59;Alpha1
N75;81;PositionalDecoderWithVehicleByPercentage;5031,53;1061,88;Alpha1
N75;81;PositionalDecoderWithVehicleByPercentage;4628,07;825,15;Alpha1
N75;81;PositionalDecoderWithVehicleByPercentage;4757,78;953,59;Alpha1
N75;81;PositionalDecoderWithVehicleByPercentage;5267,11;1069,85;Alpha1
N75;81;PositionalDecoderWithVehicleByPercentage;4995,06;1154,13;Alpha1
N75;81;PositionalDecoderWithVehicleByPercentage;4636,07;862,84;Alpha1
N75;81;PositionalDecoderWithVehicleByPercentage;4192,38;943,14;Alpha1
N75;81;TimeDecoderWithVehicleByPercentage;5309,51;988,81;Alpha1
N75;81;TimeDecoderWithVehicleByPercentage;4974,02;938,61;Alpha1
N75;81;TimeDecoderWithVehicleByPercentage;4784,10;949,86;Alpha1
N75;81;TimeDecoderWithVehicleByPercentage;4956,73;1076,24;Alpha1
N75;81;TimeDecoderWithVehicleByPercentage;4531,26;945,41;Alpha1
N75;81;TimeDecoderWithVehicleByPercentage;4484,64;895,17;Alpha1
N75;81;TimeDecoderWithVehicleByPercentage;4192,46;838,53;Alpha1
N75;81;TimeDecoderWithVehicleByPercentage;4588,99;922,55;Alpha1
N75;81;TimeDecoderWithVehicleByPercentage;4839,96;818,34;Alpha1
N75;81;TimeDecoderWithVehicleByPercentage;4574,49;1074,01;Alpha1
N75;84;PositionalDecoderWithVehicleByPercentage;4954,07;948,90;Alpha1
N75;84;PositionalDecoderWithVehicleByPercentage;5162,34;902,25;Alpha1
N75;84;PositionalDecoderWithVehicleByPercentage;4818,22;784,43;Alpha1
N75;84;PositionalDecoderWithVehicleByPercentage;5150,82;907,02;Alpha1
N75;84;PositionalDecoderWithVehicleByPercentage;4810,32;916,51;Alpha1
N75;84;PositionalDecoderWithVehicleByPercentage;4761,64;805,52;Alpha1
N75;84;PositionalDecoderWithVehicleByPercentage;4608,29;1085,05;Alpha1
N75;84;PositionalDecoderWithVehicleByPercentage;4278,98;950,05;Alpha1
N75;84;PositionalDecoderWithVehicleByPercentage;4499,41;930,83;Alpha1
N75;84;PositionalDecoderWithVehicleByPercentage;5152,08;864,22;Alpha1
N75;84;TimeDecoderWithVehicleByPercentage;4945,86;1028,11;Alpha1
N75;84;TimeDecoderWithVehicleByPercentage;5054,04;1028,09;Alpha1
N75;84;TimeDecoderWithVehicleByPercentage;4772,85;982,30;Alpha1
N75;84;TimeDecoderWithVehicleByPercentage;5380,33;974,61;Alpha1
N75;84;TimeDecoderWithVehicleByPercentage;4587,90;1068,55;Alpha1
N75;84;TimeDecoderWithVehicleByPercentage;4769,78;1083,15;Alpha1
N75;84;TimeDecoderWithVehicleByPercentage;4606,05;1048,96;Alpha1
N75;84;TimeDecoderWithVehicleByPercentage;4985,31;1115,76;Alpha1
N75;84;TimeDecoderWithVehicleByPercentage;4499,11;962,00;Alpha1
N75;84;TimeDecoderWithVehicleByPercentage;4903,34;931,66;Alpha1
N75;85;PositionalDecoderWithVehicleByPercentage;5228,01;1074,65;Alpha1
N75;85;PositionalDecoderWithVehicleByPercentage;5178,83;981,15;Alpha1
N75;85;PositionalDecoderWithVehicleByPercentage;4722,42;1143,69;Alpha1
N75;85;PositionalDecoderWithVehicleByPercentage;5106,64;1027,59;Alpha1
N75;85;PositionalDecoderWithVehicleByPercentage;4770,63;1184,78;Alpha1
N75;85;PositionalDecoderWithVehicleByPercentage;5320,12;1074,06;Alpha1
N75;85;PositionalDecoderWithVehicleByPercentage;4738,25;1150,83;Alpha1
N75;85;PositionalDecoderWithVehicleByPercentage;5058,89;979,30;Alpha1
N75;85;PositionalDecoderWithVehicleByPercentage;4830,87;1003,42;Alpha1
N75;85;PositionalDecoderWithVehicleByPercentage;5065,94;1093,25;Alpha1
N75;85;TimeDecoderWithVehicleByPercentage;5005,68;1041,52;Alpha1
N75;85;TimeDecoderWithVehicleByPercentage;4911,41;889,14;Alpha1
N75;85;TimeDecoderWithVehicleByPercentage;5220,35;1141,91;Alpha1
N75;85;TimeDecoderWithVehicleByPercentage;5110,12;1066,46;Alpha1
N75;85;TimeDecoderWithVehicleByPercentage;4919,49;1006,18;Alpha1
N75;85;TimeDecoderWithVehicleByPercentage;4458,03;943,83;Alpha1
N75;85;TimeDecoderWithVehicleByPercentage;5363,31;955,00;Alpha1
N75;85;TimeDecoderWithVehicleByPercentage;4907,63;968,23;Alpha1
N75;85;TimeDecoderWithVehicleByPercentage;4766,72;1062,60;Alpha1
N75;85;TimeDecoderWithVehicleByPercentage;4245,61;1048,74;Alpha1
N75;86;PositionalDecoderWithVehicleByPercentage;5032,67;911,26;Alpha1
N75;86;PositionalDecoderWithVehicleByPercentage;4584,95;940,07;Alpha1
N75;86;PositionalDecoderWithVehicleByPercentage;4761,68;841,25;Alpha1
N75;86;PositionalDecoderWithVehicleByPercentage;4725,81;975,87;Alpha1
N75;86;PositionalDecoderWithVehicleByPercentage;4547,94;969,62;Alpha1
N75;86;PositionalDecoderWithVehicleByPercentage;4335,46;1060,03;Alpha1
N75;86;PositionalDecoderWithVehicleByPercentage;4752,84;888,95;Alpha1
N75;86;PositionalDecoderWithVehicleByPercentage;4608,53;1096,40;Alpha1
N75;86;PositionalDecoderWithVehicleByPercentage;4576,00;846,92;Alpha1
N75;86;PositionalDecoderWithVehicleByPercentage;4455,74;976,94;Alpha1
N75;86;TimeDecoderWithVehicleByPercentage;4237,28;914,25;Alpha1
N75;86;TimeDecoderWithVehicleByPercentage;4845,48;1032,86;Alpha1
N75;86;TimeDecoderWithVehicleByPercentage;4806,20;981,63;Alpha1
N75;86;TimeDecoderWithVehicleByPercentage;4601,91;927,95;Alpha1
N75;86;TimeDecoderWithVehicleByPercentage;4681,60;941,13;Alpha1
N75;86;TimeDecoderWithVehicleByPercentage;4474,77;805,41;Alpha1
N75;86;TimeDecoderWithVehicleByPercentage;4573,42;949,59;Alpha1
N75;86;TimeDecoderWithVehicleByPercentage;5040,61;959,81;Alpha1
N75;86;TimeDecoderWithVehicleByPercentage;4910,63;1032,90;Alpha1
N75;86;TimeDecoderWithVehicleByPercentage;5066,75;909,97;Alpha1
N75;82;PositionalDecoderWithVehicleByPercentage;4859,38;745,16;Alpha1
N75;82;PositionalDecoderWithVehicleByPercentage;4706,86;895,87;Alpha1
N75;82;PositionalDecoderWithVehicleByPercentage;5029,91;1021,05;Alpha1
N75;82;PositionalDecoderWithVehicleByPercentage;4812,00;861,90;Alpha1
N75;82;PositionalDecoderWithVehicleByPercentage;4333,33;760,32;Alpha1
N75;82;PositionalDecoderWithVehicleByPercentage;5074,47;926,01;Alpha1
N75;82;PositionalDecoderWithVehicleByPercentage;4490,71;932,35;Alpha1
N75;82;PositionalDecoderWithVehicleByPercentage;4707,23;906,09;Alpha1
N75;82;PositionalDecoderWithVehicleByPercentage;4994,42;957,60;Alpha1
N75;82;PositionalDecoderWithVehicleByPercentage;4868,42;986,52;Alpha1
N75;82;TimeDecoderWithVehicleByPercentage;4671,82;969,46;Alpha1
N75;82;TimeDecoderWithVehicleByPercentage;5016,16;981,72;Alpha1
N75;82;TimeDecoderWithVehicleByPercentage;4740,29;910,71;Alpha1
N75;82;TimeDecoderWithVehicleByPercentage;4775,75;1024,38;Alpha1
N75;82;TimeDecoderWithVehicleByPercentage;4705,53;856,80;Alpha1
N75;82;TimeDecoderWithVehicleByPercentage;4965,52;937,71;Alpha1
N75;82;TimeDecoderWithVehicleByPercentage;4670,85;916,43;Alpha1
N75;82;TimeDecoderWithVehicleByPercentage;4074,36;1087,93;Alpha1
N75;82;TimeDecoderWithVehicleByPercentage;4540,20;1040,89;Alpha1
N75;82;TimeDecoderWithVehicleByPercentage;4663,24;1039,72;Alpha1
N75;83;PositionalDecoderWithVehicleByPercentage;4622,92;937,28;Alpha1
N75;83;PositionalDecoderWithVehicleByPercentage;4266,01;1005,87;Alpha1
N75;83;PositionalDecoderWithVehicleByPercentage;4556,57;869,27;Alpha1
N75;83;PositionalDecoderWithVehicleByPercentage;4581,03;971,11;Alpha1
N75;83;PositionalDecoderWithVehicleByPercentage;4458,89;900,62;Alpha1
N75;83;PositionalDecoderWithVehicleByPercentage;4306,87;974,37;Alpha1
N75;83;PositionalDecoderWithVehicleByPercentage;4535,20;880,04;Alpha1
N75;83;PositionalDecoderWithVehicleByPercentage;4386,37;875,10;Alpha1
N75;83;PositionalDecoderWithVehicleByPercentage;4699,36;918,78;Alpha1
N75;83;PositionalDecoderWithVehicleByPercentage;4670,09;851,90;Alpha1
N75;83;TimeDecoderWithVehicleByPercentage;4932,69;921,83;Alpha1
N75;83;TimeDecoderWithVehicleByPercentage;4609,29;971,70;Alpha1
N75;83;TimeDecoderWithVehicleByPercentage;4450,47;897,06;Alpha1
N75;83;TimeDecoderWithVehicleByPercentage;4310,19;837,01;Alpha1
N75;83;TimeDecoderWithVehicleByPercentage;4467,34;867,81;Alpha1
N75;83;TimeDecoderWithVehicleByPercentage;4543,52;1064,08;Alpha1
N75;83;TimeDecoderWithVehicleByPercentage;4772,41;1045,93;Alpha1
N75;83;TimeDecoderWithVehicleByPercentage;4748,53;928,10;Alpha1
N75;83;TimeDecoderWithVehicleByPercentage;4343,04;993,21;Alpha1
N75;83;TimeDecoderWithVehicleByPercentage;4385,92;760,94;Alpha1
N75;88;PositionalDecoderWithVehicleByPercentage;4874,49;849,91;Alpha1
N75;88;PositionalDecoderWithVehicleByPercentage;5138,75;928,00;Alpha1
N75;88;PositionalDecoderWithVehicleByPercentage;4368,43;977,98;Alpha1
N75;88;PositionalDecoderWithVehicleByPercentage;4939,08;845,60;Alpha1
N75;88;PositionalDecoderWithVehicleByPercentage;5303,04;949,06;Alpha1
N75;88;PositionalDecoderWithVehicleByPercentage;4648,66;1075,17;Alpha1
N75;88;PositionalDecoderWithVehicleByPercentage;4580,44;885,96;Alpha1
N75;88;PositionalDecoderWithVehicleByPercentage;5506,63;1034,85;Alpha1
N75;88;PositionalDecoderWithVehicleByPercentage;5479,82;990,30;Alpha1
N75;88;PositionalDecoderWithVehicleByPercentage;5407,21;1114,70;Alpha1
N75;88;TimeDecoderWithVehicleByPercentage;4944,98;1017,27;Alpha1
N75;88;TimeDecoderWithVehicleByPercentage;5064,01;1030,17;Alpha1
N75;88;TimeDecoderWithVehicleByPercentage;5276,61;962,95;Alpha1
N75;88;TimeDecoderWithVehicleByPercentage;4994,53;987,73;Alpha1
N75;88;TimeDecoderWithVehicleByPercentage;5143,48;1058,64;Alpha1
N75;88;TimeDecoderWithVehicleByPercentage;5234,90;1120,62;Alpha1
N75;88;TimeDecoderWithVehicleByPercentage;5310,60;1001,29;Alpha1
N75;88;TimeDecoderWithVehicleByPercentage;5194,33;1036,37;Alpha1
N75;88;TimeDecoderWithVehicleByPercentage;5285,57;1189,40;Alpha1
N75;88;TimeDecoderWithVehicleByPercentage;5559,46;1025,41;Alpha1
N75;90;PositionalDecoderWithVehicleByPercentage;4331,08;854,48;Alpha1
N75;90;PositionalDecoderWithVehicleByPercentage;4710,03;946,06;Alpha1
N75;90;PositionalDecoderWithVehicleByPercentage;4296,02;979,43;Alpha1
N75;90;PositionalDecoderWithVehicleByPercentage;4887,22;905,23;Alpha1
N75;90;PositionalDecoderWithVehicleByPercentage;4772,99;1009,19;Alpha1
N75;90;PositionalDecoderWithVehicleByPercentage;4946,01;1009,33;Alpha1
N75;90;PositionalDecoderWithVehicleByPercentage;4794,60;964,98;Alpha1
N75;90;PositionalDecoderWithVehicleByPercentage;4834,67;859,25;Alpha1
N75;90;PositionalDecoderWithVehicleByPercentage;4736,40;898,25;Alpha1
N75;90;PositionalDecoderWithVehicleByPercentage;4922,93;1046,66;Alpha1
N75;90;TimeDecoderWithVehicleByPercentage;4707,47;952,96;Alpha1
N75;90;TimeDecoderWithVehicleByPercentage;5217,54;962,17;Alpha1
N75;90;TimeDecoderWithVehicleByPercentage;4355,13;916,20;Alpha1
N75;90;TimeDecoderWithVehicleByPercentage;5022,50;904,47;Alpha1
N75;90;TimeDecoderWithVehicleByPercentage;4463,41;876,30;Alpha1
N75;90;TimeDecoderWithVehicleByPercentage;4747,55;922,09;Alpha1
N75;90;TimeDecoderWithVehicleByPercentage;4667,63;982,83;Alpha1
N75;90;TimeDecoderWithVehicleByPercentage;4693,19;1043,15;Alpha1
N75;90;TimeDecoderWithVehicleByPercentage;4754,19;943,81;Alpha1
N75;90;TimeDecoderWithVehicleByPercentage;4744,19;879,01;Alpha1
N100;94;PositionalDecoderWithVehicleByPercentage;6397,32;1537,02;Alpha1
N100;94;PositionalDecoderWithVehicleByPercentage;5788,52;1152,10;Alpha1
N100;94;PositionalDecoderWithVehicleByPercentage;6439,47;1106,65;Alpha1
N100;94;PositionalDecoderWithVehicleByPercentage;5801,87;1247,72;Alpha1
N100;94;PositionalDecoderWithVehicleByPercentage;6244,39;1293,61;Alpha1
N100;94;PositionalDecoderWithVehicleByPercentage;5860,11;1370,92;Alpha1
N100;94;PositionalDecoderWithVehicleByPercentage;5816,60;1306,64;Alpha1
N100;94;PositionalDecoderWithVehicleByPercentage;5820,80;1162,98;Alpha1
N100;94;PositionalDecoderWithVehicleByPercentage;6201,62;1255,23;Alpha1
N100;94;PositionalDecoderWithVehicleByPercentage;5685,92;1314,52;Alpha1
N100;94;TimeDecoderWithVehicleByPercentage;6102,61;1484,51;Alpha1
N100;94;TimeDecoderWithVehicleByPercentage;6470,21;1335,02;Alpha1
N100;94;TimeDecoderWithVehicleByPercentage;6090,05;1426,84;Alpha1
N100;94;TimeDecoderWithVehicleByPercentage;5615,74;1211,31;Alpha1
N100;94;TimeDecoderWithVehicleByPercentage;5781,16;1177,18;Alpha1
N100;94;TimeDecoderWithVehicleByPercentage;5244,68;1117,76;Alpha1
N100;94;TimeDecoderWithVehicleByPercentage;6169,77;1200,54;Alpha1
N100;94;TimeDecoderWithVehicleByPercentage;6352,94;1228,18;Alpha1
N100;94;TimeDecoderWithVehicleByPercentage;6016,46;1365,63;Alpha1
N100;94;TimeDecoderWithVehicleByPercentage;6246,47;1294,46;Alpha1
N100;95;PositionalDecoderWithVehicleByPercentage;6210,27;1319,56;Alpha1
N100;95;PositionalDecoderWithVehicleByPercentage;6915,63;1406,87;Alpha1
N100;95;PositionalDecoderWithVehicleByPercentage;6728,67;1440,93;Alpha1
N100;95;PositionalDecoderWithVehicleByPercentage;6518,09;1445,24;Alpha1
N100;95;PositionalDecoderWithVehicleByPercentage;6359,79;1225,96;Alpha1
N100;95;PositionalDecoderWithVehicleByPercentage;5768,42;1365,07;Alpha1
N100;95;PositionalDecoderWithVehicleByPercentage;5872,27;1379,52;Alpha1
N100;95;PositionalDecoderWithVehicleByPercentage;6443,92;1241,87;Alpha1
N100;95;PositionalDecoderWithVehicleByPercentage;6552,48;1191,04;Alpha1
N100;95;PositionalDecoderWithVehicleByPercentage;6869,85;1507,10;Alpha1
N100;95;TimeDecoderWithVehicleByPercentage;6080,88;1263,34;Alpha1
N100;95;TimeDecoderWithVehicleByPercentage;6560,83;1186,18;Alpha1
N100;95;TimeDecoderWithVehicleByPercentage;6582,99;1495,15;Alpha1
N100;95;TimeDecoderWithVehicleByPercentage;6964,25;1459,93;Alpha1
N100;95;TimeDecoderWithVehicleByPercentage;6318,50;1266,58;Alpha1
N100;95;TimeDecoderWithVehicleByPercentage;7153,82;1331,97;Alpha1
N100;95;TimeDecoderWithVehicleByPercentage;5833,33;1349,47;Alpha1
N100;95;TimeDecoderWithVehicleByPercentage;5822,67;1178,36;Alpha1
N100;95;TimeDecoderWithVehicleByPercentage;6656,14;1447,20;Alpha1
N100;95;TimeDecoderWithVehicleByPercentage;6715,87;1459,00;Alpha1
N100;96;PositionalDecoderWithVehicleByPercentage;5971,58;1256,91;Alpha1
N100;96;PositionalDecoderWithVehicleByPercentage;6345,50;1236,27;Alpha1
N100;96;PositionalDecoderWithVehicleByPercentage;6713,55;1444,73;Alpha1
N100;96;PositionalDecoderWithVehicleByPercentage;7004,85;1591,57;Alpha1
N100;96;PositionalDecoderWithVehicleByPercentage;6622,59;1407,32;Alpha1
N100;96;PositionalDecoderWithVehicleByPercentage;6496,36;1474,39;Alpha1
N100;96;PositionalDecoderWithVehicleByPercentage;6636,90;1169,04;Alpha1
N100;96;PositionalDecoderWithVehicleByPercentage;6476,20;1353,44;Alpha1
N100;96;PositionalDecoderWithVehicleByPercentage;6090,94;1309,88;Alpha1
N100;96;PositionalDecoderWithVehicleByPercentage;6277,14;1490,57;Alpha1
N100;96;TimeDecoderWithVehicleByPercentage;6499,83;1193,42;Alpha1
N100;96;TimeDecoderWithVehicleByPercentage;6373,96;1296,01;Alpha1
N100;96;TimeDecoderWithVehicleByPercentage;6137,83;1294,36;Alpha1
N100;96;TimeDecoderWithVehicleByPercentage;6383,69;1232,59;Alpha1
N100;96;TimeDecoderWithVehicleByPercentage;6695,01;1340,68;Alpha1
N100;96;TimeDecoderWithVehicleByPercentage;6474,96;1254,76;Alpha1
N100;96;TimeDecoderWithVehicleByPercentage;6268,29;1408,81;Alpha1
N100;96;TimeDecoderWithVehicleByPercentage;6433,98;1152,88;Alpha1
N100;96;TimeDecoderWithVehicleByPercentage;6796,25;1394,55;Alpha1
N100;96;TimeDecoderWithVehicleByPercentage;6362,25;1183,40;Alpha1
N100;97;PositionalDecoderWithVehicleByPercentage;5934,89;1192,05;Alpha1
N100;97;PositionalDecoderWithVehicleByPercentage;6446,77;1451,66;Alpha1
N100;97;PositionalDecoderWithVehicleByPercentage;6228,45;1347,90;Alpha1
N100;97;PositionalDecoderWithVehicleByPercentage;6644,75;1385,06;Alpha1
N100;97;PositionalDecoderWithVehicleByPercentage;6608,07;1529,57;Alpha1
N100;97;PositionalDecoderWithVehicleByPercentage;7093,19;1517,64;Alpha1
N100;97;PositionalDecoderWithVehicleByPercentage;6421,74;1453,38;Alpha1
N100;97;PositionalDecoderWithVehicleByPercentage;6408,43;1358,59;Alpha1
N100;97;PositionalDecoderWithVehicleByPercentage;6245,91;1399,36;Alpha1
N100;97;PositionalDecoderWithVehicleByPercentage;6237,17;1332,48;Alpha1
N100;97;TimeDecoderWithVehicleByPercentage;6455,35;1472,49;Alpha1
N100;97;TimeDecoderWithVehicleByPercentage;6304,33;1298,67;Alpha1
N100;97;TimeDecoderWithVehicleByPercentage;6595,97;1413,66;Alpha1
N100;97;TimeDecoderWithVehicleByPercentage;6742,58;1398,61;Alpha1
N100;97;TimeDecoderWithVehicleByPercentage;6472,62;1310,52;Alpha1
N100;97;TimeDecoderWithVehicleByPercentage;6527,24;1344,47;Alpha1
N100;97;TimeDecoderWithVehicleByPercentage;6614,99;1444,72;Alpha1
N100;97;TimeDecoderWithVehicleByPercentage;6777,51;1371,69;Alpha1
N100;97;TimeDecoderWithVehicleByPercentage;6312,09;1196,45;Alpha1
N100;97;TimeDecoderWithVehicleByPercentage;6437,34;1391,62;Alpha1
N100;98;PositionalDecoderWithVehicleByPercentage;6629,00;1181,06;Alpha1
N100;98;PositionalDecoderWithVehicleByPercentage;6832,00;1527,67;Alpha1
N100;98;PositionalDecoderWithVehicleByPercentage;6521,31;1164,37;Alpha1
N100;98;PositionalDecoderWithVehicleByPercentage;6012,58;1519,28;Alpha1
N100;98;PositionalDecoderWithVehicleByPercentage;6189,46;1238,30;Alpha1
N100;98;PositionalDecoderWithVehicleByPercentage;6429,79;1192,15;Alpha1
N100;98;PositionalDecoderWithVehicleByPercentage;5716,31;1249,88;Alpha1
N100;98;PositionalDecoderWithVehicleByPercentage;5679,98;1197,39;Alpha1
N100;98;PositionalDecoderWithVehicleByPercentage;6322,78;1407,10;Alpha1
N100;98;PositionalDecoderWithVehicleByPercentage;6814,90;1537,71;Alpha1
N100;98;TimeDecoderWithVehicleByPercentage;6861,59;1505,12;Alpha1
N100;98;TimeDecoderWithVehicleByPercentage;7223,86;1407,06;Alpha1
N100;98;TimeDecoderWithVehicleByPercentage;6135,83;1310,29;Alpha1
N100;98;TimeDecoderWithVehicleByPercentage;6834,40;1454,06;Alpha1
N100;98;TimeDecoderWithVehicleByPercentage;6615,37;1425,85;Alpha1
N100;98;TimeDecoderWithVehicleByPercentage;6206,01;1296,61;Alpha1
N100;98;TimeDecoderWithVehicleByPercentage;6955,03;1454,33;Alpha1
N100;98;TimeDecoderWithVehicleByPercentage;6535,55;1344,92;Alpha1
N100;98;TimeDecoderWithVehicleByPercentage;6651,40;1272,89;Alpha1
N100;98;TimeDecoderWithVehicleByPercentage;6673,95;1449,05;Alpha1
N100;100;PositionalDecoderWithVehicleByPercentage;6676,77;1324,69;Alpha1
N100;100;PositionalDecoderWithVehicleByPercentage;5671,38;1243,53;Alpha1
N100;100;PositionalDecoderWithVehicleByPercentage;5742,80;1423,12;Alpha1
N100;100;PositionalDecoderWithVehicleByPercentage;6330,83;1230,83;Alpha1
N100;100;PositionalDecoderWithVehicleByPercentage;6230,53;1419,61;Alpha1
N100;100;PositionalDecoderWithVehicleByPercentage;6233,65;1457,60;Alpha1
N100;100;PositionalDecoderWithVehicleByPercentage;6287,17;1412,20;Alpha1
N100;100;PositionalDecoderWithVehicleByPercentage;6131,99;1378,62;Alpha1
N100;100;PositionalDecoderWithVehicleByPercentage;6628,04;1469,98;Alpha1
N100;100;PositionalDecoderWithVehicleByPercentage;6100,75;1257,95;Alpha1
N100;100;TimeDecoderWithVehicleByPercentage;6273,95;1408,32;Alpha1
N100;100;TimeDecoderWithVehicleByPercentage;6410,02;1429,57;Alpha1
N100;100;TimeDecoderWithVehicleByPercentage;6232,59;1459,44;Alpha1
N100;100;TimeDecoderWithVehicleByPercentage;6108,31;1158,14;Alpha1
N100;100;TimeDecoderWithVehicleByPercentage;6363,58;1352,77;Alpha1
N100;100;TimeDecoderWithVehicleByPercentage;6623,85;1425,98;Alpha1
N100;100;TimeDecoderWithVehicleByPercentage;6297,95;1290,12;Alpha1
N100;100;TimeDecoderWithVehicleByPercentage;6228,76;1279,38;Alpha1
N100;100;TimeDecoderWithVehicleByPercentage;5890,23;1239,24;Alpha1
N100;100;TimeDecoderWithVehicleByPercentage;6696,80;1436,81;Alpha1
N100;91;PositionalDecoderWithVehicleByPercentage;6223,14;1258,09;Alpha1
N100;91;PositionalDecoderWithVehicleByPercentage;6421,38;1323,13;Alpha1
N100;91;PositionalDecoderWithVehicleByPercentage;6916,38;1624,34;Alpha1
N100;91;PositionalDecoderWithVehicleByPercentage;6604,75;1385,25;Alpha1
N100;91;PositionalDecoderWithVehicleByPercentage;6513,16;1389,51;Alpha1
N100;91;PositionalDecoderWithVehicleByPercentage;6636,75;1259,96;Alpha1
N100;91;PositionalDecoderWithVehicleByPercentage;5972,69;1303,12;Alpha1
N100;91;PositionalDecoderWithVehicleByPercentage;6425,60;1200,80;Alpha1
N100;91;PositionalDecoderWithVehicleByPercentage;5852,00;1174,98;Alpha1
N100;91;PositionalDecoderWithVehicleByPercentage;6276,48;1404,33;Alpha1
N100;91;TimeDecoderWithVehicleByPercentage;6584,98;1343,73;Alpha1
N100;91;TimeDecoderWithVehicleByPercentage;6188,42;1365,83;Alpha1
N100;91;TimeDecoderWithVehicleByPercentage;6014,34;1280,43;Alpha1
N100;91;TimeDecoderWithVehicleByPercentage;5723,24;1225,22;Alpha1
N100;91;TimeDecoderWithVehicleByPercentage;5626,82;1250,22;Alpha1
N100;91;TimeDecoderWithVehicleByPercentage;5668,02;1279,18;Alpha1
N100;91;TimeDecoderWithVehicleByPercentage;5499,54;1266,19;Alpha1
N100;91;TimeDecoderWithVehicleByPercentage;6385,86;1329,45;Alpha1
N100;91;TimeDecoderWithVehicleByPercentage;5845,23;1336,28;Alpha1
N100;91;TimeDecoderWithVehicleByPercentage;5210,55;1188,35;Alpha1
N100;92;PositionalDecoderWithVehicleByPercentage;6485,77;1266,91;Alpha1
N100;92;PositionalDecoderWithVehicleByPercentage;6108,78;1171,95;Alpha1
N100;92;PositionalDecoderWithVehicleByPercentage;5631,81;1228,26;Alpha1
N100;92;PositionalDecoderWithVehicleByPercentage;6603,96;1322,53;Alpha1
N100;92;PositionalDecoderWithVehicleByPercentage;6138,00;1195,95;Alpha1
N100;92;PositionalDecoderWithVehicleByPercentage;5841,84;1289,97;Alpha1
N100;92;PositionalDecoderWithVehicleByPercentage;5624,01;999,99;Alpha1
N100;92;PositionalDecoderWithVehicleByPercentage;6314,76;1267,75;Alpha1
N100;92;PositionalDecoderWithVehicleByPercentage;6613,85;1347,69;Alpha1
N100;92;PositionalDecoderWithVehicleByPercentage;5911,48;1055,76;Alpha1
N100;92;TimeDecoderWithVehicleByPercentage;6340,32;1342,81;Alpha1
N100;92;TimeDecoderWithVehicleByPercentage;5972,85;1242,84;Alpha1
N100;92;TimeDecoderWithVehicleByPercentage;6092,76;1208,97;Alpha1
N100;92;TimeDecoderWithVehicleByPercentage;5820,30;1178,90;Alpha1
N100;92;TimeDecoderWithVehicleByPercentage;6115,72;1281,58;Alpha1
N100;92;TimeDecoderWithVehicleByPercentage;6395,91;1430,60;Alpha1
N100;92;TimeDecoderWithVehicleByPercentage;5397,25;1220,61;Alpha1
N100;92;TimeDecoderWithVehicleByPercentage;6355,07;1478,69;Alpha1
N100;92;TimeDecoderWithVehicleByPercentage;5967,66;1313,86;Alpha1
N100;92;TimeDecoderWithVehicleByPercentage;6016,17;1110,25;Alpha1
N100;93;PositionalDecoderWithVehicleByPercentage;5916,69;1208,85;Alpha1
N100;93;PositionalDecoderWithVehicleByPercentage;6433,40;1316,69;Alpha1
N100;93;PositionalDecoderWithVehicleByPercentage;5742,72;1314,79;Alpha1
N100;93;PositionalDecoderWithVehicleByPercentage;5758,61;1311,55;Alpha1
N100;93;PositionalDecoderWithVehicleByPercentage;6343,73;1284,83;Alpha1
N100;93;PositionalDecoderWithVehicleByPercentage;5638,95;1038,76;Alpha1
N100;93;PositionalDecoderWithVehicleByPercentage;5844,93;1257,56;Alpha1
N100;93;PositionalDecoderWithVehicleByPercentage;6446,79;1363,03;Alpha1
N100;93;PositionalDecoderWithVehicleByPercentage;5726,12;1120,46;Alpha1
N100;93;PositionalDecoderWithVehicleByPercentage;5931,49;1104,57;Alpha1
N100;93;TimeDecoderWithVehicleByPercentage;6405,07;1451,34;Alpha1
N100;93;TimeDecoderWithVehicleByPercentage;5196,55;1106,49;Alpha1
N100;93;TimeDecoderWithVehicleByPercentage;6005,73;1117,89;Alpha1
N100;93;TimeDecoderWithVehicleByPercentage;5797,43;1188,97;Alpha1
N100;93;TimeDecoderWithVehicleByPercentage;6415,50;1488,02;Alpha1
N100;93;TimeDecoderWithVehicleByPercentage;6081,29;1272,60;Alpha1
N100;93;TimeDecoderWithVehicleByPercentage;5738,94;1195,97;Alpha1
N100;93;TimeDecoderWithVehicleByPercentage;6687,72;1394,71;Alpha1
N100;93;TimeDecoderWithVehicleByPercentage;6564,78;1142,60;Alpha1
N100;93;TimeDecoderWithVehicleByPercentage;6069,98;1272,12;Alpha1
N100;99;PositionalDecoderWithVehicleByPercentage;6258,78;1477,22;Alpha1
N100;99;PositionalDecoderWithVehicleByPercentage;6459,77;1322,52;Alpha1
N100;99;PositionalDecoderWithVehicleByPercentage;6028,75;1126,40;Alpha1
N100;99;PositionalDecoderWithVehicleByPercentage;6516,18;1304,91;Alpha1
N100;99;PositionalDecoderWithVehicleByPercentage;6271,91;1373,65;Alpha1
N100;99;PositionalDecoderWithVehicleByPercentage;6041,82;1302,72;Alpha1
N100;99;PositionalDecoderWithVehicleByPercentage;6426,58;1256,62;Alpha1
N100;99;PositionalDecoderWithVehicleByPercentage;5998,34;1390,97;Alpha1
N100;99;PositionalDecoderWithVehicleByPercentage;6815,62;1459,51;Alpha1
N100;99;PositionalDecoderWithVehicleByPercentage;6395,41;1370,05;Alpha1
N100;99;TimeDecoderWithVehicleByPercentage;5693,65;1166,96;Alpha1
N100;99;TimeDecoderWithVehicleByPercentage;6268,84;1455,62;Alpha1
N100;99;TimeDecoderWithVehicleByPercentage;6463,64;1195,32;Alpha1
N100;99;TimeDecoderWithVehicleByPercentage;6434,46;1282,54;Alpha1
N100;99;TimeDecoderWithVehicleByPercentage;6633,91;1233,88;Alpha1
N100;99;TimeDecoderWithVehicleByPercentage;6516,32;1453,76;Alpha1
N100;99;TimeDecoderWithVehicleByPercentage;6091,51;1186,23;Alpha1
N100;99;TimeDecoderWithVehicleByPercentage;7100,59;1597,23;Alpha1
N100;99;TimeDecoderWithVehicleByPercentage;6802,61;1500,65;Alpha1
N100;99;TimeDecoderWithVehicleByPercentage;6120,12;1293,23;Alpha1
N175;101;PositionalDecoderWithVehicleByPercentage;11384,74;2418,92;Alpha1
N175;101;PositionalDecoderWithVehicleByPercentage;11296,93;2376,74;Alpha1
N175;101;PositionalDecoderWithVehicleByPercentage;11646,76;2314,61;Alpha1
N175;101;PositionalDecoderWithVehicleByPercentage;11207,42;2363,91;Alpha1
N175;101;PositionalDecoderWithVehicleByPercentage;9922,17;2282,65;Alpha1
N175;101;PositionalDecoderWithVehicleByPercentage;10907,95;2526,10;Alpha1
N175;101;PositionalDecoderWithVehicleByPercentage;11712,23;2555,05;Alpha1
N175;101;PositionalDecoderWithVehicleByPercentage;10670,24;2422,63;Alpha1
N175;101;PositionalDecoderWithVehicleByPercentage;11676,57;2615,79;Alpha1
N175;101;PositionalDecoderWithVehicleByPercentage;11281,54;2566,91;Alpha1
N175;101;TimeDecoderWithVehicleByPercentage;11003,55;2437,16;Alpha1
N175;101;TimeDecoderWithVehicleByPercentage;10944,22;2275,57;Alpha1
N175;101;TimeDecoderWithVehicleByPercentage;11402,05;2756,63;Alpha1
N175;101;TimeDecoderWithVehicleByPercentage;11075,16;2429,01;Alpha1
N175;101;TimeDecoderWithVehicleByPercentage;11416,18;2542,85;Alpha1
N175;101;TimeDecoderWithVehicleByPercentage;11700,92;2385,36;Alpha1
N175;101;TimeDecoderWithVehicleByPercentage;11278,86;2384,46;Alpha1
N175;101;TimeDecoderWithVehicleByPercentage;11227,66;2331,51;Alpha1
N175;101;TimeDecoderWithVehicleByPercentage;11308,37;2596,07;Alpha1
N175;101;TimeDecoderWithVehicleByPercentage;11244,52;2346,89;Alpha1
N175;103;PositionalDecoderWithVehicleByPercentage;11088,43;2323,78;Alpha1
N175;103;PositionalDecoderWithVehicleByPercentage;10419,98;2153,01;Alpha1
N175;103;PositionalDecoderWithVehicleByPercentage;10874,97;2527,28;Alpha1
N175;103;PositionalDecoderWithVehicleByPercentage;10591,17;2127,33;Alpha1
N175;103;PositionalDecoderWithVehicleByPercentage;10944,64;2293,15;Alpha1
N175;103;PositionalDecoderWithVehicleByPercentage;10282,54;2366,17;Alpha1
N175;103;PositionalDecoderWithVehicleByPercentage;10545,83;2474,20;Alpha1
N175;103;PositionalDecoderWithVehicleByPercentage;11058,21;2316,72;Alpha1
N175;103;PositionalDecoderWithVehicleByPercentage;10338,14;2361,94;Alpha1
N175;103;PositionalDecoderWithVehicleByPercentage;10323,27;2229,73;Alpha1
N175;103;TimeDecoderWithVehicleByPercentage;11101,47;2315,15;Alpha1
N175;103;TimeDecoderWithVehicleByPercentage;11795,13;2500,99;Alpha1
N175;103;TimeDecoderWithVehicleByPercentage;10906,78;2456,23;Alpha1
N175;103;TimeDecoderWithVehicleByPercentage;10881,14;2407,50;Alpha1
N175;103;TimeDecoderWithVehicleByPercentage;11166,94;2241,99;Alpha1
N175;103;TimeDecoderWithVehicleByPercentage;11215,19;2614,75;Alpha1
N175;103;TimeDecoderWithVehicleByPercentage;11305,01;2625,04;Alpha1
N175;103;TimeDecoderWithVehicleByPercentage;11088,10;2434,38;Alpha1
N175;103;TimeDecoderWithVehicleByPercentage;11023,17;2364,46;Alpha1
N175;103;TimeDecoderWithVehicleByPercentage;10178,14;2314,58;Alpha1
N175;107;PositionalDecoderWithVehicleByPercentage;11266,37;2582,46;Alpha1
N175;107;PositionalDecoderWithVehicleByPercentage;11168,31;2532,48;Alpha1
N175;107;PositionalDecoderWithVehicleByPercentage;10890,20;2236,40;Alpha1
N175;107;PositionalDecoderWithVehicleByPercentage;11505,52;2351,97;Alpha1
N175;107;PositionalDecoderWithVehicleByPercentage;12115,99;2371,82;Alpha1
N175;107;PositionalDecoderWithVehicleByPercentage;9705,55;2389,82;Alpha1
N175;107;PositionalDecoderWithVehicleByPercentage;11583,70;2693,37;Alpha1
N175;107;PositionalDecoderWithVehicleByPercentage;12069,60;2773,99;Alpha1
N175;107;PositionalDecoderWithVehicleByPercentage;10742,06;2217,99;Alpha1
N175;107;PositionalDecoderWithVehicleByPercentage;10626,05;2318,25;Alpha1
N175;107;TimeDecoderWithVehicleByPercentage;11089,82;2638,20;Alpha1
N175;107;TimeDecoderWithVehicleByPercentage;10827,79;2627,04;Alpha1
N175;107;TimeDecoderWithVehicleByPercentage;11835,37;2776,68;Alpha1
N175;107;TimeDecoderWithVehicleByPercentage;10950,76;2590,97;Alpha1
N175;107;TimeDecoderWithVehicleByPercentage;11737,54;2493,13;Alpha1
N175;107;TimeDecoderWithVehicleByPercentage;10174,80;2435,11;Alpha1
N175;107;TimeDecoderWithVehicleByPercentage;10857,00;2393,36;Alpha1
N175;107;TimeDecoderWithVehicleByPercentage;11624,55;2533,14;Alpha1
N175;107;TimeDecoderWithVehicleByPercentage;11846,82;2553,72;Alpha1
N175;107;TimeDecoderWithVehicleByPercentage;10856,87;2349,95;Alpha1
N175;108;PositionalDecoderWithVehicleByPercentage;11213,42;2490,68;Alpha1
N175;108;PositionalDecoderWithVehicleByPercentage;10858,15;2086,87;Alpha1
N175;108;PositionalDecoderWithVehicleByPercentage;10719,91;2206,08;Alpha1
N175;108;PositionalDecoderWithVehicleByPercentage;11282,65;2313,17;Alpha1
N175;108;PositionalDecoderWithVehicleByPercentage;11069,66;2160,17;Alpha1
N175;108;PositionalDecoderWithVehicleByPercentage;10828,03;2454,89;Alpha1
N175;108;PositionalDecoderWithVehicleByPercentage;10842,11;2270,09;Alpha1
N175;108;PositionalDecoderWithVehicleByPercentage;11164,35;2203,54;Alpha1
N175;108;PositionalDecoderWithVehicleByPercentage;10252,65;2294,36;Alpha1
N175;108;PositionalDecoderWithVehicleByPercentage;10471,36;2420,13;Alpha1
N175;108;TimeDecoderWithVehicleByPercentage;11273,90;2441,51;Alpha1
N175;108;TimeDecoderWithVehicleByPercentage;10521,32;2521,51;Alpha1
N175;108;TimeDecoderWithVehicleByPercentage;10736,37;2308,14;Alpha1
N175;108;TimeDecoderWithVehicleByPercentage;11792,50;2630,75;Alpha1
N175;108;TimeDecoderWithVehicleByPercentage;10880,00;2378,83;Alpha1
N175;108;TimeDecoderWithVehicleByPercentage;10801,94;2395,95;Alpha1
N175;108;TimeDecoderWithVehicleByPercentage;10901,30;2373,80;Alpha1
N175;108;TimeDecoderWithVehicleByPercentage;11299,04;2548,70;Alpha1
N175;108;TimeDecoderWithVehicleByPercentage;10898,78;2148,76;Alpha1
N175;108;TimeDecoderWithVehicleByPercentage;10953,97;2208,18;Alpha1
N175;110;PositionalDecoderWithVehicleByPercentage;10108,62;2387,02;Alpha1
N175;110;PositionalDecoderWithVehicleByPercentage;10859,11;2450,26;Alpha1
N175;110;PositionalDecoderWithVehicleByPercentage;11214,10;2434,18;Alpha1
N175;110;PositionalDecoderWithVehicleByPercentage;10228,14;2316,24;Alpha1
N175;110;PositionalDecoderWithVehicleByPercentage;10199,44;2368,43;Alpha1
N175;110;PositionalDecoderWithVehicleByPercentage;10855,58;2248,95;Alpha1
N175;110;PositionalDecoderWithVehicleByPercentage;10626,82;2419,89;Alpha1
N175;110;PositionalDecoderWithVehicleByPercentage;10730,00;2524,66;Alpha1
N175;110;PositionalDecoderWithVehicleByPercentage;10904,97;2232,45;Alpha1
N175;110;PositionalDecoderWithVehicleByPercentage;12057,59;2516,90;Alpha1
N175;110;TimeDecoderWithVehicleByPercentage;10944,12;2239,73;Alpha1
N175;110;TimeDecoderWithVehicleByPercentage;11094,22;2553,31;Alpha1
N175;110;TimeDecoderWithVehicleByPercentage;11155,48;2416,85;Alpha1
N175;110;TimeDecoderWithVehicleByPercentage;11197,10;2469,34;Alpha1
N175;110;TimeDecoderWithVehicleByPercentage;10942,12;2425,83;Alpha1
N175;110;TimeDecoderWithVehicleByPercentage;11685,64;2457,60;Alpha1
N175;110;TimeDecoderWithVehicleByPercentage;10122,81;2272,79;Alpha1
N175;110;TimeDecoderWithVehicleByPercentage;10376,76;2562,12;Alpha1
N175;110;TimeDecoderWithVehicleByPercentage;10574,54;2124,52;Alpha1
N175;110;TimeDecoderWithVehicleByPercentage;10400,69;2451,35;Alpha1
N175;102;PositionalDecoderWithVehicleByPercentage;10322,49;2247,97;Alpha1
N175;102;PositionalDecoderWithVehicleByPercentage;10888,85;2256,85;Alpha1
N175;102;PositionalDecoderWithVehicleByPercentage;10478,87;2017,79;Alpha1
N175;102;PositionalDecoderWithVehicleByPercentage;10609,43;2230,17;Alpha1
N175;102;PositionalDecoderWithVehicleByPercentage;10563,47;2304,80;Alpha1
N175;102;PositionalDecoderWithVehicleByPercentage;11008,93;2148,98;Alpha1
N175;102;PositionalDecoderWithVehicleByPercentage;10536,85;2052,54;Alpha1
N175;102;PositionalDecoderWithVehicleByPercentage;10921,27;2472,17;Alpha1
N175;102;PositionalDecoderWithVehicleByPercentage;10298,28;2526,30;Alpha1
N175;102;PositionalDecoderWithVehicleByPercentage;10395,55;2413,54;Alpha1
N175;102;TimeDecoderWithVehicleByPercentage;10611,70;2554,85;Alpha1
N175;102;TimeDecoderWithVehicleByPercentage;9486,89;2118,96;Alpha1
N175;102;TimeDecoderWithVehicleByPercentage;11071,00;2419,04;Alpha1
N175;102;TimeDecoderWithVehicleByPercentage;10288,15;2142,25;Alpha1
N175;102;TimeDecoderWithVehicleByPercentage;10657,30;2100,32;Alpha1
N175;102;TimeDecoderWithVehicleByPercentage;10155,14;2108,96;Alpha1
N175;102;TimeDecoderWithVehicleByPercentage;10773,08;2314,06;Alpha1
N175;102;TimeDecoderWithVehicleByPercentage;10341,91;2438,89;Alpha1
N175;102;TimeDecoderWithVehicleByPercentage;9884,03;2320,86;Alpha1
N175;102;TimeDecoderWithVehicleByPercentage;10484,81;2416,21;Alpha1
N175;104;PositionalDecoderWithVehicleByPercentage;9814,34;2231,41;Alpha1
N175;104;PositionalDecoderWithVehicleByPercentage;10352,53;2512,65;Alpha1
N175;104;PositionalDecoderWithVehicleByPercentage;10911,45;2193,82;Alpha1
N175;104;PositionalDecoderWithVehicleByPercentage;9817,37;2263,01;Alpha1
N175;104;PositionalDecoderWithVehicleByPercentage;10521,97;2548,55;Alpha1
N175;104;PositionalDecoderWithVehicleByPercentage;10782,29;2334,42;Alpha1
N175;104;PositionalDecoderWithVehicleByPercentage;10366,81;2421,58;Alpha1
N175;104;PositionalDecoderWithVehicleByPercentage;10746,96;2487,38;Alpha1
N175;104;PositionalDecoderWithVehicleByPercentage;10597,62;2331,87;Alpha1
N175;104;PositionalDecoderWithVehicleByPercentage;10754,98;2214,28;Alpha1
N175;104;TimeDecoderWithVehicleByPercentage;11002,74;2217,03;Alpha1
N175;104;TimeDecoderWithVehicleByPercentage;10479,07;2515,70;Alpha1
N175;104;TimeDecoderWithVehicleByPercentage;10901,64;2487,64;Alpha1
N175;104;TimeDecoderWithVehicleByPercentage;10056,29;2072,07;Alpha1
N175;104;TimeDecoderWithVehicleByPercentage;10824,29;2439,16;Alpha1
N175;104;TimeDecoderWithVehicleByPercentage;10489,22;2411,00;Alpha1
N175;104;TimeDecoderWithVehicleByPercentage;10711,79;2491,83;Alpha1
N175;104;TimeDecoderWithVehicleByPercentage;10518,26;2469,18;Alpha1
N175;104;TimeDecoderWithVehicleByPercentage;11160,92;2331,27;Alpha1
N175;104;TimeDecoderWithVehicleByPercentage;10631,64;2343,67;Alpha1
N175;105;PositionalDecoderWithVehicleByPercentage;11524,81;2498,99;Alpha1
N175;105;PositionalDecoderWithVehicleByPercentage;11493,58;2432,37;Alpha1
N175;105;PositionalDecoderWithVehicleByPercentage;11243,13;2455,15;Alpha1
N175;105;PositionalDecoderWithVehicleByPercentage;10499,82;2361,78;Alpha1
N175;105;PositionalDecoderWithVehicleByPercentage;10963,69;2428,25;Alpha1
N175;105;PositionalDecoderWithVehicleByPercentage;10936,21;2440,58;Alpha1
N175;105;PositionalDecoderWithVehicleByPercentage;10527,14;2394,61;Alpha1
N175;105;PositionalDecoderWithVehicleByPercentage;11610,85;2572,14;Alpha1
N175;105;PositionalDecoderWithVehicleByPercentage;11105,75;2327,08;Alpha1
N175;105;PositionalDecoderWithVehicleByPercentage;12063,28;2421,10;Alpha1
N175;105;TimeDecoderWithVehicleByPercentage;10983,97;2552,55;Alpha1
N175;105;TimeDecoderWithVehicleByPercentage;10772,09;2359,48;Alpha1
N175;105;TimeDecoderWithVehicleByPercentage;11305,52;2398,58;Alpha1
N175;105;TimeDecoderWithVehicleByPercentage;11594,24;2318,20;Alpha1
N175;105;TimeDecoderWithVehicleByPercentage;11684,40;2359,83;Alpha1
N175;105;TimeDecoderWithVehicleByPercentage;10566,95;2508,14;Alpha1
N175;105;TimeDecoderWithVehicleByPercentage;12241,55;2413,93;Alpha1
N175;105;TimeDecoderWithVehicleByPercentage;11271,15;2521,39;Alpha1
N175;105;TimeDecoderWithVehicleByPercentage;10296,11;2129,92;Alpha1
N175;105;TimeDecoderWithVehicleByPercentage;10722,40;2484,03;Alpha1
N175;106;PositionalDecoderWithVehicleByPercentage;11258,97;2527,48;Alpha1
N175;106;PositionalDecoderWithVehicleByPercentage;10744,89;2170,50;Alpha1
N175;106;PositionalDecoderWithVehicleByPercentage;11002,72;2501,05;Alpha1
N175;106;PositionalDecoderWithVehicleByPercentage;11368,26;2724,64;Alpha1
N175;106;PositionalDecoderWithVehicleByPercentage;10470,99;2549,78;Alpha1
N175;106;PositionalDecoderWithVehicleByPercentage;11344,81;2489,25;Alpha1
N175;106;PositionalDecoderWithVehicleByPercentage;11500,19;2394,54;Alpha1
N175;106;PositionalDecoderWithVehicleByPercentage;11243,36;2627,60;Alpha1
N175;106;PositionalDecoderWithVehicleByPercentage;11271,61;2426,12;Alpha1
N175;106;PositionalDecoderWithVehicleByPercentage;10484,52;2390,46;Alpha1
N175;106;TimeDecoderWithVehicleByPercentage;11118,66;2401,16;Alpha1
N175;106;TimeDecoderWithVehicleByPercentage;10587,32;2234,63;Alpha1
N175;106;TimeDecoderWithVehicleByPercentage;11286,92;2460,24;Alpha1
N175;106;TimeDecoderWithVehicleByPercentage;12073,28;2467,93;Alpha1
N175;106;TimeDecoderWithVehicleByPercentage;10215,10;2267,99;Alpha1
N175;106;TimeDecoderWithVehicleByPercentage;11213,61;2635,90;Alpha1
N175;106;TimeDecoderWithVehicleByPercentage;11435,54;2624,05;Alpha1
N175;106;TimeDecoderWithVehicleByPercentage;11229,61;2484,73;Alpha1
N175;106;TimeDecoderWithVehicleByPercentage;11325,26;2360,46;Alpha1
N175;106;TimeDecoderWithVehicleByPercentage;10775,73;2227,49;Alpha1
N175;109;PositionalDecoderWithVehicleByPercentage;9978,00;2155,82;Alpha1
N175;109;PositionalDecoderWithVehicleByPercentage;10940,29;2293,82;Alpha1
N175;109;PositionalDecoderWithVehicleByPercentage;10444,10;2143,74;Alpha1
N175;109;PositionalDecoderWithVehicleByPercentage;11212,40;2439,82;Alpha1
N175;109;PositionalDecoderWithVehicleByPercentage;11107,93;2530,61;Alpha1
N175;109;PositionalDecoderWithVehicleByPercentage;11067,20;2445,71;Alpha1
N175;109;PositionalDecoderWithVehicleByPercentage;10236,05;2395,43;Alpha1
N175;109;PositionalDecoderWithVehicleByPercentage;11248,15;2448,90;Alpha1
N175;109;PositionalDecoderWithVehicleByPercentage;10264,84;2327,93;Alpha1
N175;109;PositionalDecoderWithVehicleByPercentage;10780,85;2563,72;Alpha1
N175;109;TimeDecoderWithVehicleByPercentage;11834,32;2332,44;Alpha1
N175;109;TimeDecoderWithVehicleByPercentage;10282,45;2178,04;Alpha1
N175;109;TimeDecoderWithVehicleByPercentage;10191,43;2170,05;Alpha1
N175;109;TimeDecoderWithVehicleByPercentage;10387,42;2274,39;Alpha1
N175;109;TimeDecoderWithVehicleByPercentage;10840,08;2304,21;Alpha1
N175;109;TimeDecoderWithVehicleByPercentage;10433,39;2317,69;Alpha1
N175;109;TimeDecoderWithVehicleByPercentage;10436,10;2215,42;Alpha1
N175;109;TimeDecoderWithVehicleByPercentage;10111,89;2054,24;Alpha1
N175;109;TimeDecoderWithVehicleByPercentage;11266,16;2164,09;Alpha1
N175;109;TimeDecoderWithVehicleByPercentage;11073,95;2309,10;Alpha1
N250;3;PositionalDecoderWithVehicleByPercentage;15712,76;3496,77;Alpha1
N250;3;PositionalDecoderWithVehicleByPercentage;15119,67;3541,19;Alpha1
N250;3;PositionalDecoderWithVehicleByPercentage;16124,68;3674,17;Alpha1
N250;3;PositionalDecoderWithVehicleByPercentage;14044,53;3008,76;Alpha1
N250;3;PositionalDecoderWithVehicleByPercentage;14499,45;3553,88;Alpha1
N250;3;PositionalDecoderWithVehicleByPercentage;15355,58;3378,97;Alpha1
N250;3;PositionalDecoderWithVehicleByPercentage;14849,38;3501,05;Alpha1
N250;3;PositionalDecoderWithVehicleByPercentage;14213,29;3461,09;Alpha1
N250;3;PositionalDecoderWithVehicleByPercentage;15476,52;3783,79;Alpha1
N250;3;PositionalDecoderWithVehicleByPercentage;15514,64;3503,42;Alpha1
N250;3;TimeDecoderWithVehicleByPercentage;14371,95;3554,21;Alpha1
N250;3;TimeDecoderWithVehicleByPercentage;15546,72;3727,56;Alpha1
N250;3;TimeDecoderWithVehicleByPercentage;15042,71;3842,25;Alpha1
N250;3;TimeDecoderWithVehicleByPercentage;15289,69;3898,00;Alpha1
N250;3;TimeDecoderWithVehicleByPercentage;14902,69;3590,22;Alpha1
N250;3;TimeDecoderWithVehicleByPercentage;16281,09;3704,61;Alpha1
N250;3;TimeDecoderWithVehicleByPercentage;15550,58;3820,10;Alpha1
N250;3;TimeDecoderWithVehicleByPercentage;15674,51;3455,67;Alpha1
N250;3;TimeDecoderWithVehicleByPercentage;14581,60;3657,86;Alpha1
N250;3;TimeDecoderWithVehicleByPercentage;15527,26;3987,62;Alpha1
N250;7;PositionalDecoderWithVehicleByPercentage;15480,53;4191,69;Alpha1
N250;7;PositionalDecoderWithVehicleByPercentage;15468,41;3499,87;Alpha1
N250;7;PositionalDecoderWithVehicleByPercentage;15380,16;3343,20;Alpha1
N250;7;PositionalDecoderWithVehicleByPercentage;15781,57;3951,30;Alpha1
N250;7;PositionalDecoderWithVehicleByPercentage;14929,80;3694,83;Alpha1
N250;7;PositionalDecoderWithVehicleByPercentage;15882,75;3522,38;Alpha1
N250;7;PositionalDecoderWithVehicleByPercentage;15210,67;3767,77;Alpha1
N250;7;PositionalDecoderWithVehicleByPercentage;15714,68;3607,58;Alpha1
N250;7;PositionalDecoderWithVehicleByPercentage;16529,92;3815,37;Alpha1
N250;7;PositionalDecoderWithVehicleByPercentage;15183,14;3573,08;Alpha1
N250;7;TimeDecoderWithVehicleByPercentage;16025,91;3394,30;Alpha1
N250;7;TimeDecoderWithVehicleByPercentage;15560,55;3828,32;Alpha1
N250;7;TimeDecoderWithVehicleByPercentage;16517,03;3883,50;Alpha1
N250;7;TimeDecoderWithVehicleByPercentage;15981,29;3986,41;Alpha1
N250;7;TimeDecoderWithVehicleByPercentage;15561,55;3679,92;Alpha1
N250;7;TimeDecoderWithVehicleByPercentage;15614,68;3518,01;Alpha1
N250;7;TimeDecoderWithVehicleByPercentage;14936,54;3763,14;Alpha1
N250;7;TimeDecoderWithVehicleByPercentage;14579,14;4037,92;Alpha1
N250;7;TimeDecoderWithVehicleByPercentage;14944,50;3574,32;Alpha1
N250;7;TimeDecoderWithVehicleByPercentage;15604,39;3630,93;Alpha1
N250;9;PositionalDecoderWithVehicleByPercentage;14671,37;3440,88;Alpha1
N250;9;PositionalDecoderWithVehicleByPercentage;14341,30;3389,76;Alpha1
N250;9;PositionalDecoderWithVehicleByPercentage;15558,00;4010,61;Alpha1
N250;9;PositionalDecoderWithVehicleByPercentage;14480,70;3411,88;Alpha1
N250;9;PositionalDecoderWithVehicleByPercentage;15576,76;3327,91;Alpha1
N250;9;PositionalDecoderWithVehicleByPercentage;14649,19;3404,76;Alpha1
N250;9;PositionalDecoderWithVehicleByPercentage;14783,03;3713,81;Alpha1
N250;9;PositionalDecoderWithVehicleByPercentage;14786,38;3394,27;Alpha1
N250;9;PositionalDecoderWithVehicleByPercentage;14794,39;3475,94;Alpha1
N250;9;PositionalDecoderWithVehicleByPercentage;16081,83;3916,45;Alpha1
N250;9;TimeDecoderWithVehicleByPercentage;15279,27;3484,08;Alpha1
N250;9;TimeDecoderWithVehicleByPercentage;15813,45;3510,01;Alpha1
N250;9;TimeDecoderWithVehicleByPercentage;15345,01;3396,13;Alpha1
N250;9;TimeDecoderWithVehicleByPercentage;14600,78;3223,43;Alpha1
N250;9;TimeDecoderWithVehicleByPercentage;15427,98;3328,91;Alpha1
N250;9;TimeDecoderWithVehicleByPercentage;15183,57;3661,24;Alpha1
N250;9;TimeDecoderWithVehicleByPercentage;15175,14;3500,62;Alpha1
N250;9;TimeDecoderWithVehicleByPercentage;15379,70;3420,13;Alpha1
N250;9;TimeDecoderWithVehicleByPercentage;14809,13;3519,47;Alpha1
N250;9;TimeDecoderWithVehicleByPercentage;14773,18;3716,24;Alpha1
N250;10;PositionalDecoderWithVehicleByPercentage;14233,45;3278,60;Alpha1
N250;10;PositionalDecoderWithVehicleByPercentage;15052,83;3072,91;Alpha1
N250;10;PositionalDecoderWithVehicleByPercentage;14801,12;3570,28;Alpha1
N250;10;PositionalDecoderWithVehicleByPercentage;15177,61;3692,85;Alpha1
N250;10;PositionalDecoderWithVehicleByPercentage;14672,75;3352,54;Alpha1
N250;10;PositionalDecoderWithVehicleByPercentage;15198,70;3483,93;Alpha1
N250;10;PositionalDecoderWithVehicleByPercentage;15273,43;3655,07;Alpha1
N250;10;PositionalDecoderWithVehicleByPercentage;14781,51;3765,35;Alpha1
N250;10;PositionalDecoderWithVehicleByPercentage;13989,50;3619,88;Alpha1
N250;10;PositionalDecoderWithVehicleByPercentage;14832,32;3438,12;Alpha1
N250;10;TimeDecoderWithVehicleByPercentage;14870,51;3746,32;Alpha1
N250;10;TimeDecoderWithVehicleByPercentage;15515,97;3948,90;Alpha1
N250;10;TimeDecoderWithVehicleByPercentage;15453,97;3862,81;Alpha1
N250;10;TimeDecoderWithVehicleByPercentage;15426,44;3600,50;Alpha1
N250;10;TimeDecoderWithVehicleByPercentage;14714,69;3319,73;Alpha1
N250;10;TimeDecoderWithVehicleByPercentage;14392,06;3497,61;Alpha1
N250;10;TimeDecoderWithVehicleByPercentage;14939,05;3713,77;Alpha1
N250;10;TimeDecoderWithVehicleByPercentage;14211,95;3295,52;Alpha1
N250;10;TimeDecoderWithVehicleByPercentage;14629,08;3463,44;Alpha1
N250;10;TimeDecoderWithVehicleByPercentage;15014,14;3369,01;Alpha1
N250;114;PositionalDecoderWithVehicleByPercentage;15056,72;3750,64;Alpha1
N250;114;PositionalDecoderWithVehicleByPercentage;14888,61;3155,75;Alpha1
N250;114;PositionalDecoderWithVehicleByPercentage;14729,41;3369,04;Alpha1
N250;114;PositionalDecoderWithVehicleByPercentage;15078,27;3385,29;Alpha1
N250;114;PositionalDecoderWithVehicleByPercentage;15233,37;3620,07;Alpha1
N250;114;PositionalDecoderWithVehicleByPercentage;14341,29;3429,56;Alpha1
N250;114;PositionalDecoderWithVehicleByPercentage;15650,92;3588,98;Alpha1
N250;114;PositionalDecoderWithVehicleByPercentage;14491,06;3490,11;Alpha1
N250;114;PositionalDecoderWithVehicleByPercentage;15485,57;3906,52;Alpha1
N250;114;PositionalDecoderWithVehicleByPercentage;14403,49;3319,61;Alpha1
N250;114;TimeDecoderWithVehicleByPercentage;14897,32;3520,88;Alpha1
N250;114;TimeDecoderWithVehicleByPercentage;15458,50;3493,73;Alpha1
N250;114;TimeDecoderWithVehicleByPercentage;14968,40;3661,83;Alpha1
N250;114;TimeDecoderWithVehicleByPercentage;15027,43;3491,99;Alpha1
N250;114;TimeDecoderWithVehicleByPercentage;14199,97;4016,31;Alpha1
N250;114;TimeDecoderWithVehicleByPercentage;15451,83;3431,56;Alpha1
N250;114;TimeDecoderWithVehicleByPercentage;15489,32;3535,95;Alpha1
N250;114;TimeDecoderWithVehicleByPercentage;15068,00;3294,56;Alpha1
N250;114;TimeDecoderWithVehicleByPercentage;14189,25;3520,50;Alpha1
N250;114;TimeDecoderWithVehicleByPercentage;14787,09;3329,19;Alpha1
N250;1;PositionalDecoderWithVehicleByPercentage;16127,18;3767,89;Alpha1
N250;1;PositionalDecoderWithVehicleByPercentage;15381,16;3859,46;Alpha1
N250;1;PositionalDecoderWithVehicleByPercentage;15836,12;3584,71;Alpha1
N250;1;PositionalDecoderWithVehicleByPercentage;15467,50;3520,32;Alpha1
N250;1;PositionalDecoderWithVehicleByPercentage;15879,84;3648,15;Alpha1
N250;1;PositionalDecoderWithVehicleByPercentage;15386,06;3422,83;Alpha1
N250;1;PositionalDecoderWithVehicleByPercentage;14934,10;3580,58;Alpha1
N250;1;PositionalDecoderWithVehicleByPercentage;15829,21;3677,49;Alpha1
N250;1;PositionalDecoderWithVehicleByPercentage;15316,76;3688,93;Alpha1
N250;1;PositionalDecoderWithVehicleByPercentage;15500,84;3432,74;Alpha1
N250;1;TimeDecoderWithVehicleByPercentage;15694,98;3607,43;Alpha1
N250;1;TimeDecoderWithVehicleByPercentage;16067,24;3632,17;Alpha1
N250;1;TimeDecoderWithVehicleByPercentage;15903,37;3461,84;Alpha1
N250;1;TimeDecoderWithVehicleByPercentage;14574,81;3355,54;Alpha1
N250;1;TimeDecoderWithVehicleByPercentage;14942,47;3741,43;Alpha1
N250;1;TimeDecoderWithVehicleByPercentage;15694,95;3444,56;Alpha1
N250;1;TimeDecoderWithVehicleByPercentage;15415,21;3624,57;Alpha1
N250;1;TimeDecoderWithVehicleByPercentage;15980,01;3951,79;Alpha1
N250;1;TimeDecoderWithVehicleByPercentage;15159,53;3566,27;Alpha1
N250;1;TimeDecoderWithVehicleByPercentage;15524,35;3915,87;Alpha1
N250;2;PositionalDecoderWithVehicleByPercentage;14697,61;3591,05;Alpha1
N250;2;PositionalDecoderWithVehicleByPercentage;16390,93;3579,27;Alpha1
N250;2;PositionalDecoderWithVehicleByPercentage;15267,04;3374,58;Alpha1
N250;2;PositionalDecoderWithVehicleByPercentage;14629,94;3697,11;Alpha1
N250;2;PositionalDecoderWithVehicleByPercentage;15077,19;3803,38;Alpha1
N250;2;PositionalDecoderWithVehicleByPercentage;15728,09;3529,04;Alpha1
N250;2;PositionalDecoderWithVehicleByPercentage;15133,89;3653,75;Alpha1
N250;2;PositionalDecoderWithVehicleByPercentage;15107,64;3510,46;Alpha1
N250;2;PositionalDecoderWithVehicleByPercentage;15596,08;3687,42;Alpha1
N250;2;PositionalDecoderWithVehicleByPercentage;14113,98;3219,25;Alpha1
N250;2;TimeDecoderWithVehicleByPercentage;14848,92;3341,14;Alpha1
N250;2;TimeDecoderWithVehicleByPercentage;15382,02;3661,64;Alpha1
N250;2;TimeDecoderWithVehicleByPercentage;15271,56;3343,53;Alpha1
N250;2;TimeDecoderWithVehicleByPercentage;15973,91;3746,16;Alpha1
N250;2;TimeDecoderWithVehicleByPercentage;14863,01;3770,26;Alpha1
N250;2;TimeDecoderWithVehicleByPercentage;15964,43;3753,52;Alpha1
N250;2;TimeDecoderWithVehicleByPercentage;14918,31;3401,09;Alpha1
N250;2;TimeDecoderWithVehicleByPercentage;15656,31;3512,96;Alpha1
N250;2;TimeDecoderWithVehicleByPercentage;15521,10;3620,98;Alpha1
N250;2;TimeDecoderWithVehicleByPercentage;15880,93;3856,24;Alpha1
N250;4;PositionalDecoderWithVehicleByPercentage;16132,34;3429,70;Alpha1
N250;4;PositionalDecoderWithVehicleByPercentage;14866,14;3365,11;Alpha1
N250;4;PositionalDecoderWithVehicleByPercentage;15390,79;3634,16;Alpha1
N250;4;PositionalDecoderWithVehicleByPercentage;15496,99;3724,35;Alpha1
N250;4;PositionalDecoderWithVehicleByPercentage;15216,14;3615,48;Alpha1
N250;4;PositionalDecoderWithVehicleByPercentage;16082,61;4042,44;Alpha1
N250;4;PositionalDecoderWithVehicleByPercentage;14804,98;3496,94;Alpha1
N250;4;PositionalDecoderWithVehicleByPercentage;15332,68;3414,27;Alpha1
N250;4;PositionalDecoderWithVehicleByPercentage;15093,29;3576,20;Alpha1
N250;4;PositionalDecoderWithVehicleByPercentage;16415,51;3753,05;Alpha1
N250;4;TimeDecoderWithVehicleByPercentage;15048,03;3432,40;Alpha1
N250;4;TimeDecoderWithVehicleByPercentage;15737,71;3821,85;Alpha1
N250;4;TimeDecoderWithVehicleByPercentage;15344,60;3585,49;Alpha1
N250;4;TimeDecoderWithVehicleByPercentage;15137,31;3654,23;Alpha1
N250;4;TimeDecoderWithVehicleByPercentage;15355,98;3669,20;Alpha1
N250;4;TimeDecoderWithVehicleByPercentage;15853,28;3598,32;Alpha1
N250;4;TimeDecoderWithVehicleByPercentage;15347,54;3243,46;Alpha1
N250;4;TimeDecoderWithVehicleByPercentage;15367,30;3317,92;Alpha1
N250;4;TimeDecoderWithVehicleByPercentage;15611,16;3705,67;Alpha1
N250;4;TimeDecoderWithVehicleByPercentage;16134,85;3677,39;Alpha1
N250;115;PositionalDecoderWithVehicleByPercentage;16746,24;3854,30;Alpha1
N250;115;PositionalDecoderWithVehicleByPercentage;14888,81;3740,40;Alpha1
N250;115;PositionalDecoderWithVehicleByPercentage;15239,74;3759,01;Alpha1
N250;115;PositionalDecoderWithVehicleByPercentage;16348,63;3608,41;Alpha1
N250;115;PositionalDecoderWithVehicleByPercentage;15647,70;3779,76;Alpha1
N250;115;PositionalDecoderWithVehicleByPercentage;16104,15;3577,94;Alpha1
N250;115;PositionalDecoderWithVehicleByPercentage;16646,91;3726,80;Alpha1
N250;115;PositionalDecoderWithVehicleByPercentage;16441,48;3352,90;Alpha1
N250;115;PositionalDecoderWithVehicleByPercentage;14842,01;3589,57;Alpha1
N250;115;PositionalDecoderWithVehicleByPercentage;16025,29;3714,32;Alpha1
N250;115;TimeDecoderWithVehicleByPercentage;15539,62;3754,52;Alpha1
N250;115;TimeDecoderWithVehicleByPercentage;15095,08;3640,27;Alpha1
N250;115;TimeDecoderWithVehicleByPercentage;15097,04;3671,68;Alpha1
N250;115;TimeDecoderWithVehicleByPercentage;14816,19;3702,95;Alpha1
N250;115;TimeDecoderWithVehicleByPercentage;15787,42;3545,48;Alpha1
N250;115;TimeDecoderWithVehicleByPercentage;14998,84;3401,96;Alpha1
N250;115;TimeDecoderWithVehicleByPercentage;15740,25;3632,87;Alpha1
N250;115;TimeDecoderWithVehicleByPercentage;16042,94;3857,73;Alpha1
N250;115;TimeDecoderWithVehicleByPercentage;14861,02;3729,49;Alpha1
N250;115;TimeDecoderWithVehicleByPercentage;15505,83;3402,34;Alpha1
N250;118;PositionalDecoderWithVehicleByPercentage;15837,74;3719,70;Alpha1
N250;118;PositionalDecoderWithVehicleByPercentage;15252,65;3481,37;Alpha1
N250;118;PositionalDecoderWithVehicleByPercentage;15385,74;3617,37;Alpha1
N250;118;PositionalDecoderWithVehicleByPercentage;15580,79;3765,68;Alpha1
N250;118;PositionalDecoderWithVehicleByPercentage;15723,15;3460,51;Alpha1
N250;118;PositionalDecoderWithVehicleByPercentage;15930,88;3657,44;Alpha1
N250;118;PositionalDecoderWithVehicleByPercentage;14688,74;3595,92;Alpha1
N250;118;PositionalDecoderWithVehicleByPercentage;16032,26;3768,83;Alpha1
N250;118;PositionalDecoderWithVehicleByPercentage;15599,30;3656,18;Alpha1
N250;118;PositionalDecoderWithVehicleByPercentage;15246,56;3279,38;Alpha1
N250;118;TimeDecoderWithVehicleByPercentage;15542,85;3659,89;Alpha1
N250;118;TimeDecoderWithVehicleByPercentage;15709,53;3669,62;Alpha1
N250;118;TimeDecoderWithVehicleByPercentage;16076,58;3422,09;Alpha1
N250;118;TimeDecoderWithVehicleByPercentage;15851,33;3393,68;Alpha1
N250;118;TimeDecoderWithVehicleByPercentage;15579,03;3851,81;Alpha1
N250;118;TimeDecoderWithVehicleByPercentage;16446,59;3727,87;Alpha1
N250;118;TimeDecoderWithVehicleByPercentage;15248,75;3536,20;Alpha1
N250;118;TimeDecoderWithVehicleByPercentage;14921,82;3790,73;Alpha1
N250;118;TimeDecoderWithVehicleByPercentage;14909,25;3587,93;Alpha1
N250;118;TimeDecoderWithVehicleByPercentage;15702,97;3524,61;Alpha1
N250;5;PositionalDecoderWithVehicleByPercentage;15124,93;3560,64;Alpha1
N250;5;PositionalDecoderWithVehicleByPercentage;15451,12;3691,13;Alpha1
N250;5;PositionalDecoderWithVehicleByPercentage;15167,37;3635,02;Alpha1
N250;5;PositionalDecoderWithVehicleByPercentage;15432,04;3423,59;Alpha1
N250;5;PositionalDecoderWithVehicleByPercentage;15801,33;3804,40;Alpha1
N250;5;PositionalDecoderWithVehicleByPercentage;15082,22;3446,08;Alpha1
N250;5;PositionalDecoderWithVehicleByPercentage;15836,33;3823,29;Alpha1
N250;5;PositionalDecoderWithVehicleByPercentage;15128,28;3707,29;Alpha1
N250;5;PositionalDecoderWithVehicleByPercentage;14483,84;3482,48;Alpha1
N250;5;PositionalDecoderWithVehicleByPercentage;15904,83;4051,61;Alpha1
N250;5;TimeDecoderWithVehicleByPercentage;15052,51;3499,98;Alpha1
N250;5;TimeDecoderWithVehicleByPercentage;15008,36;3460,86;Alpha1
N250;5;TimeDecoderWithVehicleByPercentage;15314,96;3507,10;Alpha1
N250;5;TimeDecoderWithVehicleByPercentage;15144,42;3604,45;Alpha1
N250;5;TimeDecoderWithVehicleByPercentage;15816,21;3506,53;Alpha1
N250;5;TimeDecoderWithVehicleByPercentage;14126,65;3853,07;Alpha1
N250;5;TimeDecoderWithVehicleByPercentage;14868,69;3418,77;Alpha1
N250;5;TimeDecoderWithVehicleByPercentage;15619,53;4054,17;Alpha1
N250;5;TimeDecoderWithVehicleByPercentage;15557,10;3450,23;Alpha1
N250;5;TimeDecoderWithVehicleByPercentage;14407,57;3473,36;Alpha1
N250;6;PositionalDecoderWithVehicleByPercentage;15513,62;3677,83;Alpha1
N250;6;PositionalDecoderWithVehicleByPercentage;15747,18;3633,52;Alpha1
N250;6;PositionalDecoderWithVehicleByPercentage;15613,66;3589,69;Alpha1
N250;6;PositionalDecoderWithVehicleByPercentage;16126,13;4106,80;Alpha1
N250;6;PositionalDecoderWithVehicleByPercentage;15198,91;3615,97;Alpha1
N250;6;PositionalDecoderWithVehicleByPercentage;15505,88;3762,87;Alpha1
N250;6;PositionalDecoderWithVehicleByPercentage;14885,83;3530,06;Alpha1
N250;6;PositionalDecoderWithVehicleByPercentage;15835,10;3657,38;Alpha1
N250;6;PositionalDecoderWithVehicleByPercentage;15573,28;3409,37;Alpha1
N250;6;PositionalDecoderWithVehicleByPercentage;15504,01;3514,41;Alpha1
N250;6;TimeDecoderWithVehicleByPercentage;14432,13;3746,60;Alpha1
N250;6;TimeDecoderWithVehicleByPercentage;15412,69;3580,64;Alpha1
N250;6;TimeDecoderWithVehicleByPercentage;15076,00;3417,19;Alpha1
N250;6;TimeDecoderWithVehicleByPercentage;15371,86;3605,99;Alpha1
N250;6;TimeDecoderWithVehicleByPercentage;14604,97;3481,34;Alpha1
N250;6;TimeDecoderWithVehicleByPercentage;14789,28;3376,47;Alpha1
N250;6;TimeDecoderWithVehicleByPercentage;14681,69;3813,19;Alpha1
N250;6;TimeDecoderWithVehicleByPercentage;14615,59;3311,50;Alpha1
N250;6;TimeDecoderWithVehicleByPercentage;15209,29;3395,20;Alpha1
N250;6;TimeDecoderWithVehicleByPercentage;15037,25;3209,43;Alpha1
N250;112;PositionalDecoderWithVehicleByPercentage;15124,29;3683,31;Alpha1
N250;112;PositionalDecoderWithVehicleByPercentage;14932,58;3502,03;Alpha1
N250;112;PositionalDecoderWithVehicleByPercentage;14810,14;3044,06;Alpha1
N250;112;PositionalDecoderWithVehicleByPercentage;15155,82;3536,87;Alpha1
N250;112;PositionalDecoderWithVehicleByPercentage;15341,74;3644,24;Alpha1
N250;112;PositionalDecoderWithVehicleByPercentage;15559,98;3556,27;Alpha1
N250;112;PositionalDecoderWithVehicleByPercentage;15456,11;3788,88;Alpha1
N250;112;PositionalDecoderWithVehicleByPercentage;15706,51;3539,56;Alpha1
N250;112;PositionalDecoderWithVehicleByPercentage;14787,85;3336,27;Alpha1
N250;112;PositionalDecoderWithVehicleByPercentage;15750,35;3305,00;Alpha1
N250;112;TimeDecoderWithVehicleByPercentage;15872,44;3422,41;Alpha1
N250;112;TimeDecoderWithVehicleByPercentage;14644,14;3436,16;Alpha1
N250;112;TimeDecoderWithVehicleByPercentage;15226,45;3396,27;Alpha1
N250;112;TimeDecoderWithVehicleByPercentage;15392,03;3757,93;Alpha1
N250;112;TimeDecoderWithVehicleByPercentage;15157,11;3435,08;Alpha1
N250;112;TimeDecoderWithVehicleByPercentage;14911,91;3535,50;Alpha1
N250;112;TimeDecoderWithVehicleByPercentage;14896,66;3682,72;Alpha1
N250;112;TimeDecoderWithVehicleByPercentage;14766,93;3213,41;Alpha1
N250;112;TimeDecoderWithVehicleByPercentage;15332,69;3390,95;Alpha1
N250;112;TimeDecoderWithVehicleByPercentage;15139,08;3863,48;Alpha1
N250;116;PositionalDecoderWithVehicleByPercentage;14564,11;3336,55;Alpha1
N250;116;PositionalDecoderWithVehicleByPercentage;14840,65;3927,79;Alpha1
N250;116;PositionalDecoderWithVehicleByPercentage;14802,30;3551,96;Alpha1
N250;116;PositionalDecoderWithVehicleByPercentage;14488,91;3417,66;Alpha1
N250;116;PositionalDecoderWithVehicleByPercentage;14571,78;3474,35;Alpha1
N250;116;PositionalDecoderWithVehicleByPercentage;15021,74;3704,22;Alpha1
N250;116;PositionalDecoderWithVehicleByPercentage;14402,23;3525,53;Alpha1
N250;116;PositionalDecoderWithVehicleByPercentage;14329,31;3344,02;Alpha1
N250;116;PositionalDecoderWithVehicleByPercentage;15501,60;3859,86;Alpha1
N250;116;PositionalDecoderWithVehicleByPercentage;15278,41;3771,25;Alpha1
N250;116;TimeDecoderWithVehicleByPercentage;15036,00;3559,13;Alpha1
N250;116;TimeDecoderWithVehicleByPercentage;14337,71;3462,17;Alpha1
N250;116;TimeDecoderWithVehicleByPercentage;13747,67;3507,20;Alpha1
N250;116;TimeDecoderWithVehicleByPercentage;15013,18;3320,03;Alpha1
N250;116;TimeDecoderWithVehicleByPercentage;15624,18;3375,37;Alpha1
N250;116;TimeDecoderWithVehicleByPercentage;14316,50;3385,57;Alpha1
N250;116;TimeDecoderWithVehicleByPercentage;14208,90;3205,35;Alpha1
N250;116;TimeDecoderWithVehicleByPercentage;14728,86;3628,03;Alpha1
N250;116;TimeDecoderWithVehicleByPercentage;14514,27;3375,20;Alpha1
N250;116;TimeDecoderWithVehicleByPercentage;15444,12;3588,52;Alpha1
N250;120;PositionalDecoderWithVehicleByPercentage;15637,23;3382,41;Alpha1
N250;120;PositionalDecoderWithVehicleByPercentage;16045,61;3473,74;Alpha1
N250;120;PositionalDecoderWithVehicleByPercentage;15796,87;3745,71;Alpha1
N250;120;PositionalDecoderWithVehicleByPercentage;16080,53;3290,60;Alpha1
N250;120;PositionalDecoderWithVehicleByPercentage;15323,13;3542,99;Alpha1
N250;120;PositionalDecoderWithVehicleByPercentage;15143,80;3384,84;Alpha1
N250;120;PositionalDecoderWithVehicleByPercentage;15244,04;3807,66;Alpha1
N250;120;PositionalDecoderWithVehicleByPercentage;15422,81;3160,75;Alpha1
N250;120;PositionalDecoderWithVehicleByPercentage;14612,04;3734,27;Alpha1
N250;120;PositionalDecoderWithVehicleByPercentage;16074,53;3748,82;Alpha1
N250;120;TimeDecoderWithVehicleByPercentage;15251,27;3506,32;Alpha1
N250;120;TimeDecoderWithVehicleByPercentage;15492,74;4034,69;Alpha1
N250;120;TimeDecoderWithVehicleByPercentage;15064,83;3517,11;Alpha1
N250;120;TimeDecoderWithVehicleByPercentage;15153,15;3729,62;Alpha1
N250;120;TimeDecoderWithVehicleByPercentage;14776,72;3905,07;Alpha1
N250;120;TimeDecoderWithVehicleByPercentage;15982,29;3462,41;Alpha1
N250;120;TimeDecoderWithVehicleByPercentage;15074,22;3290,30;Alpha1
N250;120;TimeDecoderWithVehicleByPercentage;15907,09;3523,07;Alpha1
N250;120;TimeDecoderWithVehicleByPercentage;15015,25;3549,83;Alpha1
N250;120;TimeDecoderWithVehicleByPercentage;15020,09;3586,82;Alpha1
N250;8;PositionalDecoderWithVehicleByPercentage;14943,90;3305,77;Alpha1
N250;8;PositionalDecoderWithVehicleByPercentage;14716,65;3618,58;Alpha1
N250;8;PositionalDecoderWithVehicleByPercentage;14745,12;3398,51;Alpha1
N250;8;PositionalDecoderWithVehicleByPercentage;15094,51;3621,93;Alpha1
N250;8;PositionalDecoderWithVehicleByPercentage;16514,84;3858,22;Alpha1
N250;8;PositionalDecoderWithVehicleByPercentage;15292,68;3480,08;Alpha1
N250;8;PositionalDecoderWithVehicleByPercentage;15425,59;4013,57;Alpha1
N250;8;PositionalDecoderWithVehicleByPercentage;14980,00;3573,17;Alpha1
N250;8;PositionalDecoderWithVehicleByPercentage;15506,95;3469,20;Alpha1
N250;8;PositionalDecoderWithVehicleByPercentage;15785,34;3468,19;Alpha1
N250;8;TimeDecoderWithVehicleByPercentage;14758,68;3299,21;Alpha1
N250;8;TimeDecoderWithVehicleByPercentage;15733,83;3550,45;Alpha1
N250;8;TimeDecoderWithVehicleByPercentage;14887,08;3348,02;Alpha1
N250;8;TimeDecoderWithVehicleByPercentage;15731,97;3977,97;Alpha1
N250;8;TimeDecoderWithVehicleByPercentage;15639,90;3717,92;Alpha1
N250;8;TimeDecoderWithVehicleByPercentage;15697,15;3988,89;Alpha1
N250;8;TimeDecoderWithVehicleByPercentage;15834,66;3725,51;Alpha1
N250;8;TimeDecoderWithVehicleByPercentage;15133,87;3417,81;Alpha1
N250;8;TimeDecoderWithVehicleByPercentage;14942,24;3488,41;Alpha1
N250;8;TimeDecoderWithVehicleByPercentage;15010,74;3203,99;Alpha1
N250;111;PositionalDecoderWithVehicleByPercentage;14545,25;3332,68;Alpha1
N250;111;PositionalDecoderWithVehicleByPercentage;14765,22;3374,86;Alpha1
N250;111;PositionalDecoderWithVehicleByPercentage;14845,12;4274,28;Alpha1
N250;111;PositionalDecoderWithVehicleByPercentage;14705,95;3390,15;Alpha1
N250;111;PositionalDecoderWithVehicleByPercentage;14358,33;3577,31;Alpha1
N250;111;PositionalDecoderWithVehicleByPercentage;15451,85;3330,98;Alpha1
N250;111;PositionalDecoderWithVehicleByPercentage;14458,32;3524,19;Alpha1
N250;111;PositionalDecoderWithVehicleByPercentage;14729,80;3596,38;Alpha1
N250;111;PositionalDecoderWithVehicleByPercentage;14562,96;3523,85;Alpha1
N250;111;PositionalDecoderWithVehicleByPercentage;14502,24;3433,33;Alpha1
N250;111;TimeDecoderWithVehicleByPercentage;14860,03;3471,70;Alpha1
N250;111;TimeDecoderWithVehicleByPercentage;14743,64;3170,58;Alpha1
N250;111;TimeDecoderWithVehicleByPercentage;14686,45;3532,65;Alpha1
N250;111;TimeDecoderWithVehicleByPercentage;14961,78;3092,02;Alpha1
N250;111;TimeDecoderWithVehicleByPercentage;15267,01;3573,32;Alpha1
N250;111;TimeDecoderWithVehicleByPercentage;14475,20;3091,64;Alpha1
N250;111;TimeDecoderWithVehicleByPercentage;14705,37;3138,28;Alpha1
N250;111;TimeDecoderWithVehicleByPercentage;14835,36;3410,44;Alpha1
N250;111;TimeDecoderWithVehicleByPercentage;15045,45;3594,78;Alpha1
N250;111;TimeDecoderWithVehicleByPercentage;15354,62;3613,19;Alpha1
N250;113;PositionalDecoderWithVehicleByPercentage;15522,95;3628,64;Alpha1
N250;113;PositionalDecoderWithVehicleByPercentage;15703,09;3611,16;Alpha1
N250;113;PositionalDecoderWithVehicleByPercentage;16081,31;3694,62;Alpha1
N250;113;PositionalDecoderWithVehicleByPercentage;15507,78;3849,63;Alpha1
N250;113;PositionalDecoderWithVehicleByPercentage;15842,65;3544,96;Alpha1
N250;113;PositionalDecoderWithVehicleByPercentage;15113,90;3799,62;Alpha1
N250;113;PositionalDecoderWithVehicleByPercentage;15796,28;3854,88;Alpha1
N250;113;PositionalDecoderWithVehicleByPercentage;14805,73;3776,51;Alpha1
N250;113;PositionalDecoderWithVehicleByPercentage;16148,67;3751,38;Alpha1
N250;113;PositionalDecoderWithVehicleByPercentage;15272,57;3403,37;Alpha1
N250;113;TimeDecoderWithVehicleByPercentage;16319,94;3588,61;Alpha1
N250;113;TimeDecoderWithVehicleByPercentage;14617,79;3784,25;Alpha1
N250;113;TimeDecoderWithVehicleByPercentage;16093,23;3774,70;Alpha1
N250;113;TimeDecoderWithVehicleByPercentage;15740,86;3994,83;Alpha1
N250;113;TimeDecoderWithVehicleByPercentage;16155,63;3637,30;Alpha1
N250;113;TimeDecoderWithVehicleByPercentage;15530,07;3623,59;Alpha1
N250;113;TimeDecoderWithVehicleByPercentage;14917,15;3460,09;Alpha1
N250;113;TimeDecoderWithVehicleByPercentage;16079,77;3784,14;Alpha1
N250;113;TimeDecoderWithVehicleByPercentage;15980,04;3457,13;Alpha1
N250;113;TimeDecoderWithVehicleByPercentage;15438,27;3600,65;Alpha1
N250;117;PositionalDecoderWithVehicleByPercentage;16019,84;3785,04;Alpha1
N250;117;PositionalDecoderWithVehicleByPercentage;14542,98;3633,42;Alpha1
N250;117;PositionalDecoderWithVehicleByPercentage;15446,31;3350,37;Alpha1
N250;117;PositionalDecoderWithVehicleByPercentage;16286,81;3539,19;Alpha1
N250;117;PositionalDecoderWithVehicleByPercentage;16418,02;3548,04;Alpha1
N250;117;PositionalDecoderWithVehicleByPercentage;15108,37;3775,77;Alpha1
N250;117;PositionalDecoderWithVehicleByPercentage;15899,29;3610,69;Alpha1
N250;117;PositionalDecoderWithVehicleByPercentage;16508,77;3611,58;Alpha1
N250;117;PositionalDecoderWithVehicleByPercentage;16249,45;3509,77;Alpha1
N250;117;PositionalDecoderWithVehicleByPercentage;16040,39;4170,17;Alpha1
N250;117;TimeDecoderWithVehicleByPercentage;16014,15;3508,64;Alpha1
N250;117;TimeDecoderWithVehicleByPercentage;15806,90;3779,26;Alpha1
N250;117;TimeDecoderWithVehicleByPercentage;15421,11;3956,33;Alpha1
N250;117;TimeDecoderWithVehicleByPercentage;15996,60;3732,42;Alpha1
N250;117;TimeDecoderWithVehicleByPercentage;15987,01;3765,49;Alpha1
N250;117;TimeDecoderWithVehicleByPercentage;15795,79;3328,49;Alpha1
N250;117;TimeDecoderWithVehicleByPercentage;15681,09;3816,44;Alpha1
N250;117;TimeDecoderWithVehicleByPercentage;14912,61;3559,92;Alpha1
N250;117;TimeDecoderWithVehicleByPercentage;16097,62;3525,82;Alpha1
N250;117;TimeDecoderWithVehicleByPercentage;15483,68;3796,30;Alpha1
N250;119;PositionalDecoderWithVehicleByPercentage;15151,81;3680,45;Alpha1
N250;119;PositionalDecoderWithVehicleByPercentage;15249,61;3494,72;Alpha1
N250;119;PositionalDecoderWithVehicleByPercentage;14972,37;3546,49;Alpha1
N250;119;PositionalDecoderWithVehicleByPercentage;15562,49;3575,88;Alpha1
N250;119;PositionalDecoderWithVehicleByPercentage;14052,41;3289,76;Alpha1
N250;119;PositionalDecoderWithVehicleByPercentage;16009,66;3492,75;Alpha1
N250;119;PositionalDecoderWithVehicleByPercentage;15626,11;3773,31;Alpha1
N250;119;PositionalDecoderWithVehicleByPercentage;15622,59;3704,54;Alpha1
N250;119;PositionalDecoderWithVehicleByPercentage;15965,93;3438,76;Alpha1
N250;119;PositionalDecoderWithVehicleByPercentage;14116,82;3901,04;Alpha1
N250;119;TimeDecoderWithVehicleByPercentage;15641,05;3798,77;Alpha1
N250;119;TimeDecoderWithVehicleByPercentage;15213,43;3496,16;Alpha1
N250;119;TimeDecoderWithVehicleByPercentage;15408,14;3600,88;Alpha1
N250;119;TimeDecoderWithVehicleByPercentage;14796,07;3558,31;Alpha1
N250;119;TimeDecoderWithVehicleByPercentage;15371,55;3608,35;Alpha1
N250;119;TimeDecoderWithVehicleByPercentage;14625,31;3713,68;Alpha1
N250;119;TimeDecoderWithVehicleByPercentage;15601,70;3786,02;Alpha1
N250;119;TimeDecoderWithVehicleByPercentage;14760,90;3358,33;Alpha1
N250;119;TimeDecoderWithVehicleByPercentage;15189,88;3383,77;Alpha1
N250;119;TimeDecoderWithVehicleByPercentage;15072,99;3754,56;Alpha1
N10;57;PositionalDecoderWithVehicleByPercentage;816,60;66,81;Alpha2
N10;57;PositionalDecoderWithVehicleByPercentage;813,08;66,81;Alpha2
N10;57;PositionalDecoderWithVehicleByPercentage;816,73;66,81;Alpha2
N10;57;PositionalDecoderWithVehicleByPercentage;812,34;66,81;Alpha2
N10;57;PositionalDecoderWithVehicleByPercentage;808,33;66,81;Alpha2
N10;57;PositionalDecoderWithVehicleByPercentage;769,94;161,88;Alpha2
N10;57;PositionalDecoderWithVehicleByPercentage;578,86;171,67;Alpha2
N10;57;PositionalDecoderWithVehicleByPercentage;812,33;66,81;Alpha2
N10;57;PositionalDecoderWithVehicleByPercentage;812,19;66,81;Alpha2
N10;57;PositionalDecoderWithVehicleByPercentage;804,27;66,81;Alpha2
N10;57;TimeDecoderWithVehicleByPercentage;815,59;66,81;Alpha2
N10;57;TimeDecoderWithVehicleByPercentage;816,27;66,81;Alpha2
N10;57;TimeDecoderWithVehicleByPercentage;812,65;66,81;Alpha2
N10;57;TimeDecoderWithVehicleByPercentage;803,72;66,81;Alpha2
N10;57;TimeDecoderWithVehicleByPercentage;805,90;66,81;Alpha2
N10;57;TimeDecoderWithVehicleByPercentage;811,57;66,81;Alpha2
N10;57;TimeDecoderWithVehicleByPercentage;809,14;66,81;Alpha2
N10;57;TimeDecoderWithVehicleByPercentage;809,11;66,81;Alpha2
N10;57;TimeDecoderWithVehicleByPercentage;812,19;66,81;Alpha2
N10;57;TimeDecoderWithVehicleByPercentage;819,28;66,81;Alpha2
N10;60;PositionalDecoderWithVehicleByPercentage;897,71;164,92;Alpha2
N10;60;PositionalDecoderWithVehicleByPercentage;732,73;202,96;Alpha2
N10;60;PositionalDecoderWithVehicleByPercentage;884,75;164,92;Alpha2
N10;60;PositionalDecoderWithVehicleByPercentage;877,68;164,92;Alpha2
N10;60;PositionalDecoderWithVehicleByPercentage;865,07;164,92;Alpha2
N10;60;PositionalDecoderWithVehicleByPercentage;922,73;164,92;Alpha2
N10;60;PositionalDecoderWithVehicleByPercentage;863,56;164,92;Alpha2
N10;60;PositionalDecoderWithVehicleByPercentage;911,92;164,92;Alpha2
N10;60;PositionalDecoderWithVehicleByPercentage;868,84;164,92;Alpha2
N10;60;PositionalDecoderWithVehicleByPercentage;893,85;164,92;Alpha2
N10;60;TimeDecoderWithVehicleByPercentage;901,20;164,92;Alpha2
N10;60;TimeDecoderWithVehicleByPercentage;884,14;164,92;Alpha2
N10;60;TimeDecoderWithVehicleByPercentage;787,95;216,73;Alpha2
N10;60;TimeDecoderWithVehicleByPercentage;885,69;164,92;Alpha2
N10;60;TimeDecoderWithVehicleByPercentage;859,22;164,92;Alpha2
N10;60;TimeDecoderWithVehicleByPercentage;901,80;164,92;Alpha2
N10;60;TimeDecoderWithVehicleByPercentage;884,97;164,92;Alpha2
N10;60;TimeDecoderWithVehicleByPercentage;870,03;164,92;Alpha2
N10;60;TimeDecoderWithVehicleByPercentage;867,30;164,92;Alpha2
N10;60;TimeDecoderWithVehicleByPercentage;889,64;164,92;Alpha2
N10;51;PositionalDecoderWithVehicleByPercentage;1002,06;222,63;Alpha2
N10;51;PositionalDecoderWithVehicleByPercentage;885,00;223,46;Alpha2
N10;51;PositionalDecoderWithVehicleByPercentage;884,47;225,61;Alpha2
N10;51;PositionalDecoderWithVehicleByPercentage;1048,69;222,63;Alpha2
N10;51;PositionalDecoderWithVehicleByPercentage;924,61;204,23;Alpha2
N10;51;PositionalDecoderWithVehicleByPercentage;972,05;204,23;Alpha2
N10;51;PositionalDecoderWithVehicleByPercentage;955,68;223,46;Alpha2
N10;51;PositionalDecoderWithVehicleByPercentage;942,49;204,23;Alpha2
N10;51;PositionalDecoderWithVehicleByPercentage;863,19;223,46;Alpha2
N10;51;PositionalDecoderWithVehicleByPercentage;1019,55;222,63;Alpha2
N10;51;TimeDecoderWithVehicleByPercentage;967,49;222,63;Alpha2
N10;51;TimeDecoderWithVehicleByPercentage;973,23;204,23;Alpha2
N10;51;TimeDecoderWithVehicleByPercentage;835,30;231,22;Alpha2
N10;51;TimeDecoderWithVehicleByPercentage;915,81;204,23;Alpha2
N10;51;TimeDecoderWithVehicleByPercentage;938,31;223,46;Alpha2
N10;51;TimeDecoderWithVehicleByPercentage;886,45;223,46;Alpha2
N10;51;TimeDecoderWithVehicleByPercentage;975,98;225,61;Alpha2
N10;51;TimeDecoderWithVehicleByPercentage;927,49;222,63;Alpha2
N10;51;TimeDecoderWithVehicleByPercentage;1007,68;204,23;Alpha2
N10;51;TimeDecoderWithVehicleByPercentage;978,01;204,23;Alpha2
N10;53;PositionalDecoderWithVehicleByPercentage;696,86;80,83;Alpha2
N10;53;PositionalDecoderWithVehicleByPercentage;725,62;80,83;Alpha2
N10;53;PositionalDecoderWithVehicleByPercentage;699,89;80,83;Alpha2
N10;53;PositionalDecoderWithVehicleByPercentage;721,46;80,83;Alpha2
N10;53;PositionalDecoderWithVehicleByPercentage;711,25;80,83;Alpha2
N10;53;PositionalDecoderWithVehicleByPercentage;699,89;80,83;Alpha2
N10;53;PositionalDecoderWithVehicleByPercentage;724,98;80,83;Alpha2
N10;53;PositionalDecoderWithVehicleByPercentage;736,09;80,83;Alpha2
N10;53;PositionalDecoderWithVehicleByPercentage;736,24;93,56;Alpha2
N10;53;PositionalDecoderWithVehicleByPercentage;725,62;80,83;Alpha2
N10;53;TimeDecoderWithVehicleByPercentage;726,39;80,83;Alpha2
N10;53;TimeDecoderWithVehicleByPercentage;711,69;80,83;Alpha2
N10;53;TimeDecoderWithVehicleByPercentage;702,98;80,83;Alpha2
N10;53;TimeDecoderWithVehicleByPercentage;741,13;80,83;Alpha2
N10;53;TimeDecoderWithVehicleByPercentage;733,28;80,83;Alpha2
N10;53;TimeDecoderWithVehicleByPercentage;733,28;80,83;Alpha2
N10;53;TimeDecoderWithVehicleByPercentage;700,30;80,83;Alpha2
N10;53;TimeDecoderWithVehicleByPercentage;696,86;80,83;Alpha2
N10;53;TimeDecoderWithVehicleByPercentage;701,19;80,83;Alpha2
N10;53;TimeDecoderWithVehicleByPercentage;708,91;80,83;Alpha2
N10;54;PositionalDecoderWithVehicleByPercentage;867,19;136,31;Alpha2
N10;54;PositionalDecoderWithVehicleByPercentage;821,95;136,31;Alpha2
N10;54;PositionalDecoderWithVehicleByPercentage;944,95;166,44;Alpha2
N10;54;PositionalDecoderWithVehicleByPercentage;847,14;136,31;Alpha2
N10;54;PositionalDecoderWithVehicleByPercentage;859,50;166,44;Alpha2
N10;54;PositionalDecoderWithVehicleByPercentage;828,64;136,31;Alpha2
N10;54;PositionalDecoderWithVehicleByPercentage;836,16;136,31;Alpha2
N10;54;PositionalDecoderWithVehicleByPercentage;868,34;136,31;Alpha2
N10;54;PositionalDecoderWithVehicleByPercentage;909,35;166,44;Alpha2
N10;54;PositionalDecoderWithVehicleByPercentage;836,18;136,31;Alpha2
N10;54;TimeDecoderWithVehicleByPercentage;828,71;136,31;Alpha2
N10;54;TimeDecoderWithVehicleByPercentage;854,83;136,31;Alpha2
N10;54;TimeDecoderWithVehicleByPercentage;836,18;136,31;Alpha2
N10;54;TimeDecoderWithVehicleByPercentage;838,16;136,31;Alpha2
N10;54;TimeDecoderWithVehicleByPercentage;864,65;136,31;Alpha2
N10;54;TimeDecoderWithVehicleByPercentage;839,42;136,31;Alpha2
N10;54;TimeDecoderWithVehicleByPercentage;879,87;166,88;Alpha2
N10;54;TimeDecoderWithVehicleByPercentage;866,83;136,31;Alpha2
N10;54;TimeDecoderWithVehicleByPercentage;828,22;136,31;Alpha2
N10;54;TimeDecoderWithVehicleByPercentage;830,10;136,31;Alpha2
N10;58;PositionalDecoderWithVehicleByPercentage;813,98;184,33;Alpha2
N10;58;PositionalDecoderWithVehicleByPercentage;773,84;184,33;Alpha2
N10;58;PositionalDecoderWithVehicleByPercentage;761,72;163,35;Alpha2
N10;58;PositionalDecoderWithVehicleByPercentage;734,56;188,34;Alpha2
N10;58;PositionalDecoderWithVehicleByPercentage;801,32;184,33;Alpha2
N10;58;PositionalDecoderWithVehicleByPercentage;785,62;163,35;Alpha2
N10;58;PositionalDecoderWithVehicleByPercentage;908,12;184,33;Alpha2
N10;58;PositionalDecoderWithVehicleByPercentage;846,09;184,33;Alpha2
N10;58;PositionalDecoderWithVehicleByPercentage;827,60;184,33;Alpha2
N10;58;PositionalDecoderWithVehicleByPercentage;866,98;189,51;Alpha2
N10;58;TimeDecoderWithVehicleByPercentage;675,93;184,33;Alpha2
N10;58;TimeDecoderWithVehicleByPercentage;829,32;184,33;Alpha2
N10;58;TimeDecoderWithVehicleByPercentage;852,35;184,33;Alpha2
N10;58;TimeDecoderWithVehicleByPercentage;768,25;184,33;Alpha2
N10;58;TimeDecoderWithVehicleByPercentage;867,79;188,34;Alpha2
N10;58;TimeDecoderWithVehicleByPercentage;814,88;163,35;Alpha2
N10;58;TimeDecoderWithVehicleByPercentage;829,91;184,33;Alpha2
N10;58;TimeDecoderWithVehicleByPercentage;836,61;188,34;Alpha2
N10;58;TimeDecoderWithVehicleByPercentage;874,14;163,35;Alpha2
N10;58;TimeDecoderWithVehicleByPercentage;861,41;196,92;Alpha2
N10;59;PositionalDecoderWithVehicleByPercentage;716,94;199,99;Alpha2
N10;59;PositionalDecoderWithVehicleByPercentage;910,44;115,86;Alpha2
N10;59;PositionalDecoderWithVehicleByPercentage;875,32;115,86;Alpha2
N10;59;PositionalDecoderWithVehicleByPercentage;885,22;115,86;Alpha2
N10;59;PositionalDecoderWithVehicleByPercentage;903,09;115,86;Alpha2
N10;59;PositionalDecoderWithVehicleByPercentage;912,11;115,86;Alpha2
N10;59;PositionalDecoderWithVehicleByPercentage;900,47;115,86;Alpha2
N10;59;PositionalDecoderWithVehicleByPercentage;865,04;115,86;Alpha2
N10;59;PositionalDecoderWithVehicleByPercentage;895,51;115,86;Alpha2
N10;59;PositionalDecoderWithVehicleByPercentage;863,89;115,86;Alpha2
N10;59;TimeDecoderWithVehicleByPercentage;912,08;115,86;Alpha2
N10;59;TimeDecoderWithVehicleByPercentage;920,93;115,86;Alpha2
N10;59;TimeDecoderWithVehicleByPercentage;878,63;115,86;Alpha2
N10;59;TimeDecoderWithVehicleByPercentage;900,47;115,86;Alpha2
N10;59;TimeDecoderWithVehicleByPercentage;901,71;115,86;Alpha2
N10;59;TimeDecoderWithVehicleByPercentage;863,29;115,86;Alpha2
N10;59;TimeDecoderWithVehicleByPercentage;886,78;115,86;Alpha2
N10;59;TimeDecoderWithVehicleByPercentage;919,30;115,86;Alpha2
N10;59;TimeDecoderWithVehicleByPercentage;896,75;115,86;Alpha2
N10;59;TimeDecoderWithVehicleByPercentage;923,79;115,86;Alpha2
N10;52;PositionalDecoderWithVehicleByPercentage;590,66;179,38;Alpha2
N10;52;PositionalDecoderWithVehicleByPercentage;770,04;124,95;Alpha2
N10;52;PositionalDecoderWithVehicleByPercentage;817,86;179,38;Alpha2
N10;52;PositionalDecoderWithVehicleByPercentage;723,69;142,21;Alpha2
N10;52;PositionalDecoderWithVehicleByPercentage;695,79;179,38;Alpha2
N10;52;PositionalDecoderWithVehicleByPercentage;640,78;179,38;Alpha2
N10;52;PositionalDecoderWithVehicleByPercentage;820,16;159,05;Alpha2
N10;52;PositionalDecoderWithVehicleByPercentage;759,52;179,38;Alpha2
N10;52;PositionalDecoderWithVehicleByPercentage;794,80;124,95;Alpha2
N10;52;PositionalDecoderWithVehicleByPercentage;615,08;179,38;Alpha2
N10;52;TimeDecoderWithVehicleByPercentage;712,39;179,38;Alpha2
N10;52;TimeDecoderWithVehicleByPercentage;785,57;142,21;Alpha2
N10;52;TimeDecoderWithVehicleByPercentage;731,34;179,38;Alpha2
N10;52;TimeDecoderWithVehicleByPercentage;773,79;124,95;Alpha2
N10;52;TimeDecoderWithVehicleByPercentage;762,34;179,38;Alpha2
N10;52;TimeDecoderWithVehicleByPercentage;785,98;142,21;Alpha2
N10;52;TimeDecoderWithVehicleByPercentage;803,56;124,95;Alpha2
N10;52;TimeDecoderWithVehicleByPercentage;797,41;139,32;Alpha2
N10;52;TimeDecoderWithVehicleByPercentage;731,26;142,21;Alpha2
N10;52;TimeDecoderWithVehicleByPercentage;807,32;124,95;Alpha2
N10;55;PositionalDecoderWithVehicleByPercentage;923,06;182,37;Alpha2
N10;55;PositionalDecoderWithVehicleByPercentage;854,56;238,39;Alpha2
N10;55;PositionalDecoderWithVehicleByPercentage;692,29;240,85;Alpha2
N10;55;PositionalDecoderWithVehicleByPercentage;1073,73;182,37;Alpha2
N10;55;PositionalDecoderWithVehicleByPercentage;784,42;238,39;Alpha2
N10;55;PositionalDecoderWithVehicleByPercentage;931,13;240,85;Alpha2
N10;55;PositionalDecoderWithVehicleByPercentage;964,39;182,37;Alpha2
N10;55;PositionalDecoderWithVehicleByPercentage;1001,65;240,85;Alpha2
N10;55;PositionalDecoderWithVehicleByPercentage;1051,90;182,37;Alpha2
N10;55;PositionalDecoderWithVehicleByPercentage;1032,37;182,37;Alpha2
N10;55;TimeDecoderWithVehicleByPercentage;983,49;182,37;Alpha2
N10;55;TimeDecoderWithVehicleByPercentage;781,17;238,39;Alpha2
N10;55;TimeDecoderWithVehicleByPercentage;921,69;238,39;Alpha2
N10;55;TimeDecoderWithVehicleByPercentage;986,62;182,37;Alpha2
N10;55;TimeDecoderWithVehicleByPercentage;936,58;229,10;Alpha2
N10;55;TimeDecoderWithVehicleByPercentage;1022,48;182,37;Alpha2
N10;55;TimeDecoderWithVehicleByPercentage;1045,00;182,37;Alpha2
N10;55;TimeDecoderWithVehicleByPercentage;940,92;238,39;Alpha2
N10;55;TimeDecoderWithVehicleByPercentage;959,55;236,23;Alpha2
N10;55;TimeDecoderWithVehicleByPercentage;801,37;240,85;Alpha2
N10;56;PositionalDecoderWithVehicleByPercentage;847,75;171,29;Alpha2
N10;56;PositionalDecoderWithVehicleByPercentage;771,84;171,29;Alpha2
N10;56;PositionalDecoderWithVehicleByPercentage;938,17;204,30;Alpha2
N10;56;PositionalDecoderWithVehicleByPercentage;745,43;171,29;Alpha2
N10;56;PositionalDecoderWithVehicleByPercentage;790,81;171,29;Alpha2
N10;56;PositionalDecoderWithVehicleByPercentage;737,77;171,29;Alpha2
N10;56;PositionalDecoderWithVehicleByPercentage;945,01;204,30;Alpha2
N10;56;PositionalDecoderWithVehicleByPercentage;852,07;171,29;Alpha2
N10;56;PositionalDecoderWithVehicleByPercentage;884,61;171,29;Alpha2
N10;56;PositionalDecoderWithVehicleByPercentage;885,11;175,02;Alpha2
N10;56;TimeDecoderWithVehicleByPercentage;737,77;171,29;Alpha2
N10;56;TimeDecoderWithVehicleByPercentage;810,62;171,29;Alpha2
N10;56;TimeDecoderWithVehicleByPercentage;860,04;175,02;Alpha2
N10;56;TimeDecoderWithVehicleByPercentage;869,14;171,29;Alpha2
N10;56;TimeDecoderWithVehicleByPercentage;839,94;204,30;Alpha2
N10;56;TimeDecoderWithVehicleByPercentage;794,97;171,29;Alpha2
N10;56;TimeDecoderWithVehicleByPercentage;808,42;204,30;Alpha2
N10;56;TimeDecoderWithVehicleByPercentage;765,54;171,29;Alpha2
N10;56;TimeDecoderWithVehicleByPercentage;838,56;171,29;Alpha2
N10;56;TimeDecoderWithVehicleByPercentage;810,62;171,29;Alpha2
N20;63;PositionalDecoderWithVehicleByPercentage;1458,65;251,74;Alpha2
N20;63;PositionalDecoderWithVehicleByPercentage;909,71;300,52;Alpha2
N20;63;PositionalDecoderWithVehicleByPercentage;1081,16;271,71;Alpha2
N20;63;PositionalDecoderWithVehicleByPercentage;1355,83;276,16;Alpha2
N20;63;PositionalDecoderWithVehicleByPercentage;1541,55;271,22;Alpha2
N20;63;PositionalDecoderWithVehicleByPercentage;1191,08;297,29;Alpha2
N20;63;PositionalDecoderWithVehicleByPercentage;1313,05;303,27;Alpha2
N20;63;PositionalDecoderWithVehicleByPercentage;1179,93;306,53;Alpha2
N20;63;PositionalDecoderWithVehicleByPercentage;1213,54;270,65;Alpha2
N20;63;PositionalDecoderWithVehicleByPercentage;1418,53;279,19;Alpha2
N20;63;TimeDecoderWithVehicleByPercentage;1419,14;293,65;Alpha2
N20;63;TimeDecoderWithVehicleByPercentage;1361,99;285,32;Alpha2
N20;63;TimeDecoderWithVehicleByPercentage;1336,95;252,03;Alpha2
N20;63;TimeDecoderWithVehicleByPercentage;1318,72;287,55;Alpha2
N20;63;TimeDecoderWithVehicleByPercentage;1404,32;280,57;Alpha2
N20;63;TimeDecoderWithVehicleByPercentage;1162,96;317,22;Alpha2
N20;63;TimeDecoderWithVehicleByPercentage;1339,10;267,93;Alpha2
N20;63;TimeDecoderWithVehicleByPercentage;1349,84;268,75;Alpha2
N20;63;TimeDecoderWithVehicleByPercentage;1264,23;296,34;Alpha2
N20;63;TimeDecoderWithVehicleByPercentage;1395,81;287,00;Alpha2
N20;66;PositionalDecoderWithVehicleByPercentage;1471,25;266,15;Alpha2
N20;66;PositionalDecoderWithVehicleByPercentage;1442,12;290,83;Alpha2
N20;66;PositionalDecoderWithVehicleByPercentage;1031,07;287,20;Alpha2
N20;66;PositionalDecoderWithVehicleByPercentage;1570,66;259,99;Alpha2
N20;66;PositionalDecoderWithVehicleByPercentage;1523,29;308,50;Alpha2
N20;66;PositionalDecoderWithVehicleByPercentage;1500,43;281,88;Alpha2
N20;66;PositionalDecoderWithVehicleByPercentage;1462,68;293,82;Alpha2
N20;66;PositionalDecoderWithVehicleByPercentage;1290,48;266,26;Alpha2
N20;66;PositionalDecoderWithVehicleByPercentage;1701,88;304,87;Alpha2
N20;66;PositionalDecoderWithVehicleByPercentage;1481,82;300,74;Alpha2
N20;66;TimeDecoderWithVehicleByPercentage;1258,56;277,19;Alpha2
N20;66;TimeDecoderWithVehicleByPercentage;1414,84;260,03;Alpha2
N20;66;TimeDecoderWithVehicleByPercentage;1568,69;333,47;Alpha2
N20;66;TimeDecoderWithVehicleByPercentage;1586,96;317,13;Alpha2
N20;66;TimeDecoderWithVehicleByPercentage;1323,30;273,55;Alpha2
N20;66;TimeDecoderWithVehicleByPercentage;1382,84;336,15;Alpha2
N20;66;TimeDecoderWithVehicleByPercentage;1669,76;254,44;Alpha2
N20;66;TimeDecoderWithVehicleByPercentage;1658,67;309,47;Alpha2
N20;66;TimeDecoderWithVehicleByPercentage;1366,49;261,37;Alpha2
N20;66;TimeDecoderWithVehicleByPercentage;1384,70;280,89;Alpha2
N20;68;PositionalDecoderWithVehicleByPercentage;1543,01;305,20;Alpha2
N20;68;PositionalDecoderWithVehicleByPercentage;1460,14;312,93;Alpha2
N20;68;PositionalDecoderWithVehicleByPercentage;1328,49;289,88;Alpha2
N20;68;PositionalDecoderWithVehicleByPercentage;1728,26;372,20;Alpha2
N20;68;PositionalDecoderWithVehicleByPercentage;1333,85;290,56;Alpha2
N20;68;PositionalDecoderWithVehicleByPercentage;1409,56;321,64;Alpha2
N20;68;PositionalDecoderWithVehicleByPercentage;1374,17;309,01;Alpha2
N20;68;PositionalDecoderWithVehicleByPercentage;1452,64;301,32;Alpha2
N20;68;PositionalDecoderWithVehicleByPercentage;1546,53;301,93;Alpha2
N20;68;PositionalDecoderWithVehicleByPercentage;1756,70;359,34;Alpha2
N20;68;TimeDecoderWithVehicleByPercentage;1403,10;297,13;Alpha2
N20;68;TimeDecoderWithVehicleByPercentage;1363,48;287,49;Alpha2
N20;68;TimeDecoderWithVehicleByPercentage;1492,69;302,76;Alpha2
N20;68;TimeDecoderWithVehicleByPercentage;1362,35;311,96;Alpha2
N20;68;TimeDecoderWithVehicleByPercentage;1467,92;311,93;Alpha2
N20;68;TimeDecoderWithVehicleByPercentage;1300,09;262,51;Alpha2
N20;68;TimeDecoderWithVehicleByPercentage;1383,26;284,90;Alpha2
N20;68;TimeDecoderWithVehicleByPercentage;1561,85;389,68;Alpha2
N20;68;TimeDecoderWithVehicleByPercentage;1578,81;313,62;Alpha2
N20;68;TimeDecoderWithVehicleByPercentage;1503,46;288,10;Alpha2
N20;69;PositionalDecoderWithVehicleByPercentage;1576,64;306,54;Alpha2
N20;69;PositionalDecoderWithVehicleByPercentage;1366,86;286,64;Alpha2
N20;69;PositionalDecoderWithVehicleByPercentage;1455,82;272,34;Alpha2
N20;69;PositionalDecoderWithVehicleByPercentage;1476,28;303,08;Alpha2
N20;69;PositionalDecoderWithVehicleByPercentage;1288,48;233,66;Alpha2
N20;69;PositionalDecoderWithVehicleByPercentage;1301,89;289,26;Alpha2
N20;69;PositionalDecoderWithVehicleByPercentage;1099,97;277,24;Alpha2
N20;69;PositionalDecoderWithVehicleByPercentage;1424,95;285,48;Alpha2
N20;69;PositionalDecoderWithVehicleByPercentage;1473,70;283,52;Alpha2
N20;69;PositionalDecoderWithVehicleByPercentage;1383,84;271,76;Alpha2
N20;69;TimeDecoderWithVehicleByPercentage;1477,21;274,70;Alpha2
N20;69;TimeDecoderWithVehicleByPercentage;1319,94;237,82;Alpha2
N20;69;TimeDecoderWithVehicleByPercentage;1422,88;249,80;Alpha2
N20;69;TimeDecoderWithVehicleByPercentage;1346,37;285,80;Alpha2
N20;69;TimeDecoderWithVehicleByPercentage;1415,81;276,56;Alpha2
N20;69;TimeDecoderWithVehicleByPercentage;1359,45;307,52;Alpha2
N20;69;TimeDecoderWithVehicleByPercentage;1396,15;238,51;Alpha2
N20;69;TimeDecoderWithVehicleByPercentage;1309,76;244,20;Alpha2
N20;69;TimeDecoderWithVehicleByPercentage;1368,99;270,09;Alpha2
N20;69;TimeDecoderWithVehicleByPercentage;1362,93;307,53;Alpha2
N20;70;PositionalDecoderWithVehicleByPercentage;1401,40;279,21;Alpha2
N20;70;PositionalDecoderWithVehicleByPercentage;1438,39;282,26;Alpha2
N20;70;PositionalDecoderWithVehicleByPercentage;1348,21;275,79;Alpha2
N20;70;PositionalDecoderWithVehicleByPercentage;1478,19;310,85;Alpha2
N20;70;PositionalDecoderWithVehicleByPercentage;1090,41;269,81;Alpha2
N20;70;PositionalDecoderWithVehicleByPercentage;1345,36;284,81;Alpha2
N20;70;PositionalDecoderWithVehicleByPercentage;1352,02;255,52;Alpha2
N20;70;PositionalDecoderWithVehicleByPercentage;1127,39;258,83;Alpha2
N20;70;PositionalDecoderWithVehicleByPercentage;1253,14;285,59;Alpha2
N20;70;PositionalDecoderWithVehicleByPercentage;1519,56;259,04;Alpha2
N20;70;TimeDecoderWithVehicleByPercentage;1612,99;294,58;Alpha2
N20;70;TimeDecoderWithVehicleByPercentage;1407,36;276,46;Alpha2
N20;70;TimeDecoderWithVehicleByPercentage;1358,96;276,20;Alpha2
N20;70;TimeDecoderWithVehicleByPercentage;1589,45;277,63;Alpha2
N20;70;TimeDecoderWithVehicleByPercentage;1321,84;244,24;Alpha2
N20;70;TimeDecoderWithVehicleByPercentage;1255,81;276,25;Alpha2
N20;70;TimeDecoderWithVehicleByPercentage;1177,59;324,19;Alpha2
N20;70;TimeDecoderWithVehicleByPercentage;1435,14;217,00;Alpha2
N20;70;TimeDecoderWithVehicleByPercentage;1320,64;275,94;Alpha2
N20;70;TimeDecoderWithVehicleByPercentage;1545,73;313,78;Alpha2
N20;61;PositionalDecoderWithVehicleByPercentage;1023,52;199,63;Alpha2
N20;61;PositionalDecoderWithVehicleByPercentage;1111,07;230,82;Alpha2
N20;61;PositionalDecoderWithVehicleByPercentage;883,76;207,73;Alpha2
N20;61;PositionalDecoderWithVehicleByPercentage;1098,43;227,99;Alpha2
N20;61;PositionalDecoderWithVehicleByPercentage;1216,88;201,26;Alpha2
N20;61;PositionalDecoderWithVehicleByPercentage;1149,65;198,16;Alpha2
N20;61;PositionalDecoderWithVehicleByPercentage;985,17;217,10;Alpha2
N20;61;PositionalDecoderWithVehicleByPercentage;1236,24;243,76;Alpha2
N20;61;PositionalDecoderWithVehicleByPercentage;1069,08;176,82;Alpha2
N20;61;PositionalDecoderWithVehicleByPercentage;1075,41;205,53;Alpha2
N20;61;TimeDecoderWithVehicleByPercentage;993,90;184,28;Alpha2
N20;61;TimeDecoderWithVehicleByPercentage;1216,40;227,16;Alpha2
N20;61;TimeDecoderWithVehicleByPercentage;1118,57;238,21;Alpha2
N20;61;TimeDecoderWithVehicleByPercentage;1166,39;187,69;Alpha2
N20;61;TimeDecoderWithVehicleByPercentage;1112,13;228,30;Alpha2
N20;61;TimeDecoderWithVehicleByPercentage;1121,50;176,64;Alpha2
N20;61;TimeDecoderWithVehicleByPercentage;1131,30;240,44;Alpha2
N20;61;TimeDecoderWithVehicleByPercentage;1095,71;210,79;Alpha2
N20;61;TimeDecoderWithVehicleByPercentage;1145,18;233,97;Alpha2
N20;61;TimeDecoderWithVehicleByPercentage;1102,77;232,70;Alpha2
N20;62;PositionalDecoderWithVehicleByPercentage;1429,58;298,85;Alpha2
N20;62;PositionalDecoderWithVehicleByPercentage;1572,69;229,50;Alpha2
N20;62;PositionalDecoderWithVehicleByPercentage;1145,86;301,57;Alpha2
N20;62;PositionalDecoderWithVehicleByPercentage;1243,68;315,93;Alpha2
N20;62;PositionalDecoderWithVehicleByPercentage;1572,49;254,50;Alpha2
N20;62;PositionalDecoderWithVehicleByPercentage;1412,83;275,18;Alpha2
N20;62;PositionalDecoderWithVehicleByPercentage;1555,87;249,89;Alpha2
N20;62;PositionalDecoderWithVehicleByPercentage;1320,28;252,64;Alpha2
N20;62;PositionalDecoderWithVehicleByPercentage;1306,36;245,74;Alpha2
N20;62;PositionalDecoderWithVehicleByPercentage;1318,84;244,44;Alpha2
N20;62;TimeDecoderWithVehicleByPercentage;1361,21;335,27;Alpha2
N20;62;TimeDecoderWithVehicleByPercentage;1191,55;277,50;Alpha2
N20;62;TimeDecoderWithVehicleByPercentage;1200,52;282,68;Alpha2
N20;62;TimeDecoderWithVehicleByPercentage;1372,46;250,59;Alpha2
N20;62;TimeDecoderWithVehicleByPercentage;1440,28;274,85;Alpha2
N20;62;TimeDecoderWithVehicleByPercentage;1367,58;286,24;Alpha2
N20;62;TimeDecoderWithVehicleByPercentage;1410,06;297,91;Alpha2
N20;62;TimeDecoderWithVehicleByPercentage;1360,98;223,18;Alpha2
N20;62;TimeDecoderWithVehicleByPercentage;1233,55;266,52;Alpha2
N20;62;TimeDecoderWithVehicleByPercentage;1402,30;290,77;Alpha2
N20;64;PositionalDecoderWithVehicleByPercentage;1375,75;257,51;Alpha2
N20;64;PositionalDecoderWithVehicleByPercentage;1294,92;228,00;Alpha2
N20;64;PositionalDecoderWithVehicleByPercentage;1214,91;258,69;Alpha2
N20;64;PositionalDecoderWithVehicleByPercentage;1317,04;243,31;Alpha2
N20;64;PositionalDecoderWithVehicleByPercentage;1347,91;237,21;Alpha2
N20;64;PositionalDecoderWithVehicleByPercentage;1155,43;258,51;Alpha2
N20;64;PositionalDecoderWithVehicleByPercentage;1211,22;171,05;Alpha2
N20;64;PositionalDecoderWithVehicleByPercentage;1424,26;242,79;Alpha2
N20;64;PositionalDecoderWithVehicleByPercentage;1298,94;214,78;Alpha2
N20;64;PositionalDecoderWithVehicleByPercentage;1343,92;241,77;Alpha2
N20;64;TimeDecoderWithVehicleByPercentage;1085,29;223,49;Alpha2
N20;64;TimeDecoderWithVehicleByPercentage;1194,25;228,03;Alpha2
N20;64;TimeDecoderWithVehicleByPercentage;1180,95;231,58;Alpha2
N20;64;TimeDecoderWithVehicleByPercentage;1241,22;274,30;Alpha2
N20;64;TimeDecoderWithVehicleByPercentage;1098,32;244,22;Alpha2
N20;64;TimeDecoderWithVehicleByPercentage;1171,25;226,76;Alpha2
N20;64;TimeDecoderWithVehicleByPercentage;1268,30;248,41;Alpha2
N20;64;TimeDecoderWithVehicleByPercentage;1158,03;234,61;Alpha2
N20;64;TimeDecoderWithVehicleByPercentage;1199,86;234,42;Alpha2
N20;64;TimeDecoderWithVehicleByPercentage;1067,07;280,81;Alpha2
N20;65;PositionalDecoderWithVehicleByPercentage;1319,50;293,12;Alpha2
N20;65;PositionalDecoderWithVehicleByPercentage;1358,35;304,74;Alpha2
N20;65;PositionalDecoderWithVehicleByPercentage;1407,44;323,48;Alpha2
N20;65;PositionalDecoderWithVehicleByPercentage;1589,26;296,01;Alpha2
N20;65;PositionalDecoderWithVehicleByPercentage;1294,09;280,23;Alpha2
N20;65;PositionalDecoderWithVehicleByPercentage;1362,79;354,48;Alpha2
N20;65;PositionalDecoderWithVehicleByPercentage;1372,88;298,18;Alpha2
N20;65;PositionalDecoderWithVehicleByPercentage;1335,42;311,37;Alpha2
N20;65;PositionalDecoderWithVehicleByPercentage;1473,78;324,19;Alpha2
N20;65;PositionalDecoderWithVehicleByPercentage;1141,65;298,30;Alpha2
N20;65;TimeDecoderWithVehicleByPercentage;1437,48;335,09;Alpha2
N20;65;TimeDecoderWithVehicleByPercentage;1205,89;320,74;Alpha2
N20;65;TimeDecoderWithVehicleByPercentage;1109,61;313,18;Alpha2
N20;65;TimeDecoderWithVehicleByPercentage;1331,95;284,02;Alpha2
N20;65;TimeDecoderWithVehicleByPercentage;1187,14;293,51;Alpha2
N20;65;TimeDecoderWithVehicleByPercentage;1239,71;274,07;Alpha2
N20;65;TimeDecoderWithVehicleByPercentage;1457,35;318,20;Alpha2
N20;65;TimeDecoderWithVehicleByPercentage;1305,82;278,72;Alpha2
N20;65;TimeDecoderWithVehicleByPercentage;1396,45;305,21;Alpha2
N20;65;TimeDecoderWithVehicleByPercentage;1304,90;326,20;Alpha2
N20;67;PositionalDecoderWithVehicleByPercentage;1383,09;296,89;Alpha2
N20;67;PositionalDecoderWithVehicleByPercentage;1421,34;304,14;Alpha2
N20;67;PositionalDecoderWithVehicleByPercentage;1499,56;323,09;Alpha2
N20;67;PositionalDecoderWithVehicleByPercentage;1484,15;248,64;Alpha2
N20;67;PositionalDecoderWithVehicleByPercentage;1430,68;285,96;Alpha2
N20;67;PositionalDecoderWithVehicleByPercentage;1451,58;277,29;Alpha2
N20;67;PositionalDecoderWithVehicleByPercentage;1364,82;296,53;Alpha2
N20;67;PositionalDecoderWithVehicleByPercentage;1344,06;280,60;Alpha2
N20;67;PositionalDecoderWithVehicleByPercentage;1332,08;267,27;Alpha2
N20;67;PositionalDecoderWithVehicleByPercentage;1355,47;278,42;Alpha2
N20;67;TimeDecoderWithVehicleByPercentage;1326,70;332,24;Alpha2
N20;67;TimeDecoderWithVehicleByPercentage;1248,32;294,72;Alpha2
N20;67;TimeDecoderWithVehicleByPercentage;1541,27;279,55;Alpha2
N20;67;TimeDecoderWithVehicleByPercentage;1562,46;266,27;Alpha2
N20;67;TimeDecoderWithVehicleByPercentage;1205,82;308,83;Alpha2
N20;67;TimeDecoderWithVehicleByPercentage;1415,19;313,27;Alpha2
N20;67;TimeDecoderWithVehicleByPercentage;1603,11;292,14;Alpha2
N20;67;TimeDecoderWithVehicleByPercentage;1499,60;348,83;Alpha2
N20;67;TimeDecoderWithVehicleByPercentage;1536,58;299,74;Alpha2
N20;67;TimeDecoderWithVehicleByPercentage;1398,64;286,68;Alpha2
N50;74;PositionalDecoderWithVehicleByPercentage;3153,28;574,66;Alpha2
N50;74;PositionalDecoderWithVehicleByPercentage;3343,15;544,68;Alpha2
N50;74;PositionalDecoderWithVehicleByPercentage;2908,64;719,60;Alpha2
N50;74;PositionalDecoderWithVehicleByPercentage;2950,33;544,22;Alpha2
N50;74;PositionalDecoderWithVehicleByPercentage;3366,21;611,81;Alpha2
N50;74;PositionalDecoderWithVehicleByPercentage;3442,11;651,08;Alpha2
N50;74;PositionalDecoderWithVehicleByPercentage;3194,40;725,41;Alpha2
N50;74;PositionalDecoderWithVehicleByPercentage;2938,07;593,50;Alpha2
N50;74;PositionalDecoderWithVehicleByPercentage;3347,61;630,53;Alpha2
N50;74;PositionalDecoderWithVehicleByPercentage;3123,66;504,94;Alpha2
N50;74;TimeDecoderWithVehicleByPercentage;2754,25;573,52;Alpha2
N50;74;TimeDecoderWithVehicleByPercentage;3176,59;673,15;Alpha2
N50;74;TimeDecoderWithVehicleByPercentage;3162,81;580,19;Alpha2
N50;74;TimeDecoderWithVehicleByPercentage;3229,03;658,99;Alpha2
N50;74;TimeDecoderWithVehicleByPercentage;3000,54;566,43;Alpha2
N50;74;TimeDecoderWithVehicleByPercentage;3043,02;618,19;Alpha2
N50;74;TimeDecoderWithVehicleByPercentage;3209,19;625,54;Alpha2
N50;74;TimeDecoderWithVehicleByPercentage;3145,86;639,62;Alpha2
N50;74;TimeDecoderWithVehicleByPercentage;2899,78;594,35;Alpha2
N50;74;TimeDecoderWithVehicleByPercentage;3054,53;639,32;Alpha2
N50;79;PositionalDecoderWithVehicleByPercentage;2716,95;561,70;Alpha2
N50;79;PositionalDecoderWithVehicleByPercentage;2783,46;544,21;Alpha2
N50;79;PositionalDecoderWithVehicleByPercentage;3111,90;661,85;Alpha2
N50;79;PositionalDecoderWithVehicleByPercentage;3175,83;665,21;Alpha2
N50;79;PositionalDecoderWithVehicleByPercentage;3171,79;540,46;Alpha2
N50;79;PositionalDecoderWithVehicleByPercentage;3345,64;532,52;Alpha2
N50;79;PositionalDecoderWithVehicleByPercentage;3056,50;617,07;Alpha2
N50;79;PositionalDecoderWithVehicleByPercentage;2889,43;572,75;Alpha2
N50;79;PositionalDecoderWithVehicleByPercentage;2864,92;597,09;Alpha2
N50;79;PositionalDecoderWithVehicleByPercentage;3130,89;528,69;Alpha2
N50;79;TimeDecoderWithVehicleByPercentage;3053,12;603,73;Alpha2
N50;79;TimeDecoderWithVehicleByPercentage;3001,98;677,37;Alpha2
N50;79;TimeDecoderWithVehicleByPercentage;2866,60;629,86;Alpha2
N50;79;TimeDecoderWithVehicleByPercentage;3010,01;563,31;Alpha2
N50;79;TimeDecoderWithVehicleByPercentage;2784,88;476,09;Alpha2
N50;79;TimeDecoderWithVehicleByPercentage;2906,72;513,01;Alpha2
N50;79;TimeDecoderWithVehicleByPercentage;2781,15;535,14;Alpha2
N50;79;TimeDecoderWithVehicleByPercentage;3086,55;628,22;Alpha2
N50;79;TimeDecoderWithVehicleByPercentage;2830,79;537,92;Alpha2
N50;79;TimeDecoderWithVehicleByPercentage;2932,91;621,80;Alpha2
N50;80;PositionalDecoderWithVehicleByPercentage;2964,46;571,96;Alpha2
N50;80;PositionalDecoderWithVehicleByPercentage;3429,78;722,84;Alpha2
N50;80;PositionalDecoderWithVehicleByPercentage;3273,08;655,52;Alpha2
N50;80;PositionalDecoderWithVehicleByPercentage;3265,53;772,32;Alpha2
N50;80;PositionalDecoderWithVehicleByPercentage;2571,89;629,64;Alpha2
N50;80;PositionalDecoderWithVehicleByPercentage;2940,08;686,50;Alpha2
N50;80;PositionalDecoderWithVehicleByPercentage;2981,30;552,38;Alpha2
N50;80;PositionalDecoderWithVehicleByPercentage;2787,76;548,70;Alpha2
N50;80;PositionalDecoderWithVehicleByPercentage;2839,72;585,78;Alpha2
N50;80;PositionalDecoderWithVehicleByPercentage;3259,47;650,13;Alpha2
N50;80;TimeDecoderWithVehicleByPercentage;2953,94;623,71;Alpha2
N50;80;TimeDecoderWithVehicleByPercentage;3017,72;586,09;Alpha2
N50;80;TimeDecoderWithVehicleByPercentage;3141,88;575,20;Alpha2
N50;80;TimeDecoderWithVehicleByPercentage;2907,20;642,47;Alpha2
N50;80;TimeDecoderWithVehicleByPercentage;3175,29;705,17;Alpha2
N50;80;TimeDecoderWithVehicleByPercentage;3105,40;580,28;Alpha2
N50;80;TimeDecoderWithVehicleByPercentage;3018,02;651,73;Alpha2
N50;80;TimeDecoderWithVehicleByPercentage;2768,37;566,71;Alpha2
N50;80;TimeDecoderWithVehicleByPercentage;2968,45;624,12;Alpha2
N50;80;TimeDecoderWithVehicleByPercentage;3133,37;678,10;Alpha2
N50;77;PositionalDecoderWithVehicleByPercentage;3312,24;698,04;Alpha2
N50;77;PositionalDecoderWithVehicleByPercentage;3179,06;650,05;Alpha2
N50;77;PositionalDecoderWithVehicleByPercentage;3734,35;675,40;Alpha2
N50;77;PositionalDecoderWithVehicleByPercentage;3246,31;771,37;Alpha2
N50;77;PositionalDecoderWithVehicleByPercentage;3233,70;693,27;Alpha2
N50;77;PositionalDecoderWithVehicleByPercentage;3130,23;586,91;Alpha2
N50;77;PositionalDecoderWithVehicleByPercentage;3582,70;725,63;Alpha2
N50;77;PositionalDecoderWithVehicleByPercentage;3133,73;685,15;Alpha2
N50;77;PositionalDecoderWithVehicleByPercentage;3451,52;784,69;Alpha2
N50;77;PositionalDecoderWithVehicleByPercentage;3227,17;558,06;Alpha2
N50;77;TimeDecoderWithVehicleByPercentage;2984,46;638,87;Alpha2
N50;77;TimeDecoderWithVehicleByPercentage;3132,87;566,92;Alpha2
N50;77;TimeDecoderWithVehicleByPercentage;3393,67;649,96;Alpha2
N50;77;TimeDecoderWithVehicleByPercentage;2980,81;618,79;Alpha2
N50;77;TimeDecoderWithVehicleByPercentage;3612,57;687,79;Alpha2
N50;77;TimeDecoderWithVehicleByPercentage;2966,02;613,20;Alpha2
N50;77;TimeDecoderWithVehicleByPercentage;3169,29;611,37;Alpha2
N50;77;TimeDecoderWithVehicleByPercentage;2886,55;696,59;Alpha2
N50;77;TimeDecoderWithVehicleByPercentage;3268,41;579,64;Alpha2
N50;77;TimeDecoderWithVehicleByPercentage;2897,41;615,09;Alpha2
N50;78;PositionalDecoderWithVehicleByPercentage;3541,88;675,42;Alpha2
N50;78;PositionalDecoderWithVehicleByPercentage;3464,07;663,36;Alpha2
N50;78;PositionalDecoderWithVehicleByPercentage;2886,35;495,53;Alpha2
N50;78;PositionalDecoderWithVehicleByPercentage;3005,83;619,18;Alpha2
N50;78;PositionalDecoderWithVehicleByPercentage;2952,40;645,05;Alpha2
N50;78;PositionalDecoderWithVehicleByPercentage;3699,04;670,47;Alpha2
N50;78;PositionalDecoderWithVehicleByPercentage;3503,41;733,09;Alpha2
N50;78;PositionalDecoderWithVehicleByPercentage;3680,28;744,30;Alpha2
N50;78;PositionalDecoderWithVehicleByPercentage;3622,46;729,42;Alpha2
N50;78;PositionalDecoderWithVehicleByPercentage;3234,15;617,62;Alpha2
N50;78;TimeDecoderWithVehicleByPercentage;3551,73;718,15;Alpha2
N50;78;TimeDecoderWithVehicleByPercentage;3341,36;735,43;Alpha2
N50;78;TimeDecoderWithVehicleByPercentage;3435,14;754,25;Alpha2
N50;78;TimeDecoderWithVehicleByPercentage;3472,69;558,78;Alpha2
N50;78;TimeDecoderWithVehicleByPercentage;3126,95;635,88;Alpha2
N50;78;TimeDecoderWithVehicleByPercentage;3400,54;559,69;Alpha2
N50;78;TimeDecoderWithVehicleByPercentage;4070,35;740,65;Alpha2
N50;78;TimeDecoderWithVehicleByPercentage;3121,60;613,05;Alpha2
N50;78;TimeDecoderWithVehicleByPercentage;3753,02;617,16;Alpha2
N50;78;TimeDecoderWithVehicleByPercentage;3578,19;687,15;Alpha2
N50;71;PositionalDecoderWithVehicleByPercentage;3635,91;714,09;Alpha2
N50;71;PositionalDecoderWithVehicleByPercentage;2951,71;705,21;Alpha2
N50;71;PositionalDecoderWithVehicleByPercentage;2474,07;562,19;Alpha2
N50;71;PositionalDecoderWithVehicleByPercentage;3129,89;591,29;Alpha2
N50;71;PositionalDecoderWithVehicleByPercentage;3314,37;637,48;Alpha2
N50;71;PositionalDecoderWithVehicleByPercentage;3274,47;603,35;Alpha2
N50;71;PositionalDecoderWithVehicleByPercentage;3346,62;719,23;Alpha2
N50;71;PositionalDecoderWithVehicleByPercentage;3379,29;743,87;Alpha2
N50;71;PositionalDecoderWithVehicleByPercentage;3432,59;627,56;Alpha2
N50;71;PositionalDecoderWithVehicleByPercentage;3314,93;639,87;Alpha2
N50;71;TimeDecoderWithVehicleByPercentage;3117,04;659,54;Alpha2
N50;71;TimeDecoderWithVehicleByPercentage;2761,39;652,07;Alpha2
N50;71;TimeDecoderWithVehicleByPercentage;3075,68;695,83;Alpha2
N50;71;TimeDecoderWithVehicleByPercentage;3276,68;621,12;Alpha2
N50;71;TimeDecoderWithVehicleByPercentage;3445,94;586,57;Alpha2
N50;71;TimeDecoderWithVehicleByPercentage;3043,18;611,86;Alpha2
N50;71;TimeDecoderWithVehicleByPercentage;3134,81;565,44;Alpha2
N50;71;TimeDecoderWithVehicleByPercentage;3110,69;618,09;Alpha2
N50;71;TimeDecoderWithVehicleByPercentage;2911,13;694,76;Alpha2
N50;71;TimeDecoderWithVehicleByPercentage;3124,06;582,16;Alpha2
N50;72;PositionalDecoderWithVehicleByPercentage;3525,87;869,53;Alpha2
N50;72;PositionalDecoderWithVehicleByPercentage;3185,12;689,94;Alpha2
N50;72;PositionalDecoderWithVehicleByPercentage;3273,31;716,13;Alpha2
N50;72;PositionalDecoderWithVehicleByPercentage;3519,38;627,56;Alpha2
N50;72;PositionalDecoderWithVehicleByPercentage;3263,63;746,08;Alpha2
N50;72;PositionalDecoderWithVehicleByPercentage;2912,00;646,73;Alpha2
N50;72;PositionalDecoderWithVehicleByPercentage;3605,00;527,80;Alpha2
N50;72;PositionalDecoderWithVehicleByPercentage;3791,05;658,94;Alpha2
N50;72;PositionalDecoderWithVehicleByPercentage;3452,98;638,76;Alpha2
N50;72;PositionalDecoderWithVehicleByPercentage;3395,52;627,02;Alpha2
N50;72;TimeDecoderWithVehicleByPercentage;3654,52;774,51;Alpha2
N50;72;TimeDecoderWithVehicleByPercentage;3649,49;658,85;Alpha2
N50;72;TimeDecoderWithVehicleByPercentage;3357,37;616,96;Alpha2
N50;72;TimeDecoderWithVehicleByPercentage;3252,95;687,34;Alpha2
N50;72;TimeDecoderWithVehicleByPercentage;3265,29;637,45;Alpha2
N50;72;TimeDecoderWithVehicleByPercentage;3580,14;697,07;Alpha2
N50;72;TimeDecoderWithVehicleByPercentage;3409,04;611,91;Alpha2
N50;72;TimeDecoderWithVehicleByPercentage;3440,88;706,48;Alpha2
N50;72;TimeDecoderWithVehicleByPercentage;3487,71;617,78;Alpha2
N50;72;TimeDecoderWithVehicleByPercentage;3211,67;604,21;Alpha2
N50;73;PositionalDecoderWithVehicleByPercentage;3221,98;715,82;Alpha2
N50;73;PositionalDecoderWithVehicleByPercentage;3453,12;695,12;Alpha2
N50;73;PositionalDecoderWithVehicleByPercentage;3230,43;615,28;Alpha2
N50;73;PositionalDecoderWithVehicleByPercentage;2950,29;685,80;Alpha2
N50;73;PositionalDecoderWithVehicleByPercentage;3356,27;685,01;Alpha2
N50;73;PositionalDecoderWithVehicleByPercentage;3614,09;673,19;Alpha2
N50;73;PositionalDecoderWithVehicleByPercentage;2996,73;780,71;Alpha2
N50;73;PositionalDecoderWithVehicleByPercentage;3092,48;669,95;Alpha2
N50;73;PositionalDecoderWithVehicleByPercentage;3664,79;702,53;Alpha2
N50;73;PositionalDecoderWithVehicleByPercentage;3536,80;634,65;Alpha2
N50;73;TimeDecoderWithVehicleByPercentage;3555,92;648,59;Alpha2
N50;73;TimeDecoderWithVehicleByPercentage;2948,43;653,77;Alpha2
N50;73;TimeDecoderWithVehicleByPercentage;3281,35;608,22;Alpha2
N50;73;TimeDecoderWithVehicleByPercentage;3371,90;600,75;Alpha2
N50;73;TimeDecoderWithVehicleByPercentage;3154,38;552,35;Alpha2
N50;73;TimeDecoderWithVehicleByPercentage;3628,19;845,65;Alpha2
N50;73;TimeDecoderWithVehicleByPercentage;3134,43;608,36;Alpha2
N50;73;TimeDecoderWithVehicleByPercentage;3362,20;564,95;Alpha2
N50;73;TimeDecoderWithVehicleByPercentage;3724,52;665,73;Alpha2
N50;73;TimeDecoderWithVehicleByPercentage;3318,78;641,99;Alpha2
N50;75;PositionalDecoderWithVehicleByPercentage;3204,43;652,48;Alpha2
N50;75;PositionalDecoderWithVehicleByPercentage;3082,66;615,03;Alpha2
N50;75;PositionalDecoderWithVehicleByPercentage;3347,63;642,25;Alpha2
N50;75;PositionalDecoderWithVehicleByPercentage;3231,52;662,71;Alpha2
N50;75;PositionalDecoderWithVehicleByPercentage;3225,49;628,82;Alpha2
N50;75;PositionalDecoderWithVehicleByPercentage;3291,57;642,09;Alpha2
N50;75;PositionalDecoderWithVehicleByPercentage;3082,97;603,33;Alpha2
N50;75;PositionalDecoderWithVehicleByPercentage;3060,85;688,21;Alpha2
N50;75;PositionalDecoderWithVehicleByPercentage;3283,73;620,54;Alpha2
N50;75;PositionalDecoderWithVehicleByPercentage;3398,71;686,62;Alpha2
N50;75;TimeDecoderWithVehicleByPercentage;3170,09;543,38;Alpha2
N50;75;TimeDecoderWithVehicleByPercentage;3262,74;600,25;Alpha2
N50;75;TimeDecoderWithVehicleByPercentage;3471,58;707,76;Alpha2
N50;75;TimeDecoderWithVehicleByPercentage;3299,31;626,58;Alpha2
N50;75;TimeDecoderWithVehicleByPercentage;3126,23;536,32;Alpha2
N50;75;TimeDecoderWithVehicleByPercentage;3453,22;669,34;Alpha2
N50;75;TimeDecoderWithVehicleByPercentage;3113,89;605,71;Alpha2
N50;75;TimeDecoderWithVehicleByPercentage;3588,04;685,33;Alpha2
N50;75;TimeDecoderWithVehicleByPercentage;2868,52;675,52;Alpha2
N50;75;TimeDecoderWithVehicleByPercentage;2966,74;788,52;Alpha2
N50;76;PositionalDecoderWithVehicleByPercentage;3355,67;647,95;Alpha2
N50;76;PositionalDecoderWithVehicleByPercentage;3289,42;661,62;Alpha2
N50;76;PositionalDecoderWithVehicleByPercentage;3349,41;687,99;Alpha2
N50;76;PositionalDecoderWithVehicleByPercentage;2941,65;612,35;Alpha2
N50;76;PositionalDecoderWithVehicleByPercentage;3280,17;683,17;Alpha2
N50;76;PositionalDecoderWithVehicleByPercentage;3344,02;661,87;Alpha2
N50;76;PositionalDecoderWithVehicleByPercentage;2769,92;555,67;Alpha2
N50;76;PositionalDecoderWithVehicleByPercentage;3320,71;620,19;Alpha2
N50;76;PositionalDecoderWithVehicleByPercentage;3240,65;588,81;Alpha2
N50;76;PositionalDecoderWithVehicleByPercentage;3394,63;691,15;Alpha2
N50;76;TimeDecoderWithVehicleByPercentage;3114,13;526,64;Alpha2
N50;76;TimeDecoderWithVehicleByPercentage;3407,18;774,81;Alpha2
N50;76;TimeDecoderWithVehicleByPercentage;3211,17;641,74;Alpha2
N50;76;TimeDecoderWithVehicleByPercentage;3243,93;751,67;Alpha2
N50;76;TimeDecoderWithVehicleByPercentage;2721,10;660,18;Alpha2
N50;76;TimeDecoderWithVehicleByPercentage;3440,33;661,69;Alpha2
N50;76;TimeDecoderWithVehicleByPercentage;3013,26;586,39;Alpha2
N50;76;TimeDecoderWithVehicleByPercentage;3188,05;483,39;Alpha2
N50;76;TimeDecoderWithVehicleByPercentage;2886,65;698,84;Alpha2
N50;76;TimeDecoderWithVehicleByPercentage;3161,93;641,62;Alpha2
N75;87;PositionalDecoderWithVehicleByPercentage;4487,27;800,44;Alpha2
N75;87;PositionalDecoderWithVehicleByPercentage;4596,66;954,92;Alpha2
N75;87;PositionalDecoderWithVehicleByPercentage;4519,57;959,22;Alpha2
N75;87;PositionalDecoderWithVehicleByPercentage;4478,08;858,61;Alpha2
N75;87;PositionalDecoderWithVehicleByPercentage;4171,17;912,88;Alpha2
N75;87;PositionalDecoderWithVehicleByPercentage;4792,41;1074,97;Alpha2
N75;87;PositionalDecoderWithVehicleByPercentage;4139,67;912,24;Alpha2
N75;87;PositionalDecoderWithVehicleByPercentage;4487,37;981,11;Alpha2
N75;87;PositionalDecoderWithVehicleByPercentage;4544,89;918,73;Alpha2
N75;87;PositionalDecoderWithVehicleByPercentage;4436,68;879,83;Alpha2
N75;87;TimeDecoderWithVehicleByPercentage;4281,93;866,97;Alpha2
N75;87;TimeDecoderWithVehicleByPercentage;4500,66;1001,78;Alpha2
N75;87;TimeDecoderWithVehicleByPercentage;4587,93;1013,23;Alpha2
N75;87;TimeDecoderWithVehicleByPercentage;4568,73;1118,90;Alpha2
N75;87;TimeDecoderWithVehicleByPercentage;3831,97;909,67;Alpha2
N75;87;TimeDecoderWithVehicleByPercentage;3908,28;780,15;Alpha2
N75;87;TimeDecoderWithVehicleByPercentage;4709,91;905,09;Alpha2
N75;87;TimeDecoderWithVehicleByPercentage;4856,05;945,02;Alpha2
N75;87;TimeDecoderWithVehicleByPercentage;4010,44;943,04;Alpha2
N75;87;TimeDecoderWithVehicleByPercentage;4580,91;830,32;Alpha2
N75;88;PositionalDecoderWithVehicleByPercentage;5050,50;1159,97;Alpha2
N75;88;PositionalDecoderWithVehicleByPercentage;5384,06;922,57;Alpha2
N75;88;PositionalDecoderWithVehicleByPercentage;4811,47;1077,26;Alpha2
N75;88;PositionalDecoderWithVehicleByPercentage;4736,56;1025,82;Alpha2
N75;88;PositionalDecoderWithVehicleByPercentage;5411,74;1119,25;Alpha2
N75;88;PositionalDecoderWithVehicleByPercentage;4650,65;882,61;Alpha2
N75;88;PositionalDecoderWithVehicleByPercentage;5292,05;1021,26;Alpha2
N75;88;PositionalDecoderWithVehicleByPercentage;4829,37;1116,12;Alpha2
N75;88;PositionalDecoderWithVehicleByPercentage;4918,33;984,86;Alpha2
N75;88;PositionalDecoderWithVehicleByPercentage;5365,82;1008,74;Alpha2
N75;88;TimeDecoderWithVehicleByPercentage;5437,82;962,01;Alpha2
N75;88;TimeDecoderWithVehicleByPercentage;5631,25;1028,22;Alpha2
N75;88;TimeDecoderWithVehicleByPercentage;5146,44;1046,50;Alpha2
N75;88;TimeDecoderWithVehicleByPercentage;5312,65;1163,78;Alpha2
N75;88;TimeDecoderWithVehicleByPercentage;5147,66;935,75;Alpha2
N75;88;TimeDecoderWithVehicleByPercentage;5025,87;833,93;Alpha2
N75;88;TimeDecoderWithVehicleByPercentage;5236,79;905,32;Alpha2
N75;88;TimeDecoderWithVehicleByPercentage;5170,65;1047,09;Alpha2
N75;88;TimeDecoderWithVehicleByPercentage;5052,05;1146,08;Alpha2
N75;88;TimeDecoderWithVehicleByPercentage;5035,82;1147,62;Alpha2
N75;89;PositionalDecoderWithVehicleByPercentage;4551,46;857,48;Alpha2
N75;89;PositionalDecoderWithVehicleByPercentage;4530,88;937,33;Alpha2
N75;89;PositionalDecoderWithVehicleByPercentage;5232,38;1024,65;Alpha2
N75;89;PositionalDecoderWithVehicleByPercentage;4600,10;1009,13;Alpha2
N75;89;PositionalDecoderWithVehicleByPercentage;4877,02;1005,72;Alpha2
N75;89;PositionalDecoderWithVehicleByPercentage;4776,66;967,80;Alpha2
N75;89;PositionalDecoderWithVehicleByPercentage;4779,19;974,95;Alpha2
N75;89;PositionalDecoderWithVehicleByPercentage;4602,01;936,04;Alpha2
N75;89;PositionalDecoderWithVehicleByPercentage;4738,42;1006,86;Alpha2
N75;89;PositionalDecoderWithVehicleByPercentage;4471,60;840,12;Alpha2
N75;89;TimeDecoderWithVehicleByPercentage;5165,29;948,24;Alpha2
N75;89;TimeDecoderWithVehicleByPercentage;4595,21;834,15;Alpha2
N75;89;TimeDecoderWithVehicleByPercentage;4642,18;886,60;Alpha2
N75;89;TimeDecoderWithVehicleByPercentage;4956,18;952,52;Alpha2
N75;89;TimeDecoderWithVehicleByPercentage;4263,00;837,02;Alpha2
N75;89;TimeDecoderWithVehicleByPercentage;5041,52;1033,61;Alpha2
N75;89;TimeDecoderWithVehicleByPercentage;4601,38;985,80;Alpha2
N75;89;TimeDecoderWithVehicleByPercentage;4696,68;912,20;Alpha2
N75;89;TimeDecoderWithVehicleByPercentage;4456,86;786,14;Alpha2
N75;89;TimeDecoderWithVehicleByPercentage;4779,34;1028,52;Alpha2
N75;82;PositionalDecoderWithVehicleByPercentage;4793,02;942,37;Alpha2
N75;82;PositionalDecoderWithVehicleByPercentage;4249,59;902,99;Alpha2
N75;82;PositionalDecoderWithVehicleByPercentage;4772,20;979,39;Alpha2
N75;82;PositionalDecoderWithVehicleByPercentage;4164,86;800,00;Alpha2
N75;82;PositionalDecoderWithVehicleByPercentage;5009,43;944,62;Alpha2
N75;82;PositionalDecoderWithVehicleByPercentage;4622,11;970,22;Alpha2
N75;82;PositionalDecoderWithVehicleByPercentage;4793,91;998,61;Alpha2
N75;82;PositionalDecoderWithVehicleByPercentage;4507,55;877,68;Alpha2
N75;82;PositionalDecoderWithVehicleByPercentage;4992,58;940,59;Alpha2
N75;82;PositionalDecoderWithVehicleByPercentage;5121,26;1047,42;Alpha2
N75;82;TimeDecoderWithVehicleByPercentage;4760,93;890,47;Alpha2
N75;82;TimeDecoderWithVehicleByPercentage;4769,20;1001,31;Alpha2
N75;82;TimeDecoderWithVehicleByPercentage;4690,72;1007,69;Alpha2
N75;82;TimeDecoderWithVehicleByPercentage;4899,12;998,06;Alpha2
N75;82;TimeDecoderWithVehicleByPercentage;4705,24;916,86;Alpha2
N75;82;TimeDecoderWithVehicleByPercentage;4451,39;823,17;Alpha2
N75;82;TimeDecoderWithVehicleByPercentage;5180,40;962,71;Alpha2
N75;82;TimeDecoderWithVehicleByPercentage;4997,02;1076,99;Alpha2
N75;82;TimeDecoderWithVehicleByPercentage;4452,10;846,69;Alpha2
N75;82;TimeDecoderWithVehicleByPercentage;4368,96;1014,58;Alpha2
N75;83;PositionalDecoderWithVehicleByPercentage;5034,12;892,15;Alpha2
N75;83;PositionalDecoderWithVehicleByPercentage;4579,37;836,40;Alpha2
N75;83;PositionalDecoderWithVehicleByPercentage;4635,74;1029,64;Alpha2
N75;83;PositionalDecoderWithVehicleByPercentage;4368,17;965,45;Alpha2
N75;83;PositionalDecoderWithVehicleByPercentage;4901,78;987,27;Alpha2
N75;83;PositionalDecoderWithVehicleByPercentage;4447,66;862,31;Alpha2
N75;83;PositionalDecoderWithVehicleByPercentage;4747,71;884,53;Alpha2
N75;83;PositionalDecoderWithVehicleByPercentage;4478,65;781,58;Alpha2
N75;83;PositionalDecoderWithVehicleByPercentage;4408,35;793,28;Alpha2
N75;83;PositionalDecoderWithVehicleByPercentage;4413,28;916,13;Alpha2
N75;83;TimeDecoderWithVehicleByPercentage;4382,71;891,66;Alpha2
N75;83;TimeDecoderWithVehicleByPercentage;4541,40;948,03;Alpha2
N75;83;TimeDecoderWithVehicleByPercentage;4203,00;780,41;Alpha2
N75;83;TimeDecoderWithVehicleByPercentage;4763,14;812,10;Alpha2
N75;83;TimeDecoderWithVehicleByPercentage;4785,04;918,23;Alpha2
N75;83;TimeDecoderWithVehicleByPercentage;4553,10;887,80;Alpha2
N75;83;TimeDecoderWithVehicleByPercentage;4430,40;913,13;Alpha2
N75;83;TimeDecoderWithVehicleByPercentage;4794,70;881,89;Alpha2
N75;83;TimeDecoderWithVehicleByPercentage;4657,57;981,04;Alpha2
N75;83;TimeDecoderWithVehicleByPercentage;4922,37;944,93;Alpha2
N75;85;PositionalDecoderWithVehicleByPercentage;5025,00;1103,00;Alpha2
N75;85;PositionalDecoderWithVehicleByPercentage;4645,68;901,25;Alpha2
N75;85;PositionalDecoderWithVehicleByPercentage;5326,36;979,92;Alpha2
N75;85;PositionalDecoderWithVehicleByPercentage;5290,73;1139,22;Alpha2
N75;85;PositionalDecoderWithVehicleByPercentage;5006,80;934,83;Alpha2
N75;85;PositionalDecoderWithVehicleByPercentage;4671,22;1003,58;Alpha2
N75;85;PositionalDecoderWithVehicleByPercentage;5279,55;999,52;Alpha2
N75;85;PositionalDecoderWithVehicleByPercentage;5224,92;1092,43;Alpha2
N75;85;PositionalDecoderWithVehicleByPercentage;5160,85;1098,29;Alpha2
N75;85;PositionalDecoderWithVehicleByPercentage;4639,09;985,69;Alpha2
N75;85;TimeDecoderWithVehicleByPercentage;4922,62;1024,53;Alpha2
N75;85;TimeDecoderWithVehicleByPercentage;5133,77;1029,21;Alpha2
N75;85;TimeDecoderWithVehicleByPercentage;5064,69;1040,93;Alpha2
N75;85;TimeDecoderWithVehicleByPercentage;4463,81;1001,95;Alpha2
N75;85;TimeDecoderWithVehicleByPercentage;4638,23;844,26;Alpha2
N75;85;TimeDecoderWithVehicleByPercentage;5042,14;1055,02;Alpha2
N75;85;TimeDecoderWithVehicleByPercentage;4885,42;1098,15;Alpha2
N75;85;TimeDecoderWithVehicleByPercentage;5058,96;948,07;Alpha2
N75;85;TimeDecoderWithVehicleByPercentage;4774,50;857,66;Alpha2
N75;85;TimeDecoderWithVehicleByPercentage;4755,16;1007,46;Alpha2
N75;86;PositionalDecoderWithVehicleByPercentage;5103,53;971,29;Alpha2
N75;86;PositionalDecoderWithVehicleByPercentage;4704,84;868,87;Alpha2
N75;86;PositionalDecoderWithVehicleByPercentage;4815,81;887,86;Alpha2
N75;86;PositionalDecoderWithVehicleByPercentage;4455,15;885,12;Alpha2
N75;86;PositionalDecoderWithVehicleByPercentage;4815,31;935,80;Alpha2
N75;86;PositionalDecoderWithVehicleByPercentage;4331,77;821,00;Alpha2
N75;86;PositionalDecoderWithVehicleByPercentage;4908,44;914,94;Alpha2
N75;86;PositionalDecoderWithVehicleByPercentage;4501,45;919,42;Alpha2
N75;86;PositionalDecoderWithVehicleByPercentage;4773,62;892,06;Alpha2
N75;86;PositionalDecoderWithVehicleByPercentage;4643,57;867,45;Alpha2
N75;86;TimeDecoderWithVehicleByPercentage;4674,46;1017,59;Alpha2
N75;86;TimeDecoderWithVehicleByPercentage;4308,19;1022,50;Alpha2
N75;86;TimeDecoderWithVehicleByPercentage;4556,71;987,34;Alpha2
N75;86;TimeDecoderWithVehicleByPercentage;4653,58;1045,68;Alpha2
N75;86;TimeDecoderWithVehicleByPercentage;4773,90;931,48;Alpha2
N75;86;TimeDecoderWithVehicleByPercentage;4587,11;1023,96;Alpha2
N75;86;TimeDecoderWithVehicleByPercentage;4766,16;968,92;Alpha2
N75;86;TimeDecoderWithVehicleByPercentage;4699,62;932,94;Alpha2
N75;86;TimeDecoderWithVehicleByPercentage;4197,71;755,92;Alpha2
N75;86;TimeDecoderWithVehicleByPercentage;4634,04;1002,54;Alpha2
N75;90;PositionalDecoderWithVehicleByPercentage;4424,32;909,01;Alpha2
N75;90;PositionalDecoderWithVehicleByPercentage;4956,81;907,13;Alpha2
N75;90;PositionalDecoderWithVehicleByPercentage;4600,40;934,51;Alpha2
N75;90;PositionalDecoderWithVehicleByPercentage;4473,52;838,52;Alpha2
N75;90;PositionalDecoderWithVehicleByPercentage;4785,77;1132,30;Alpha2
N75;90;PositionalDecoderWithVehicleByPercentage;4523,40;859,93;Alpha2
N75;90;PositionalDecoderWithVehicleByPercentage;4838,60;1161,27;Alpha2
N75;90;PositionalDecoderWithVehicleByPercentage;5055,59;981,05;Alpha2
N75;90;PositionalDecoderWithVehicleByPercentage;4717,41;907,75;Alpha2
N75;90;PositionalDecoderWithVehicleByPercentage;4860,06;978,22;Alpha2
N75;90;TimeDecoderWithVehicleByPercentage;4164,63;821,59;Alpha2
N75;90;TimeDecoderWithVehicleByPercentage;4733,04;947,43;Alpha2
N75;90;TimeDecoderWithVehicleByPercentage;4725,83;1113,91;Alpha2
N75;90;TimeDecoderWithVehicleByPercentage;4719,51;868,38;Alpha2
N75;90;TimeDecoderWithVehicleByPercentage;4931,56;831,07;Alpha2
N75;90;TimeDecoderWithVehicleByPercentage;4819,44;967,06;Alpha2
N75;90;TimeDecoderWithVehicleByPercentage;4836,77;956,47;Alpha2
N75;90;TimeDecoderWithVehicleByPercentage;4336,99;933,66;Alpha2
N75;90;TimeDecoderWithVehicleByPercentage;4523,70;923,88;Alpha2
N75;90;TimeDecoderWithVehicleByPercentage;4922,33;965,64;Alpha2
N75;81;PositionalDecoderWithVehicleByPercentage;4927,61;1070,06;Alpha2
N75;81;PositionalDecoderWithVehicleByPercentage;4866,63;1063,11;Alpha2
N75;81;PositionalDecoderWithVehicleByPercentage;4905,82;919,72;Alpha2
N75;81;PositionalDecoderWithVehicleByPercentage;4899,06;1064,56;Alpha2
N75;81;PositionalDecoderWithVehicleByPercentage;4920,44;986,14;Alpha2
N75;81;PositionalDecoderWithVehicleByPercentage;4794,59;995,23;Alpha2
N75;81;PositionalDecoderWithVehicleByPercentage;4899,93;928,03;Alpha2
N75;81;PositionalDecoderWithVehicleByPercentage;4975,18;1126,21;Alpha2
N75;81;PositionalDecoderWithVehicleByPercentage;5182,52;1043,06;Alpha2
N75;81;PositionalDecoderWithVehicleByPercentage;5287,59;1176,36;Alpha2
N75;81;TimeDecoderWithVehicleByPercentage;5137,29;1102,95;Alpha2
N75;81;TimeDecoderWithVehicleByPercentage;4235,30;890,80;Alpha2
N75;81;TimeDecoderWithVehicleByPercentage;5212,01;1058,62;Alpha2
N75;81;TimeDecoderWithVehicleByPercentage;4928,04;986,76;Alpha2
N75;81;TimeDecoderWithVehicleByPercentage;5070,66;1023,89;Alpha2
N75;81;TimeDecoderWithVehicleByPercentage;4931,14;998,83;Alpha2
N75;81;TimeDecoderWithVehicleByPercentage;5136,02;948,62;Alpha2
N75;81;TimeDecoderWithVehicleByPercentage;4760,12;1204,83;Alpha2
N75;81;TimeDecoderWithVehicleByPercentage;4752,33;865,43;Alpha2
N75;81;TimeDecoderWithVehicleByPercentage;4989,70;1013,00;Alpha2
N75;84;PositionalDecoderWithVehicleByPercentage;4537,85;939,08;Alpha2
N75;84;PositionalDecoderWithVehicleByPercentage;4980,14;981,60;Alpha2
N75;84;PositionalDecoderWithVehicleByPercentage;5071,59;924,08;Alpha2
N75;84;PositionalDecoderWithVehicleByPercentage;5028,59;1013,17;Alpha2
N75;84;PositionalDecoderWithVehicleByPercentage;4987,17;831,58;Alpha2
N75;84;PositionalDecoderWithVehicleByPercentage;4692,52;1123,54;Alpha2
N75;84;PositionalDecoderWithVehicleByPercentage;4776,37;915,50;Alpha2
N75;84;PositionalDecoderWithVehicleByPercentage;4501,26;998,37;Alpha2
N75;84;PositionalDecoderWithVehicleByPercentage;4413,47;967,27;Alpha2
N75;84;PositionalDecoderWithVehicleByPercentage;4511,99;945,50;Alpha2
N75;84;TimeDecoderWithVehicleByPercentage;5120,71;891,96;Alpha2
N75;84;TimeDecoderWithVehicleByPercentage;4853,03;799,14;Alpha2
N75;84;TimeDecoderWithVehicleByPercentage;4588,65;1035,50;Alpha2
N75;84;TimeDecoderWithVehicleByPercentage;4721,04;893,43;Alpha2
N75;84;TimeDecoderWithVehicleByPercentage;4662,48;1186,90;Alpha2
N75;84;TimeDecoderWithVehicleByPercentage;4903,90;971,12;Alpha2
N75;84;TimeDecoderWithVehicleByPercentage;4444,98;849,96;Alpha2
N75;84;TimeDecoderWithVehicleByPercentage;4769,05;998,62;Alpha2
N75;84;TimeDecoderWithVehicleByPercentage;5000,11;955,38;Alpha2
N75;84;TimeDecoderWithVehicleByPercentage;4425,43;921,62;Alpha2
N100;91;PositionalDecoderWithVehicleByPercentage;6458,02;1302,36;Alpha2
N100;91;PositionalDecoderWithVehicleByPercentage;6276,79;1211,92;Alpha2
N100;91;PositionalDecoderWithVehicleByPercentage;5489,48;1332,99;Alpha2
N100;91;PositionalDecoderWithVehicleByPercentage;5908,92;1411,63;Alpha2
N100;91;PositionalDecoderWithVehicleByPercentage;5620,71;1121,10;Alpha2
N100;91;PositionalDecoderWithVehicleByPercentage;5729,56;1253,75;Alpha2
N100;91;PositionalDecoderWithVehicleByPercentage;6094,58;1190,99;Alpha2
N100;91;PositionalDecoderWithVehicleByPercentage;6731,23;1295,44;Alpha2
N100;91;PositionalDecoderWithVehicleByPercentage;6556,49;1404,82;Alpha2
N100;91;PositionalDecoderWithVehicleByPercentage;5710,10;1274,96;Alpha2
N100;91;TimeDecoderWithVehicleByPercentage;6076,78;1272,01;Alpha2
N100;91;TimeDecoderWithVehicleByPercentage;5706,26;1191,93;Alpha2
N100;91;TimeDecoderWithVehicleByPercentage;6103,42;1339,91;Alpha2
N100;91;TimeDecoderWithVehicleByPercentage;6500,38;1290,78;Alpha2
N100;91;TimeDecoderWithVehicleByPercentage;6164,03;1186,77;Alpha2
N100;91;TimeDecoderWithVehicleByPercentage;6519,45;1229,36;Alpha2
N100;91;TimeDecoderWithVehicleByPercentage;6038,50;1323,42;Alpha2
N100;91;TimeDecoderWithVehicleByPercentage;6008,14;1150,09;Alpha2
N100;91;TimeDecoderWithVehicleByPercentage;5839,05;1385,58;Alpha2
N100;91;TimeDecoderWithVehicleByPercentage;6068,76;1298,39;Alpha2
N100;93;PositionalDecoderWithVehicleByPercentage;6239,18;1393,11;Alpha2
N100;93;PositionalDecoderWithVehicleByPercentage;5486,01;1239,60;Alpha2
N100;93;PositionalDecoderWithVehicleByPercentage;6301,75;1326,22;Alpha2
N100;93;PositionalDecoderWithVehicleByPercentage;5853,66;1213,02;Alpha2
N100;93;PositionalDecoderWithVehicleByPercentage;5733,42;1440,97;Alpha2
N100;93;PositionalDecoderWithVehicleByPercentage;5903,60;1475,26;Alpha2
N100;93;PositionalDecoderWithVehicleByPercentage;6217,81;1225,16;Alpha2
N100;93;PositionalDecoderWithVehicleByPercentage;5669,15;1397,99;Alpha2
N100;93;PositionalDecoderWithVehicleByPercentage;5825,20;1239,58;Alpha2
N100;93;PositionalDecoderWithVehicleByPercentage;6212,80;1377,68;Alpha2
N100;93;TimeDecoderWithVehicleByPercentage;6116,66;1443,87;Alpha2
N100;93;TimeDecoderWithVehicleByPercentage;6220,70;1439,81;Alpha2
N100;93;TimeDecoderWithVehicleByPercentage;6205,60;1360,57;Alpha2
N100;93;TimeDecoderWithVehicleByPercentage;6021,48;1351,66;Alpha2
N100;93;TimeDecoderWithVehicleByPercentage;5523,99;1211,23;Alpha2
N100;93;TimeDecoderWithVehicleByPercentage;6456,48;1369,72;Alpha2
N100;93;TimeDecoderWithVehicleByPercentage;6149,70;1431,78;Alpha2
N100;93;TimeDecoderWithVehicleByPercentage;6095,85;1235,61;Alpha2
N100;93;TimeDecoderWithVehicleByPercentage;6091,95;1315,83;Alpha2
N100;93;TimeDecoderWithVehicleByPercentage;5891,36;1342,37;Alpha2
N100;95;PositionalDecoderWithVehicleByPercentage;6077,18;1310,54;Alpha2
N100;95;PositionalDecoderWithVehicleByPercentage;6549,95;1366,05;Alpha2
N100;95;PositionalDecoderWithVehicleByPercentage;6085,07;1288,88;Alpha2
N100;95;PositionalDecoderWithVehicleByPercentage;6350,87;1291,21;Alpha2
N100;95;PositionalDecoderWithVehicleByPercentage;6512,78;1341,84;Alpha2
N100;95;PositionalDecoderWithVehicleByPercentage;6392,06;1312,69;Alpha2
N100;95;PositionalDecoderWithVehicleByPercentage;6809,74;1454,70;Alpha2
N100;95;PositionalDecoderWithVehicleByPercentage;6516,42;1223,65;Alpha2
N100;95;PositionalDecoderWithVehicleByPercentage;6269,44;1394,40;Alpha2
N100;95;PositionalDecoderWithVehicleByPercentage;6714,53;1545,59;Alpha2
N100;95;TimeDecoderWithVehicleByPercentage;6138,33;1091,82;Alpha2
N100;95;TimeDecoderWithVehicleByPercentage;6147,68;1265,52;Alpha2
N100;95;TimeDecoderWithVehicleByPercentage;6738,17;1236,42;Alpha2
N100;95;TimeDecoderWithVehicleByPercentage;6477,10;1370,98;Alpha2
N100;95;TimeDecoderWithVehicleByPercentage;6109,69;1310,74;Alpha2
N100;95;TimeDecoderWithVehicleByPercentage;6739,39;1391,23;Alpha2
N100;95;TimeDecoderWithVehicleByPercentage;6871,92;1431,85;Alpha2
N100;95;TimeDecoderWithVehicleByPercentage;5993,74;1257,21;Alpha2
N100;95;TimeDecoderWithVehicleByPercentage;6335,62;1280,68;Alpha2
N100;95;TimeDecoderWithVehicleByPercentage;6618,04;1387,50;Alpha2
N100;97;PositionalDecoderWithVehicleByPercentage;6848,38;1565,02;Alpha2
N100;97;PositionalDecoderWithVehicleByPercentage;7113,52;1421,31;Alpha2
N100;97;PositionalDecoderWithVehicleByPercentage;6307,69;1353,58;Alpha2
N100;97;PositionalDecoderWithVehicleByPercentage;6646,74;1478,24;Alpha2
N100;97;PositionalDecoderWithVehicleByPercentage;5744,91;1358,68;Alpha2
N100;97;PositionalDecoderWithVehicleByPercentage;6425,52;1205,43;Alpha2
N100;97;PositionalDecoderWithVehicleByPercentage;6503,83;1305,86;Alpha2
N100;97;PositionalDecoderWithVehicleByPercentage;6380,16;1312,75;Alpha2
N100;97;PositionalDecoderWithVehicleByPercentage;6557,30;1348,36;Alpha2
N100;97;PositionalDecoderWithVehicleByPercentage;6461,17;1325,23;Alpha2
N100;97;TimeDecoderWithVehicleByPercentage;6330,49;1354,93;Alpha2
N100;97;TimeDecoderWithVehicleByPercentage;6535,85;1460,55;Alpha2
N100;97;TimeDecoderWithVehicleByPercentage;5700,05;1405,08;Alpha2
N100;97;TimeDecoderWithVehicleByPercentage;5921,21;1264,19;Alpha2
N100;97;TimeDecoderWithVehicleByPercentage;6457,76;1353,49;Alpha2
N100;97;TimeDecoderWithVehicleByPercentage;6919,09;1509,24;Alpha2
N100;97;TimeDecoderWithVehicleByPercentage;6301,11;1326,16;Alpha2
N100;97;TimeDecoderWithVehicleByPercentage;6379,81;1349,05;Alpha2
N100;97;TimeDecoderWithVehicleByPercentage;5787,11;1223,36;Alpha2
N100;97;TimeDecoderWithVehicleByPercentage;6767,68;1619,66;Alpha2
N100;100;PositionalDecoderWithVehicleByPercentage;5912,52;1226,55;Alpha2
N100;100;PositionalDecoderWithVehicleByPercentage;6629,87;1266,93;Alpha2
N100;100;PositionalDecoderWithVehicleByPercentage;6064,85;1103,12;Alpha2
N100;100;PositionalDecoderWithVehicleByPercentage;7125,34;1262,92;Alpha2
N100;100;PositionalDecoderWithVehicleByPercentage;6423,22;1413,12;Alpha2
N100;100;PositionalDecoderWithVehicleByPercentage;6538,89;1199,56;Alpha2
N100;100;PositionalDecoderWithVehicleByPercentage;6743,76;1244,43;Alpha2
N100;100;PositionalDecoderWithVehicleByPercentage;6843,83;1395,49;Alpha2
N100;100;PositionalDecoderWithVehicleByPercentage;6157,32;1289,66;Alpha2
N100;100;PositionalDecoderWithVehicleByPercentage;7207,34;1443,33;Alpha2
N100;100;TimeDecoderWithVehicleByPercentage;6523,85;1315,76;Alpha2
N100;100;TimeDecoderWithVehicleByPercentage;5934,69;1190,62;Alpha2
N100;100;TimeDecoderWithVehicleByPercentage;6498,15;1364,41;Alpha2
N100;100;TimeDecoderWithVehicleByPercentage;6151,02;1228,87;Alpha2
N100;100;TimeDecoderWithVehicleByPercentage;6370,89;1241,63;Alpha2
N100;100;TimeDecoderWithVehicleByPercentage;6071,79;1241,20;Alpha2
N100;100;TimeDecoderWithVehicleByPercentage;6994,74;1459,63;Alpha2
N100;100;TimeDecoderWithVehicleByPercentage;6583,74;1467,95;Alpha2
N100;100;TimeDecoderWithVehicleByPercentage;6484,78;1306,36;Alpha2
N100;100;TimeDecoderWithVehicleByPercentage;6232,79;1246,31;Alpha2
N100;92;PositionalDecoderWithVehicleByPercentage;6011,01;1321,93;Alpha2
N100;92;PositionalDecoderWithVehicleByPercentage;5991,57;1282,38;Alpha2
N100;92;PositionalDecoderWithVehicleByPercentage;6009,57;1159,25;Alpha2
N100;92;PositionalDecoderWithVehicleByPercentage;6489,45;1150,80;Alpha2
N100;92;PositionalDecoderWithVehicleByPercentage;6107,21;1310,02;Alpha2
N100;92;PositionalDecoderWithVehicleByPercentage;5872,89;1327,03;Alpha2
N100;92;PositionalDecoderWithVehicleByPercentage;6373,96;1283,94;Alpha2
N100;92;PositionalDecoderWithVehicleByPercentage;5978,78;1263,39;Alpha2
N100;92;PositionalDecoderWithVehicleByPercentage;6330,68;1382,81;Alpha2
N100;92;PositionalDecoderWithVehicleByPercentage;6923,19;1467,84;Alpha2
N100;92;TimeDecoderWithVehicleByPercentage;6315,74;1508,13;Alpha2
N100;92;TimeDecoderWithVehicleByPercentage;6170,35;1244,64;Alpha2
N100;92;TimeDecoderWithVehicleByPercentage;6462,38;1382,63;Alpha2
N100;92;TimeDecoderWithVehicleByPercentage;6091,46;1151,03;Alpha2
N100;92;TimeDecoderWithVehicleByPercentage;6059,07;1233,50;Alpha2
N100;92;TimeDecoderWithVehicleByPercentage;6680,09;1319,69;Alpha2
N100;92;TimeDecoderWithVehicleByPercentage;6130,74;1217,98;Alpha2
N100;92;TimeDecoderWithVehicleByPercentage;6162,54;1216,12;Alpha2
N100;92;TimeDecoderWithVehicleByPercentage;6409,19;1287,50;Alpha2
N100;92;TimeDecoderWithVehicleByPercentage;6122,34;1352,22;Alpha2
N100;94;PositionalDecoderWithVehicleByPercentage;5950,93;1380,39;Alpha2
N100;94;PositionalDecoderWithVehicleByPercentage;5835,80;1248,78;Alpha2
N100;94;PositionalDecoderWithVehicleByPercentage;6086,57;1223,55;Alpha2
N100;94;PositionalDecoderWithVehicleByPercentage;6066,03;1181,81;Alpha2
N100;94;PositionalDecoderWithVehicleByPercentage;6162,83;1227,29;Alpha2
N100;94;PositionalDecoderWithVehicleByPercentage;5917,75;1176,83;Alpha2
N100;94;PositionalDecoderWithVehicleByPercentage;6264,82;1401,47;Alpha2
N100;94;PositionalDecoderWithVehicleByPercentage;5870,25;1414,42;Alpha2
N100;94;PositionalDecoderWithVehicleByPercentage;5657,85;1154,89;Alpha2
N100;94;PositionalDecoderWithVehicleByPercentage;5735,74;1239,52;Alpha2
N100;94;TimeDecoderWithVehicleByPercentage;5749,76;1267,93;Alpha2
N100;94;TimeDecoderWithVehicleByPercentage;6379,23;1492,31;Alpha2
N100;94;TimeDecoderWithVehicleByPercentage;5329,68;1205,00;Alpha2
N100;94;TimeDecoderWithVehicleByPercentage;6531,05;1189,42;Alpha2
N100;94;TimeDecoderWithVehicleByPercentage;6790,60;1327,63;Alpha2
N100;94;TimeDecoderWithVehicleByPercentage;5680,32;1314,74;Alpha2
N100;94;TimeDecoderWithVehicleByPercentage;6183,90;1256,76;Alpha2
N100;94;TimeDecoderWithVehicleByPercentage;5814,12;1202,73;Alpha2
N100;94;TimeDecoderWithVehicleByPercentage;5513,05;1252,50;Alpha2
N100;94;TimeDecoderWithVehicleByPercentage;6269,15;1239,71;Alpha2
N100;96;PositionalDecoderWithVehicleByPercentage;6712,29;1314,04;Alpha2
N100;96;PositionalDecoderWithVehicleByPercentage;5987,94;1125,62;Alpha2
N100;96;PositionalDecoderWithVehicleByPercentage;6215,98;1515,23;Alpha2
N100;96;PositionalDecoderWithVehicleByPercentage;6757,88;1416,87;Alpha2
N100;96;PositionalDecoderWithVehicleByPercentage;6462,55;1346,91;Alpha2
N100;96;PositionalDecoderWithVehicleByPercentage;6649,84;1356,01;Alpha2
N100;96;PositionalDecoderWithVehicleByPercentage;6386,88;1386,52;Alpha2
N100;96;PositionalDecoderWithVehicleByPercentage;6697,31;1369,69;Alpha2
N100;96;PositionalDecoderWithVehicleByPercentage;5403,63;1209,73;Alpha2
N100;96;PositionalDecoderWithVehicleByPercentage;6417,46;1301,61;Alpha2
N100;96;TimeDecoderWithVehicleByPercentage;5997,05;1195,89;Alpha2
N100;96;TimeDecoderWithVehicleByPercentage;6112,58;1416,46;Alpha2
N100;96;TimeDecoderWithVehicleByPercentage;6303,07;1433,69;Alpha2
N100;96;TimeDecoderWithVehicleByPercentage;6554,81;1307,99;Alpha2
N100;96;TimeDecoderWithVehicleByPercentage;6238,51;1259,09;Alpha2
N100;96;TimeDecoderWithVehicleByPercentage;6857,30;1372,47;Alpha2
N100;96;TimeDecoderWithVehicleByPercentage;6059,77;1206,95;Alpha2
N100;96;TimeDecoderWithVehicleByPercentage;6371,26;1297,48;Alpha2
N100;96;TimeDecoderWithVehicleByPercentage;6643,55;1145,90;Alpha2
N100;96;TimeDecoderWithVehicleByPercentage;6187,89;1237,42;Alpha2
N100;98;PositionalDecoderWithVehicleByPercentage;6020,39;1344,18;Alpha2
N100;98;PositionalDecoderWithVehicleByPercentage;6487,72;1297,63;Alpha2
N100;98;PositionalDecoderWithVehicleByPercentage;6270,81;1161,13;Alpha2
N100;98;PositionalDecoderWithVehicleByPercentage;6370,33;1395,70;Alpha2
N100;98;PositionalDecoderWithVehicleByPercentage;6841,86;1321,32;Alpha2
N100;98;PositionalDecoderWithVehicleByPercentage;6968,62;1263,01;Alpha2
N100;98;PositionalDecoderWithVehicleByPercentage;6029,88;1409,11;Alpha2
N100;98;PositionalDecoderWithVehicleByPercentage;6773,88;1211,14;Alpha2
N100;98;PositionalDecoderWithVehicleByPercentage;6178,37;1381,00;Alpha2
N100;98;PositionalDecoderWithVehicleByPercentage;6751,68;1315,88;Alpha2
N100;98;TimeDecoderWithVehicleByPercentage;7193,87;1461,91;Alpha2
N100;98;TimeDecoderWithVehicleByPercentage;6083,93;1224,25;Alpha2
N100;98;TimeDecoderWithVehicleByPercentage;6313,00;1290,34;Alpha2
N100;98;TimeDecoderWithVehicleByPercentage;6892,97;1335,23;Alpha2
N100;98;TimeDecoderWithVehicleByPercentage;6338,51;1270,14;Alpha2
N100;98;TimeDecoderWithVehicleByPercentage;6423,63;1425,85;Alpha2
N100;98;TimeDecoderWithVehicleByPercentage;6149,81;1207,46;Alpha2
N100;98;TimeDecoderWithVehicleByPercentage;6701,70;1180,20;Alpha2
N100;98;TimeDecoderWithVehicleByPercentage;5992,76;1235,11;Alpha2
N100;98;TimeDecoderWithVehicleByPercentage;6357,86;1387,32;Alpha2
N100;99;PositionalDecoderWithVehicleByPercentage;6883,56;1430,08;Alpha2
N100;99;PositionalDecoderWithVehicleByPercentage;6230,29;1234,23;Alpha2
N100;99;PositionalDecoderWithVehicleByPercentage;6109,02;1381,34;Alpha2
N100;99;PositionalDecoderWithVehicleByPercentage;6743,07;1395,61;Alpha2
N100;99;PositionalDecoderWithVehicleByPercentage;6991,08;1499,88;Alpha2
N100;99;PositionalDecoderWithVehicleByPercentage;6035,52;1169,82;Alpha2
N100;99;PositionalDecoderWithVehicleByPercentage;6118,48;1463,89;Alpha2
N100;99;PositionalDecoderWithVehicleByPercentage;6360,21;1260,06;Alpha2
N100;99;PositionalDecoderWithVehicleByPercentage;6272,93;1242,39;Alpha2
N100;99;PositionalDecoderWithVehicleByPercentage;6531,30;1305,41;Alpha2
N100;99;TimeDecoderWithVehicleByPercentage;6007,49;1248,37;Alpha2
N100;99;TimeDecoderWithVehicleByPercentage;6218,94;1435,45;Alpha2
N100;99;TimeDecoderWithVehicleByPercentage;6228,49;1350,70;Alpha2
N100;99;TimeDecoderWithVehicleByPercentage;7315,63;1465,37;Alpha2
N100;99;TimeDecoderWithVehicleByPercentage;6273,23;1323,38;Alpha2
N100;99;TimeDecoderWithVehicleByPercentage;6431,37;1276,71;Alpha2
N100;99;TimeDecoderWithVehicleByPercentage;7035,11;1424,19;Alpha2
N100;99;TimeDecoderWithVehicleByPercentage;6174,84;1247,79;Alpha2
N100;99;TimeDecoderWithVehicleByPercentage;6813,20;1312,69;Alpha2
N100;99;TimeDecoderWithVehicleByPercentage;6556,56;1184,40;Alpha2
N175;101;PositionalDecoderWithVehicleByPercentage;11007,04;2326,72;Alpha2
N175;101;PositionalDecoderWithVehicleByPercentage;9809,27;2288,36;Alpha2
N175;101;PositionalDecoderWithVehicleByPercentage;11481,33;2673,03;Alpha2
N175;101;PositionalDecoderWithVehicleByPercentage;10870,03;2322,50;Alpha2
N175;101;PositionalDecoderWithVehicleByPercentage;11081,56;2475,65;Alpha2
N175;101;PositionalDecoderWithVehicleByPercentage;10452,17;2387,58;Alpha2
N175;101;PositionalDecoderWithVehicleByPercentage;11033,17;2495,83;Alpha2
N175;101;PositionalDecoderWithVehicleByPercentage;11407,33;2494,67;Alpha2
N175;101;PositionalDecoderWithVehicleByPercentage;9975,20;1913,02;Alpha2
N175;101;PositionalDecoderWithVehicleByPercentage;11557,89;2279,98;Alpha2
N175;101;TimeDecoderWithVehicleByPercentage;11158,45;2600,04;Alpha2
N175;101;TimeDecoderWithVehicleByPercentage;11120,71;2340,29;Alpha2
N175;101;TimeDecoderWithVehicleByPercentage;11428,24;2522,90;Alpha2
N175;101;TimeDecoderWithVehicleByPercentage;10828,05;2442,26;Alpha2
N175;101;TimeDecoderWithVehicleByPercentage;10695,45;2448,73;Alpha2
N175;101;TimeDecoderWithVehicleByPercentage;11455,79;2516,83;Alpha2
N175;101;TimeDecoderWithVehicleByPercentage;10691,62;2458,72;Alpha2
N175;101;TimeDecoderWithVehicleByPercentage;10984,07;2579,19;Alpha2
N175;101;TimeDecoderWithVehicleByPercentage;10975,32;2411,92;Alpha2
N175;101;TimeDecoderWithVehicleByPercentage;11341,23;2512,66;Alpha2
N175;102;PositionalDecoderWithVehicleByPercentage;10584,75;2418,97;Alpha2
N175;102;PositionalDecoderWithVehicleByPercentage;10385,91;2323,78;Alpha2
N175;102;PositionalDecoderWithVehicleByPercentage;10648,71;2442,69;Alpha2
N175;102;PositionalDecoderWithVehicleByPercentage;10282,18;2488,16;Alpha2
N175;102;PositionalDecoderWithVehicleByPercentage;10072,01;2315,23;Alpha2
N175;102;PositionalDecoderWithVehicleByPercentage;10138,35;2404,95;Alpha2
N175;102;PositionalDecoderWithVehicleByPercentage;10662,60;2340,97;Alpha2
N175;102;PositionalDecoderWithVehicleByPercentage;9977,93;2425,29;Alpha2
N175;102;PositionalDecoderWithVehicleByPercentage;10920,45;2511,63;Alpha2
N175;102;PositionalDecoderWithVehicleByPercentage;11163,14;2427,39;Alpha2
N175;102;TimeDecoderWithVehicleByPercentage;10024,80;2133,02;Alpha2
N175;102;TimeDecoderWithVehicleByPercentage;10492,83;2308,47;Alpha2
N175;102;TimeDecoderWithVehicleByPercentage;11055,33;2119,52;Alpha2
N175;102;TimeDecoderWithVehicleByPercentage;10603,15;2240,98;Alpha2
N175;102;TimeDecoderWithVehicleByPercentage;10677,06;2341,91;Alpha2
N175;102;TimeDecoderWithVehicleByPercentage;10755,52;2375,73;Alpha2
N175;102;TimeDecoderWithVehicleByPercentage;10766,75;2272,82;Alpha2
N175;102;TimeDecoderWithVehicleByPercentage;10719,02;2294,23;Alpha2
N175;102;TimeDecoderWithVehicleByPercentage;10088,19;2353,00;Alpha2
N175;102;TimeDecoderWithVehicleByPercentage;11566,74;2577,78;Alpha2
N175;103;PositionalDecoderWithVehicleByPercentage;10657,13;2206,09;Alpha2
N175;103;PositionalDecoderWithVehicleByPercentage;10213,66;2229,50;Alpha2
N175;103;PositionalDecoderWithVehicleByPercentage;10968,76;2686,31;Alpha2
N175;103;PositionalDecoderWithVehicleByPercentage;10675,46;2061,53;Alpha2
N175;103;PositionalDecoderWithVehicleByPercentage;11052,78;2486,84;Alpha2
N175;103;PositionalDecoderWithVehicleByPercentage;10085,94;2113,87;Alpha2
N175;103;PositionalDecoderWithVehicleByPercentage;10384,07;2201,11;Alpha2
N175;103;PositionalDecoderWithVehicleByPercentage;10751,57;2352,33;Alpha2
N175;103;PositionalDecoderWithVehicleByPercentage;10898,90;2308,06;Alpha2
N175;103;PositionalDecoderWithVehicleByPercentage;10215,22;2306,84;Alpha2
N175;103;TimeDecoderWithVehicleByPercentage;11021,02;2370,65;Alpha2
N175;103;TimeDecoderWithVehicleByPercentage;10703,55;2450,48;Alpha2
N175;103;TimeDecoderWithVehicleByPercentage;10151,34;2564,84;Alpha2
N175;103;TimeDecoderWithVehicleByPercentage;11171,04;2434,63;Alpha2
N175;103;TimeDecoderWithVehicleByPercentage;10694,68;2294,04;Alpha2
N175;103;TimeDecoderWithVehicleByPercentage;11796,39;2297,27;Alpha2
N175;103;TimeDecoderWithVehicleByPercentage;11304,65;2737,10;Alpha2
N175;103;TimeDecoderWithVehicleByPercentage;11095,45;2590,10;Alpha2
N175;103;TimeDecoderWithVehicleByPercentage;9966,16;2168,48;Alpha2
N175;103;TimeDecoderWithVehicleByPercentage;10246,67;2143,65;Alpha2
N175;107;PositionalDecoderWithVehicleByPercentage;11145,40;2347,02;Alpha2
N175;107;PositionalDecoderWithVehicleByPercentage;11386,30;2451,63;Alpha2
N175;107;PositionalDecoderWithVehicleByPercentage;11743,58;2163,06;Alpha2
N175;107;PositionalDecoderWithVehicleByPercentage;11507,90;2252,95;Alpha2
N175;107;PositionalDecoderWithVehicleByPercentage;10571,44;2127,63;Alpha2
N175;107;PositionalDecoderWithVehicleByPercentage;11679,12;2617,03;Alpha2
N175;107;PositionalDecoderWithVehicleByPercentage;11515,84;2312,67;Alpha2
N175;107;PositionalDecoderWithVehicleByPercentage;10590,79;2197,24;Alpha2
N175;107;PositionalDecoderWithVehicleByPercentage;11260,32;2291,87;Alpha2
N175;107;PositionalDecoderWithVehicleByPercentage;11379,79;2238,68;Alpha2
N175;107;TimeDecoderWithVehicleByPercentage;11430,15;2324,79;Alpha2
N175;107;TimeDecoderWithVehicleByPercentage;11872,75;2594,26;Alpha2
N175;107;TimeDecoderWithVehicleByPercentage;10891,82;2155,93;Alpha2
N175;107;TimeDecoderWithVehicleByPercentage;10944,95;2369,61;Alpha2
N175;107;TimeDecoderWithVehicleByPercentage;11202,70;2493,97;Alpha2
N175;107;TimeDecoderWithVehicleByPercentage;10863,94;2343,19;Alpha2
N175;107;TimeDecoderWithVehicleByPercentage;11360,58;2181,41;Alpha2
N175;107;TimeDecoderWithVehicleByPercentage;11683,34;2311,91;Alpha2
N175;107;TimeDecoderWithVehicleByPercentage;10885,65;2251,95;Alpha2
N175;107;TimeDecoderWithVehicleByPercentage;10841,73;2504,56;Alpha2
N175;108;PositionalDecoderWithVehicleByPercentage;10861,23;2481,98;Alpha2
N175;108;PositionalDecoderWithVehicleByPercentage;11226,71;2411,49;Alpha2
N175;108;PositionalDecoderWithVehicleByPercentage;11650,54;2618,68;Alpha2
N175;108;PositionalDecoderWithVehicleByPercentage;10784,73;2242,04;Alpha2
N175;108;PositionalDecoderWithVehicleByPercentage;10918,20;2047,50;Alpha2
N175;108;PositionalDecoderWithVehicleByPercentage;11477,62;2346,56;Alpha2
N175;108;PositionalDecoderWithVehicleByPercentage;12122,76;2468,63;Alpha2
N175;108;PositionalDecoderWithVehicleByPercentage;11471,01;2320,10;Alpha2
N175;108;PositionalDecoderWithVehicleByPercentage;10583,65;2612,62;Alpha2
N175;108;PositionalDecoderWithVehicleByPercentage;10887,80;2516,41;Alpha2
N175;108;TimeDecoderWithVehicleByPercentage;10617,33;2266,90;Alpha2
N175;108;TimeDecoderWithVehicleByPercentage;11026,63;2294,64;Alpha2
N175;108;TimeDecoderWithVehicleByPercentage;11339,21;2347,24;Alpha2
N175;108;TimeDecoderWithVehicleByPercentage;10886,80;2466,20;Alpha2
N175;108;TimeDecoderWithVehicleByPercentage;10848,83;2607,66;Alpha2
N175;108;TimeDecoderWithVehicleByPercentage;10060,30;2061,85;Alpha2
N175;108;TimeDecoderWithVehicleByPercentage;10979,59;2333,71;Alpha2
N175;108;TimeDecoderWithVehicleByPercentage;10910,75;2414,69;Alpha2
N175;108;TimeDecoderWithVehicleByPercentage;11679,35;2533,52;Alpha2
N175;108;TimeDecoderWithVehicleByPercentage;10166,47;2422,99;Alpha2
N175;109;PositionalDecoderWithVehicleByPercentage;10995,13;2451,89;Alpha2
N175;109;PositionalDecoderWithVehicleByPercentage;10718,95;2216,65;Alpha2
N175;109;PositionalDecoderWithVehicleByPercentage;10916,95;2529,01;Alpha2
N175;109;PositionalDecoderWithVehicleByPercentage;10769,10;2474,35;Alpha2
N175;109;PositionalDecoderWithVehicleByPercentage;10782,79;2358,41;Alpha2
N175;109;PositionalDecoderWithVehicleByPercentage;10548,86;2459,31;Alpha2
N175;109;PositionalDecoderWithVehicleByPercentage;10792,31;2342,01;Alpha2
N175;109;PositionalDecoderWithVehicleByPercentage;10703,01;2098,86;Alpha2
N175;109;PositionalDecoderWithVehicleByPercentage;11151,17;2447,78;Alpha2
N175;109;PositionalDecoderWithVehicleByPercentage;11910,26;2447,69;Alpha2
N175;109;TimeDecoderWithVehicleByPercentage;10581,15;2431,01;Alpha2
N175;109;TimeDecoderWithVehicleByPercentage;11412,61;2422,36;Alpha2
N175;109;TimeDecoderWithVehicleByPercentage;10949,82;2329,14;Alpha2
N175;109;TimeDecoderWithVehicleByPercentage;10455,69;2352,76;Alpha2
N175;109;TimeDecoderWithVehicleByPercentage;10917,97;2627,07;Alpha2
N175;109;TimeDecoderWithVehicleByPercentage;10513,61;2457,21;Alpha2
N175;109;TimeDecoderWithVehicleByPercentage;10807,36;2374,79;Alpha2
N175;109;TimeDecoderWithVehicleByPercentage;10821,86;1918,32;Alpha2
N175;109;TimeDecoderWithVehicleByPercentage;10669,79;2351,30;Alpha2
N175;109;TimeDecoderWithVehicleByPercentage;11025,96;2341,10;Alpha2
N175;110;PositionalDecoderWithVehicleByPercentage;10537,79;2527,95;Alpha2
N175;110;PositionalDecoderWithVehicleByPercentage;11004,67;2391,24;Alpha2
N175;110;PositionalDecoderWithVehicleByPercentage;10852,63;2436,74;Alpha2
N175;110;PositionalDecoderWithVehicleByPercentage;10756,45;2154,55;Alpha2
N175;110;PositionalDecoderWithVehicleByPercentage;10814,96;2257,91;Alpha2
N175;110;PositionalDecoderWithVehicleByPercentage;10486,30;2474,03;Alpha2
N175;110;PositionalDecoderWithVehicleByPercentage;10754,30;2520,19;Alpha2
N175;110;PositionalDecoderWithVehicleByPercentage;11164,75;2593,59;Alpha2
N175;110;PositionalDecoderWithVehicleByPercentage;11040,82;2349,66;Alpha2
N175;110;PositionalDecoderWithVehicleByPercentage;11109,82;2267,68;Alpha2
N175;110;TimeDecoderWithVehicleByPercentage;10413,37;2285,85;Alpha2
N175;110;TimeDecoderWithVehicleByPercentage;10463,82;2522,36;Alpha2
N175;110;TimeDecoderWithVehicleByPercentage;10973,62;2232,76;Alpha2
N175;110;TimeDecoderWithVehicleByPercentage;10381,12;2297,81;Alpha2
N175;110;TimeDecoderWithVehicleByPercentage;11241,76;2162,23;Alpha2
N175;110;TimeDecoderWithVehicleByPercentage;11140,83;2369,66;Alpha2
N175;110;TimeDecoderWithVehicleByPercentage;11001,06;2268,91;Alpha2
N175;110;TimeDecoderWithVehicleByPercentage;10202,08;2206,96;Alpha2
N175;110;TimeDecoderWithVehicleByPercentage;10899,20;2421,52;Alpha2
N175;110;TimeDecoderWithVehicleByPercentage;10336,23;2076,39;Alpha2
N175;104;PositionalDecoderWithVehicleByPercentage;10509,00;2273,42;Alpha2
N175;104;PositionalDecoderWithVehicleByPercentage;10678,95;2382,78;Alpha2
N175;104;PositionalDecoderWithVehicleByPercentage;11085,56;2318,71;Alpha2
N175;104;PositionalDecoderWithVehicleByPercentage;11297,98;2524,70;Alpha2
N175;104;PositionalDecoderWithVehicleByPercentage;10948,28;2580,77;Alpha2
N175;104;PositionalDecoderWithVehicleByPercentage;10296,90;2150,21;Alpha2
N175;104;PositionalDecoderWithVehicleByPercentage;10875,76;2180,74;Alpha2
N175;104;PositionalDecoderWithVehicleByPercentage;10223,87;2204,13;Alpha2
N175;104;PositionalDecoderWithVehicleByPercentage;10633,85;2089,85;Alpha2
N175;104;PositionalDecoderWithVehicleByPercentage;10268,68;2360,97;Alpha2
N175;104;TimeDecoderWithVehicleByPercentage;11385,50;2484,70;Alpha2
N175;104;TimeDecoderWithVehicleByPercentage;9449,39;2282,92;Alpha2
N175;104;TimeDecoderWithVehicleByPercentage;9894,17;2193,49;Alpha2
N175;104;TimeDecoderWithVehicleByPercentage;10536,24;2585,85;Alpha2
N175;104;TimeDecoderWithVehicleByPercentage;11116,51;2356,67;Alpha2
N175;104;TimeDecoderWithVehicleByPercentage;10542,09;2244,70;Alpha2
N175;104;TimeDecoderWithVehicleByPercentage;11622,79;2309,36;Alpha2
N175;104;TimeDecoderWithVehicleByPercentage;11327,75;2393,72;Alpha2
N175;104;TimeDecoderWithVehicleByPercentage;11180,53;2469,91;Alpha2
N175;104;TimeDecoderWithVehicleByPercentage;10515,39;2185,00;Alpha2
N175;105;PositionalDecoderWithVehicleByPercentage;11156,68;2466,87;Alpha2
N175;105;PositionalDecoderWithVehicleByPercentage;11361,17;2582,81;Alpha2
N175;105;PositionalDecoderWithVehicleByPercentage;10387,59;2364,98;Alpha2
N175;105;PositionalDecoderWithVehicleByPercentage;11674,09;2342,02;Alpha2
N175;105;PositionalDecoderWithVehicleByPercentage;10959,77;2536,15;Alpha2
N175;105;PositionalDecoderWithVehicleByPercentage;10857,00;2454,48;Alpha2
N175;105;PositionalDecoderWithVehicleByPercentage;11210,14;2563,93;Alpha2
N175;105;PositionalDecoderWithVehicleByPercentage;11018,06;2421,38;Alpha2
N175;105;PositionalDecoderWithVehicleByPercentage;11199,30;2373,41;Alpha2
N175;105;PositionalDecoderWithVehicleByPercentage;10830,47;2389,00;Alpha2
N175;105;TimeDecoderWithVehicleByPercentage;11291,45;2347,77;Alpha2
N175;105;TimeDecoderWithVehicleByPercentage;11174,86;2412,09;Alpha2
N175;105;TimeDecoderWithVehicleByPercentage;10605,48;2327,74;Alpha2
N175;105;TimeDecoderWithVehicleByPercentage;11522,21;2172,48;Alpha2
N175;105;TimeDecoderWithVehicleByPercentage;10358,73;2172,62;Alpha2
N175;105;TimeDecoderWithVehicleByPercentage;10920,87;2436,27;Alpha2
N175;105;TimeDecoderWithVehicleByPercentage;12006,74;2511,03;Alpha2
N175;105;TimeDecoderWithVehicleByPercentage;11889,07;2714,42;Alpha2
N175;105;TimeDecoderWithVehicleByPercentage;10990,67;2346,66;Alpha2
N175;105;TimeDecoderWithVehicleByPercentage;11537,31;2300,05;Alpha2
N175;106;PositionalDecoderWithVehicleByPercentage;10444,91;2317,65;Alpha2
N175;106;PositionalDecoderWithVehicleByPercentage;10532,30;2430,44;Alpha2
N175;106;PositionalDecoderWithVehicleByPercentage;10981,37;2588,75;Alpha2
N175;106;PositionalDecoderWithVehicleByPercentage;11194,63;2487,84;Alpha2
N175;106;PositionalDecoderWithVehicleByPercentage;11360,67;2475,27;Alpha2
N175;106;PositionalDecoderWithVehicleByPercentage;11891,43;2806,69;Alpha2
N175;106;PositionalDecoderWithVehicleByPercentage;12099,01;2736,89;Alpha2
N175;106;PositionalDecoderWithVehicleByPercentage;11439,46;2405,83;Alpha2
N175;106;PositionalDecoderWithVehicleByPercentage;10936,16;2215,99;Alpha2
N175;106;PositionalDecoderWithVehicleByPercentage;11459,69;2554,28;Alpha2
N175;106;TimeDecoderWithVehicleByPercentage;11463,55;2625,98;Alpha2
N175;106;TimeDecoderWithVehicleByPercentage;11362,84;2529,60;Alpha2
N175;106;TimeDecoderWithVehicleByPercentage;10557,39;2303,17;Alpha2
N175;106;TimeDecoderWithVehicleByPercentage;10815,98;2330,21;Alpha2
N175;106;TimeDecoderWithVehicleByPercentage;10992,51;2476,06;Alpha2
N175;106;TimeDecoderWithVehicleByPercentage;10991,76;2559,84;Alpha2
N175;106;TimeDecoderWithVehicleByPercentage;10828,99;2421,03;Alpha2
N175;106;TimeDecoderWithVehicleByPercentage;11106,96;2389,45;Alpha2
N175;106;TimeDecoderWithVehicleByPercentage;10988,09;2528,23;Alpha2
N175;106;TimeDecoderWithVehicleByPercentage;10560,74;2467,70;Alpha2
N250;4;PositionalDecoderWithVehicleByPercentage;15657,63;3628,08;Alpha2
N250;4;PositionalDecoderWithVehicleByPercentage;14949,18;3507,69;Alpha2
N250;4;PositionalDecoderWithVehicleByPercentage;15069,41;3536,76;Alpha2
N250;4;PositionalDecoderWithVehicleByPercentage;15603,66;3759,91;Alpha2
N250;4;PositionalDecoderWithVehicleByPercentage;15059,83;3367,16;Alpha2
N250;4;PositionalDecoderWithVehicleByPercentage;15922,69;3949,01;Alpha2
N250;4;PositionalDecoderWithVehicleByPercentage;15357,73;3617,11;Alpha2
N250;4;PositionalDecoderWithVehicleByPercentage;15726,11;3930,93;Alpha2
N250;4;PositionalDecoderWithVehicleByPercentage;15750,43;3635,68;Alpha2
N250;4;PositionalDecoderWithVehicleByPercentage;15600,26;3682,09;Alpha2
N250;4;TimeDecoderWithVehicleByPercentage;16098,84;3730,53;Alpha2
N250;4;TimeDecoderWithVehicleByPercentage;15420,49;3708,17;Alpha2
N250;4;TimeDecoderWithVehicleByPercentage;15373,05;3620,33;Alpha2
N250;4;TimeDecoderWithVehicleByPercentage;15761,65;3678,56;Alpha2
N250;4;TimeDecoderWithVehicleByPercentage;14990,24;3531,26;Alpha2
N250;4;TimeDecoderWithVehicleByPercentage;15797,22;3784,61;Alpha2
N250;4;TimeDecoderWithVehicleByPercentage;14786,54;3754,06;Alpha2
N250;4;TimeDecoderWithVehicleByPercentage;14968,98;3613,96;Alpha2
N250;4;TimeDecoderWithVehicleByPercentage;15587,70;3670,40;Alpha2
N250;4;TimeDecoderWithVehicleByPercentage;15817,70;3558,79;Alpha2
N250;113;PositionalDecoderWithVehicleByPercentage;15718,89;3475,60;Alpha2
N250;113;PositionalDecoderWithVehicleByPercentage;15703,11;3744,54;Alpha2
N250;113;PositionalDecoderWithVehicleByPercentage;16089,99;3511,77;Alpha2
N250;113;PositionalDecoderWithVehicleByPercentage;15602,20;4013,95;Alpha2
N250;113;PositionalDecoderWithVehicleByPercentage;16102,20;3649,14;Alpha2
N250;113;PositionalDecoderWithVehicleByPercentage;15813,29;3582,45;Alpha2
N250;113;PositionalDecoderWithVehicleByPercentage;16673,43;3955,01;Alpha2
N250;113;PositionalDecoderWithVehicleByPercentage;15750,45;3640,62;Alpha2
N250;113;PositionalDecoderWithVehicleByPercentage;15245,16;3949,63;Alpha2
N250;113;PositionalDecoderWithVehicleByPercentage;15615,03;3894,04;Alpha2
N250;113;TimeDecoderWithVehicleByPercentage;15992,84;3482,68;Alpha2
N250;113;TimeDecoderWithVehicleByPercentage;16094,18;3820,10;Alpha2
N250;113;TimeDecoderWithVehicleByPercentage;15987,19;3812,78;Alpha2
N250;113;TimeDecoderWithVehicleByPercentage;15416,86;3813,35;Alpha2
N250;113;TimeDecoderWithVehicleByPercentage;16724,14;3678,72;Alpha2
N250;113;TimeDecoderWithVehicleByPercentage;14998,13;3626,70;Alpha2
N250;113;TimeDecoderWithVehicleByPercentage;14579,53;3853,23;Alpha2
N250;113;TimeDecoderWithVehicleByPercentage;15537,94;3899,67;Alpha2
N250;113;TimeDecoderWithVehicleByPercentage;15894,36;3726,76;Alpha2
N250;113;TimeDecoderWithVehicleByPercentage;16894,85;4071,95;Alpha2
N250;115;PositionalDecoderWithVehicleByPercentage;14863,67;3534,43;Alpha2
N250;115;PositionalDecoderWithVehicleByPercentage;16409,55;3966,26;Alpha2
N250;115;PositionalDecoderWithVehicleByPercentage;16292,25;3518,27;Alpha2
N250;115;PositionalDecoderWithVehicleByPercentage;16454,73;3540,86;Alpha2
N250;115;PositionalDecoderWithVehicleByPercentage;14970,88;3736,75;Alpha2
N250;115;PositionalDecoderWithVehicleByPercentage;15265,06;3774,85;Alpha2
N250;115;PositionalDecoderWithVehicleByPercentage;14317,11;3499,03;Alpha2
N250;115;PositionalDecoderWithVehicleByPercentage;15300,64;3608,86;Alpha2
N250;115;PositionalDecoderWithVehicleByPercentage;15839,68;3822,92;Alpha2
N250;115;PositionalDecoderWithVehicleByPercentage;15739,29;3528,12;Alpha2
N250;115;TimeDecoderWithVehicleByPercentage;14502,46;3644,05;Alpha2
N250;115;TimeDecoderWithVehicleByPercentage;15154,17;3640,40;Alpha2
N250;115;TimeDecoderWithVehicleByPercentage;15459,10;3878,60;Alpha2
N250;115;TimeDecoderWithVehicleByPercentage;14824,05;3618,08;Alpha2
N250;115;TimeDecoderWithVehicleByPercentage;15320,93;3520,26;Alpha2
N250;115;TimeDecoderWithVehicleByPercentage;15355,11;3710,01;Alpha2
N250;115;TimeDecoderWithVehicleByPercentage;15501,65;3590,59;Alpha2
N250;115;TimeDecoderWithVehicleByPercentage;15030,58;3517,84;Alpha2
N250;115;TimeDecoderWithVehicleByPercentage;15529,45;3617,06;Alpha2
N250;115;TimeDecoderWithVehicleByPercentage;15482,96;3616,47;Alpha2
N250;116;PositionalDecoderWithVehicleByPercentage;15208,99;3421,64;Alpha2
N250;116;PositionalDecoderWithVehicleByPercentage;15175,36;3441,28;Alpha2
N250;116;PositionalDecoderWithVehicleByPercentage;14531,13;3541,67;Alpha2
N250;116;PositionalDecoderWithVehicleByPercentage;15693,05;3642,42;Alpha2
N250;116;PositionalDecoderWithVehicleByPercentage;14778,08;3568,67;Alpha2
N250;116;PositionalDecoderWithVehicleByPercentage;15548,96;3647,03;Alpha2
N250;116;PositionalDecoderWithVehicleByPercentage;14234,78;3572,73;Alpha2
N250;116;PositionalDecoderWithVehicleByPercentage;14975,22;3483,67;Alpha2
N250;116;PositionalDecoderWithVehicleByPercentage;15311,99;3593,58;Alpha2
N250;116;PositionalDecoderWithVehicleByPercentage;15122,32;3528,66;Alpha2
N250;116;TimeDecoderWithVehicleByPercentage;14576,21;3837,15;Alpha2
N250;116;TimeDecoderWithVehicleByPercentage;14776,73;3511,94;Alpha2
N250;116;TimeDecoderWithVehicleByPercentage;15344,50;3630,00;Alpha2
N250;116;TimeDecoderWithVehicleByPercentage;15332,08;3353,93;Alpha2
N250;116;TimeDecoderWithVehicleByPercentage;14668,30;3466,83;Alpha2
N250;116;TimeDecoderWithVehicleByPercentage;15042,75;3551,01;Alpha2
N250;116;TimeDecoderWithVehicleByPercentage;14496,32;3607,88;Alpha2
N250;116;TimeDecoderWithVehicleByPercentage;14059,27;3341,32;Alpha2
N250;116;TimeDecoderWithVehicleByPercentage;15190,37;3437,98;Alpha2
N250;116;TimeDecoderWithVehicleByPercentage;14657,49;3628,87;Alpha2
N250;3;PositionalDecoderWithVehicleByPercentage;15442,14;3327,42;Alpha2
N250;3;PositionalDecoderWithVehicleByPercentage;15441,68;3608,64;Alpha2
N250;3;PositionalDecoderWithVehicleByPercentage;15255,47;3697,05;Alpha2
N250;3;PositionalDecoderWithVehicleByPercentage;15676,64;3578,34;Alpha2
N250;3;PositionalDecoderWithVehicleByPercentage;15036,78;3762,05;Alpha2
N250;3;PositionalDecoderWithVehicleByPercentage;15737,24;3436,42;Alpha2
N250;3;PositionalDecoderWithVehicleByPercentage;15549,39;3755,65;Alpha2
N250;3;PositionalDecoderWithVehicleByPercentage;15169,53;3717,62;Alpha2
N250;3;PositionalDecoderWithVehicleByPercentage;14599,97;3328,08;Alpha2
N250;3;PositionalDecoderWithVehicleByPercentage;15189,66;3651,53;Alpha2
N250;3;TimeDecoderWithVehicleByPercentage;15627,07;3637,04;Alpha2
N250;3;TimeDecoderWithVehicleByPercentage;15543,23;3682,68;Alpha2
N250;3;TimeDecoderWithVehicleByPercentage;14703,81;3771,18;Alpha2
N250;3;TimeDecoderWithVehicleByPercentage;14854,02;3404,05;Alpha2
N250;3;TimeDecoderWithVehicleByPercentage;15166,22;3665,96;Alpha2
N250;3;TimeDecoderWithVehicleByPercentage;14936,60;3347,33;Alpha2
N250;3;TimeDecoderWithVehicleByPercentage;15272,01;3191,73;Alpha2
N250;3;TimeDecoderWithVehicleByPercentage;15371,36;3309,95;Alpha2
N250;3;TimeDecoderWithVehicleByPercentage;14816,33;3603,33;Alpha2
N250;3;TimeDecoderWithVehicleByPercentage;15309,33;3217,45;Alpha2
N250;5;PositionalDecoderWithVehicleByPercentage;15226,08;3646,40;Alpha2
N250;5;PositionalDecoderWithVehicleByPercentage;15517,78;3559,88;Alpha2
N250;5;PositionalDecoderWithVehicleByPercentage;15882,89;3342,30;Alpha2
N250;5;PositionalDecoderWithVehicleByPercentage;15859,55;3439,69;Alpha2
N250;5;PositionalDecoderWithVehicleByPercentage;15234,79;3669,65;Alpha2
N250;5;PositionalDecoderWithVehicleByPercentage;15275,79;3259,80;Alpha2
N250;5;PositionalDecoderWithVehicleByPercentage;14939,64;3897,67;Alpha2
N250;5;PositionalDecoderWithVehicleByPercentage;15468,09;3864,58;Alpha2
N250;5;PositionalDecoderWithVehicleByPercentage;15351,21;3517,28;Alpha2
N250;5;PositionalDecoderWithVehicleByPercentage;14311,96;3514,48;Alpha2
N250;5;TimeDecoderWithVehicleByPercentage;15053,02;3672,83;Alpha2
N250;5;TimeDecoderWithVehicleByPercentage;15607,03;3706,28;Alpha2
N250;5;TimeDecoderWithVehicleByPercentage;14924,19;3616,57;Alpha2
N250;5;TimeDecoderWithVehicleByPercentage;16128,47;3809,96;Alpha2
N250;5;TimeDecoderWithVehicleByPercentage;15144,04;3616,37;Alpha2
N250;5;TimeDecoderWithVehicleByPercentage;14826,89;3509,07;Alpha2
N250;5;TimeDecoderWithVehicleByPercentage;15166,96;4152,57;Alpha2
N250;5;TimeDecoderWithVehicleByPercentage;14175,29;3367,84;Alpha2
N250;5;TimeDecoderWithVehicleByPercentage;14988,22;3591,69;Alpha2
N250;5;TimeDecoderWithVehicleByPercentage;16040,82;3969,82;Alpha2
N250;6;PositionalDecoderWithVehicleByPercentage;15127,01;3731,56;Alpha2
N250;6;PositionalDecoderWithVehicleByPercentage;14959,19;3555,17;Alpha2
N250;6;PositionalDecoderWithVehicleByPercentage;15598,06;3592,98;Alpha2
N250;6;PositionalDecoderWithVehicleByPercentage;15807,43;3426,43;Alpha2
N250;6;PositionalDecoderWithVehicleByPercentage;15118,17;3571,50;Alpha2
N250;6;PositionalDecoderWithVehicleByPercentage;16213,52;3567,85;Alpha2
N250;6;PositionalDecoderWithVehicleByPercentage;14514,63;3714,24;Alpha2
N250;6;PositionalDecoderWithVehicleByPercentage;14854,79;3341,49;Alpha2
N250;6;PositionalDecoderWithVehicleByPercentage;15154,34;3505,75;Alpha2
N250;6;PositionalDecoderWithVehicleByPercentage;15036,37;3566,45;Alpha2
N250;6;TimeDecoderWithVehicleByPercentage;14816,58;3610,88;Alpha2
N250;6;TimeDecoderWithVehicleByPercentage;15492,45;3763,29;Alpha2
N250;6;TimeDecoderWithVehicleByPercentage;15315,11;3493,33;Alpha2
N250;6;TimeDecoderWithVehicleByPercentage;15521,81;3846,59;Alpha2
N250;6;TimeDecoderWithVehicleByPercentage;15875,83;3862,93;Alpha2
N250;6;TimeDecoderWithVehicleByPercentage;15509,56;3486,60;Alpha2
N250;6;TimeDecoderWithVehicleByPercentage;14328,97;3628,89;Alpha2
N250;6;TimeDecoderWithVehicleByPercentage;14840,31;3364,36;Alpha2
N250;6;TimeDecoderWithVehicleByPercentage;15890,34;3563,45;Alpha2
N250;6;TimeDecoderWithVehicleByPercentage;15256,98;3513,03;Alpha2
N250;8;PositionalDecoderWithVehicleByPercentage;15839,10;3379,90;Alpha2
N250;8;PositionalDecoderWithVehicleByPercentage;15181,44;3581,90;Alpha2
N250;8;PositionalDecoderWithVehicleByPercentage;14661,05;3894,43;Alpha2
N250;8;PositionalDecoderWithVehicleByPercentage;15617,85;3457,46;Alpha2
N250;8;PositionalDecoderWithVehicleByPercentage;14997,55;3151,85;Alpha2
N250;8;PositionalDecoderWithVehicleByPercentage;16504,45;4084,00;Alpha2
N250;8;PositionalDecoderWithVehicleByPercentage;15572,71;3708,22;Alpha2
N250;8;PositionalDecoderWithVehicleByPercentage;15596,13;3635,51;Alpha2
N250;8;PositionalDecoderWithVehicleByPercentage;15303,45;3433,61;Alpha2
N250;8;PositionalDecoderWithVehicleByPercentage;14657,59;3317,96;Alpha2
N250;8;TimeDecoderWithVehicleByPercentage;15507,15;3901,89;Alpha2
N250;8;TimeDecoderWithVehicleByPercentage;15803,94;3349,61;Alpha2
N250;8;TimeDecoderWithVehicleByPercentage;16735,96;3883,42;Alpha2
N250;8;TimeDecoderWithVehicleByPercentage;14408,27;3362,23;Alpha2
N250;8;TimeDecoderWithVehicleByPercentage;15242,83;3314,19;Alpha2
N250;8;TimeDecoderWithVehicleByPercentage;15581,77;3894,66;Alpha2
N250;8;TimeDecoderWithVehicleByPercentage;15450,74;3766,25;Alpha2
N250;8;TimeDecoderWithVehicleByPercentage;15219,36;3491,95;Alpha2
N250;8;TimeDecoderWithVehicleByPercentage;14522,50;3494,40;Alpha2
N250;8;TimeDecoderWithVehicleByPercentage;15795,28;3426,19;Alpha2
N250;114;PositionalDecoderWithVehicleByPercentage;15560,13;3554,59;Alpha2
N250;114;PositionalDecoderWithVehicleByPercentage;14861,18;3579,61;Alpha2
N250;114;PositionalDecoderWithVehicleByPercentage;14776,23;3317,74;Alpha2
N250;114;PositionalDecoderWithVehicleByPercentage;15575,24;3629,52;Alpha2
N250;114;PositionalDecoderWithVehicleByPercentage;14234,59;3164,66;Alpha2
N250;114;PositionalDecoderWithVehicleByPercentage;15175,13;3788,85;Alpha2
N250;114;PositionalDecoderWithVehicleByPercentage;14218,13;3348,80;Alpha2
N250;114;PositionalDecoderWithVehicleByPercentage;14616,43;3091,67;Alpha2
N250;114;PositionalDecoderWithVehicleByPercentage;15323,77;3478,95;Alpha2
N250;114;PositionalDecoderWithVehicleByPercentage;14988,55;3202,60;Alpha2
N250;114;TimeDecoderWithVehicleByPercentage;15337,28;3259,34;Alpha2
N250;114;TimeDecoderWithVehicleByPercentage;14451,98;3343,73;Alpha2
N250;114;TimeDecoderWithVehicleByPercentage;14218,90;3528,89;Alpha2
N250;114;TimeDecoderWithVehicleByPercentage;15805,60;3503,15;Alpha2
N250;114;TimeDecoderWithVehicleByPercentage;14240,53;3519,10;Alpha2
N250;114;TimeDecoderWithVehicleByPercentage;15126,34;3393,08;Alpha2
N250;114;TimeDecoderWithVehicleByPercentage;14945,41;3365,27;Alpha2
N250;114;TimeDecoderWithVehicleByPercentage;15050,65;3418,11;Alpha2
N250;114;TimeDecoderWithVehicleByPercentage;14338,01;3224,44;Alpha2
N250;114;TimeDecoderWithVehicleByPercentage;15393,38;4101,01;Alpha2
N250;118;PositionalDecoderWithVehicleByPercentage;16074,12;3765,37;Alpha2
N250;118;PositionalDecoderWithVehicleByPercentage;16004,16;3604,52;Alpha2
N250;118;PositionalDecoderWithVehicleByPercentage;15844,23;3661,32;Alpha2
N250;118;PositionalDecoderWithVehicleByPercentage;14979,53;3734,50;Alpha2
N250;118;PositionalDecoderWithVehicleByPercentage;16089,01;3966,27;Alpha2
N250;118;PositionalDecoderWithVehicleByPercentage;15737,40;3747,88;Alpha2
N250;118;PositionalDecoderWithVehicleByPercentage;15254,89;3780,19;Alpha2
N250;118;PositionalDecoderWithVehicleByPercentage;17055,30;3613,16;Alpha2
N250;118;PositionalDecoderWithVehicleByPercentage;14346,46;3709,22;Alpha2
N250;118;PositionalDecoderWithVehicleByPercentage;16178,41;3499,38;Alpha2
N250;118;TimeDecoderWithVehicleByPercentage;15565,76;3753,12;Alpha2
N250;118;TimeDecoderWithVehicleByPercentage;16577,92;4118,47;Alpha2
N250;118;TimeDecoderWithVehicleByPercentage;15913,69;3320,90;Alpha2
N250;118;TimeDecoderWithVehicleByPercentage;16013,11;3335,75;Alpha2
N250;118;TimeDecoderWithVehicleByPercentage;15821,00;3765,71;Alpha2
N250;118;TimeDecoderWithVehicleByPercentage;15981,91;3691,51;Alpha2
N250;118;TimeDecoderWithVehicleByPercentage;16180,73;3965,47;Alpha2
N250;118;TimeDecoderWithVehicleByPercentage;15858,84;3525,58;Alpha2
N250;118;TimeDecoderWithVehicleByPercentage;15607,51;3463,04;Alpha2
N250;118;TimeDecoderWithVehicleByPercentage;15979,82;3791,85;Alpha2
N250;120;PositionalDecoderWithVehicleByPercentage;15591,36;4031,19;Alpha2
N250;120;PositionalDecoderWithVehicleByPercentage;14521,66;3767,53;Alpha2
N250;120;PositionalDecoderWithVehicleByPercentage;15616,28;3536,51;Alpha2
N250;120;PositionalDecoderWithVehicleByPercentage;16309,99;3759,22;Alpha2
N250;120;PositionalDecoderWithVehicleByPercentage;15716,90;3572,94;Alpha2
N250;120;PositionalDecoderWithVehicleByPercentage;15351,12;3761,00;Alpha2
N250;120;PositionalDecoderWithVehicleByPercentage;15483,20;3325,57;Alpha2
N250;120;PositionalDecoderWithVehicleByPercentage;15743,26;3434,52;Alpha2
N250;120;PositionalDecoderWithVehicleByPercentage;14862,07;3798,81;Alpha2
N250;120;PositionalDecoderWithVehicleByPercentage;15605,85;3515,67;Alpha2
N250;120;TimeDecoderWithVehicleByPercentage;15766,61;3703,59;Alpha2
N250;120;TimeDecoderWithVehicleByPercentage;14836,17;3153,06;Alpha2
N250;120;TimeDecoderWithVehicleByPercentage;15648,59;3411,76;Alpha2
N250;120;TimeDecoderWithVehicleByPercentage;15524,70;3289,18;Alpha2
N250;120;TimeDecoderWithVehicleByPercentage;14853,58;3497,53;Alpha2
N250;120;TimeDecoderWithVehicleByPercentage;14856,79;3931,32;Alpha2
N250;120;TimeDecoderWithVehicleByPercentage;14693,17;4067,40;Alpha2
N250;120;TimeDecoderWithVehicleByPercentage;14871,66;3445,27;Alpha2
N250;120;TimeDecoderWithVehicleByPercentage;15810,26;3644,11;Alpha2
N250;120;TimeDecoderWithVehicleByPercentage;16251,70;3785,95;Alpha2
N250;1;PositionalDecoderWithVehicleByPercentage;14746,28;3630,21;Alpha2
N250;1;PositionalDecoderWithVehicleByPercentage;16271,59;3890,79;Alpha2
N250;1;PositionalDecoderWithVehicleByPercentage;16163,75;3513,67;Alpha2
N250;1;PositionalDecoderWithVehicleByPercentage;15601,50;3596,39;Alpha2
N250;1;PositionalDecoderWithVehicleByPercentage;14904,14;3595,15;Alpha2
N250;1;PositionalDecoderWithVehicleByPercentage;15239,45;3418,66;Alpha2
N250;1;PositionalDecoderWithVehicleByPercentage;14499,05;3497,20;Alpha2
N250;1;PositionalDecoderWithVehicleByPercentage;15925,98;3837,27;Alpha2
N250;1;PositionalDecoderWithVehicleByPercentage;15936,92;3465,94;Alpha2
N250;1;PositionalDecoderWithVehicleByPercentage;15711,44;3544,74;Alpha2
N250;1;TimeDecoderWithVehicleByPercentage;16684,58;3918,82;Alpha2
N250;1;TimeDecoderWithVehicleByPercentage;16467,50;3844,42;Alpha2
N250;1;TimeDecoderWithVehicleByPercentage;15390,47;3269,97;Alpha2
N250;1;TimeDecoderWithVehicleByPercentage;16068,38;3959,13;Alpha2
N250;1;TimeDecoderWithVehicleByPercentage;15381,07;3887,91;Alpha2
N250;1;TimeDecoderWithVehicleByPercentage;15936,48;3773,59;Alpha2
N250;1;TimeDecoderWithVehicleByPercentage;15870,87;3610,80;Alpha2
N250;1;TimeDecoderWithVehicleByPercentage;15997,55;3471,01;Alpha2
N250;1;TimeDecoderWithVehicleByPercentage;15210,27;3639,22;Alpha2
N250;1;TimeDecoderWithVehicleByPercentage;16480,35;3450,11;Alpha2
N250;10;PositionalDecoderWithVehicleByPercentage;15481,39;3690,54;Alpha2
N250;10;PositionalDecoderWithVehicleByPercentage;14574,16;3816,40;Alpha2
N250;10;PositionalDecoderWithVehicleByPercentage;14827,35;3567,69;Alpha2
N250;10;PositionalDecoderWithVehicleByPercentage;15112,10;3474,27;Alpha2
N250;10;PositionalDecoderWithVehicleByPercentage;15241,38;3394,83;Alpha2
N250;10;PositionalDecoderWithVehicleByPercentage;14384,80;3142,15;Alpha2
N250;10;PositionalDecoderWithVehicleByPercentage;13243,87;3419,38;Alpha2
N250;10;PositionalDecoderWithVehicleByPercentage;14508,24;3350,02;Alpha2
N250;10;PositionalDecoderWithVehicleByPercentage;14767,93;3376,76;Alpha2
N250;10;PositionalDecoderWithVehicleByPercentage;15175,45;3662,19;Alpha2
N250;10;TimeDecoderWithVehicleByPercentage;15557,50;3606,74;Alpha2
N250;10;TimeDecoderWithVehicleByPercentage;14551,78;3314,56;Alpha2
N250;10;TimeDecoderWithVehicleByPercentage;15893,00;3393,52;Alpha2
N250;10;TimeDecoderWithVehicleByPercentage;14327,89;3456,85;Alpha2
N250;10;TimeDecoderWithVehicleByPercentage;14530,90;3554,25;Alpha2
N250;10;TimeDecoderWithVehicleByPercentage;15635,73;3717,13;Alpha2
N250;10;TimeDecoderWithVehicleByPercentage;15642,42;3746,16;Alpha2
N250;10;TimeDecoderWithVehicleByPercentage;16199,36;3379,48;Alpha2
N250;10;TimeDecoderWithVehicleByPercentage;14101,32;3978,50;Alpha2
N250;10;TimeDecoderWithVehicleByPercentage;15244,72;3249,22;Alpha2
N250;119;PositionalDecoderWithVehicleByPercentage;15613,21;3841,66;Alpha2
N250;119;PositionalDecoderWithVehicleByPercentage;15469,31;3757,83;Alpha2
N250;119;PositionalDecoderWithVehicleByPercentage;14922,18;3465,73;Alpha2
N250;119;PositionalDecoderWithVehicleByPercentage;14931,45;3163,65;Alpha2
N250;119;PositionalDecoderWithVehicleByPercentage;15571,58;3717,05;Alpha2
N250;119;PositionalDecoderWithVehicleByPercentage;15741,54;3334,20;Alpha2
N250;119;PositionalDecoderWithVehicleByPercentage;15370,05;3763,51;Alpha2
N250;119;PositionalDecoderWithVehicleByPercentage;15228,83;3508,09;Alpha2
N250;119;PositionalDecoderWithVehicleByPercentage;16402,37;3631,49;Alpha2
N250;119;PositionalDecoderWithVehicleByPercentage;15194,07;3826,63;Alpha2
N250;119;TimeDecoderWithVehicleByPercentage;15754,65;3353,18;Alpha2
N250;119;TimeDecoderWithVehicleByPercentage;15229,40;3822,18;Alpha2
N250;119;TimeDecoderWithVehicleByPercentage;16014,16;3316,32;Alpha2
N250;119;TimeDecoderWithVehicleByPercentage;14731,69;3413,43;Alpha2
N250;119;TimeDecoderWithVehicleByPercentage;16525,40;3887,27;Alpha2
N250;119;TimeDecoderWithVehicleByPercentage;15168,53;3693,41;Alpha2
N250;119;TimeDecoderWithVehicleByPercentage;14279,31;3539,05;Alpha2
N250;119;TimeDecoderWithVehicleByPercentage;15113,84;3816,43;Alpha2
N250;119;TimeDecoderWithVehicleByPercentage;16061,65;3381,44;Alpha2
N250;119;TimeDecoderWithVehicleByPercentage;15135,10;3704,17;Alpha2
N250;2;PositionalDecoderWithVehicleByPercentage;14044,95;4351,20;Alpha2
N250;2;PositionalDecoderWithVehicleByPercentage;15305,40;3828,26;Alpha2
N250;2;PositionalDecoderWithVehicleByPercentage;15850,91;3895,84;Alpha2
N250;2;PositionalDecoderWithVehicleByPercentage;15691,48;3643,85;Alpha2
N250;2;PositionalDecoderWithVehicleByPercentage;15500,14;3741,53;Alpha2
N250;2;PositionalDecoderWithVehicleByPercentage;15429,64;3715,75;Alpha2
N250;2;PositionalDecoderWithVehicleByPercentage;15144,80;3222,65;Alpha2
N250;2;PositionalDecoderWithVehicleByPercentage;15542,28;3592,64;Alpha2
N250;2;PositionalDecoderWithVehicleByPercentage;14934,57;3613,96;Alpha2
N250;2;PositionalDecoderWithVehicleByPercentage;14257,47;3591,87;Alpha2
N250;2;TimeDecoderWithVehicleByPercentage;14437,28;3511,90;Alpha2
N250;2;TimeDecoderWithVehicleByPercentage;15637,11;3546,09;Alpha2
N250;2;TimeDecoderWithVehicleByPercentage;16085,51;3884,60;Alpha2
N250;2;TimeDecoderWithVehicleByPercentage;15845,95;3556,74;Alpha2
N250;2;TimeDecoderWithVehicleByPercentage;15548,48;3561,15;Alpha2
N250;2;TimeDecoderWithVehicleByPercentage;14604,77;3475,00;Alpha2
N250;2;TimeDecoderWithVehicleByPercentage;15935,90;3781,82;Alpha2
N250;2;TimeDecoderWithVehicleByPercentage;15535,93;3735,31;Alpha2
N250;2;TimeDecoderWithVehicleByPercentage;14227,13;3353,76;Alpha2
N250;2;TimeDecoderWithVehicleByPercentage;15161,68;3615,76;Alpha2
N250;9;PositionalDecoderWithVehicleByPercentage;16264,49;3705,07;Alpha2
N250;9;PositionalDecoderWithVehicleByPercentage;15219,20;3641,40;Alpha2
N250;9;PositionalDecoderWithVehicleByPercentage;15148,30;3613,32;Alpha2
N250;9;PositionalDecoderWithVehicleByPercentage;15295,95;3375,62;Alpha2
N250;9;PositionalDecoderWithVehicleByPercentage;15446,41;3901,93;Alpha2
N250;9;PositionalDecoderWithVehicleByPercentage;14568,53;3423,24;Alpha2
N250;9;PositionalDecoderWithVehicleByPercentage;14991,38;4030,07;Alpha2
N250;9;PositionalDecoderWithVehicleByPercentage;14879,88;3501,10;Alpha2
N250;9;PositionalDecoderWithVehicleByPercentage;14725,97;3723,91;Alpha2
N250;9;PositionalDecoderWithVehicleByPercentage;15472,58;3547,54;Alpha2
N250;9;TimeDecoderWithVehicleByPercentage;14023,78;3564,21;Alpha2
N250;9;TimeDecoderWithVehicleByPercentage;15475,35;3545,26;Alpha2
N250;9;TimeDecoderWithVehicleByPercentage;14872,24;3471,61;Alpha2
N250;9;TimeDecoderWithVehicleByPercentage;14856,55;3505,63;Alpha2
N250;9;TimeDecoderWithVehicleByPercentage;15016,08;3282,21;Alpha2
N250;9;TimeDecoderWithVehicleByPercentage;14568,93;3593,37;Alpha2
N250;9;TimeDecoderWithVehicleByPercentage;14717,07;3316,27;Alpha2
N250;9;TimeDecoderWithVehicleByPercentage;15663,53;3706,80;Alpha2
N250;9;TimeDecoderWithVehicleByPercentage;14742,11;3624,29;Alpha2
N250;9;TimeDecoderWithVehicleByPercentage;15968,01;3702,24;Alpha2
N250;111;PositionalDecoderWithVehicleByPercentage;15299,50;3574,41;Alpha2
N250;111;PositionalDecoderWithVehicleByPercentage;15056,56;3789,87;Alpha2
N250;111;PositionalDecoderWithVehicleByPercentage;14710,58;3557,60;Alpha2
N250;111;PositionalDecoderWithVehicleByPercentage;14651,90;3621,00;Alpha2
N250;111;PositionalDecoderWithVehicleByPercentage;15958,13;3446,45;Alpha2
N250;111;PositionalDecoderWithVehicleByPercentage;14837,47;3651,00;Alpha2
N250;111;PositionalDecoderWithVehicleByPercentage;14795,28;3432,63;Alpha2
N250;111;PositionalDecoderWithVehicleByPercentage;13984,50;3334,51;Alpha2
N250;111;PositionalDecoderWithVehicleByPercentage;14989,22;3403,31;Alpha2
N250;111;PositionalDecoderWithVehicleByPercentage;14852,28;3627,42;Alpha2
N250;111;TimeDecoderWithVehicleByPercentage;14752,60;3560,67;Alpha2
N250;111;TimeDecoderWithVehicleByPercentage;14540,42;3159,62;Alpha2
N250;111;TimeDecoderWithVehicleByPercentage;15604,70;3661,63;Alpha2
N250;111;TimeDecoderWithVehicleByPercentage;15200,47;3334,78;Alpha2
N250;111;TimeDecoderWithVehicleByPercentage;14560,10;3258,68;Alpha2
N250;111;TimeDecoderWithVehicleByPercentage;14787,75;3320,13;Alpha2
N250;111;TimeDecoderWithVehicleByPercentage;15428,64;3632,11;Alpha2
N250;111;TimeDecoderWithVehicleByPercentage;14988,71;3665,61;Alpha2
N250;111;TimeDecoderWithVehicleByPercentage;15173,72;3257,05;Alpha2
N250;111;TimeDecoderWithVehicleByPercentage;15863,99;3945,95;Alpha2
N250;112;PositionalDecoderWithVehicleByPercentage;16144,54;3660,07;Alpha2
N250;112;PositionalDecoderWithVehicleByPercentage;15629,82;3816,31;Alpha2
N250;112;PositionalDecoderWithVehicleByPercentage;15704,39;4190,48;Alpha2
N250;112;PositionalDecoderWithVehicleByPercentage;14824,53;3447,76;Alpha2
N250;112;PositionalDecoderWithVehicleByPercentage;14987,75;3603,56;Alpha2
N250;112;PositionalDecoderWithVehicleByPercentage;14502,25;3568,02;Alpha2
N250;112;PositionalDecoderWithVehicleByPercentage;14973,46;3697,26;Alpha2
N250;112;PositionalDecoderWithVehicleByPercentage;15525,90;3601,82;Alpha2
N250;112;PositionalDecoderWithVehicleByPercentage;14550,40;3681,44;Alpha2
N250;112;PositionalDecoderWithVehicleByPercentage;15198,62;3771,08;Alpha2
N250;112;TimeDecoderWithVehicleByPercentage;15733,64;3494,88;Alpha2
N250;112;TimeDecoderWithVehicleByPercentage;14231,04;3399,97;Alpha2
N250;112;TimeDecoderWithVehicleByPercentage;15018,72;3594,83;Alpha2
N250;112;TimeDecoderWithVehicleByPercentage;14533,07;3600,45;Alpha2
N250;112;TimeDecoderWithVehicleByPercentage;14815,69;3438,64;Alpha2
N250;112;TimeDecoderWithVehicleByPercentage;15223,03;3659,17;Alpha2
N250;112;TimeDecoderWithVehicleByPercentage;15713,29;3759,74;Alpha2
N250;112;TimeDecoderWithVehicleByPercentage;15015,32;3942,06;Alpha2
N250;112;TimeDecoderWithVehicleByPercentage;15415,12;3696,69;Alpha2
N250;112;TimeDecoderWithVehicleByPercentage;14616,00;3533,17;Alpha2
N250;117;PositionalDecoderWithVehicleByPercentage;16184,71;3595,92;Alpha2
N250;117;PositionalDecoderWithVehicleByPercentage;15224,88;3341,73;Alpha2
N250;117;PositionalDecoderWithVehicleByPercentage;14540,41;3649,91;Alpha2
N250;117;PositionalDecoderWithVehicleByPercentage;15597,43;3791,33;Alpha2
N250;117;PositionalDecoderWithVehicleByPercentage;14078,42;3376,72;Alpha2
N250;117;PositionalDecoderWithVehicleByPercentage;15487,02;3541,18;Alpha2
N250;117;PositionalDecoderWithVehicleByPercentage;15551,62;3427,38;Alpha2
N250;117;PositionalDecoderWithVehicleByPercentage;16607,61;3956,43;Alpha2
N250;117;PositionalDecoderWithVehicleByPercentage;15801,66;3520,36;Alpha2
N250;117;PositionalDecoderWithVehicleByPercentage;16507,85;3951,74;Alpha2
N250;117;TimeDecoderWithVehicleByPercentage;15089,95;3671,28;Alpha2
N250;117;TimeDecoderWithVehicleByPercentage;14953,68;3466,44;Alpha2
N250;117;TimeDecoderWithVehicleByPercentage;14897,91;3673,86;Alpha2
N250;117;TimeDecoderWithVehicleByPercentage;15475,27;3680,52;Alpha2
N250;117;TimeDecoderWithVehicleByPercentage;15139,55;3534,37;Alpha2
N250;117;TimeDecoderWithVehicleByPercentage;15797,72;3606,92;Alpha2
N250;117;TimeDecoderWithVehicleByPercentage;15534,00;3597,90;Alpha2
N250;117;TimeDecoderWithVehicleByPercentage;15739,10;3732,80;Alpha2
N250;117;TimeDecoderWithVehicleByPercentage;14918,66;3764,24;Alpha2
N250;117;TimeDecoderWithVehicleByPercentage;15514,45;3599,66;Alpha2
N250;7;PositionalDecoderWithVehicleByPercentage;16259,03;3542,78;Alpha2
N250;7;PositionalDecoderWithVehicleByPercentage;15012,64;3600,96;Alpha2
N250;7;PositionalDecoderWithVehicleByPercentage;15555,51;3446,17;Alpha2
N250;7;PositionalDecoderWithVehicleByPercentage;16028,48;3544,87;Alpha2
N250;7;PositionalDecoderWithVehicleByPercentage;14672,73;3498,16;Alpha2
N250;7;PositionalDecoderWithVehicleByPercentage;15673,78;3618,06;Alpha2
N250;7;PositionalDecoderWithVehicleByPercentage;15911,37;3817,50;Alpha2
N250;7;PositionalDecoderWithVehicleByPercentage;15085,35;3424,01;Alpha2
N250;7;PositionalDecoderWithVehicleByPercentage;15903,50;3698,06;Alpha2
N250;7;PositionalDecoderWithVehicleByPercentage;14461,01;3724,32;Alpha2
N250;7;TimeDecoderWithVehicleByPercentage;15513,81;3854,85;Alpha2
N250;7;TimeDecoderWithVehicleByPercentage;15937,84;3687,36;Alpha2
N250;7;TimeDecoderWithVehicleByPercentage;15941,91;3642,94;Alpha2
N250;7;TimeDecoderWithVehicleByPercentage;15869,28;3225,31;Alpha2
N250;7;TimeDecoderWithVehicleByPercentage;15383,68;3313,87;Alpha2
N250;7;TimeDecoderWithVehicleByPercentage;16285,51;3700,33;Alpha2
N250;7;TimeDecoderWithVehicleByPercentage;14348,48;3199,34;Alpha2
N250;7;TimeDecoderWithVehicleByPercentage;14481,90;3595,47;Alpha2
N250;7;TimeDecoderWithVehicleByPercentage;15780,01;3688,32;Alpha2
N250;7;TimeDecoderWithVehicleByPercentage;14670,34;3767,15;Alpha2
N10;57;PositionalDecoderWithVehicleByPercentage;808,33;66,81;Alpha3
N10;57;PositionalDecoderWithVehicleByPercentage;809,82;66,81;Alpha3
N10;57;PositionalDecoderWithVehicleByPercentage;819,57;66,81;Alpha3
N10;57;PositionalDecoderWithVehicleByPercentage;802,53;66,81;Alpha3
N10;57;PositionalDecoderWithVehicleByPercentage;810,87;66,81;Alpha3
N10;57;PositionalDecoderWithVehicleByPercentage;811,70;66,81;Alpha3
N10;57;PositionalDecoderWithVehicleByPercentage;807,09;66,81;Alpha3
N10;57;PositionalDecoderWithVehicleByPercentage;819,28;66,81;Alpha3
N10;57;PositionalDecoderWithVehicleByPercentage;810,87;66,81;Alpha3
N10;57;PositionalDecoderWithVehicleByPercentage;819,17;66,81;Alpha3
N10;57;TimeDecoderWithVehicleByPercentage;811,05;66,81;Alpha3
N10;57;TimeDecoderWithVehicleByPercentage;813,22;66,81;Alpha3
N10;57;TimeDecoderWithVehicleByPercentage;819,52;66,81;Alpha3
N10;57;TimeDecoderWithVehicleByPercentage;805,71;66,81;Alpha3
N10;57;TimeDecoderWithVehicleByPercentage;804,27;66,81;Alpha3
N10;57;TimeDecoderWithVehicleByPercentage;732,38;161,88;Alpha3
N10;57;TimeDecoderWithVehicleByPercentage;815,54;66,81;Alpha3
N10;57;TimeDecoderWithVehicleByPercentage;814,17;66,81;Alpha3
N10;57;TimeDecoderWithVehicleByPercentage;806,10;66,81;Alpha3
N10;57;TimeDecoderWithVehicleByPercentage;817,25;66,81;Alpha3
N10;59;PositionalDecoderWithVehicleByPercentage;875,84;121,72;Alpha3
N10;59;PositionalDecoderWithVehicleByPercentage;897,68;115,86;Alpha3
N10;59;PositionalDecoderWithVehicleByPercentage;894,20;115,86;Alpha3
N10;59;PositionalDecoderWithVehicleByPercentage;905,50;115,86;Alpha3
N10;59;PositionalDecoderWithVehicleByPercentage;900,07;115,86;Alpha3
N10;59;PositionalDecoderWithVehicleByPercentage;881,95;115,86;Alpha3
N10;59;PositionalDecoderWithVehicleByPercentage;886,78;115,86;Alpha3
N10;59;PositionalDecoderWithVehicleByPercentage;871,40;115,86;Alpha3
N10;59;PositionalDecoderWithVehicleByPercentage;863,89;115,86;Alpha3
N10;59;PositionalDecoderWithVehicleByPercentage;880,57;115,86;Alpha3
N10;59;TimeDecoderWithVehicleByPercentage;822,80;179,40;Alpha3
N10;59;TimeDecoderWithVehicleByPercentage;894,20;115,86;Alpha3
N10;59;TimeDecoderWithVehicleByPercentage;916,83;115,86;Alpha3
N10;59;TimeDecoderWithVehicleByPercentage;858,95;115,86;Alpha3
N10;59;TimeDecoderWithVehicleByPercentage;878,72;115,86;Alpha3
N10;59;TimeDecoderWithVehicleByPercentage;894,20;115,86;Alpha3
N10;59;TimeDecoderWithVehicleByPercentage;815,26;199,99;Alpha3
N10;59;TimeDecoderWithVehicleByPercentage;913,56;115,86;Alpha3
N10;59;TimeDecoderWithVehicleByPercentage;890,17;115,86;Alpha3
N10;59;TimeDecoderWithVehicleByPercentage;882,75;115,86;Alpha3
N10;54;PositionalDecoderWithVehicleByPercentage;888,62;136,31;Alpha3
N10;54;PositionalDecoderWithVehicleByPercentage;830,70;136,31;Alpha3
N10;54;PositionalDecoderWithVehicleByPercentage;666,48;222,82;Alpha3
N10;54;PositionalDecoderWithVehicleByPercentage;879,56;136,31;Alpha3
N10;54;PositionalDecoderWithVehicleByPercentage;882,64;136,31;Alpha3
N10;54;PositionalDecoderWithVehicleByPercentage;888,62;136,31;Alpha3
N10;54;PositionalDecoderWithVehicleByPercentage;824,73;136,31;Alpha3
N10;54;PositionalDecoderWithVehicleByPercentage;866,83;136,31;Alpha3
N10;54;PositionalDecoderWithVehicleByPercentage;848,91;136,31;Alpha3
N10;54;PositionalDecoderWithVehicleByPercentage;808,35;136,31;Alpha3
N10;54;TimeDecoderWithVehicleByPercentage;889,39;136,31;Alpha3
N10;54;TimeDecoderWithVehicleByPercentage;902,84;136,31;Alpha3
N10;54;TimeDecoderWithVehicleByPercentage;855,17;136,31;Alpha3
N10;54;TimeDecoderWithVehicleByPercentage;867,68;136,31;Alpha3
N10;54;TimeDecoderWithVehicleByPercentage;894,69;136,31;Alpha3
N10;54;TimeDecoderWithVehicleByPercentage;824,73;136,31;Alpha3
N10;54;TimeDecoderWithVehicleByPercentage;846,72;136,31;Alpha3
N10;54;TimeDecoderWithVehicleByPercentage;838,89;136,31;Alpha3
N10;54;TimeDecoderWithVehicleByPercentage;832,92;136,31;Alpha3
N10;54;TimeDecoderWithVehicleByPercentage;895,95;136,31;Alpha3
N10;56;PositionalDecoderWithVehicleByPercentage;764,22;198,40;Alpha3
N10;56;PositionalDecoderWithVehicleByPercentage;864,42;204,30;Alpha3
N10;56;PositionalDecoderWithVehicleByPercentage;821,45;171,29;Alpha3
N10;56;PositionalDecoderWithVehicleByPercentage;937,83;175,02;Alpha3
N10;56;PositionalDecoderWithVehicleByPercentage;772,86;207,72;Alpha3
N10;56;PositionalDecoderWithVehicleByPercentage;876,17;175,02;Alpha3
N10;56;PositionalDecoderWithVehicleByPercentage;886,09;171,29;Alpha3
N10;56;PositionalDecoderWithVehicleByPercentage;804,29;171,29;Alpha3
N10;56;PositionalDecoderWithVehicleByPercentage;727,31;204,30;Alpha3
N10;56;PositionalDecoderWithVehicleByPercentage;759,13;171,29;Alpha3
N10;56;TimeDecoderWithVehicleByPercentage;937,86;175,02;Alpha3
N10;56;TimeDecoderWithVehicleByPercentage;895,46;175,02;Alpha3
N10;56;TimeDecoderWithVehicleByPercentage;779,13;171,29;Alpha3
N10;56;TimeDecoderWithVehicleByPercentage;747,46;204,30;Alpha3
N10;56;TimeDecoderWithVehicleByPercentage;795,67;171,29;Alpha3
N10;56;TimeDecoderWithVehicleByPercentage;809,33;171,29;Alpha3
N10;56;TimeDecoderWithVehicleByPercentage;861,52;171,29;Alpha3
N10;56;TimeDecoderWithVehicleByPercentage;879,70;204,30;Alpha3
N10;56;TimeDecoderWithVehicleByPercentage;785,35;171,29;Alpha3
N10;56;TimeDecoderWithVehicleByPercentage;842,73;171,29;Alpha3
N10;53;PositionalDecoderWithVehicleByPercentage;729,19;80,83;Alpha3
N10;53;PositionalDecoderWithVehicleByPercentage;720,13;80,83;Alpha3
N10;53;PositionalDecoderWithVehicleByPercentage;710,23;80,83;Alpha3
N10;53;PositionalDecoderWithVehicleByPercentage;722,20;80,83;Alpha3
N10;53;PositionalDecoderWithVehicleByPercentage;633,31;93,56;Alpha3
N10;53;PositionalDecoderWithVehicleByPercentage;719,46;80,83;Alpha3
N10;53;PositionalDecoderWithVehicleByPercentage;712,78;80,83;Alpha3
N10;53;PositionalDecoderWithVehicleByPercentage;686,90;80,83;Alpha3
N10;53;PositionalDecoderWithVehicleByPercentage;710,83;80,83;Alpha3
N10;53;PositionalDecoderWithVehicleByPercentage;719,57;80,83;Alpha3
N10;53;TimeDecoderWithVehicleByPercentage;717,14;80,83;Alpha3
N10;53;TimeDecoderWithVehicleByPercentage;722,20;80,83;Alpha3
N10;53;TimeDecoderWithVehicleByPercentage;723,78;80,83;Alpha3
N10;53;TimeDecoderWithVehicleByPercentage;717,14;80,83;Alpha3
N10;53;TimeDecoderWithVehicleByPercentage;722,12;80,83;Alpha3
N10;53;TimeDecoderWithVehicleByPercentage;688,39;80,83;Alpha3
N10;53;TimeDecoderWithVehicleByPercentage;712,55;80,83;Alpha3
N10;53;TimeDecoderWithVehicleByPercentage;724,45;80,83;Alpha3
N10;53;TimeDecoderWithVehicleByPercentage;720,13;80,83;Alpha3
N10;53;TimeDecoderWithVehicleByPercentage;717,13;80,83;Alpha3
N10;55;PositionalDecoderWithVehicleByPercentage;1029,72;182,37;Alpha3
N10;55;PositionalDecoderWithVehicleByPercentage;1040,99;182,37;Alpha3
N10;55;PositionalDecoderWithVehicleByPercentage;957,17;182,37;Alpha3
N10;55;PositionalDecoderWithVehicleByPercentage;726,31;243,14;Alpha3
N10;55;PositionalDecoderWithVehicleByPercentage;995,31;182,37;Alpha3
N10;55;PositionalDecoderWithVehicleByPercentage;976,25;182,37;Alpha3
N10;55;PositionalDecoderWithVehicleByPercentage;801,37;240,85;Alpha3
N10;55;PositionalDecoderWithVehicleByPercentage;842,84;238,39;Alpha3
N10;55;PositionalDecoderWithVehicleByPercentage;1016,42;182,37;Alpha3
N10;55;PositionalDecoderWithVehicleByPercentage;948,26;238,39;Alpha3
N10;55;TimeDecoderWithVehicleByPercentage;774,23;238,39;Alpha3
N10;55;TimeDecoderWithVehicleByPercentage;995,97;182,37;Alpha3
N10;55;TimeDecoderWithVehicleByPercentage;878,33;229,10;Alpha3
N10;55;TimeDecoderWithVehicleByPercentage;794,91;238,39;Alpha3
N10;55;TimeDecoderWithVehicleByPercentage;1073,73;182,37;Alpha3
N10;55;TimeDecoderWithVehicleByPercentage;980,33;182,37;Alpha3
N10;55;TimeDecoderWithVehicleByPercentage;782,07;240,85;Alpha3
N10;55;TimeDecoderWithVehicleByPercentage;961,14;240,85;Alpha3
N10;55;TimeDecoderWithVehicleByPercentage;951,75;182,37;Alpha3
N10;55;TimeDecoderWithVehicleByPercentage;779,17;238,39;Alpha3
N10;58;PositionalDecoderWithVehicleByPercentage;776,21;163,35;Alpha3
N10;58;PositionalDecoderWithVehicleByPercentage;766,18;184,33;Alpha3
N10;58;PositionalDecoderWithVehicleByPercentage;829,40;163,35;Alpha3
N10;58;PositionalDecoderWithVehicleByPercentage;853,74;163,35;Alpha3
N10;58;PositionalDecoderWithVehicleByPercentage;820,63;163,35;Alpha3
N10;58;PositionalDecoderWithVehicleByPercentage;780,73;163,35;Alpha3
N10;58;PositionalDecoderWithVehicleByPercentage;761,04;184,33;Alpha3
N10;58;PositionalDecoderWithVehicleByPercentage;692,70;184,33;Alpha3
N10;58;PositionalDecoderWithVehicleByPercentage;732,66;184,33;Alpha3
N10;58;PositionalDecoderWithVehicleByPercentage;771,08;163,35;Alpha3
N10;58;TimeDecoderWithVehicleByPercentage;811,11;163,35;Alpha3
N10;58;TimeDecoderWithVehicleByPercentage;722,83;188,34;Alpha3
N10;58;TimeDecoderWithVehicleByPercentage;877,26;184,33;Alpha3
N10;58;TimeDecoderWithVehicleByPercentage;908,61;184,33;Alpha3
N10;58;TimeDecoderWithVehicleByPercentage;758,53;188,34;Alpha3
N10;58;TimeDecoderWithVehicleByPercentage;728,88;184,33;Alpha3
N10;58;TimeDecoderWithVehicleByPercentage;769,60;184,33;Alpha3
N10;58;TimeDecoderWithVehicleByPercentage;803,07;184,33;Alpha3
N10;58;TimeDecoderWithVehicleByPercentage;874,78;187,58;Alpha3
N10;58;TimeDecoderWithVehicleByPercentage;870,52;189,51;Alpha3
N10;60;PositionalDecoderWithVehicleByPercentage;862,29;164,92;Alpha3
N10;60;PositionalDecoderWithVehicleByPercentage;909,00;164,92;Alpha3
N10;60;PositionalDecoderWithVehicleByPercentage;897,71;164,92;Alpha3
N10;60;PositionalDecoderWithVehicleByPercentage;891,35;164,92;Alpha3
N10;60;PositionalDecoderWithVehicleByPercentage;829,76;188,01;Alpha3
N10;60;PositionalDecoderWithVehicleByPercentage;909,52;164,92;Alpha3
N10;60;PositionalDecoderWithVehicleByPercentage;863,48;164,92;Alpha3
N10;60;PositionalDecoderWithVehicleByPercentage;876,20;164,92;Alpha3
N10;60;PositionalDecoderWithVehicleByPercentage;671,04;216,73;Alpha3
N10;60;PositionalDecoderWithVehicleByPercentage;855,92;164,92;Alpha3
N10;60;TimeDecoderWithVehicleByPercentage;902,52;164,92;Alpha3
N10;60;TimeDecoderWithVehicleByPercentage;909,00;164,92;Alpha3
N10;60;TimeDecoderWithVehicleByPercentage;910,35;164,92;Alpha3
N10;60;TimeDecoderWithVehicleByPercentage;865,97;164,92;Alpha3
N10;60;TimeDecoderWithVehicleByPercentage;902,75;164,92;Alpha3
N10;60;TimeDecoderWithVehicleByPercentage;913,34;164,92;Alpha3
N10;60;TimeDecoderWithVehicleByPercentage;915,35;164,92;Alpha3
N10;60;TimeDecoderWithVehicleByPercentage;889,50;164,92;Alpha3
N10;60;TimeDecoderWithVehicleByPercentage;903,46;164,92;Alpha3
N10;60;TimeDecoderWithVehicleByPercentage;860,81;164,92;Alpha3
N10;51;PositionalDecoderWithVehicleByPercentage;970,22;204,23;Alpha3
N10;51;PositionalDecoderWithVehicleByPercentage;843,16;226,91;Alpha3
N10;51;PositionalDecoderWithVehicleByPercentage;891,41;223,46;Alpha3
N10;51;PositionalDecoderWithVehicleByPercentage;854,93;222,63;Alpha3
N10;51;PositionalDecoderWithVehicleByPercentage;885,00;222,63;Alpha3
N10;51;PositionalDecoderWithVehicleByPercentage;1002,88;222,63;Alpha3
N10;51;PositionalDecoderWithVehicleByPercentage;869,18;223,46;Alpha3
N10;51;PositionalDecoderWithVehicleByPercentage;942,94;204,23;Alpha3
N10;51;PositionalDecoderWithVehicleByPercentage;928,60;222,63;Alpha3
N10;51;PositionalDecoderWithVehicleByPercentage;938,71;222,63;Alpha3
N10;51;TimeDecoderWithVehicleByPercentage;1048,69;222,63;Alpha3
N10;51;TimeDecoderWithVehicleByPercentage;867,03;226,91;Alpha3
N10;51;TimeDecoderWithVehicleByPercentage;842,23;223,46;Alpha3
N10;51;TimeDecoderWithVehicleByPercentage;911,55;223,46;Alpha3
N10;51;TimeDecoderWithVehicleByPercentage;795,54;223,46;Alpha3
N10;51;TimeDecoderWithVehicleByPercentage;989,68;222,63;Alpha3
N10;51;TimeDecoderWithVehicleByPercentage;943,74;222,63;Alpha3
N10;51;TimeDecoderWithVehicleByPercentage;1001,21;222,63;Alpha3
N10;51;TimeDecoderWithVehicleByPercentage;883,99;225,61;Alpha3
N10;51;TimeDecoderWithVehicleByPercentage;932,01;222,63;Alpha3
N10;52;PositionalDecoderWithVehicleByPercentage;783,53;124,95;Alpha3
N10;52;PositionalDecoderWithVehicleByPercentage;691,37;179,38;Alpha3
N10;52;PositionalDecoderWithVehicleByPercentage;821,68;124,95;Alpha3
N10;52;PositionalDecoderWithVehicleByPercentage;714,95;179,38;Alpha3
N10;52;PositionalDecoderWithVehicleByPercentage;791,24;124,95;Alpha3
N10;52;PositionalDecoderWithVehicleByPercentage;791,26;179,38;Alpha3
N10;52;PositionalDecoderWithVehicleByPercentage;781,84;124,95;Alpha3
N10;52;PositionalDecoderWithVehicleByPercentage;774,81;124,95;Alpha3
N10;52;PositionalDecoderWithVehicleByPercentage;734,02;142,21;Alpha3
N10;52;PositionalDecoderWithVehicleByPercentage;791,26;179,38;Alpha3
N10;52;TimeDecoderWithVehicleByPercentage;810,24;142,21;Alpha3
N10;52;TimeDecoderWithVehicleByPercentage;558,58;179,38;Alpha3
N10;52;TimeDecoderWithVehicleByPercentage;790,17;142,21;Alpha3
N10;52;TimeDecoderWithVehicleByPercentage;790,78;124,95;Alpha3
N10;52;TimeDecoderWithVehicleByPercentage;667,62;179,38;Alpha3
N10;52;TimeDecoderWithVehicleByPercentage;798,66;179,38;Alpha3
N10;52;TimeDecoderWithVehicleByPercentage;773,79;124,95;Alpha3
N10;52;TimeDecoderWithVehicleByPercentage;790,60;124,95;Alpha3
N10;52;TimeDecoderWithVehicleByPercentage;763,05;142,21;Alpha3
N10;52;TimeDecoderWithVehicleByPercentage;770,38;124,95;Alpha3
N20;68;PositionalDecoderWithVehicleByPercentage;1666,20;335,10;Alpha3
N20;68;PositionalDecoderWithVehicleByPercentage;1551,43;266,84;Alpha3
N20;68;PositionalDecoderWithVehicleByPercentage;1621,87;289,66;Alpha3
N20;68;PositionalDecoderWithVehicleByPercentage;1177,16;304,62;Alpha3
N20;68;PositionalDecoderWithVehicleByPercentage;1335,52;301,35;Alpha3
N20;68;PositionalDecoderWithVehicleByPercentage;1584,00;310,34;Alpha3
N20;68;PositionalDecoderWithVehicleByPercentage;1435,65;340,60;Alpha3
N20;68;PositionalDecoderWithVehicleByPercentage;1572,41;290,84;Alpha3
N20;68;PositionalDecoderWithVehicleByPercentage;1419,30;295,95;Alpha3
N20;68;PositionalDecoderWithVehicleByPercentage;1271,44;304,90;Alpha3
N20;68;TimeDecoderWithVehicleByPercentage;1373,56;296,86;Alpha3
N20;68;TimeDecoderWithVehicleByPercentage;1691,65;310,80;Alpha3
N20;68;TimeDecoderWithVehicleByPercentage;1481,42;354,74;Alpha3
N20;68;TimeDecoderWithVehicleByPercentage;1340,27;295,20;Alpha3
N20;68;TimeDecoderWithVehicleByPercentage;1347,43;260,98;Alpha3
N20;68;TimeDecoderWithVehicleByPercentage;1213,60;307,67;Alpha3
N20;68;TimeDecoderWithVehicleByPercentage;1437,62;270,00;Alpha3
N20;68;TimeDecoderWithVehicleByPercentage;1310,93;334,67;Alpha3
N20;68;TimeDecoderWithVehicleByPercentage;1431,38;280,36;Alpha3
N20;68;TimeDecoderWithVehicleByPercentage;1296,50;312,41;Alpha3
N20;61;PositionalDecoderWithVehicleByPercentage;1091,69;231,34;Alpha3
N20;61;PositionalDecoderWithVehicleByPercentage;912,77;182,77;Alpha3
N20;61;PositionalDecoderWithVehicleByPercentage;1020,01;181,59;Alpha3
N20;61;PositionalDecoderWithVehicleByPercentage;1008,80;178,69;Alpha3
N20;61;PositionalDecoderWithVehicleByPercentage;1101,66;247,62;Alpha3
N20;61;PositionalDecoderWithVehicleByPercentage;1166,64;236,06;Alpha3
N20;61;PositionalDecoderWithVehicleByPercentage;1128,34;183,93;Alpha3
N20;61;PositionalDecoderWithVehicleByPercentage;1078,50;203,83;Alpha3
N20;61;PositionalDecoderWithVehicleByPercentage;1083,49;213,77;Alpha3
N20;61;PositionalDecoderWithVehicleByPercentage;1049,48;187,19;Alpha3
N20;61;TimeDecoderWithVehicleByPercentage;1022,55;191,98;Alpha3
N20;61;TimeDecoderWithVehicleByPercentage;908,84;258,04;Alpha3
N20;61;TimeDecoderWithVehicleByPercentage;1117,45;261,24;Alpha3
N20;61;TimeDecoderWithVehicleByPercentage;1207,14;226,75;Alpha3
N20;61;TimeDecoderWithVehicleByPercentage;1009,79;183,52;Alpha3
N20;61;TimeDecoderWithVehicleByPercentage;1082,61;215,95;Alpha3
N20;61;TimeDecoderWithVehicleByPercentage;1143,06;219,62;Alpha3
N20;61;TimeDecoderWithVehicleByPercentage;1169,04;232,78;Alpha3
N20;61;TimeDecoderWithVehicleByPercentage;1098,98;232,08;Alpha3
N20;61;TimeDecoderWithVehicleByPercentage;1184,97;230,53;Alpha3
N20;62;PositionalDecoderWithVehicleByPercentage;1215,69;250,82;Alpha3
N20;62;PositionalDecoderWithVehicleByPercentage;1201,86;235,28;Alpha3
N20;62;PositionalDecoderWithVehicleByPercentage;1477,47;289,29;Alpha3
N20;62;PositionalDecoderWithVehicleByPercentage;1414,23;264,06;Alpha3
N20;62;PositionalDecoderWithVehicleByPercentage;1349,70;275,22;Alpha3
N20;62;PositionalDecoderWithVehicleByPercentage;1278,42;267,38;Alpha3
N20;62;PositionalDecoderWithVehicleByPercentage;1261,90;217,28;Alpha3
N20;62;PositionalDecoderWithVehicleByPercentage;1383,59;272,50;Alpha3
N20;62;PositionalDecoderWithVehicleByPercentage;1425,06;273,46;Alpha3
N20;62;PositionalDecoderWithVehicleByPercentage;1139,20;275,10;Alpha3
N20;62;TimeDecoderWithVehicleByPercentage;1274,96;300,13;Alpha3
N20;62;TimeDecoderWithVehicleByPercentage;1321,32;239,13;Alpha3
N20;62;TimeDecoderWithVehicleByPercentage;1423,08;271,82;Alpha3
N20;62;TimeDecoderWithVehicleByPercentage;1190,71;295,03;Alpha3
N20;62;TimeDecoderWithVehicleByPercentage;1197,43;307,16;Alpha3
N20;62;TimeDecoderWithVehicleByPercentage;1176,20;249,31;Alpha3
N20;62;TimeDecoderWithVehicleByPercentage;1449,77;274,21;Alpha3
N20;62;TimeDecoderWithVehicleByPercentage;1432,91;223,16;Alpha3
N20;62;TimeDecoderWithVehicleByPercentage;1449,98;242,48;Alpha3
N20;62;TimeDecoderWithVehicleByPercentage;1417,57;229,53;Alpha3
N20;63;PositionalDecoderWithVehicleByPercentage;1401,62;248,63;Alpha3
N20;63;PositionalDecoderWithVehicleByPercentage;1584,49;302,35;Alpha3
N20;63;PositionalDecoderWithVehicleByPercentage;1301,34;298,84;Alpha3
N20;63;PositionalDecoderWithVehicleByPercentage;978,76;279,41;Alpha3
N20;63;PositionalDecoderWithVehicleByPercentage;1375,67;279,54;Alpha3
N20;63;PositionalDecoderWithVehicleByPercentage;1359,95;284,89;Alpha3
N20;63;PositionalDecoderWithVehicleByPercentage;1360,75;293,00;Alpha3
N20;63;PositionalDecoderWithVehicleByPercentage;1286,26;292,14;Alpha3
N20;63;PositionalDecoderWithVehicleByPercentage;1226,19;271,38;Alpha3
N20;63;PositionalDecoderWithVehicleByPercentage;1273,51;302,52;Alpha3
N20;63;TimeDecoderWithVehicleByPercentage;1287,75;289,61;Alpha3
N20;63;TimeDecoderWithVehicleByPercentage;1293,12;307,99;Alpha3
N20;63;TimeDecoderWithVehicleByPercentage;1380,08;261,64;Alpha3
N20;63;TimeDecoderWithVehicleByPercentage;1238,32;309,43;Alpha3
N20;63;TimeDecoderWithVehicleByPercentage;1331,54;340,72;Alpha3
N20;63;TimeDecoderWithVehicleByPercentage;1282,11;298,39;Alpha3
N20;63;TimeDecoderWithVehicleByPercentage;1503,04;308,88;Alpha3
N20;63;TimeDecoderWithVehicleByPercentage;1087,85;258,83;Alpha3
N20;63;TimeDecoderWithVehicleByPercentage;1272,13;313,49;Alpha3
N20;63;TimeDecoderWithVehicleByPercentage;1307,50;294,00;Alpha3
N20;66;PositionalDecoderWithVehicleByPercentage;1262,34;271,59;Alpha3
N20;66;PositionalDecoderWithVehicleByPercentage;1406,31;276,77;Alpha3
N20;66;PositionalDecoderWithVehicleByPercentage;1452,13;248,77;Alpha3
N20;66;PositionalDecoderWithVehicleByPercentage;1165,34;332,86;Alpha3
N20;66;PositionalDecoderWithVehicleByPercentage;1348,65;282,12;Alpha3
N20;66;PositionalDecoderWithVehicleByPercentage;1477,61;244,98;Alpha3
N20;66;PositionalDecoderWithVehicleByPercentage;1597,22;344,38;Alpha3
N20;66;PositionalDecoderWithVehicleByPercentage;1421,49;330,04;Alpha3
N20;66;PositionalDecoderWithVehicleByPercentage;1575,72;246,18;Alpha3
N20;66;PositionalDecoderWithVehicleByPercentage;1440,46;307,36;Alpha3
N20;66;TimeDecoderWithVehicleByPercentage;1691,34;326,70;Alpha3
N20;66;TimeDecoderWithVehicleByPercentage;1629,96;306,93;Alpha3
N20;66;TimeDecoderWithVehicleByPercentage;1408,64;332,02;Alpha3
N20;66;TimeDecoderWithVehicleByPercentage;1396,37;322,00;Alpha3
N20;66;TimeDecoderWithVehicleByPercentage;1720,69;264,55;Alpha3
N20;66;TimeDecoderWithVehicleByPercentage;1195,40;283,73;Alpha3
N20;66;TimeDecoderWithVehicleByPercentage;1321,56;288,29;Alpha3
N20;66;TimeDecoderWithVehicleByPercentage;1525,04;287,27;Alpha3
N20;66;TimeDecoderWithVehicleByPercentage;1526,70;230,62;Alpha3
N20;66;TimeDecoderWithVehicleByPercentage;1326,19;325,07;Alpha3
N20;67;PositionalDecoderWithVehicleByPercentage;1345,14;304,05;Alpha3
N20;67;PositionalDecoderWithVehicleByPercentage;1426,58;248,93;Alpha3
N20;67;PositionalDecoderWithVehicleByPercentage;1301,68;296,92;Alpha3
N20;67;PositionalDecoderWithVehicleByPercentage;1462,92;323,83;Alpha3
N20;67;PositionalDecoderWithVehicleByPercentage;1234,15;312,84;Alpha3
N20;67;PositionalDecoderWithVehicleByPercentage;1249,75;313,68;Alpha3
N20;67;PositionalDecoderWithVehicleByPercentage;1565,57;260,27;Alpha3
N20;67;PositionalDecoderWithVehicleByPercentage;1093,97;262,31;Alpha3
N20;67;PositionalDecoderWithVehicleByPercentage;1371,21;265,04;Alpha3
N20;67;PositionalDecoderWithVehicleByPercentage;1264,77;359,99;Alpha3
N20;67;TimeDecoderWithVehicleByPercentage;1625,56;277,61;Alpha3
N20;67;TimeDecoderWithVehicleByPercentage;1541,07;316,19;Alpha3
N20;67;TimeDecoderWithVehicleByPercentage;1535,68;302,66;Alpha3
N20;67;TimeDecoderWithVehicleByPercentage;1472,66;327,34;Alpha3
N20;67;TimeDecoderWithVehicleByPercentage;1327,97;290,63;Alpha3
N20;67;TimeDecoderWithVehicleByPercentage;1406,73;337,09;Alpha3
N20;67;TimeDecoderWithVehicleByPercentage;1450,25;365,42;Alpha3
N20;67;TimeDecoderWithVehicleByPercentage;1490,88;278,45;Alpha3
N20;67;TimeDecoderWithVehicleByPercentage;1508,80;335,36;Alpha3
N20;67;TimeDecoderWithVehicleByPercentage;1480,41;292,34;Alpha3
N20;64;PositionalDecoderWithVehicleByPercentage;1175,03;239,53;Alpha3
N20;64;PositionalDecoderWithVehicleByPercentage;1227,63;263,69;Alpha3
N20;64;PositionalDecoderWithVehicleByPercentage;1010,53;227,40;Alpha3
N20;64;PositionalDecoderWithVehicleByPercentage;1212,11;204,42;Alpha3
N20;64;PositionalDecoderWithVehicleByPercentage;1285,23;193,94;Alpha3
N20;64;PositionalDecoderWithVehicleByPercentage;1130,46;271,26;Alpha3
N20;64;PositionalDecoderWithVehicleByPercentage;1297,88;195,64;Alpha3
N20;64;PositionalDecoderWithVehicleByPercentage;1194,42;254,48;Alpha3
N20;64;PositionalDecoderWithVehicleByPercentage;1293,74;259,76;Alpha3
N20;64;PositionalDecoderWithVehicleByPercentage;1209,12;264,37;Alpha3
N20;64;TimeDecoderWithVehicleByPercentage;1287,39;269,02;Alpha3
N20;64;TimeDecoderWithVehicleByPercentage;1253,62;289,41;Alpha3
N20;64;TimeDecoderWithVehicleByPercentage;1096,86;233,68;Alpha3
N20;64;TimeDecoderWithVehicleByPercentage;1384,55;224,96;Alpha3
N20;64;TimeDecoderWithVehicleByPercentage;1134,07;269,66;Alpha3
N20;64;TimeDecoderWithVehicleByPercentage;1383,46;197,76;Alpha3
N20;64;TimeDecoderWithVehicleByPercentage;1259,90;222,58;Alpha3
N20;64;TimeDecoderWithVehicleByPercentage;1328,67;229,87;Alpha3
N20;64;TimeDecoderWithVehicleByPercentage;1290,88;242,50;Alpha3
N20;64;TimeDecoderWithVehicleByPercentage;1296,44;205,62;Alpha3
N20;65;PositionalDecoderWithVehicleByPercentage;1153,27;312,79;Alpha3
N20;65;PositionalDecoderWithVehicleByPercentage;1493,42;286,52;Alpha3
N20;65;PositionalDecoderWithVehicleByPercentage;1261,37;325,73;Alpha3
N20;65;PositionalDecoderWithVehicleByPercentage;1245,42;312,96;Alpha3
N20;65;PositionalDecoderWithVehicleByPercentage;1480,80;311,42;Alpha3
N20;65;PositionalDecoderWithVehicleByPercentage;1238,09;329,07;Alpha3
N20;65;PositionalDecoderWithVehicleByPercentage;1283,79;289,89;Alpha3
N20;65;PositionalDecoderWithVehicleByPercentage;1537,08;300,50;Alpha3
N20;65;PositionalDecoderWithVehicleByPercentage;1426,12;296,99;Alpha3
N20;65;PositionalDecoderWithVehicleByPercentage;1387,95;302,76;Alpha3
N20;65;TimeDecoderWithVehicleByPercentage;1388,17;293,82;Alpha3
N20;65;TimeDecoderWithVehicleByPercentage;1609,25;325,56;Alpha3
N20;65;TimeDecoderWithVehicleByPercentage;1200,80;278,62;Alpha3
N20;65;TimeDecoderWithVehicleByPercentage;1494,96;350,35;Alpha3
N20;65;TimeDecoderWithVehicleByPercentage;1169,26;305,29;Alpha3
N20;65;TimeDecoderWithVehicleByPercentage;1249,17;304,18;Alpha3
N20;65;TimeDecoderWithVehicleByPercentage;1264,36;297,34;Alpha3
N20;65;TimeDecoderWithVehicleByPercentage;1257,39;333,19;Alpha3
N20;65;TimeDecoderWithVehicleByPercentage;1239,20;300,38;Alpha3
N20;65;TimeDecoderWithVehicleByPercentage;1048,31;323,29;Alpha3
N20;69;PositionalDecoderWithVehicleByPercentage;1336,64;266,26;Alpha3
N20;69;PositionalDecoderWithVehicleByPercentage;1522,58;236,76;Alpha3
N20;69;PositionalDecoderWithVehicleByPercentage;1186,23;290,33;Alpha3
N20;69;PositionalDecoderWithVehicleByPercentage;1427,92;299,90;Alpha3
N20;69;PositionalDecoderWithVehicleByPercentage;1321,29;275,94;Alpha3
N20;69;PositionalDecoderWithVehicleByPercentage;1197,15;274,33;Alpha3
N20;69;PositionalDecoderWithVehicleByPercentage;1553,91;268,09;Alpha3
N20;69;PositionalDecoderWithVehicleByPercentage;1271,67;305,64;Alpha3
N20;69;PositionalDecoderWithVehicleByPercentage;1345,62;282,70;Alpha3
N20;69;PositionalDecoderWithVehicleByPercentage;1488,33;258,53;Alpha3
N20;69;TimeDecoderWithVehicleByPercentage;1472,74;235,89;Alpha3
N20;69;TimeDecoderWithVehicleByPercentage;1399,49;215,82;Alpha3
N20;69;TimeDecoderWithVehicleByPercentage;1445,73;267,29;Alpha3
N20;69;TimeDecoderWithVehicleByPercentage;1367,34;237,81;Alpha3
N20;69;TimeDecoderWithVehicleByPercentage;1452,00;295,43;Alpha3
N20;69;TimeDecoderWithVehicleByPercentage;1325,59;279,37;Alpha3
N20;69;TimeDecoderWithVehicleByPercentage;1279,12;280,64;Alpha3
N20;69;TimeDecoderWithVehicleByPercentage;1322,33;258,92;Alpha3
N20;69;TimeDecoderWithVehicleByPercentage;1328,45;214,33;Alpha3
N20;69;TimeDecoderWithVehicleByPercentage;1417,36;289,40;Alpha3
N20;70;PositionalDecoderWithVehicleByPercentage;1385,74;280,49;Alpha3
N20;70;PositionalDecoderWithVehicleByPercentage;1223,60;291,01;Alpha3
N20;70;PositionalDecoderWithVehicleByPercentage;1430,80;240,73;Alpha3
N20;70;PositionalDecoderWithVehicleByPercentage;1598,47;244,00;Alpha3
N20;70;PositionalDecoderWithVehicleByPercentage;1452,31;304,10;Alpha3
N20;70;PositionalDecoderWithVehicleByPercentage;1131,24;287,59;Alpha3
N20;70;PositionalDecoderWithVehicleByPercentage;1240,85;255,05;Alpha3
N20;70;PositionalDecoderWithVehicleByPercentage;1504,44;221,49;Alpha3
N20;70;PositionalDecoderWithVehicleByPercentage;1415,80;246,31;Alpha3
N20;70;PositionalDecoderWithVehicleByPercentage;1261,09;271,74;Alpha3
N20;70;TimeDecoderWithVehicleByPercentage;1400,22;315,17;Alpha3
N20;70;TimeDecoderWithVehicleByPercentage;1511,81;219,13;Alpha3
N20;70;TimeDecoderWithVehicleByPercentage;1277,91;262,91;Alpha3
N20;70;TimeDecoderWithVehicleByPercentage;1370,41;310,35;Alpha3
N20;70;TimeDecoderWithVehicleByPercentage;1269,54;257,98;Alpha3
N20;70;TimeDecoderWithVehicleByPercentage;1424,33;276,23;Alpha3
N20;70;TimeDecoderWithVehicleByPercentage;1391,20;286,68;Alpha3
N20;70;TimeDecoderWithVehicleByPercentage;1314,64;301,80;Alpha3
N20;70;TimeDecoderWithVehicleByPercentage;1551,60;295,42;Alpha3
N20;70;TimeDecoderWithVehicleByPercentage;1363,45;243,48;Alpha3
N50;74;PositionalDecoderWithVehicleByPercentage;3392,90;738,54;Alpha3
N50;74;PositionalDecoderWithVehicleByPercentage;3369,84;614,34;Alpha3
N50;74;PositionalDecoderWithVehicleByPercentage;3232,19;672,14;Alpha3
N50;74;PositionalDecoderWithVehicleByPercentage;3344,92;659,78;Alpha3
N50;74;PositionalDecoderWithVehicleByPercentage;3127,13;644,71;Alpha3
N50;74;PositionalDecoderWithVehicleByPercentage;3248,26;581,16;Alpha3
N50;74;PositionalDecoderWithVehicleByPercentage;3258,01;657,00;Alpha3
N50;74;PositionalDecoderWithVehicleByPercentage;2646,38;599,57;Alpha3
N50;74;PositionalDecoderWithVehicleByPercentage;2865,56;633,58;Alpha3
N50;74;PositionalDecoderWithVehicleByPercentage;3256,40;611,29;Alpha3
N50;74;TimeDecoderWithVehicleByPercentage;3184,24;574,91;Alpha3
N50;74;TimeDecoderWithVehicleByPercentage;3233,29;671,64;Alpha3
N50;74;TimeDecoderWithVehicleByPercentage;3004,50;522,19;Alpha3
N50;74;TimeDecoderWithVehicleByPercentage;3375,69;684,66;Alpha3
N50;74;TimeDecoderWithVehicleByPercentage;3002,26;514,89;Alpha3
N50;74;TimeDecoderWithVehicleByPercentage;2989,01;754,26;Alpha3
N50;74;TimeDecoderWithVehicleByPercentage;3267,05;623,09;Alpha3
N50;74;TimeDecoderWithVehicleByPercentage;3057,75;570,41;Alpha3
N50;74;TimeDecoderWithVehicleByPercentage;3031,64;576,42;Alpha3
N50;74;TimeDecoderWithVehicleByPercentage;3096,84;602,72;Alpha3
N50;75;PositionalDecoderWithVehicleByPercentage;3557,08;641,38;Alpha3
N50;75;PositionalDecoderWithVehicleByPercentage;3394,24;702,23;Alpha3
N50;75;PositionalDecoderWithVehicleByPercentage;2880,41;709,85;Alpha3
N50;75;PositionalDecoderWithVehicleByPercentage;3491,04;738,35;Alpha3
N50;75;PositionalDecoderWithVehicleByPercentage;3218,22;665,27;Alpha3
N50;75;PositionalDecoderWithVehicleByPercentage;3214,01;581,77;Alpha3
N50;75;PositionalDecoderWithVehicleByPercentage;3338,07;706,09;Alpha3
N50;75;PositionalDecoderWithVehicleByPercentage;3332,16;721,45;Alpha3
N50;75;PositionalDecoderWithVehicleByPercentage;3517,25;756,48;Alpha3
N50;75;PositionalDecoderWithVehicleByPercentage;3393,75;621,49;Alpha3
N50;75;TimeDecoderWithVehicleByPercentage;3200,38;674,21;Alpha3
N50;75;TimeDecoderWithVehicleByPercentage;2565,25;730,36;Alpha3
N50;75;TimeDecoderWithVehicleByPercentage;3476,87;609,54;Alpha3
N50;75;TimeDecoderWithVehicleByPercentage;3417,15;576,67;Alpha3
N50;75;TimeDecoderWithVehicleByPercentage;3064,46;616,03;Alpha3
N50;75;TimeDecoderWithVehicleByPercentage;3174,07;598,27;Alpha3
N50;75;TimeDecoderWithVehicleByPercentage;3258,99;708,98;Alpha3
N50;75;TimeDecoderWithVehicleByPercentage;3452,45;724,37;Alpha3
N50;75;TimeDecoderWithVehicleByPercentage;3068,68;559,15;Alpha3
N50;75;TimeDecoderWithVehicleByPercentage;3515,78;771,96;Alpha3
N50;76;PositionalDecoderWithVehicleByPercentage;3040,21;584,07;Alpha3
N50;76;PositionalDecoderWithVehicleByPercentage;3360,37;819,64;Alpha3
N50;76;PositionalDecoderWithVehicleByPercentage;3280,62;707,25;Alpha3
N50;76;PositionalDecoderWithVehicleByPercentage;3353,46;611,12;Alpha3
N50;76;PositionalDecoderWithVehicleByPercentage;2712,39;559,46;Alpha3
N50;76;PositionalDecoderWithVehicleByPercentage;2961,89;693,46;Alpha3
N50;76;PositionalDecoderWithVehicleByPercentage;3409,81;601,32;Alpha3
N50;76;PositionalDecoderWithVehicleByPercentage;3353,79;562,24;Alpha3
N50;76;PositionalDecoderWithVehicleByPercentage;3295,47;599,74;Alpha3
N50;76;PositionalDecoderWithVehicleByPercentage;3070,36;586,29;Alpha3
N50;76;TimeDecoderWithVehicleByPercentage;3437,79;632,73;Alpha3
N50;76;TimeDecoderWithVehicleByPercentage;3252,87;653,57;Alpha3
N50;76;TimeDecoderWithVehicleByPercentage;3145,15;643,68;Alpha3
N50;76;TimeDecoderWithVehicleByPercentage;3503,06;615,34;Alpha3
N50;76;TimeDecoderWithVehicleByPercentage;2962,33;632,86;Alpha3
N50;76;TimeDecoderWithVehicleByPercentage;2891,95;621,49;Alpha3
N50;76;TimeDecoderWithVehicleByPercentage;2653,24;694,67;Alpha3
N50;76;TimeDecoderWithVehicleByPercentage;3198,96;696,81;Alpha3
N50;76;TimeDecoderWithVehicleByPercentage;3103,52;611,18;Alpha3
N50;76;TimeDecoderWithVehicleByPercentage;2952,71;682,53;Alpha3
N50;78;PositionalDecoderWithVehicleByPercentage;3576,88;647,28;Alpha3
N50;78;PositionalDecoderWithVehicleByPercentage;3602,11;657,57;Alpha3
N50;78;PositionalDecoderWithVehicleByPercentage;3996,64;618,30;Alpha3
N50;78;PositionalDecoderWithVehicleByPercentage;3880,62;668,92;Alpha3
N50;78;PositionalDecoderWithVehicleByPercentage;3597,96;611,34;Alpha3
N50;78;PositionalDecoderWithVehicleByPercentage;3158,28;716,41;Alpha3
N50;78;PositionalDecoderWithVehicleByPercentage;3006,08;611,45;Alpha3
N50;78;PositionalDecoderWithVehicleByPercentage;3637,98;669,17;Alpha3
N50;78;PositionalDecoderWithVehicleByPercentage;3454,97;604,69;Alpha3
N50;78;PositionalDecoderWithVehicleByPercentage;3233,07;719,03;Alpha3
N50;78;TimeDecoderWithVehicleByPercentage;3338,74;631,76;Alpha3
N50;78;TimeDecoderWithVehicleByPercentage;3785,07;766,12;Alpha3
N50;78;TimeDecoderWithVehicleByPercentage;3305,32;607,22;Alpha3
N50;78;TimeDecoderWithVehicleByPercentage;3031,07;611,42;Alpha3
N50;78;TimeDecoderWithVehicleByPercentage;3294,75;818,47;Alpha3
N50;78;TimeDecoderWithVehicleByPercentage;3576,06;510,36;Alpha3
N50;78;TimeDecoderWithVehicleByPercentage;3341,48;693,34;Alpha3
N50;78;TimeDecoderWithVehicleByPercentage;3126,07;629,54;Alpha3
N50;78;TimeDecoderWithVehicleByPercentage;3850,67;630,40;Alpha3
N50;78;TimeDecoderWithVehicleByPercentage;3300,85;741,85;Alpha3
N50;79;PositionalDecoderWithVehicleByPercentage;3241,88;546,82;Alpha3
N50;79;PositionalDecoderWithVehicleByPercentage;2770,46;523,91;Alpha3
N50;79;PositionalDecoderWithVehicleByPercentage;2865,69;692,58;Alpha3
N50;79;PositionalDecoderWithVehicleByPercentage;2709,31;598,80;Alpha3
N50;79;PositionalDecoderWithVehicleByPercentage;2754,39;577,51;Alpha3
N50;79;PositionalDecoderWithVehicleByPercentage;2987,93;622,90;Alpha3
N50;79;PositionalDecoderWithVehicleByPercentage;3114,61;706,26;Alpha3
N50;79;PositionalDecoderWithVehicleByPercentage;2881,35;581,73;Alpha3
N50;79;PositionalDecoderWithVehicleByPercentage;3065,67;529,95;Alpha3
N50;79;PositionalDecoderWithVehicleByPercentage;2692,05;613,48;Alpha3
N50;79;TimeDecoderWithVehicleByPercentage;3098,90;588,11;Alpha3
N50;79;TimeDecoderWithVehicleByPercentage;2966,46;653,79;Alpha3
N50;79;TimeDecoderWithVehicleByPercentage;2995,37;603,86;Alpha3
N50;79;TimeDecoderWithVehicleByPercentage;2744,90;501,48;Alpha3
N50;79;TimeDecoderWithVehicleByPercentage;2865,57;553,21;Alpha3
N50;79;TimeDecoderWithVehicleByPercentage;2741,24;624,79;Alpha3
N50;79;TimeDecoderWithVehicleByPercentage;3031,47;492,93;Alpha3
N50;79;TimeDecoderWithVehicleByPercentage;3076,27;570,75;Alpha3
N50;79;TimeDecoderWithVehicleByPercentage;2997,89;618,73;Alpha3
N50;79;TimeDecoderWithVehicleByPercentage;2869,72;555,50;Alpha3
N50;71;PositionalDecoderWithVehicleByPercentage;3167,31;600,78;Alpha3
N50;71;PositionalDecoderWithVehicleByPercentage;3380,66;608,43;Alpha3
N50;71;PositionalDecoderWithVehicleByPercentage;3203,64;612,10;Alpha3
N50;71;PositionalDecoderWithVehicleByPercentage;3198,07;665,46;Alpha3
N50;71;PositionalDecoderWithVehicleByPercentage;3427,43;564,94;Alpha3
N50;71;PositionalDecoderWithVehicleByPercentage;3294,78;608,90;Alpha3
N50;71;PositionalDecoderWithVehicleByPercentage;3321,51;711,04;Alpha3
N50;71;PositionalDecoderWithVehicleByPercentage;2933,53;597,30;Alpha3
N50;71;PositionalDecoderWithVehicleByPercentage;3415,19;734,63;Alpha3
N50;71;PositionalDecoderWithVehicleByPercentage;3035,94;693,70;Alpha3
N50;71;TimeDecoderWithVehicleByPercentage;3164,69;691,97;Alpha3
N50;71;TimeDecoderWithVehicleByPercentage;3178,74;584,86;Alpha3
N50;71;TimeDecoderWithVehicleByPercentage;3038,49;606,43;Alpha3
N50;71;TimeDecoderWithVehicleByPercentage;3262,37;632,92;Alpha3
N50;71;TimeDecoderWithVehicleByPercentage;3070,72;721,19;Alpha3
N50;71;TimeDecoderWithVehicleByPercentage;3191,29;645,26;Alpha3
N50;71;TimeDecoderWithVehicleByPercentage;3267,05;657,50;Alpha3
N50;71;TimeDecoderWithVehicleByPercentage;3028,39;721,79;Alpha3
N50;71;TimeDecoderWithVehicleByPercentage;3195,88;637,17;Alpha3
N50;71;TimeDecoderWithVehicleByPercentage;3220,42;613,44;Alpha3
N50;72;PositionalDecoderWithVehicleByPercentage;2829,28;624,49;Alpha3
N50;72;PositionalDecoderWithVehicleByPercentage;3723,93;670,86;Alpha3
N50;72;PositionalDecoderWithVehicleByPercentage;3653,19;688,99;Alpha3
N50;72;PositionalDecoderWithVehicleByPercentage;3453,50;684,74;Alpha3
N50;72;PositionalDecoderWithVehicleByPercentage;2940,11;533,16;Alpha3
N50;72;PositionalDecoderWithVehicleByPercentage;3406,26;752,34;Alpha3
N50;72;PositionalDecoderWithVehicleByPercentage;3480,96;697,16;Alpha3
N50;72;PositionalDecoderWithVehicleByPercentage;3079,15;684,07;Alpha3
N50;72;PositionalDecoderWithVehicleByPercentage;3425,52;642,20;Alpha3
N50;72;PositionalDecoderWithVehicleByPercentage;3663,36;750,22;Alpha3
N50;72;TimeDecoderWithVehicleByPercentage;3870,49;687,20;Alpha3
N50;72;TimeDecoderWithVehicleByPercentage;3352,22;586,03;Alpha3
N50;72;TimeDecoderWithVehicleByPercentage;3275,19;669,36;Alpha3
N50;72;TimeDecoderWithVehicleByPercentage;2882,18;608,45;Alpha3
N50;72;TimeDecoderWithVehicleByPercentage;3247,33;609,93;Alpha3
N50;72;TimeDecoderWithVehicleByPercentage;3368,90;761,75;Alpha3
N50;72;TimeDecoderWithVehicleByPercentage;3146,86;648,48;Alpha3
N50;72;TimeDecoderWithVehicleByPercentage;3646,89;828,12;Alpha3
N50;72;TimeDecoderWithVehicleByPercentage;3441,90;726,89;Alpha3
N50;72;TimeDecoderWithVehicleByPercentage;3595,92;622,67;Alpha3
N50;73;PositionalDecoderWithVehicleByPercentage;3444,07;674,25;Alpha3
N50;73;PositionalDecoderWithVehicleByPercentage;3191,10;724,28;Alpha3
N50;73;PositionalDecoderWithVehicleByPercentage;3458,78;746,16;Alpha3
N50;73;PositionalDecoderWithVehicleByPercentage;3164,38;672,97;Alpha3
N50;73;PositionalDecoderWithVehicleByPercentage;3268,13;733,73;Alpha3
N50;73;PositionalDecoderWithVehicleByPercentage;3167,80;607,60;Alpha3
N50;73;PositionalDecoderWithVehicleByPercentage;3303,28;685,83;Alpha3
N50;73;PositionalDecoderWithVehicleByPercentage;3296,64;759,62;Alpha3
N50;73;PositionalDecoderWithVehicleByPercentage;3296,21;603,68;Alpha3
N50;73;PositionalDecoderWithVehicleByPercentage;3603,45;663,64;Alpha3
N50;73;TimeDecoderWithVehicleByPercentage;3567,59;664,64;Alpha3
N50;73;TimeDecoderWithVehicleByPercentage;3426,57;679,52;Alpha3
N50;73;TimeDecoderWithVehicleByPercentage;3415,15;725,75;Alpha3
N50;73;TimeDecoderWithVehicleByPercentage;3463,90;802,86;Alpha3
N50;73;TimeDecoderWithVehicleByPercentage;3867,94;795,70;Alpha3
N50;73;TimeDecoderWithVehicleByPercentage;3227,78;719,92;Alpha3
N50;73;TimeDecoderWithVehicleByPercentage;3194,75;716,32;Alpha3
N50;73;TimeDecoderWithVehicleByPercentage;3678,62;797,74;Alpha3
N50;73;TimeDecoderWithVehicleByPercentage;3183,04;648,99;Alpha3
N50;73;TimeDecoderWithVehicleByPercentage;3110,04;646,15;Alpha3
N50;77;PositionalDecoderWithVehicleByPercentage;2978,74;558,64;Alpha3
N50;77;PositionalDecoderWithVehicleByPercentage;2938,92;693,08;Alpha3
N50;77;PositionalDecoderWithVehicleByPercentage;3205,56;553,78;Alpha3
N50;77;PositionalDecoderWithVehicleByPercentage;3164,90;617,75;Alpha3
N50;77;PositionalDecoderWithVehicleByPercentage;3153,87;612,78;Alpha3
N50;77;PositionalDecoderWithVehicleByPercentage;3520,47;711,66;Alpha3
N50;77;PositionalDecoderWithVehicleByPercentage;3244,42;573,94;Alpha3
N50;77;PositionalDecoderWithVehicleByPercentage;3039,55;594,70;Alpha3
N50;77;PositionalDecoderWithVehicleByPercentage;3087,80;599,54;Alpha3
N50;77;PositionalDecoderWithVehicleByPercentage;3263,50;677,35;Alpha3
N50;77;TimeDecoderWithVehicleByPercentage;3425,32;642,85;Alpha3
N50;77;TimeDecoderWithVehicleByPercentage;3185,44;597,84;Alpha3
N50;77;TimeDecoderWithVehicleByPercentage;3055,59;634,41;Alpha3
N50;77;TimeDecoderWithVehicleByPercentage;3375,00;658,66;Alpha3
N50;77;TimeDecoderWithVehicleByPercentage;3631,75;697,50;Alpha3
N50;77;TimeDecoderWithVehicleByPercentage;3375,37;694,34;Alpha3
N50;77;TimeDecoderWithVehicleByPercentage;3420,15;591,99;Alpha3
N50;77;TimeDecoderWithVehicleByPercentage;3386,16;620,84;Alpha3
N50;77;TimeDecoderWithVehicleByPercentage;3195,92;607,50;Alpha3
N50;77;TimeDecoderWithVehicleByPercentage;3323,37;623,76;Alpha3
N50;80;PositionalDecoderWithVehicleByPercentage;3128,83;550,89;Alpha3
N50;80;PositionalDecoderWithVehicleByPercentage;3036,26;600,43;Alpha3
N50;80;PositionalDecoderWithVehicleByPercentage;3075,25;609,91;Alpha3
N50;80;PositionalDecoderWithVehicleByPercentage;3426,99;685,57;Alpha3
N50;80;PositionalDecoderWithVehicleByPercentage;3281,09;626,65;Alpha3
N50;80;PositionalDecoderWithVehicleByPercentage;3054,42;621,78;Alpha3
N50;80;PositionalDecoderWithVehicleByPercentage;3110,95;783,31;Alpha3
N50;80;PositionalDecoderWithVehicleByPercentage;2854,78;587,64;Alpha3
N50;80;PositionalDecoderWithVehicleByPercentage;3076,02;658,58;Alpha3
N50;80;PositionalDecoderWithVehicleByPercentage;3217,16;668,80;Alpha3
N50;80;TimeDecoderWithVehicleByPercentage;2984,73;608,28;Alpha3
N50;80;TimeDecoderWithVehicleByPercentage;2808,50;595,58;Alpha3
N50;80;TimeDecoderWithVehicleByPercentage;3403,37;667,28;Alpha3
N50;80;TimeDecoderWithVehicleByPercentage;3359,97;689,76;Alpha3
N50;80;TimeDecoderWithVehicleByPercentage;3225,89;575,45;Alpha3
N50;80;TimeDecoderWithVehicleByPercentage;3124,83;679,22;Alpha3
N50;80;TimeDecoderWithVehicleByPercentage;3294,11;633,65;Alpha3
N50;80;TimeDecoderWithVehicleByPercentage;2925,11;579,74;Alpha3
N50;80;TimeDecoderWithVehicleByPercentage;3268,41;649,24;Alpha3
N50;80;TimeDecoderWithVehicleByPercentage;2920,69;485,59;Alpha3
N75;81;PositionalDecoderWithVehicleByPercentage;4929,03;905,53;Alpha3
N75;81;PositionalDecoderWithVehicleByPercentage;4922,67;986,74;Alpha3
N75;81;PositionalDecoderWithVehicleByPercentage;5374,64;1030,72;Alpha3
N75;81;PositionalDecoderWithVehicleByPercentage;4731,38;861,50;Alpha3
N75;81;PositionalDecoderWithVehicleByPercentage;4960,60;874,15;Alpha3
N75;81;PositionalDecoderWithVehicleByPercentage;5553,59;895,91;Alpha3
N75;81;PositionalDecoderWithVehicleByPercentage;4724,02;979,25;Alpha3
N75;81;PositionalDecoderWithVehicleByPercentage;4320,14;1045,44;Alpha3
N75;81;PositionalDecoderWithVehicleByPercentage;4615,16;901,13;Alpha3
N75;81;PositionalDecoderWithVehicleByPercentage;5297,81;892,53;Alpha3
N75;81;TimeDecoderWithVehicleByPercentage;4899,33;1027,57;Alpha3
N75;81;TimeDecoderWithVehicleByPercentage;4769,83;1070,73;Alpha3
N75;81;TimeDecoderWithVehicleByPercentage;4614,88;985,28;Alpha3
N75;81;TimeDecoderWithVehicleByPercentage;4855,90;979,02;Alpha3
N75;81;TimeDecoderWithVehicleByPercentage;4693,15;986,35;Alpha3
N75;81;TimeDecoderWithVehicleByPercentage;5207,96;1139,55;Alpha3
N75;81;TimeDecoderWithVehicleByPercentage;4904,29;1152,87;Alpha3
N75;81;TimeDecoderWithVehicleByPercentage;4533,70;998,29;Alpha3
N75;81;TimeDecoderWithVehicleByPercentage;4858,91;896,65;Alpha3
N75;81;TimeDecoderWithVehicleByPercentage;4549,44;861,72;Alpha3
N75;88;PositionalDecoderWithVehicleByPercentage;5190,13;1156,93;Alpha3
N75;88;PositionalDecoderWithVehicleByPercentage;5015,32;878,02;Alpha3
N75;88;PositionalDecoderWithVehicleByPercentage;4929,52;1201,18;Alpha3
N75;88;PositionalDecoderWithVehicleByPercentage;4878,16;889,58;Alpha3
N75;88;PositionalDecoderWithVehicleByPercentage;4979,25;1000,77;Alpha3
N75;88;PositionalDecoderWithVehicleByPercentage;5105,02;1021,28;Alpha3
N75;88;PositionalDecoderWithVehicleByPercentage;5160,00;1054,69;Alpha3
N75;88;PositionalDecoderWithVehicleByPercentage;5117,04;998,49;Alpha3
N75;88;PositionalDecoderWithVehicleByPercentage;4972,14;857,92;Alpha3
N75;88;PositionalDecoderWithVehicleByPercentage;4651,36;975,59;Alpha3
N75;88;TimeDecoderWithVehicleByPercentage;5574,68;1191,58;Alpha3
N75;88;TimeDecoderWithVehicleByPercentage;4993,07;1056,07;Alpha3
N75;88;TimeDecoderWithVehicleByPercentage;5280,11;1071,39;Alpha3
N75;88;TimeDecoderWithVehicleByPercentage;5168,75;970,20;Alpha3
N75;88;TimeDecoderWithVehicleByPercentage;5336,61;1075,17;Alpha3
N75;88;TimeDecoderWithVehicleByPercentage;5511,04;1133,87;Alpha3
N75;88;TimeDecoderWithVehicleByPercentage;5013,61;1038,82;Alpha3
N75;88;TimeDecoderWithVehicleByPercentage;5199,44;998,69;Alpha3
N75;88;TimeDecoderWithVehicleByPercentage;4837,94;1074,00;Alpha3
N75;88;TimeDecoderWithVehicleByPercentage;5642,04;1089,87;Alpha3
N75;90;PositionalDecoderWithVehicleByPercentage;4761,35;940,35;Alpha3
N75;90;PositionalDecoderWithVehicleByPercentage;4588,22;964,29;Alpha3
N75;90;PositionalDecoderWithVehicleByPercentage;4912,67;1027,25;Alpha3
N75;90;PositionalDecoderWithVehicleByPercentage;4863,54;958,10;Alpha3
N75;90;PositionalDecoderWithVehicleByPercentage;4670,97;924,68;Alpha3
N75;90;PositionalDecoderWithVehicleByPercentage;4753,65;831,75;Alpha3
N75;90;PositionalDecoderWithVehicleByPercentage;4744,99;1113,93;Alpha3
N75;90;PositionalDecoderWithVehicleByPercentage;5343,61;1183,86;Alpha3
N75;90;PositionalDecoderWithVehicleByPercentage;4565,09;881,32;Alpha3
N75;90;PositionalDecoderWithVehicleByPercentage;4869,54;903,29;Alpha3
N75;90;TimeDecoderWithVehicleByPercentage;4622,13;933,50;Alpha3
N75;90;TimeDecoderWithVehicleByPercentage;4367,47;1053,06;Alpha3
N75;90;TimeDecoderWithVehicleByPercentage;4843,29;797,50;Alpha3
N75;90;TimeDecoderWithVehicleByPercentage;4481,81;965,21;Alpha3
N75;90;TimeDecoderWithVehicleByPercentage;4844,94;838,29;Alpha3
N75;90;TimeDecoderWithVehicleByPercentage;4790,89;902,26;Alpha3
N75;90;TimeDecoderWithVehicleByPercentage;4556,46;951,74;Alpha3
N75;90;TimeDecoderWithVehicleByPercentage;4883,30;924,00;Alpha3
N75;90;TimeDecoderWithVehicleByPercentage;4924,92;974,92;Alpha3
N75;90;TimeDecoderWithVehicleByPercentage;5229,03;1090,89;Alpha3
N75;89;PositionalDecoderWithVehicleByPercentage;4754,35;1014,61;Alpha3
N75;89;PositionalDecoderWithVehicleByPercentage;4471,32;975,06;Alpha3
N75;89;PositionalDecoderWithVehicleByPercentage;4593,53;975,41;Alpha3
N75;89;PositionalDecoderWithVehicleByPercentage;4665,82;919,45;Alpha3
N75;89;PositionalDecoderWithVehicleByPercentage;5001,38;955,38;Alpha3
N75;89;PositionalDecoderWithVehicleByPercentage;4706,03;914,72;Alpha3
N75;89;PositionalDecoderWithVehicleByPercentage;4504,90;994,51;Alpha3
N75;89;PositionalDecoderWithVehicleByPercentage;4215,00;935,27;Alpha3
N75;89;PositionalDecoderWithVehicleByPercentage;4811,14;1058,66;Alpha3
N75;89;PositionalDecoderWithVehicleByPercentage;4731,43;919,52;Alpha3
N75;89;TimeDecoderWithVehicleByPercentage;4556,13;906,34;Alpha3
N75;89;TimeDecoderWithVehicleByPercentage;4758,46;963,17;Alpha3
N75;89;TimeDecoderWithVehicleByPercentage;4676,75;946,83;Alpha3
N75;89;TimeDecoderWithVehicleByPercentage;5196,81;983,09;Alpha3
N75;89;TimeDecoderWithVehicleByPercentage;4735,83;766,19;Alpha3
N75;89;TimeDecoderWithVehicleByPercentage;4558,08;1023,98;Alpha3
N75;89;TimeDecoderWithVehicleByPercentage;4760,32;1051,81;Alpha3
N75;89;TimeDecoderWithVehicleByPercentage;5065,33;1073,38;Alpha3
N75;89;TimeDecoderWithVehicleByPercentage;4838,69;1031,95;Alpha3
N75;89;TimeDecoderWithVehicleByPercentage;4409,84;879,92;Alpha3
N75;82;PositionalDecoderWithVehicleByPercentage;4638,82;873,67;Alpha3
N75;82;PositionalDecoderWithVehicleByPercentage;5121,09;822,62;Alpha3
N75;82;PositionalDecoderWithVehicleByPercentage;4442,59;983,76;Alpha3
N75;82;PositionalDecoderWithVehicleByPercentage;4941,90;896,90;Alpha3
N75;82;PositionalDecoderWithVehicleByPercentage;4673,48;815,78;Alpha3
N75;82;PositionalDecoderWithVehicleByPercentage;4410,89;947,18;Alpha3
N75;82;PositionalDecoderWithVehicleByPercentage;4652,92;1008,37;Alpha3
N75;82;PositionalDecoderWithVehicleByPercentage;4749,71;842,15;Alpha3
N75;82;PositionalDecoderWithVehicleByPercentage;4765,42;983,55;Alpha3
N75;82;PositionalDecoderWithVehicleByPercentage;4851,59;926,53;Alpha3
N75;82;TimeDecoderWithVehicleByPercentage;4735,07;977,39;Alpha3
N75;82;TimeDecoderWithVehicleByPercentage;5068,05;1149,91;Alpha3
N75;82;TimeDecoderWithVehicleByPercentage;4672,82;825,63;Alpha3
N75;82;TimeDecoderWithVehicleByPercentage;4679,33;1008,76;Alpha3
N75;82;TimeDecoderWithVehicleByPercentage;4438,45;851,60;Alpha3
N75;82;TimeDecoderWithVehicleByPercentage;4606,57;964,80;Alpha3
N75;82;TimeDecoderWithVehicleByPercentage;4847,48;1016,83;Alpha3
N75;82;TimeDecoderWithVehicleByPercentage;4381,89;823,26;Alpha3
N75;82;TimeDecoderWithVehicleByPercentage;5210,83;874,67;Alpha3
N75;82;TimeDecoderWithVehicleByPercentage;4570,23;929,41;Alpha3
N75;83;PositionalDecoderWithVehicleByPercentage;4930,20;869,25;Alpha3
N75;83;PositionalDecoderWithVehicleByPercentage;3822,98;853,88;Alpha3
N75;83;PositionalDecoderWithVehicleByPercentage;4782,43;941,02;Alpha3
N75;83;PositionalDecoderWithVehicleByPercentage;4274,97;811,66;Alpha3
N75;83;PositionalDecoderWithVehicleByPercentage;4712,42;855,36;Alpha3
N75;83;PositionalDecoderWithVehicleByPercentage;4859,29;888,85;Alpha3
N75;83;PositionalDecoderWithVehicleByPercentage;4533,75;1025,98;Alpha3
N75;83;PositionalDecoderWithVehicleByPercentage;4126,75;808,13;Alpha3
N75;83;PositionalDecoderWithVehicleByPercentage;4197,21;885,23;Alpha3
N75;83;PositionalDecoderWithVehicleByPercentage;4658,39;813,49;Alpha3
N75;83;TimeDecoderWithVehicleByPercentage;4617,40;938,07;Alpha3
N75;83;TimeDecoderWithVehicleByPercentage;4207,33;898,32;Alpha3
N75;83;TimeDecoderWithVehicleByPercentage;4699,33;913,52;Alpha3
N75;83;TimeDecoderWithVehicleByPercentage;4800,71;832,91;Alpha3
N75;83;TimeDecoderWithVehicleByPercentage;3781,32;948,17;Alpha3
N75;83;TimeDecoderWithVehicleByPercentage;4674,35;1008,93;Alpha3
N75;83;TimeDecoderWithVehicleByPercentage;4125,29;976,26;Alpha3
N75;83;TimeDecoderWithVehicleByPercentage;4769,37;899,11;Alpha3
N75;83;TimeDecoderWithVehicleByPercentage;4717,38;919,03;Alpha3
N75;83;TimeDecoderWithVehicleByPercentage;3978,45;895,52;Alpha3
N75;84;PositionalDecoderWithVehicleByPercentage;4575,06;867,13;Alpha3
N75;84;PositionalDecoderWithVehicleByPercentage;4300,32;994,49;Alpha3
N75;84;PositionalDecoderWithVehicleByPercentage;5110,87;1107,21;Alpha3
N75;84;PositionalDecoderWithVehicleByPercentage;4528,62;915,94;Alpha3
N75;84;PositionalDecoderWithVehicleByPercentage;5186,65;933,78;Alpha3
N75;84;PositionalDecoderWithVehicleByPercentage;4701,90;1011,67;Alpha3
N75;84;PositionalDecoderWithVehicleByPercentage;4779,93;833,37;Alpha3
N75;84;PositionalDecoderWithVehicleByPercentage;5320,30;1045,18;Alpha3
N75;84;PositionalDecoderWithVehicleByPercentage;4690,84;887,93;Alpha3
N75;84;PositionalDecoderWithVehicleByPercentage;4770,21;930,79;Alpha3
N75;84;TimeDecoderWithVehicleByPercentage;5158,67;1094,26;Alpha3
N75;84;TimeDecoderWithVehicleByPercentage;4971,62;884,82;Alpha3
N75;84;TimeDecoderWithVehicleByPercentage;4420,97;1120,39;Alpha3
N75;84;TimeDecoderWithVehicleByPercentage;4792,83;855,64;Alpha3
N75;84;TimeDecoderWithVehicleByPercentage;4684,77;990,75;Alpha3
N75;84;TimeDecoderWithVehicleByPercentage;5030,57;959,51;Alpha3
N75;84;TimeDecoderWithVehicleByPercentage;5110,50;783,72;Alpha3
N75;84;TimeDecoderWithVehicleByPercentage;4734,91;739,60;Alpha3
N75;84;TimeDecoderWithVehicleByPercentage;4624,85;962,88;Alpha3
N75;84;TimeDecoderWithVehicleByPercentage;4303,44;884,34;Alpha3
N75;85;PositionalDecoderWithVehicleByPercentage;5141,30;977,67;Alpha3
N75;85;PositionalDecoderWithVehicleByPercentage;5265,77;1164,93;Alpha3
N75;85;PositionalDecoderWithVehicleByPercentage;4898,81;1092,65;Alpha3
N75;85;PositionalDecoderWithVehicleByPercentage;4899,20;1012,99;Alpha3
N75;85;PositionalDecoderWithVehicleByPercentage;4474,93;902,45;Alpha3
N75;85;PositionalDecoderWithVehicleByPercentage;4773,83;854,96;Alpha3
N75;85;PositionalDecoderWithVehicleByPercentage;4568,25;986,55;Alpha3
N75;85;PositionalDecoderWithVehicleByPercentage;5057,90;980,28;Alpha3
N75;85;PositionalDecoderWithVehicleByPercentage;5292,40;1049,41;Alpha3
N75;85;PositionalDecoderWithVehicleByPercentage;5315,41;885,67;Alpha3
N75;85;TimeDecoderWithVehicleByPercentage;5172,30;1261,14;Alpha3
N75;85;TimeDecoderWithVehicleByPercentage;4741,52;1091,24;Alpha3
N75;85;TimeDecoderWithVehicleByPercentage;5230,50;1109,52;Alpha3
N75;85;TimeDecoderWithVehicleByPercentage;5178,89;1019,95;Alpha3
N75;85;TimeDecoderWithVehicleByPercentage;4857,26;1083,73;Alpha3
N75;85;TimeDecoderWithVehicleByPercentage;4820,62;1087,77;Alpha3
N75;85;TimeDecoderWithVehicleByPercentage;5190,66;1019,42;Alpha3
N75;85;TimeDecoderWithVehicleByPercentage;5246,02;1055,65;Alpha3
N75;85;TimeDecoderWithVehicleByPercentage;5095,31;1005,13;Alpha3
N75;85;TimeDecoderWithVehicleByPercentage;5252,88;1028,11;Alpha3
N75;86;PositionalDecoderWithVehicleByPercentage;4322,17;864,09;Alpha3
N75;86;PositionalDecoderWithVehicleByPercentage;4736,05;1029,15;Alpha3
N75;86;PositionalDecoderWithVehicleByPercentage;5145,44;947,52;Alpha3
N75;86;PositionalDecoderWithVehicleByPercentage;4970,17;1049,21;Alpha3
N75;86;PositionalDecoderWithVehicleByPercentage;4288,20;809,67;Alpha3
N75;86;PositionalDecoderWithVehicleByPercentage;4678,55;916,36;Alpha3
N75;86;PositionalDecoderWithVehicleByPercentage;4673,97;1042,29;Alpha3
N75;86;PositionalDecoderWithVehicleByPercentage;4943,63;931,79;Alpha3
N75;86;PositionalDecoderWithVehicleByPercentage;4381,66;886,53;Alpha3
N75;86;PositionalDecoderWithVehicleByPercentage;4637,73;921,50;Alpha3
N75;86;TimeDecoderWithVehicleByPercentage;4801,89;794,66;Alpha3
N75;86;TimeDecoderWithVehicleByPercentage;4846,48;907,36;Alpha3
N75;86;TimeDecoderWithVehicleByPercentage;4906,57;1060,80;Alpha3
N75;86;TimeDecoderWithVehicleByPercentage;4749,47;904,41;Alpha3
N75;86;TimeDecoderWithVehicleByPercentage;4527,55;1039,30;Alpha3
N75;86;TimeDecoderWithVehicleByPercentage;4613,72;932,04;Alpha3
N75;86;TimeDecoderWithVehicleByPercentage;4242,17;891,04;Alpha3
N75;86;TimeDecoderWithVehicleByPercentage;4810,24;1111,74;Alpha3
N75;86;TimeDecoderWithVehicleByPercentage;4994,06;1054,28;Alpha3
N75;86;TimeDecoderWithVehicleByPercentage;4661,93;821,38;Alpha3
N75;87;PositionalDecoderWithVehicleByPercentage;4186,67;907,11;Alpha3
N75;87;PositionalDecoderWithVehicleByPercentage;4303,95;873,79;Alpha3
N75;87;PositionalDecoderWithVehicleByPercentage;4291,07;919,11;Alpha3
N75;87;PositionalDecoderWithVehicleByPercentage;4630,27;823,79;Alpha3
N75;87;PositionalDecoderWithVehicleByPercentage;4125,54;929,30;Alpha3
N75;87;PositionalDecoderWithVehicleByPercentage;4689,42;872,57;Alpha3
N75;87;PositionalDecoderWithVehicleByPercentage;3979,07;877,87;Alpha3
N75;87;PositionalDecoderWithVehicleByPercentage;4945,81;941,05;Alpha3
N75;87;PositionalDecoderWithVehicleByPercentage;4694,25;902,53;Alpha3
N75;87;PositionalDecoderWithVehicleByPercentage;3917,73;871,82;Alpha3
N75;87;TimeDecoderWithVehicleByPercentage;4725,82;955,53;Alpha3
N75;87;TimeDecoderWithVehicleByPercentage;4354,88;951,55;Alpha3
N75;87;TimeDecoderWithVehicleByPercentage;4054,51;834,06;Alpha3
N75;87;TimeDecoderWithVehicleByPercentage;4930,33;893,94;Alpha3
N75;87;TimeDecoderWithVehicleByPercentage;4355,48;846,12;Alpha3
N75;87;TimeDecoderWithVehicleByPercentage;4571,98;881,10;Alpha3
N75;87;TimeDecoderWithVehicleByPercentage;4308,05;959,57;Alpha3
N75;87;TimeDecoderWithVehicleByPercentage;4561,03;1015,89;Alpha3
N75;87;TimeDecoderWithVehicleByPercentage;4651,27;925,82;Alpha3
N75;87;TimeDecoderWithVehicleByPercentage;4760,14;941,32;Alpha3
N100;96;PositionalDecoderWithVehicleByPercentage;6235,60;1273,67;Alpha3
N100;96;PositionalDecoderWithVehicleByPercentage;6367,64;1365,12;Alpha3
N100;96;PositionalDecoderWithVehicleByPercentage;6801,82;1389,03;Alpha3
N100;96;PositionalDecoderWithVehicleByPercentage;6654,59;1287,44;Alpha3
N100;96;PositionalDecoderWithVehicleByPercentage;6923,02;1456,23;Alpha3
N100;96;PositionalDecoderWithVehicleByPercentage;6719,44;1358,35;Alpha3
N100;96;PositionalDecoderWithVehicleByPercentage;6297,13;1376,34;Alpha3
N100;96;PositionalDecoderWithVehicleByPercentage;6672,99;1417,70;Alpha3
N100;96;PositionalDecoderWithVehicleByPercentage;6022,59;1153,48;Alpha3
N100;96;PositionalDecoderWithVehicleByPercentage;6569,93;1291,00;Alpha3
N100;96;TimeDecoderWithVehicleByPercentage;7097,90;1567,68;Alpha3
N100;96;TimeDecoderWithVehicleByPercentage;6344,77;1425,79;Alpha3
N100;96;TimeDecoderWithVehicleByPercentage;6422,76;1106,70;Alpha3
N100;96;TimeDecoderWithVehicleByPercentage;6558,95;1407,50;Alpha3
N100;96;TimeDecoderWithVehicleByPercentage;6870,07;1389,16;Alpha3
N100;96;TimeDecoderWithVehicleByPercentage;6204,94;1093,84;Alpha3
N100;96;TimeDecoderWithVehicleByPercentage;6340,33;1357,54;Alpha3
N100;96;TimeDecoderWithVehicleByPercentage;7027,17;1472,28;Alpha3
N100;96;TimeDecoderWithVehicleByPercentage;6329,53;1626,10;Alpha3
N100;96;TimeDecoderWithVehicleByPercentage;6034,35;1311,64;Alpha3
N100;98;PositionalDecoderWithVehicleByPercentage;6472,21;1413,33;Alpha3
N100;98;PositionalDecoderWithVehicleByPercentage;5573,34;1293,54;Alpha3
N100;98;PositionalDecoderWithVehicleByPercentage;6642,25;1263,18;Alpha3
N100;98;PositionalDecoderWithVehicleByPercentage;6759,79;1401,55;Alpha3
N100;98;PositionalDecoderWithVehicleByPercentage;6666,44;1406,33;Alpha3
N100;98;PositionalDecoderWithVehicleByPercentage;6152,46;1288,72;Alpha3
N100;98;PositionalDecoderWithVehicleByPercentage;7286,70;1486,02;Alpha3
N100;98;PositionalDecoderWithVehicleByPercentage;6250,14;1251,76;Alpha3
N100;98;PositionalDecoderWithVehicleByPercentage;6876,49;1525,36;Alpha3
N100;98;PositionalDecoderWithVehicleByPercentage;7093,88;1291,49;Alpha3
N100;98;TimeDecoderWithVehicleByPercentage;6430,66;1378,68;Alpha3
N100;98;TimeDecoderWithVehicleByPercentage;6399,38;1354,26;Alpha3
N100;98;TimeDecoderWithVehicleByPercentage;6453,63;1318,73;Alpha3
N100;98;TimeDecoderWithVehicleByPercentage;6322,21;1198,86;Alpha3
N100;98;TimeDecoderWithVehicleByPercentage;6516,92;1525,99;Alpha3
N100;98;TimeDecoderWithVehicleByPercentage;6681,39;1322,21;Alpha3
N100;98;TimeDecoderWithVehicleByPercentage;6601,92;1430,40;Alpha3
N100;98;TimeDecoderWithVehicleByPercentage;6370,84;1257,56;Alpha3
N100;98;TimeDecoderWithVehicleByPercentage;6512,13;1210,23;Alpha3
N100;98;TimeDecoderWithVehicleByPercentage;6135,72;1192,00;Alpha3
N100;99;PositionalDecoderWithVehicleByPercentage;5990,34;1265,74;Alpha3
N100;99;PositionalDecoderWithVehicleByPercentage;6935,72;1311,00;Alpha3
N100;99;PositionalDecoderWithVehicleByPercentage;6281,11;1335,06;Alpha3
N100;99;PositionalDecoderWithVehicleByPercentage;6461,30;1374,34;Alpha3
N100;99;PositionalDecoderWithVehicleByPercentage;6144,76;1436,15;Alpha3
N100;99;PositionalDecoderWithVehicleByPercentage;6396,20;1312,90;Alpha3
N100;99;PositionalDecoderWithVehicleByPercentage;5954,97;1423,56;Alpha3
N100;99;PositionalDecoderWithVehicleByPercentage;6457,33;1336,76;Alpha3
N100;99;PositionalDecoderWithVehicleByPercentage;6414,30;1313,56;Alpha3
N100;99;PositionalDecoderWithVehicleByPercentage;6205,73;1335,42;Alpha3
N100;99;TimeDecoderWithVehicleByPercentage;7099,62;1356,28;Alpha3
N100;99;TimeDecoderWithVehicleByPercentage;6461,04;1316,62;Alpha3
N100;99;TimeDecoderWithVehicleByPercentage;5847,70;1374,52;Alpha3
N100;99;TimeDecoderWithVehicleByPercentage;6454,08;1372,50;Alpha3
N100;99;TimeDecoderWithVehicleByPercentage;6606,72;1445,23;Alpha3
N100;99;TimeDecoderWithVehicleByPercentage;7100,20;1332,92;Alpha3
N100;99;TimeDecoderWithVehicleByPercentage;6341,90;1518,51;Alpha3
N100;99;TimeDecoderWithVehicleByPercentage;6620,37;1326,55;Alpha3
N100;99;TimeDecoderWithVehicleByPercentage;6580,94;1181,40;Alpha3
N100;99;TimeDecoderWithVehicleByPercentage;5955,24;1283,99;Alpha3
N100;100;PositionalDecoderWithVehicleByPercentage;6787,03;1279,87;Alpha3
N100;100;PositionalDecoderWithVehicleByPercentage;6818,79;1360,29;Alpha3
N100;100;PositionalDecoderWithVehicleByPercentage;5805,10;1387,75;Alpha3
N100;100;PositionalDecoderWithVehicleByPercentage;6186,81;1384,54;Alpha3
N100;100;PositionalDecoderWithVehicleByPercentage;6576,77;1190,91;Alpha3
N100;100;PositionalDecoderWithVehicleByPercentage;6156,36;1261,98;Alpha3
N100;100;PositionalDecoderWithVehicleByPercentage;6696,82;1439,30;Alpha3
N100;100;PositionalDecoderWithVehicleByPercentage;6580,25;1414,24;Alpha3
N100;100;PositionalDecoderWithVehicleByPercentage;6378,97;1250,88;Alpha3
N100;100;PositionalDecoderWithVehicleByPercentage;6460,43;1297,05;Alpha3
N100;100;TimeDecoderWithVehicleByPercentage;6168,03;1161,15;Alpha3
N100;100;TimeDecoderWithVehicleByPercentage;6421,97;1204,69;Alpha3
N100;100;TimeDecoderWithVehicleByPercentage;6210,54;1480,25;Alpha3
N100;100;TimeDecoderWithVehicleByPercentage;6227,37;1306,05;Alpha3
N100;100;TimeDecoderWithVehicleByPercentage;6358,54;1285,72;Alpha3
N100;100;TimeDecoderWithVehicleByPercentage;6603,08;1360,68;Alpha3
N100;100;TimeDecoderWithVehicleByPercentage;5868,90;1302,79;Alpha3
N100;100;TimeDecoderWithVehicleByPercentage;6527,07;1384,31;Alpha3
N100;100;TimeDecoderWithVehicleByPercentage;6084,80;1176,78;Alpha3
N100;100;TimeDecoderWithVehicleByPercentage;6615,94;1334,92;Alpha3
N100;92;PositionalDecoderWithVehicleByPercentage;5826,40;1141,34;Alpha3
N100;92;PositionalDecoderWithVehicleByPercentage;6456,97;1423,89;Alpha3
N100;92;PositionalDecoderWithVehicleByPercentage;6452,24;1272,73;Alpha3
N100;92;PositionalDecoderWithVehicleByPercentage;5388,44;1213,43;Alpha3
N100;92;PositionalDecoderWithVehicleByPercentage;6098,66;1075,11;Alpha3
N100;92;PositionalDecoderWithVehicleByPercentage;6343,42;1285,65;Alpha3
N100;92;PositionalDecoderWithVehicleByPercentage;5948,12;1341,10;Alpha3
N100;92;PositionalDecoderWithVehicleByPercentage;5847,68;1360,77;Alpha3
N100;92;PositionalDecoderWithVehicleByPercentage;6727,45;1460,90;Alpha3
N100;92;PositionalDecoderWithVehicleByPercentage;5844,81;1311,34;Alpha3
N100;92;TimeDecoderWithVehicleByPercentage;5901,94;1175,67;Alpha3
N100;92;TimeDecoderWithVehicleByPercentage;5972,08;1213,46;Alpha3
N100;92;TimeDecoderWithVehicleByPercentage;5543,12;1165,84;Alpha3
N100;92;TimeDecoderWithVehicleByPercentage;6827,95;1188,68;Alpha3
N100;92;TimeDecoderWithVehicleByPercentage;5630,62;1130,47;Alpha3
N100;92;TimeDecoderWithVehicleByPercentage;6250,13;1347,01;Alpha3
N100;92;TimeDecoderWithVehicleByPercentage;5977,76;1187,05;Alpha3
N100;92;TimeDecoderWithVehicleByPercentage;6069,47;1368,24;Alpha3
N100;92;TimeDecoderWithVehicleByPercentage;6209,41;1201,95;Alpha3
N100;92;TimeDecoderWithVehicleByPercentage;5469,81;1216,76;Alpha3
N100;93;PositionalDecoderWithVehicleByPercentage;5870,98;1356,91;Alpha3
N100;93;PositionalDecoderWithVehicleByPercentage;5801,60;1160,97;Alpha3
N100;93;PositionalDecoderWithVehicleByPercentage;5717,99;1247,88;Alpha3
N100;93;PositionalDecoderWithVehicleByPercentage;5947,47;1408,04;Alpha3
N100;93;PositionalDecoderWithVehicleByPercentage;6206,87;1155,53;Alpha3
N100;93;PositionalDecoderWithVehicleByPercentage;6573,77;1197,50;Alpha3
N100;93;PositionalDecoderWithVehicleByPercentage;6149,98;1379,34;Alpha3
N100;93;PositionalDecoderWithVehicleByPercentage;6031,59;1262,12;Alpha3
N100;93;PositionalDecoderWithVehicleByPercentage;6162,18;1202,65;Alpha3
N100;93;PositionalDecoderWithVehicleByPercentage;6462,10;1429,76;Alpha3
N100;93;TimeDecoderWithVehicleByPercentage;5811,30;1242,69;Alpha3
N100;93;TimeDecoderWithVehicleByPercentage;6398,58;1245,37;Alpha3
N100;93;TimeDecoderWithVehicleByPercentage;6174,82;1429,60;Alpha3
N100;93;TimeDecoderWithVehicleByPercentage;5924,94;1266,12;Alpha3
N100;93;TimeDecoderWithVehicleByPercentage;5896,03;1281,05;Alpha3
N100;93;TimeDecoderWithVehicleByPercentage;5770,19;1206,26;Alpha3
N100;93;TimeDecoderWithVehicleByPercentage;6349,50;1321,88;Alpha3
N100;93;TimeDecoderWithVehicleByPercentage;6190,76;1358,70;Alpha3
N100;93;TimeDecoderWithVehicleByPercentage;5923,74;1312,98;Alpha3
N100;93;TimeDecoderWithVehicleByPercentage;6438,39;1430,95;Alpha3
N100;95;PositionalDecoderWithVehicleByPercentage;6271,92;1523,30;Alpha3
N100;95;PositionalDecoderWithVehicleByPercentage;6873,37;1418,81;Alpha3
N100;95;PositionalDecoderWithVehicleByPercentage;6698,92;1210,45;Alpha3
N100;95;PositionalDecoderWithVehicleByPercentage;6183,68;1385,04;Alpha3
N100;95;PositionalDecoderWithVehicleByPercentage;6406,72;1452,56;Alpha3
N100;95;PositionalDecoderWithVehicleByPercentage;6791,18;1241,96;Alpha3
N100;95;PositionalDecoderWithVehicleByPercentage;6736,56;1412,57;Alpha3
N100;95;PositionalDecoderWithVehicleByPercentage;6315,80;1305,91;Alpha3
N100;95;PositionalDecoderWithVehicleByPercentage;6357,58;1325,63;Alpha3
N100;95;PositionalDecoderWithVehicleByPercentage;6583,95;1344,05;Alpha3
N100;95;TimeDecoderWithVehicleByPercentage;6939,06;1401,04;Alpha3
N100;95;TimeDecoderWithVehicleByPercentage;6696,13;1560,72;Alpha3
N100;95;TimeDecoderWithVehicleByPercentage;6529,93;1144,32;Alpha3
N100;95;TimeDecoderWithVehicleByPercentage;6980,38;1415,30;Alpha3
N100;95;TimeDecoderWithVehicleByPercentage;6714,15;1410,64;Alpha3
N100;95;TimeDecoderWithVehicleByPercentage;6107,11;1355,30;Alpha3
N100;95;TimeDecoderWithVehicleByPercentage;6459,72;1259,62;Alpha3
N100;95;TimeDecoderWithVehicleByPercentage;6479,89;1408,93;Alpha3
N100;95;TimeDecoderWithVehicleByPercentage;6450,89;1269,03;Alpha3
N100;95;TimeDecoderWithVehicleByPercentage;6433,40;1510,23;Alpha3
N100;97;PositionalDecoderWithVehicleByPercentage;6895,14;1408,31;Alpha3
N100;97;PositionalDecoderWithVehicleByPercentage;6780,47;1425,19;Alpha3
N100;97;PositionalDecoderWithVehicleByPercentage;6223,33;1359,52;Alpha3
N100;97;PositionalDecoderWithVehicleByPercentage;6321,51;1503,98;Alpha3
N100;97;PositionalDecoderWithVehicleByPercentage;6686,37;1384,66;Alpha3
N100;97;PositionalDecoderWithVehicleByPercentage;6354,10;1307,66;Alpha3
N100;97;PositionalDecoderWithVehicleByPercentage;6825,81;1408,13;Alpha3
N100;97;PositionalDecoderWithVehicleByPercentage;6508,90;1365,47;Alpha3
N100;97;PositionalDecoderWithVehicleByPercentage;6317,54;1477,77;Alpha3
N100;97;PositionalDecoderWithVehicleByPercentage;6764,16;1386,04;Alpha3
N100;97;TimeDecoderWithVehicleByPercentage;6837,86;1246,20;Alpha3
N100;97;TimeDecoderWithVehicleByPercentage;6351,91;1439,37;Alpha3
N100;97;TimeDecoderWithVehicleByPercentage;6294,29;1323,20;Alpha3
N100;97;TimeDecoderWithVehicleByPercentage;6951,77;1544,14;Alpha3
N100;97;TimeDecoderWithVehicleByPercentage;6815,33;1219,76;Alpha3
N100;97;TimeDecoderWithVehicleByPercentage;6127,38;1250,35;Alpha3
N100;97;TimeDecoderWithVehicleByPercentage;5861,63;1355,97;Alpha3
N100;97;TimeDecoderWithVehicleByPercentage;6341,06;1402,95;Alpha3
N100;97;TimeDecoderWithVehicleByPercentage;6256,81;1390,59;Alpha3
N100;97;TimeDecoderWithVehicleByPercentage;6402,55;1440,40;Alpha3
N100;91;PositionalDecoderWithVehicleByPercentage;5979,31;1305,95;Alpha3
N100;91;PositionalDecoderWithVehicleByPercentage;6168,03;1359,97;Alpha3
N100;91;PositionalDecoderWithVehicleByPercentage;6146,27;1243,55;Alpha3
N100;91;PositionalDecoderWithVehicleByPercentage;6032,26;1139,14;Alpha3
N100;91;PositionalDecoderWithVehicleByPercentage;5661,39;1258,60;Alpha3
N100;91;PositionalDecoderWithVehicleByPercentage;5886,63;1485,48;Alpha3
N100;91;PositionalDecoderWithVehicleByPercentage;6111,09;1319,53;Alpha3
N100;91;PositionalDecoderWithVehicleByPercentage;5426,99;1312,19;Alpha3
N100;91;PositionalDecoderWithVehicleByPercentage;6168,55;1384,26;Alpha3
N100;91;PositionalDecoderWithVehicleByPercentage;6144,67;1288,23;Alpha3
N100;91;TimeDecoderWithVehicleByPercentage;6081,54;1345,91;Alpha3
N100;91;TimeDecoderWithVehicleByPercentage;6533,28;1336,07;Alpha3
N100;91;TimeDecoderWithVehicleByPercentage;6557,92;1266,63;Alpha3
N100;91;TimeDecoderWithVehicleByPercentage;6275,68;1237,53;Alpha3
N100;91;TimeDecoderWithVehicleByPercentage;6168,62;1218,21;Alpha3
N100;91;TimeDecoderWithVehicleByPercentage;6246,35;1262,19;Alpha3
N100;91;TimeDecoderWithVehicleByPercentage;6545,60;1338,87;Alpha3
N100;91;TimeDecoderWithVehicleByPercentage;6427,64;1392,20;Alpha3
N100;91;TimeDecoderWithVehicleByPercentage;6084,12;1087,12;Alpha3
N100;91;TimeDecoderWithVehicleByPercentage;6092,03;1286,63;Alpha3
N100;94;PositionalDecoderWithVehicleByPercentage;6325,26;1442,55;Alpha3
N100;94;PositionalDecoderWithVehicleByPercentage;5995,71;1342,84;Alpha3
N100;94;PositionalDecoderWithVehicleByPercentage;6015,75;1183,83;Alpha3
N100;94;PositionalDecoderWithVehicleByPercentage;6119,21;1338,88;Alpha3
N100;94;PositionalDecoderWithVehicleByPercentage;5642,11;1297,87;Alpha3
N100;94;PositionalDecoderWithVehicleByPercentage;5943,16;1353,74;Alpha3
N100;94;PositionalDecoderWithVehicleByPercentage;5742,72;1144,64;Alpha3
N100;94;PositionalDecoderWithVehicleByPercentage;6112,24;1270,70;Alpha3
N100;94;PositionalDecoderWithVehicleByPercentage;5902,01;1307,44;Alpha3
N100;94;PositionalDecoderWithVehicleByPercentage;5897,26;1086,25;Alpha3
N100;94;TimeDecoderWithVehicleByPercentage;6264,77;1289,79;Alpha3
N100;94;TimeDecoderWithVehicleByPercentage;5625,29;1395,22;Alpha3
N100;94;TimeDecoderWithVehicleByPercentage;5732,74;1309,88;Alpha3
N100;94;TimeDecoderWithVehicleByPercentage;6076,15;1232,98;Alpha3
N100;94;TimeDecoderWithVehicleByPercentage;5915,87;1134,55;Alpha3
N100;94;TimeDecoderWithVehicleByPercentage;6190,68;1341,93;Alpha3
N100;94;TimeDecoderWithVehicleByPercentage;5916,59;1274,11;Alpha3
N100;94;TimeDecoderWithVehicleByPercentage;5894,54;1172,53;Alpha3
N100;94;TimeDecoderWithVehicleByPercentage;5987,19;1227,08;Alpha3
N100;94;TimeDecoderWithVehicleByPercentage;5795,42;1146,65;Alpha3
N175;102;PositionalDecoderWithVehicleByPercentage;11223,33;2140,33;Alpha3
N175;102;PositionalDecoderWithVehicleByPercentage;10544,00;2238,44;Alpha3
N175;102;PositionalDecoderWithVehicleByPercentage;9765,61;2317,83;Alpha3
N175;102;PositionalDecoderWithVehicleByPercentage;10214,63;2314,40;Alpha3
N175;102;PositionalDecoderWithVehicleByPercentage;9905,06;2129,36;Alpha3
N175;102;PositionalDecoderWithVehicleByPercentage;10330,18;2369,91;Alpha3
N175;102;PositionalDecoderWithVehicleByPercentage;11268,17;2365,91;Alpha3
N175;102;PositionalDecoderWithVehicleByPercentage;10771,27;2138,32;Alpha3
N175;102;PositionalDecoderWithVehicleByPercentage;9822,62;2097,68;Alpha3
N175;102;PositionalDecoderWithVehicleByPercentage;11113,88;2383,83;Alpha3
N175;102;TimeDecoderWithVehicleByPercentage;10219,69;2198,42;Alpha3
N175;102;TimeDecoderWithVehicleByPercentage;10334,58;2264,12;Alpha3
N175;102;TimeDecoderWithVehicleByPercentage;10037,45;2091,61;Alpha3
N175;102;TimeDecoderWithVehicleByPercentage;9961,11;2349,83;Alpha3
N175;102;TimeDecoderWithVehicleByPercentage;9964,09;2167,53;Alpha3
N175;102;TimeDecoderWithVehicleByPercentage;10115,82;2516,76;Alpha3
N175;102;TimeDecoderWithVehicleByPercentage;10497,32;2493,33;Alpha3
N175;102;TimeDecoderWithVehicleByPercentage;10757,28;2096,60;Alpha3
N175;102;TimeDecoderWithVehicleByPercentage;10620,07;2212,10;Alpha3
N175;102;TimeDecoderWithVehicleByPercentage;9675,98;2237,18;Alpha3
N175;103;PositionalDecoderWithVehicleByPercentage;10413,81;2300,58;Alpha3
N175;103;PositionalDecoderWithVehicleByPercentage;10952,96;2453,44;Alpha3
N175;103;PositionalDecoderWithVehicleByPercentage;10636,16;2452,30;Alpha3
N175;103;PositionalDecoderWithVehicleByPercentage;9904,53;2260,35;Alpha3
N175;103;PositionalDecoderWithVehicleByPercentage;10393,58;2277,69;Alpha3
N175;103;PositionalDecoderWithVehicleByPercentage;9811,71;2439,61;Alpha3
N175;103;PositionalDecoderWithVehicleByPercentage;9942,48;2335,86;Alpha3
N175;103;PositionalDecoderWithVehicleByPercentage;10578,58;2349,94;Alpha3
N175;103;PositionalDecoderWithVehicleByPercentage;11264,42;2150,76;Alpha3
N175;103;PositionalDecoderWithVehicleByPercentage;10102,37;2322,57;Alpha3
N175;103;TimeDecoderWithVehicleByPercentage;10558,25;2387,30;Alpha3
N175;103;TimeDecoderWithVehicleByPercentage;10747,01;2368,13;Alpha3
N175;103;TimeDecoderWithVehicleByPercentage;10086,36;2404,57;Alpha3
N175;103;TimeDecoderWithVehicleByPercentage;10617,87;2408,66;Alpha3
N175;103;TimeDecoderWithVehicleByPercentage;10939,67;2506,17;Alpha3
N175;103;TimeDecoderWithVehicleByPercentage;10850,02;2455,52;Alpha3
N175;103;TimeDecoderWithVehicleByPercentage;10651,38;2284,97;Alpha3
N175;103;TimeDecoderWithVehicleByPercentage;10910,75;2397,59;Alpha3
N175;103;TimeDecoderWithVehicleByPercentage;10429,83;2413,33;Alpha3
N175;103;TimeDecoderWithVehicleByPercentage;10546,74;2416,51;Alpha3
N175;109;PositionalDecoderWithVehicleByPercentage;10469,76;2194,69;Alpha3
N175;109;PositionalDecoderWithVehicleByPercentage;10418,96;2412,59;Alpha3
N175;109;PositionalDecoderWithVehicleByPercentage;11355,88;2573,72;Alpha3
N175;109;PositionalDecoderWithVehicleByPercentage;10641,06;2338,95;Alpha3
N175;109;PositionalDecoderWithVehicleByPercentage;11501,91;2071,34;Alpha3
N175;109;PositionalDecoderWithVehicleByPercentage;11083,43;2556,26;Alpha3
N175;109;PositionalDecoderWithVehicleByPercentage;11598,90;2467,36;Alpha3
N175;109;PositionalDecoderWithVehicleByPercentage;10836,85;2176,56;Alpha3
N175;109;PositionalDecoderWithVehicleByPercentage;10901,57;2464,01;Alpha3
N175;109;PositionalDecoderWithVehicleByPercentage;10933,89;2356,62;Alpha3
N175;109;TimeDecoderWithVehicleByPercentage;10645,14;2210,40;Alpha3
N175;109;TimeDecoderWithVehicleByPercentage;10710,66;2236,04;Alpha3
N175;109;TimeDecoderWithVehicleByPercentage;10393,56;2083,57;Alpha3
N175;109;TimeDecoderWithVehicleByPercentage;10994,26;2366,20;Alpha3
N175;109;TimeDecoderWithVehicleByPercentage;11290,14;2732,67;Alpha3
N175;109;TimeDecoderWithVehicleByPercentage;10214,36;2165,85;Alpha3
N175;109;TimeDecoderWithVehicleByPercentage;10798,48;2476,50;Alpha3
N175;109;TimeDecoderWithVehicleByPercentage;10505,77;2160,61;Alpha3
N175;109;TimeDecoderWithVehicleByPercentage;11153,81;2475,46;Alpha3
N175;109;TimeDecoderWithVehicleByPercentage;11208,94;2654,99;Alpha3
N175;101;PositionalDecoderWithVehicleByPercentage;10754,17;2420,00;Alpha3
N175;101;PositionalDecoderWithVehicleByPercentage;11728,81;2361,93;Alpha3
N175;101;PositionalDecoderWithVehicleByPercentage;10959,37;2446,90;Alpha3
N175;101;PositionalDecoderWithVehicleByPercentage;11243,07;2494,69;Alpha3
N175;101;PositionalDecoderWithVehicleByPercentage;11603,27;2436,94;Alpha3
N175;101;PositionalDecoderWithVehicleByPercentage;11142,85;2482,87;Alpha3
N175;101;PositionalDecoderWithVehicleByPercentage;11239,82;2581,59;Alpha3
N175;101;PositionalDecoderWithVehicleByPercentage;10827,05;2538,75;Alpha3
N175;101;PositionalDecoderWithVehicleByPercentage;11641,76;2507,15;Alpha3
N175;101;PositionalDecoderWithVehicleByPercentage;10698,99;2697,67;Alpha3
N175;101;TimeDecoderWithVehicleByPercentage;10065,26;2313,62;Alpha3
N175;101;TimeDecoderWithVehicleByPercentage;11609,79;2302,44;Alpha3
N175;101;TimeDecoderWithVehicleByPercentage;10941,70;2475,78;Alpha3
N175;101;TimeDecoderWithVehicleByPercentage;10688,60;2436,85;Alpha3
N175;101;TimeDecoderWithVehicleByPercentage;11847,28;2285,69;Alpha3
N175;101;TimeDecoderWithVehicleByPercentage;10524,11;2271,94;Alpha3
N175;101;TimeDecoderWithVehicleByPercentage;11559,86;2398,23;Alpha3
N175;101;TimeDecoderWithVehicleByPercentage;11415,43;2514,62;Alpha3
N175;101;TimeDecoderWithVehicleByPercentage;10383,33;2416,16;Alpha3
N175;101;TimeDecoderWithVehicleByPercentage;11140,84;2626,22;Alpha3
N175;104;PositionalDecoderWithVehicleByPercentage;10606,42;2299,20;Alpha3
N175;104;PositionalDecoderWithVehicleByPercentage;10471,23;2442,12;Alpha3
N175;104;PositionalDecoderWithVehicleByPercentage;10782,71;2435,33;Alpha3
N175;104;PositionalDecoderWithVehicleByPercentage;10649,65;2327,38;Alpha3
N175;104;PositionalDecoderWithVehicleByPercentage;10613,10;2282,46;Alpha3
N175;104;PositionalDecoderWithVehicleByPercentage;10329,78;2153,61;Alpha3
N175;104;PositionalDecoderWithVehicleByPercentage;11013,47;2340,22;Alpha3
N175;104;PositionalDecoderWithVehicleByPercentage;10963,05;2299,09;Alpha3
N175;104;PositionalDecoderWithVehicleByPercentage;10136,97;2241,29;Alpha3
N175;104;PositionalDecoderWithVehicleByPercentage;10307,23;1984,27;Alpha3
N175;104;TimeDecoderWithVehicleByPercentage;10663,39;2205,12;Alpha3
N175;104;TimeDecoderWithVehicleByPercentage;10907,16;2494,72;Alpha3
N175;104;TimeDecoderWithVehicleByPercentage;11136,13;2322,51;Alpha3
N175;104;TimeDecoderWithVehicleByPercentage;10939,49;2419,73;Alpha3
N175;104;TimeDecoderWithVehicleByPercentage;12017,49;2207,06;Alpha3
N175;104;TimeDecoderWithVehicleByPercentage;11022,95;2330,76;Alpha3
N175;104;TimeDecoderWithVehicleByPercentage;11784,70;2618,11;Alpha3
N175;104;TimeDecoderWithVehicleByPercentage;10879,93;2592,29;Alpha3
N175;104;TimeDecoderWithVehicleByPercentage;10760,86;2169,24;Alpha3
N175;104;TimeDecoderWithVehicleByPercentage;10786,05;2283,17;Alpha3
N175;105;PositionalDecoderWithVehicleByPercentage;10864,72;2476,57;Alpha3
N175;105;PositionalDecoderWithVehicleByPercentage;11129,81;2298,65;Alpha3
N175;105;PositionalDecoderWithVehicleByPercentage;11689,73;2187,86;Alpha3
N175;105;PositionalDecoderWithVehicleByPercentage;11029,68;2383,34;Alpha3
N175;105;PositionalDecoderWithVehicleByPercentage;10705,17;2476,32;Alpha3
N175;105;PositionalDecoderWithVehicleByPercentage;10950,29;2312,07;Alpha3
N175;105;PositionalDecoderWithVehicleByPercentage;10693,63;2199,24;Alpha3
N175;105;PositionalDecoderWithVehicleByPercentage;10908,75;2491,95;Alpha3
N175;105;PositionalDecoderWithVehicleByPercentage;10526,43;2155,10;Alpha3
N175;105;PositionalDecoderWithVehicleByPercentage;11416,64;2546,32;Alpha3
N175;105;TimeDecoderWithVehicleByPercentage;10902,73;2453,68;Alpha3
N175;105;TimeDecoderWithVehicleByPercentage;11431,63;2342,98;Alpha3
N175;105;TimeDecoderWithVehicleByPercentage;11630,77;2171,65;Alpha3
N175;105;TimeDecoderWithVehicleByPercentage;11156,50;2398,82;Alpha3
N175;105;TimeDecoderWithVehicleByPercentage;11531,82;2346,46;Alpha3
N175;105;TimeDecoderWithVehicleByPercentage;11228,26;2426,14;Alpha3
N175;105;TimeDecoderWithVehicleByPercentage;11920,46;2619,78;Alpha3
N175;105;TimeDecoderWithVehicleByPercentage;11071,26;2448,14;Alpha3
N175;105;TimeDecoderWithVehicleByPercentage;11037,14;2215,67;Alpha3
N175;105;TimeDecoderWithVehicleByPercentage;10775,35;2324,47;Alpha3
N175;106;PositionalDecoderWithVehicleByPercentage;10730,29;2146,74;Alpha3
N175;106;PositionalDecoderWithVehicleByPercentage;10557,05;2427,23;Alpha3
N175;106;PositionalDecoderWithVehicleByPercentage;11258,40;2426,44;Alpha3
N175;106;PositionalDecoderWithVehicleByPercentage;11002,36;2327,99;Alpha3
N175;106;PositionalDecoderWithVehicleByPercentage;11574,20;2712,88;Alpha3
N175;106;PositionalDecoderWithVehicleByPercentage;11165,53;2317,67;Alpha3
N175;106;PositionalDecoderWithVehicleByPercentage;11084,31;2138,31;Alpha3
N175;106;PositionalDecoderWithVehicleByPercentage;11585,09;2407,76;Alpha3
N175;106;PositionalDecoderWithVehicleByPercentage;11507,63;2491,13;Alpha3
N175;106;PositionalDecoderWithVehicleByPercentage;11551,61;2694,27;Alpha3
N175;106;TimeDecoderWithVehicleByPercentage;11348,29;2280,50;Alpha3
N175;106;TimeDecoderWithVehicleByPercentage;11032,06;2648,66;Alpha3
N175;106;TimeDecoderWithVehicleByPercentage;11138,08;2636,99;Alpha3
N175;106;TimeDecoderWithVehicleByPercentage;10876,11;2341,83;Alpha3
N175;106;TimeDecoderWithVehicleByPercentage;10280,70;2569,72;Alpha3
N175;106;TimeDecoderWithVehicleByPercentage;11333,68;2463,02;Alpha3
N175;106;TimeDecoderWithVehicleByPercentage;11579,97;2376,91;Alpha3
N175;106;TimeDecoderWithVehicleByPercentage;10795,01;2413,26;Alpha3
N175;106;TimeDecoderWithVehicleByPercentage;11289,95;2301,88;Alpha3
N175;106;TimeDecoderWithVehicleByPercentage;10785,61;2482,54;Alpha3
N175;107;PositionalDecoderWithVehicleByPercentage;11195,97;2478,86;Alpha3
N175;107;PositionalDecoderWithVehicleByPercentage;10385,53;2445,47;Alpha3
N175;107;PositionalDecoderWithVehicleByPercentage;11101,47;2456,72;Alpha3
N175;107;PositionalDecoderWithVehicleByPercentage;11807,12;2527,39;Alpha3
N175;107;PositionalDecoderWithVehicleByPercentage;11145,49;2619,77;Alpha3
N175;107;PositionalDecoderWithVehicleByPercentage;10724,80;2502,69;Alpha3
N175;107;PositionalDecoderWithVehicleByPercentage;11514,18;2423,90;Alpha3
N175;107;PositionalDecoderWithVehicleByPercentage;11412,78;2357,12;Alpha3
N175;107;PositionalDecoderWithVehicleByPercentage;10740,35;2086,31;Alpha3
N175;107;PositionalDecoderWithVehicleByPercentage;10762,62;2399,67;Alpha3
N175;107;TimeDecoderWithVehicleByPercentage;10898,11;2342,66;Alpha3
N175;107;TimeDecoderWithVehicleByPercentage;11388,90;2356,47;Alpha3
N175;107;TimeDecoderWithVehicleByPercentage;10846,68;2308,74;Alpha3
N175;107;TimeDecoderWithVehicleByPercentage;10996,84;2344,65;Alpha3
N175;107;TimeDecoderWithVehicleByPercentage;11391,12;2222,83;Alpha3
N175;107;TimeDecoderWithVehicleByPercentage;10585,27;2338,97;Alpha3
N175;107;TimeDecoderWithVehicleByPercentage;11735,92;2698,68;Alpha3
N175;107;TimeDecoderWithVehicleByPercentage;11056,12;2426,15;Alpha3
N175;107;TimeDecoderWithVehicleByPercentage;11719,38;2587,22;Alpha3
N175;107;TimeDecoderWithVehicleByPercentage;10484,38;2513,07;Alpha3
N175;108;PositionalDecoderWithVehicleByPercentage;11426,46;2243,56;Alpha3
N175;108;PositionalDecoderWithVehicleByPercentage;11055,49;2207,38;Alpha3
N175;108;PositionalDecoderWithVehicleByPercentage;10839,24;2314,47;Alpha3
N175;108;PositionalDecoderWithVehicleByPercentage;10789,68;2531,11;Alpha3
N175;108;PositionalDecoderWithVehicleByPercentage;10755,53;2598,37;Alpha3
N175;108;PositionalDecoderWithVehicleByPercentage;11227,86;2488,16;Alpha3
N175;108;PositionalDecoderWithVehicleByPercentage;9922,51;2241,21;Alpha3
N175;108;PositionalDecoderWithVehicleByPercentage;10637,69;2439,29;Alpha3
N175;108;PositionalDecoderWithVehicleByPercentage;11139,88;2471,68;Alpha3
N175;108;PositionalDecoderWithVehicleByPercentage;11710,54;2529,64;Alpha3
N175;108;TimeDecoderWithVehicleByPercentage;10703,11;2537,36;Alpha3
N175;108;TimeDecoderWithVehicleByPercentage;11246,00;2363,14;Alpha3
N175;108;TimeDecoderWithVehicleByPercentage;10817,39;2402,79;Alpha3
N175;108;TimeDecoderWithVehicleByPercentage;10621,93;2439,18;Alpha3
N175;108;TimeDecoderWithVehicleByPercentage;10874,14;2277,67;Alpha3
N175;108;TimeDecoderWithVehicleByPercentage;11532,75;2379,71;Alpha3
N175;108;TimeDecoderWithVehicleByPercentage;11666,50;2315,26;Alpha3
N175;108;TimeDecoderWithVehicleByPercentage;11023,24;2184,75;Alpha3
N175;108;TimeDecoderWithVehicleByPercentage;11004,13;2549,40;Alpha3
N175;108;TimeDecoderWithVehicleByPercentage;10754,32;2401,21;Alpha3
N175;110;PositionalDecoderWithVehicleByPercentage;10663,93;2356,85;Alpha3
N175;110;PositionalDecoderWithVehicleByPercentage;10746,41;2570,87;Alpha3
N175;110;PositionalDecoderWithVehicleByPercentage;10590,70;2243,19;Alpha3
N175;110;PositionalDecoderWithVehicleByPercentage;10942,40;2632,27;Alpha3
N175;110;PositionalDecoderWithVehicleByPercentage;11098,78;2290,93;Alpha3
N175;110;PositionalDecoderWithVehicleByPercentage;11182,57;2499,22;Alpha3
N175;110;PositionalDecoderWithVehicleByPercentage;11106,26;2476,22;Alpha3
N175;110;PositionalDecoderWithVehicleByPercentage;11017,88;2430,86;Alpha3
N175;110;PositionalDecoderWithVehicleByPercentage;10575,05;2653,02;Alpha3
N175;110;PositionalDecoderWithVehicleByPercentage;10437,05;2279,89;Alpha3
N175;110;TimeDecoderWithVehicleByPercentage;10758,10;2243,40;Alpha3
N175;110;TimeDecoderWithVehicleByPercentage;11100,81;2272,76;Alpha3
N175;110;TimeDecoderWithVehicleByPercentage;10983,98;2465,58;Alpha3
N175;110;TimeDecoderWithVehicleByPercentage;10764,78;2368,24;Alpha3
N175;110;TimeDecoderWithVehicleByPercentage;10229,45;2291,07;Alpha3
N175;110;TimeDecoderWithVehicleByPercentage;10398,68;2154,13;Alpha3
N175;110;TimeDecoderWithVehicleByPercentage;10433,92;2136,00;Alpha3
N175;110;TimeDecoderWithVehicleByPercentage;10791,82;2134,60;Alpha3
N175;110;TimeDecoderWithVehicleByPercentage;10454,44;2121,52;Alpha3
N175;110;TimeDecoderWithVehicleByPercentage;10545,69;2358,05;Alpha3
N250;5;PositionalDecoderWithVehicleByPercentage;15361,03;3669,69;Alpha3
N250;5;PositionalDecoderWithVehicleByPercentage;15018,74;3547,11;Alpha3
N250;5;PositionalDecoderWithVehicleByPercentage;14975,75;4009,57;Alpha3
N250;5;PositionalDecoderWithVehicleByPercentage;15899,71;3411,23;Alpha3
N250;5;PositionalDecoderWithVehicleByPercentage;15467,97;3410,80;Alpha3
N250;5;PositionalDecoderWithVehicleByPercentage;15523,93;3598,71;Alpha3
N250;5;PositionalDecoderWithVehicleByPercentage;14749,38;3329,11;Alpha3
N250;5;PositionalDecoderWithVehicleByPercentage;15616,56;3466,77;Alpha3
N250;5;PositionalDecoderWithVehicleByPercentage;15767,52;4010,17;Alpha3
N250;5;PositionalDecoderWithVehicleByPercentage;14772,94;3529,72;Alpha3
N250;5;TimeDecoderWithVehicleByPercentage;15290,04;3940,64;Alpha3
N250;5;TimeDecoderWithVehicleByPercentage;14809,85;3422,28;Alpha3
N250;5;TimeDecoderWithVehicleByPercentage;15483,67;3909,25;Alpha3
N250;5;TimeDecoderWithVehicleByPercentage;15935,72;3693,02;Alpha3
N250;5;TimeDecoderWithVehicleByPercentage;14683,87;3692,39;Alpha3
N250;5;TimeDecoderWithVehicleByPercentage;14601,21;3564,25;Alpha3
N250;5;TimeDecoderWithVehicleByPercentage;15816,73;3376,72;Alpha3
N250;5;TimeDecoderWithVehicleByPercentage;16121,58;3891,48;Alpha3
N250;5;TimeDecoderWithVehicleByPercentage;15407,89;3888,80;Alpha3
N250;5;TimeDecoderWithVehicleByPercentage;15231,05;3976,79;Alpha3
N250;113;PositionalDecoderWithVehicleByPercentage;16091,53;3533,89;Alpha3
N250;113;PositionalDecoderWithVehicleByPercentage;15247,93;3530,03;Alpha3
N250;113;PositionalDecoderWithVehicleByPercentage;15204,55;3563,65;Alpha3
N250;113;PositionalDecoderWithVehicleByPercentage;15766,51;3757,01;Alpha3
N250;113;PositionalDecoderWithVehicleByPercentage;16096,74;3559,45;Alpha3
N250;113;PositionalDecoderWithVehicleByPercentage;15178,10;3586,35;Alpha3
N250;113;PositionalDecoderWithVehicleByPercentage;16488,10;3705,97;Alpha3
N250;113;PositionalDecoderWithVehicleByPercentage;16285,28;3942,59;Alpha3
N250;113;PositionalDecoderWithVehicleByPercentage;15379,83;3127,24;Alpha3
N250;113;PositionalDecoderWithVehicleByPercentage;15246,77;3521,24;Alpha3
N250;113;TimeDecoderWithVehicleByPercentage;15642,46;3648,11;Alpha3
N250;113;TimeDecoderWithVehicleByPercentage;15540,00;4098,30;Alpha3
N250;113;TimeDecoderWithVehicleByPercentage;15015,04;4035,35;Alpha3
N250;113;TimeDecoderWithVehicleByPercentage;14865,26;3562,01;Alpha3
N250;113;TimeDecoderWithVehicleByPercentage;16180,14;3683,91;Alpha3
N250;113;TimeDecoderWithVehicleByPercentage;15325,21;3481,63;Alpha3
N250;113;TimeDecoderWithVehicleByPercentage;15994,85;3503,63;Alpha3
N250;113;TimeDecoderWithVehicleByPercentage;15118,74;3685,14;Alpha3
N250;113;TimeDecoderWithVehicleByPercentage;14785,87;3475,12;Alpha3
N250;113;TimeDecoderWithVehicleByPercentage;15067,47;3536,61;Alpha3
N250;4;PositionalDecoderWithVehicleByPercentage;15128,50;3866,73;Alpha3
N250;4;PositionalDecoderWithVehicleByPercentage;16267,84;3138,57;Alpha3
N250;4;PositionalDecoderWithVehicleByPercentage;13776,85;3337,22;Alpha3
N250;4;PositionalDecoderWithVehicleByPercentage;14135,70;3092,10;Alpha3
N250;4;PositionalDecoderWithVehicleByPercentage;16032,19;3854,82;Alpha3
N250;4;PositionalDecoderWithVehicleByPercentage;15817,31;3477,62;Alpha3
N250;4;PositionalDecoderWithVehicleByPercentage;15281,23;3845,16;Alpha3
N250;4;PositionalDecoderWithVehicleByPercentage;15267,23;3368,11;Alpha3
N250;4;PositionalDecoderWithVehicleByPercentage;15740,29;3657,81;Alpha3
N250;4;PositionalDecoderWithVehicleByPercentage;16403,50;3583,69;Alpha3
N250;4;TimeDecoderWithVehicleByPercentage;16551,60;3737,35;Alpha3
N250;4;TimeDecoderWithVehicleByPercentage;15160,67;3551,40;Alpha3
N250;4;TimeDecoderWithVehicleByPercentage;15629,26;3757,76;Alpha3
N250;4;TimeDecoderWithVehicleByPercentage;15142,67;3573,30;Alpha3
N250;4;TimeDecoderWithVehicleByPercentage;16179,60;3605,01;Alpha3
N250;4;TimeDecoderWithVehicleByPercentage;14251,50;3334,27;Alpha3
N250;4;TimeDecoderWithVehicleByPercentage;15112,51;3187,61;Alpha3
N250;4;TimeDecoderWithVehicleByPercentage;15765,26;3841,99;Alpha3
N250;4;TimeDecoderWithVehicleByPercentage;15380,31;3895,66;Alpha3
N250;4;TimeDecoderWithVehicleByPercentage;15821,97;3813,97;Alpha3
N250;6;PositionalDecoderWithVehicleByPercentage;15136,61;3590,05;Alpha3
N250;6;PositionalDecoderWithVehicleByPercentage;15145,80;3113,77;Alpha3
N250;6;PositionalDecoderWithVehicleByPercentage;15017,06;3882,07;Alpha3
N250;6;PositionalDecoderWithVehicleByPercentage;15919,96;3503,19;Alpha3
N250;6;PositionalDecoderWithVehicleByPercentage;15742,68;3630,72;Alpha3
N250;6;PositionalDecoderWithVehicleByPercentage;14835,92;3496,28;Alpha3
N250;6;PositionalDecoderWithVehicleByPercentage;16059,65;3406,75;Alpha3
N250;6;PositionalDecoderWithVehicleByPercentage;14437,06;3830,00;Alpha3
N250;6;PositionalDecoderWithVehicleByPercentage;15479,29;3595,93;Alpha3
N250;6;PositionalDecoderWithVehicleByPercentage;15019,59;3346,87;Alpha3
N250;6;TimeDecoderWithVehicleByPercentage;15183,26;3241,53;Alpha3
N250;6;TimeDecoderWithVehicleByPercentage;14065,31;3586,23;Alpha3
N250;6;TimeDecoderWithVehicleByPercentage;15366,17;3616,51;Alpha3
N250;6;TimeDecoderWithVehicleByPercentage;15881,50;3522,29;Alpha3
N250;6;TimeDecoderWithVehicleByPercentage;15809,01;4054,18;Alpha3
N250;6;TimeDecoderWithVehicleByPercentage;15131,50;3803,65;Alpha3
N250;6;TimeDecoderWithVehicleByPercentage;15021,04;3427,62;Alpha3
N250;6;TimeDecoderWithVehicleByPercentage;16344,05;3479,11;Alpha3
N250;6;TimeDecoderWithVehicleByPercentage;15111,79;3548,30;Alpha3
N250;6;TimeDecoderWithVehicleByPercentage;14861,71;3651,91;Alpha3
N250;114;PositionalDecoderWithVehicleByPercentage;14647,55;3562,57;Alpha3
N250;114;PositionalDecoderWithVehicleByPercentage;15123,05;3866,01;Alpha3
N250;114;PositionalDecoderWithVehicleByPercentage;15127,37;3669,54;Alpha3
N250;114;PositionalDecoderWithVehicleByPercentage;15345,93;3492,82;Alpha3
N250;114;PositionalDecoderWithVehicleByPercentage;14933,83;3552,11;Alpha3
N250;114;PositionalDecoderWithVehicleByPercentage;14842,69;3187,73;Alpha3
N250;114;PositionalDecoderWithVehicleByPercentage;15069,46;3674,10;Alpha3
N250;114;PositionalDecoderWithVehicleByPercentage;14968,75;3624,26;Alpha3
N250;114;PositionalDecoderWithVehicleByPercentage;15356,37;3619,26;Alpha3
N250;114;PositionalDecoderWithVehicleByPercentage;14827,09;3481,10;Alpha3
N250;114;TimeDecoderWithVehicleByPercentage;15076,54;3460,80;Alpha3
N250;114;TimeDecoderWithVehicleByPercentage;14807,83;3278,80;Alpha3
N250;114;TimeDecoderWithVehicleByPercentage;15140,84;3568,55;Alpha3
N250;114;TimeDecoderWithVehicleByPercentage;14914,71;3590,95;Alpha3
N250;114;TimeDecoderWithVehicleByPercentage;14423,05;3585,30;Alpha3
N250;114;TimeDecoderWithVehicleByPercentage;14901,86;3800,30;Alpha3
N250;114;TimeDecoderWithVehicleByPercentage;14489,74;3492,81;Alpha3
N250;114;TimeDecoderWithVehicleByPercentage;15075,26;3580,19;Alpha3
N250;114;TimeDecoderWithVehicleByPercentage;15010,42;3509,11;Alpha3
N250;114;TimeDecoderWithVehicleByPercentage;15050,98;3877,11;Alpha3
N250;118;PositionalDecoderWithVehicleByPercentage;15266,72;3510,51;Alpha3
N250;118;PositionalDecoderWithVehicleByPercentage;15577,97;3532,39;Alpha3
N250;118;PositionalDecoderWithVehicleByPercentage;16240,41;3830,55;Alpha3
N250;118;PositionalDecoderWithVehicleByPercentage;15752,14;3475,85;Alpha3
N250;118;PositionalDecoderWithVehicleByPercentage;16173,24;3516,50;Alpha3
N250;118;PositionalDecoderWithVehicleByPercentage;15659,43;3488,84;Alpha3
N250;118;PositionalDecoderWithVehicleByPercentage;16172,10;3870,91;Alpha3
N250;118;PositionalDecoderWithVehicleByPercentage;16942,43;4316,82;Alpha3
N250;118;PositionalDecoderWithVehicleByPercentage;16047,57;3641,84;Alpha3
N250;118;PositionalDecoderWithVehicleByPercentage;15112,47;3754,94;Alpha3
N250;118;TimeDecoderWithVehicleByPercentage;15374,28;3549,90;Alpha3
N250;118;TimeDecoderWithVehicleByPercentage;15607,32;3602,00;Alpha3
N250;118;TimeDecoderWithVehicleByPercentage;16247,63;3471,68;Alpha3
N250;118;TimeDecoderWithVehicleByPercentage;15573,21;3335,95;Alpha3
N250;118;TimeDecoderWithVehicleByPercentage;15394,82;3478,46;Alpha3
N250;118;TimeDecoderWithVehicleByPercentage;16772,94;4026,21;Alpha3
N250;118;TimeDecoderWithVehicleByPercentage;15223,44;3868,10;Alpha3
N250;118;TimeDecoderWithVehicleByPercentage;15074,34;3516,43;Alpha3
N250;118;TimeDecoderWithVehicleByPercentage;15674,13;3446,15;Alpha3
N250;118;TimeDecoderWithVehicleByPercentage;15245,39;3567,91;Alpha3
N250;120;PositionalDecoderWithVehicleByPercentage;15587,93;3337,90;Alpha3
N250;120;PositionalDecoderWithVehicleByPercentage;15260,83;3657,25;Alpha3
N250;120;PositionalDecoderWithVehicleByPercentage;15564,69;3434,39;Alpha3
N250;120;PositionalDecoderWithVehicleByPercentage;15212,53;3811,07;Alpha3
N250;120;PositionalDecoderWithVehicleByPercentage;15864,13;3542,37;Alpha3
N250;120;PositionalDecoderWithVehicleByPercentage;15313,76;3737,21;Alpha3
N250;120;PositionalDecoderWithVehicleByPercentage;14972,31;3887,50;Alpha3
N250;120;PositionalDecoderWithVehicleByPercentage;15416,73;3707,73;Alpha3
N250;120;PositionalDecoderWithVehicleByPercentage;16420,07;3666,25;Alpha3
N250;120;PositionalDecoderWithVehicleByPercentage;15217,07;3365,55;Alpha3
N250;120;TimeDecoderWithVehicleByPercentage;15426,28;3541,27;Alpha3
N250;120;TimeDecoderWithVehicleByPercentage;15126,91;3537,96;Alpha3
N250;120;TimeDecoderWithVehicleByPercentage;15132,96;3392,37;Alpha3
N250;120;TimeDecoderWithVehicleByPercentage;14850,82;3655,04;Alpha3
N250;120;TimeDecoderWithVehicleByPercentage;14389,29;3142,73;Alpha3
N250;120;TimeDecoderWithVehicleByPercentage;14460,70;3572,69;Alpha3
N250;120;TimeDecoderWithVehicleByPercentage;15368,47;3836,85;Alpha3
N250;120;TimeDecoderWithVehicleByPercentage;14734,93;3663,36;Alpha3
N250;120;TimeDecoderWithVehicleByPercentage;15158,91;3510,64;Alpha3
N250;120;TimeDecoderWithVehicleByPercentage;14980,56;4027,02;Alpha3
N250;3;PositionalDecoderWithVehicleByPercentage;15314,82;3257,74;Alpha3
N250;3;PositionalDecoderWithVehicleByPercentage;15133,18;3270,47;Alpha3
N250;3;PositionalDecoderWithVehicleByPercentage;14291,93;3610,98;Alpha3
N250;3;PositionalDecoderWithVehicleByPercentage;15284,61;3190,86;Alpha3
N250;3;PositionalDecoderWithVehicleByPercentage;14201,96;3156,07;Alpha3
N250;3;PositionalDecoderWithVehicleByPercentage;14641,98;3567,25;Alpha3
N250;3;PositionalDecoderWithVehicleByPercentage;14839,29;3283,85;Alpha3
N250;3;PositionalDecoderWithVehicleByPercentage;14618,63;3542,15;Alpha3
N250;3;PositionalDecoderWithVehicleByPercentage;16082,52;3422,08;Alpha3
N250;3;PositionalDecoderWithVehicleByPercentage;15285,27;3502,85;Alpha3
N250;3;TimeDecoderWithVehicleByPercentage;15320,05;3687,83;Alpha3
N250;3;TimeDecoderWithVehicleByPercentage;15343,25;3795,76;Alpha3
N250;3;TimeDecoderWithVehicleByPercentage;15275,10;3617,04;Alpha3
N250;3;TimeDecoderWithVehicleByPercentage;14921,39;3617,02;Alpha3
N250;3;TimeDecoderWithVehicleByPercentage;15036,47;3675,26;Alpha3
N250;3;TimeDecoderWithVehicleByPercentage;14920,75;3524,53;Alpha3
N250;3;TimeDecoderWithVehicleByPercentage;15381,03;3562,82;Alpha3
N250;3;TimeDecoderWithVehicleByPercentage;14478,25;3403,69;Alpha3
N250;3;TimeDecoderWithVehicleByPercentage;15470,20;3462,32;Alpha3
N250;3;TimeDecoderWithVehicleByPercentage;14481,92;3487,54;Alpha3
N250;7;PositionalDecoderWithVehicleByPercentage;16224,67;3499,32;Alpha3
N250;7;PositionalDecoderWithVehicleByPercentage;15987,54;3814,54;Alpha3
N250;7;PositionalDecoderWithVehicleByPercentage;15911,84;4008,46;Alpha3
N250;7;PositionalDecoderWithVehicleByPercentage;15087,70;3465,33;Alpha3
N250;7;PositionalDecoderWithVehicleByPercentage;15880,17;3595,44;Alpha3
N250;7;PositionalDecoderWithVehicleByPercentage;15997,58;3736,67;Alpha3
N250;7;PositionalDecoderWithVehicleByPercentage;16026,92;3824,84;Alpha3
N250;7;PositionalDecoderWithVehicleByPercentage;15521,50;3895,19;Alpha3
N250;7;PositionalDecoderWithVehicleByPercentage;15276,69;3577,45;Alpha3
N250;7;PositionalDecoderWithVehicleByPercentage;16041,31;3752,66;Alpha3
N250;7;TimeDecoderWithVehicleByPercentage;15607,56;3701,84;Alpha3
N250;7;TimeDecoderWithVehicleByPercentage;14716,68;3303,94;Alpha3
N250;7;TimeDecoderWithVehicleByPercentage;15607,94;3777,31;Alpha3
N250;7;TimeDecoderWithVehicleByPercentage;15253,92;3620,94;Alpha3
N250;7;TimeDecoderWithVehicleByPercentage;16056,95;3990,50;Alpha3
N250;7;TimeDecoderWithVehicleByPercentage;15433,50;3410,34;Alpha3
N250;7;TimeDecoderWithVehicleByPercentage;15410,09;3872,81;Alpha3
N250;7;TimeDecoderWithVehicleByPercentage;15551,05;3406,78;Alpha3
N250;7;TimeDecoderWithVehicleByPercentage;16029,12;3672,24;Alpha3
N250;7;TimeDecoderWithVehicleByPercentage;15136,43;3498,11;Alpha3
N250;9;PositionalDecoderWithVehicleByPercentage;14612,52;3478,78;Alpha3
N250;9;PositionalDecoderWithVehicleByPercentage;15994,10;3539,98;Alpha3
N250;9;PositionalDecoderWithVehicleByPercentage;14195,92;3895,31;Alpha3
N250;9;PositionalDecoderWithVehicleByPercentage;15763,05;3397,95;Alpha3
N250;9;PositionalDecoderWithVehicleByPercentage;15099,53;3576,23;Alpha3
N250;9;PositionalDecoderWithVehicleByPercentage;15137,08;3678,90;Alpha3
N250;9;PositionalDecoderWithVehicleByPercentage;15116,37;3905,32;Alpha3
N250;9;PositionalDecoderWithVehicleByPercentage;15107,48;3335,41;Alpha3
N250;9;PositionalDecoderWithVehicleByPercentage;14979,73;3256,45;Alpha3
N250;9;PositionalDecoderWithVehicleByPercentage;15316,50;3624,60;Alpha3
N250;9;TimeDecoderWithVehicleByPercentage;14696,19;3489,32;Alpha3
N250;9;TimeDecoderWithVehicleByPercentage;13851,22;3231,70;Alpha3
N250;9;TimeDecoderWithVehicleByPercentage;16489,28;3769,37;Alpha3
N250;9;TimeDecoderWithVehicleByPercentage;15313,21;3721,60;Alpha3
N250;9;TimeDecoderWithVehicleByPercentage;14842,76;3652,16;Alpha3
N250;9;TimeDecoderWithVehicleByPercentage;14524,01;3723,46;Alpha3
N250;9;TimeDecoderWithVehicleByPercentage;14798,03;3542,98;Alpha3
N250;9;TimeDecoderWithVehicleByPercentage;14758,26;3729,74;Alpha3
N250;9;TimeDecoderWithVehicleByPercentage;15031,63;3548,13;Alpha3
N250;9;TimeDecoderWithVehicleByPercentage;14888,70;3409,59;Alpha3
N250;111;PositionalDecoderWithVehicleByPercentage;14373,60;3248,64;Alpha3
N250;111;PositionalDecoderWithVehicleByPercentage;15485,87;3420,11;Alpha3
N250;111;PositionalDecoderWithVehicleByPercentage;15089,28;3498,55;Alpha3
N250;111;PositionalDecoderWithVehicleByPercentage;15160,74;3502,06;Alpha3
N250;111;PositionalDecoderWithVehicleByPercentage;14870,99;3383,66;Alpha3
N250;111;PositionalDecoderWithVehicleByPercentage;14489,61;3343,86;Alpha3
N250;111;PositionalDecoderWithVehicleByPercentage;16068,46;3862,04;Alpha3
N250;111;PositionalDecoderWithVehicleByPercentage;14744,49;3670,72;Alpha3
N250;111;PositionalDecoderWithVehicleByPercentage;15202,79;3557,31;Alpha3
N250;111;PositionalDecoderWithVehicleByPercentage;15346,60;3607,51;Alpha3
N250;111;TimeDecoderWithVehicleByPercentage;15326,83;3254,64;Alpha3
N250;111;TimeDecoderWithVehicleByPercentage;14719,61;3546,08;Alpha3
N250;111;TimeDecoderWithVehicleByPercentage;15298,85;3526,46;Alpha3
N250;111;TimeDecoderWithVehicleByPercentage;14735,74;3546,31;Alpha3
N250;111;TimeDecoderWithVehicleByPercentage;13993,88;3760,98;Alpha3
N250;111;TimeDecoderWithVehicleByPercentage;14188,98;3211,76;Alpha3
N250;111;TimeDecoderWithVehicleByPercentage;14436,88;3533,71;Alpha3
N250;111;TimeDecoderWithVehicleByPercentage;14641,28;3287,08;Alpha3
N250;111;TimeDecoderWithVehicleByPercentage;15213,59;3462,47;Alpha3
N250;111;TimeDecoderWithVehicleByPercentage;14910,75;3381,97;Alpha3
N250;115;PositionalDecoderWithVehicleByPercentage;15803,69;3942,61;Alpha3
N250;115;PositionalDecoderWithVehicleByPercentage;16154,99;3754,94;Alpha3
N250;115;PositionalDecoderWithVehicleByPercentage;15079,02;3420,56;Alpha3
N250;115;PositionalDecoderWithVehicleByPercentage;15009,20;3420,38;Alpha3
N250;115;PositionalDecoderWithVehicleByPercentage;15506,22;3794,90;Alpha3
N250;115;PositionalDecoderWithVehicleByPercentage;15103,35;3680,45;Alpha3
N250;115;PositionalDecoderWithVehicleByPercentage;16121,54;3634,02;Alpha3
N250;115;PositionalDecoderWithVehicleByPercentage;16221,45;3527,18;Alpha3
N250;115;PositionalDecoderWithVehicleByPercentage;15429,37;3512,12;Alpha3
N250;115;PositionalDecoderWithVehicleByPercentage;15526,38;3676,34;Alpha3
N250;115;TimeDecoderWithVehicleByPercentage;13773,43;3570,09;Alpha3
N250;115;TimeDecoderWithVehicleByPercentage;15152,89;3801,36;Alpha3
N250;115;TimeDecoderWithVehicleByPercentage;15646,24;3751,08;Alpha3
N250;115;TimeDecoderWithVehicleByPercentage;15472,02;3498,83;Alpha3
N250;115;TimeDecoderWithVehicleByPercentage;15487,90;3895,10;Alpha3
N250;115;TimeDecoderWithVehicleByPercentage;16079,78;3394,35;Alpha3
N250;115;TimeDecoderWithVehicleByPercentage;15332,05;3566,29;Alpha3
N250;115;TimeDecoderWithVehicleByPercentage;14953,21;3633,22;Alpha3
N250;115;TimeDecoderWithVehicleByPercentage;15627,91;3629,69;Alpha3
N250;115;TimeDecoderWithVehicleByPercentage;14697,61;3445,63;Alpha3
N250;117;PositionalDecoderWithVehicleByPercentage;15460,58;3527,46;Alpha3
N250;117;PositionalDecoderWithVehicleByPercentage;16325,74;3768,93;Alpha3
N250;117;PositionalDecoderWithVehicleByPercentage;15362,38;3995,93;Alpha3
N250;117;PositionalDecoderWithVehicleByPercentage;15347,50;3535,44;Alpha3
N250;117;PositionalDecoderWithVehicleByPercentage;16194,09;3529,20;Alpha3
N250;117;PositionalDecoderWithVehicleByPercentage;15225,45;3575,27;Alpha3
N250;117;PositionalDecoderWithVehicleByPercentage;15366,22;3511,04;Alpha3
N250;117;PositionalDecoderWithVehicleByPercentage;15630,17;3646,73;Alpha3
N250;117;PositionalDecoderWithVehicleByPercentage;14815,65;3202,50;Alpha3
N250;117;PositionalDecoderWithVehicleByPercentage;16149,82;3712,14;Alpha3
N250;117;TimeDecoderWithVehicleByPercentage;15467,23;3251,88;Alpha3
N250;117;TimeDecoderWithVehicleByPercentage;15636,99;3843,58;Alpha3
N250;117;TimeDecoderWithVehicleByPercentage;15202,35;3375,47;Alpha3
N250;117;TimeDecoderWithVehicleByPercentage;14452,25;3382,63;Alpha3
N250;117;TimeDecoderWithVehicleByPercentage;15912,76;3760,39;Alpha3
N250;117;TimeDecoderWithVehicleByPercentage;15372,41;3503,31;Alpha3
N250;117;TimeDecoderWithVehicleByPercentage;15525,87;3680,90;Alpha3
N250;117;TimeDecoderWithVehicleByPercentage;15525,88;4007,80;Alpha3
N250;117;TimeDecoderWithVehicleByPercentage;15634,91;3495,56;Alpha3
N250;117;TimeDecoderWithVehicleByPercentage;14993,14;3905,00;Alpha3
N250;119;PositionalDecoderWithVehicleByPercentage;14537,59;3462,37;Alpha3
N250;119;PositionalDecoderWithVehicleByPercentage;14980,15;3471,82;Alpha3
N250;119;PositionalDecoderWithVehicleByPercentage;14105,90;3527,27;Alpha3
N250;119;PositionalDecoderWithVehicleByPercentage;15438,15;3752,34;Alpha3
N250;119;PositionalDecoderWithVehicleByPercentage;15255,76;3955,75;Alpha3
N250;119;PositionalDecoderWithVehicleByPercentage;15329,40;3737,08;Alpha3
N250;119;PositionalDecoderWithVehicleByPercentage;15605,85;3622,70;Alpha3
N250;119;PositionalDecoderWithVehicleByPercentage;14503,59;3662,79;Alpha3
N250;119;PositionalDecoderWithVehicleByPercentage;14478,84;3274,85;Alpha3
N250;119;PositionalDecoderWithVehicleByPercentage;14942,60;3311,19;Alpha3
N250;119;TimeDecoderWithVehicleByPercentage;15486,48;3481,90;Alpha3
N250;119;TimeDecoderWithVehicleByPercentage;15077,85;3651,13;Alpha3
N250;119;TimeDecoderWithVehicleByPercentage;15221,93;3656,52;Alpha3
N250;119;TimeDecoderWithVehicleByPercentage;15816,71;3688,87;Alpha3
N250;119;TimeDecoderWithVehicleByPercentage;14500,56;3497,70;Alpha3
N250;119;TimeDecoderWithVehicleByPercentage;15931,18;3778,47;Alpha3
N250;119;TimeDecoderWithVehicleByPercentage;16021,40;3967,31;Alpha3
N250;119;TimeDecoderWithVehicleByPercentage;15724,42;3845,74;Alpha3
N250;119;TimeDecoderWithVehicleByPercentage;16051,61;3790,86;Alpha3
N250;119;TimeDecoderWithVehicleByPercentage;14839,38;3787,05;Alpha3
N250;1;PositionalDecoderWithVehicleByPercentage;14371,75;3437,45;Alpha3
N250;1;PositionalDecoderWithVehicleByPercentage;14873,31;4424,60;Alpha3
N250;1;PositionalDecoderWithVehicleByPercentage;15384,32;3951,93;Alpha3
N250;1;PositionalDecoderWithVehicleByPercentage;16500,03;3698,78;Alpha3
N250;1;PositionalDecoderWithVehicleByPercentage;16062,38;3496,53;Alpha3
N250;1;PositionalDecoderWithVehicleByPercentage;14996,30;3401,86;Alpha3
N250;1;PositionalDecoderWithVehicleByPercentage;14377,36;3588,41;Alpha3
N250;1;PositionalDecoderWithVehicleByPercentage;16424,74;3507,55;Alpha3
N250;1;PositionalDecoderWithVehicleByPercentage;14881,57;3618,10;Alpha3
N250;1;PositionalDecoderWithVehicleByPercentage;15274,89;3663,62;Alpha3
N250;1;TimeDecoderWithVehicleByPercentage;14744,49;3558,79;Alpha3
N250;1;TimeDecoderWithVehicleByPercentage;15945,39;4096,36;Alpha3
N250;1;TimeDecoderWithVehicleByPercentage;15458,15;3743,79;Alpha3
N250;1;TimeDecoderWithVehicleByPercentage;15656,09;3633,31;Alpha3
N250;1;TimeDecoderWithVehicleByPercentage;14500,07;3343,84;Alpha3
N250;1;TimeDecoderWithVehicleByPercentage;15890,78;3432,01;Alpha3
N250;1;TimeDecoderWithVehicleByPercentage;14734,60;3575,16;Alpha3
N250;1;TimeDecoderWithVehicleByPercentage;15395,40;3605,99;Alpha3
N250;1;TimeDecoderWithVehicleByPercentage;15023,49;3241,77;Alpha3
N250;1;TimeDecoderWithVehicleByPercentage;15637,88;3383,93;Alpha3
N250;2;PositionalDecoderWithVehicleByPercentage;14682,01;3859,86;Alpha3
N250;2;PositionalDecoderWithVehicleByPercentage;14965,62;3549,45;Alpha3
N250;2;PositionalDecoderWithVehicleByPercentage;15487,79;3841,37;Alpha3
N250;2;PositionalDecoderWithVehicleByPercentage;15165,40;3560,54;Alpha3
N250;2;PositionalDecoderWithVehicleByPercentage;15455,42;3638,35;Alpha3
N250;2;PositionalDecoderWithVehicleByPercentage;15371,24;3585,17;Alpha3
N250;2;PositionalDecoderWithVehicleByPercentage;14894,35;3655,71;Alpha3
N250;2;PositionalDecoderWithVehicleByPercentage;14711,25;3471,22;Alpha3
N250;2;PositionalDecoderWithVehicleByPercentage;15157,71;3441,45;Alpha3
N250;2;PositionalDecoderWithVehicleByPercentage;16329,14;3697,42;Alpha3
N250;2;TimeDecoderWithVehicleByPercentage;14034,11;3362,83;Alpha3
N250;2;TimeDecoderWithVehicleByPercentage;16152,33;3541,62;Alpha3
N250;2;TimeDecoderWithVehicleByPercentage;15574,92;3952,00;Alpha3
N250;2;TimeDecoderWithVehicleByPercentage;15243,54;3329,09;Alpha3
N250;2;TimeDecoderWithVehicleByPercentage;15965,46;3674,69;Alpha3
N250;2;TimeDecoderWithVehicleByPercentage;15865,65;4188,67;Alpha3
N250;2;TimeDecoderWithVehicleByPercentage;15191,36;3678,67;Alpha3
N250;2;TimeDecoderWithVehicleByPercentage;15385,10;3456,80;Alpha3
N250;2;TimeDecoderWithVehicleByPercentage;15147,12;3307,55;Alpha3
N250;2;TimeDecoderWithVehicleByPercentage;15109,64;3451,96;Alpha3
N250;8;PositionalDecoderWithVehicleByPercentage;16125,62;3838,86;Alpha3
N250;8;PositionalDecoderWithVehicleByPercentage;15560,14;3178,78;Alpha3
N250;8;PositionalDecoderWithVehicleByPercentage;14756,11;3254,51;Alpha3
N250;8;PositionalDecoderWithVehicleByPercentage;15347,49;3726,53;Alpha3
N250;8;PositionalDecoderWithVehicleByPercentage;16131,51;3435,19;Alpha3
N250;8;PositionalDecoderWithVehicleByPercentage;15551,40;3748,14;Alpha3
N250;8;PositionalDecoderWithVehicleByPercentage;15197,12;3585,23;Alpha3
N250;8;PositionalDecoderWithVehicleByPercentage;15689,77;3329,55;Alpha3
N250;8;PositionalDecoderWithVehicleByPercentage;13717,23;5026,93;Alpha3
N250;8;PositionalDecoderWithVehicleByPercentage;15676,23;3609,11;Alpha3
N250;8;TimeDecoderWithVehicleByPercentage;15255,70;3637,16;Alpha3
N250;8;TimeDecoderWithVehicleByPercentage;14909,16;3301,50;Alpha3
N250;8;TimeDecoderWithVehicleByPercentage;14452,07;3732,08;Alpha3
N250;8;TimeDecoderWithVehicleByPercentage;15170,08;3364,81;Alpha3
N250;8;TimeDecoderWithVehicleByPercentage;15229,39;3575,99;Alpha3
N250;8;TimeDecoderWithVehicleByPercentage;15373,72;3676,15;Alpha3
N250;8;TimeDecoderWithVehicleByPercentage;15753,21;3670,51;Alpha3
N250;8;TimeDecoderWithVehicleByPercentage;14997,60;3484,02;Alpha3
N250;8;TimeDecoderWithVehicleByPercentage;14685,19;3933,00;Alpha3
N250;8;TimeDecoderWithVehicleByPercentage;15409,99;3789,33;Alpha3
N250;10;PositionalDecoderWithVehicleByPercentage;14919,05;3395,75;Alpha3
N250;10;PositionalDecoderWithVehicleByPercentage;14658,82;3321,17;Alpha3
N250;10;PositionalDecoderWithVehicleByPercentage;14688,85;3344,83;Alpha3
N250;10;PositionalDecoderWithVehicleByPercentage;14671,48;3293,38;Alpha3
N250;10;PositionalDecoderWithVehicleByPercentage;15358,61;3481,85;Alpha3
N250;10;PositionalDecoderWithVehicleByPercentage;15522,43;3644,81;Alpha3
N250;10;PositionalDecoderWithVehicleByPercentage;15007,48;3431,80;Alpha3
N250;10;PositionalDecoderWithVehicleByPercentage;14891,03;3402,85;Alpha3
N250;10;PositionalDecoderWithVehicleByPercentage;15289,87;3815,92;Alpha3
N250;10;PositionalDecoderWithVehicleByPercentage;14960,89;3259,15;Alpha3
N250;10;TimeDecoderWithVehicleByPercentage;15614,55;3438,71;Alpha3
N250;10;TimeDecoderWithVehicleByPercentage;16040,63;3891,80;Alpha3
N250;10;TimeDecoderWithVehicleByPercentage;15028,07;3645,12;Alpha3
N250;10;TimeDecoderWithVehicleByPercentage;14570,09;3253,40;Alpha3
N250;10;TimeDecoderWithVehicleByPercentage;15386,63;3904,15;Alpha3
N250;10;TimeDecoderWithVehicleByPercentage;14333,09;3419,59;Alpha3
N250;10;TimeDecoderWithVehicleByPercentage;14572,82;3383,69;Alpha3
N250;10;TimeDecoderWithVehicleByPercentage;14944,90;3350,32;Alpha3
N250;10;TimeDecoderWithVehicleByPercentage;15431,93;3375,84;Alpha3
N250;10;TimeDecoderWithVehicleByPercentage;14462,58;3472,16;Alpha3
N250;112;PositionalDecoderWithVehicleByPercentage;15440,53;3368,98;Alpha3
N250;112;PositionalDecoderWithVehicleByPercentage;14904,52;3501,54;Alpha3
N250;112;PositionalDecoderWithVehicleByPercentage;15168,82;3687,57;Alpha3
N250;112;PositionalDecoderWithVehicleByPercentage;14086,28;3498,93;Alpha3
N250;112;PositionalDecoderWithVehicleByPercentage;16069,49;3709,53;Alpha3
N250;112;PositionalDecoderWithVehicleByPercentage;16291,90;3523,43;Alpha3
N250;112;PositionalDecoderWithVehicleByPercentage;16163,55;3617,65;Alpha3
N250;112;PositionalDecoderWithVehicleByPercentage;14976,15;3858,22;Alpha3
N250;112;PositionalDecoderWithVehicleByPercentage;15822,24;3632,87;Alpha3
N250;112;PositionalDecoderWithVehicleByPercentage;14601,72;3949,81;Alpha3
N250;112;TimeDecoderWithVehicleByPercentage;15258,34;3569,29;Alpha3
N250;112;TimeDecoderWithVehicleByPercentage;14725,59;3692,68;Alpha3
N250;112;TimeDecoderWithVehicleByPercentage;15288,32;3670,33;Alpha3
N250;112;TimeDecoderWithVehicleByPercentage;14143,93;3433,34;Alpha3
N250;112;TimeDecoderWithVehicleByPercentage;14975,00;3964,50;Alpha3
N250;112;TimeDecoderWithVehicleByPercentage;14106,53;3054,68;Alpha3
N250;112;TimeDecoderWithVehicleByPercentage;15141,99;3314,06;Alpha3
N250;112;TimeDecoderWithVehicleByPercentage;15653,07;3657,50;Alpha3
N250;112;TimeDecoderWithVehicleByPercentage;16094,79;3770,44;Alpha3
N250;112;TimeDecoderWithVehicleByPercentage;15420,75;3577,02;Alpha3
N250;116;PositionalDecoderWithVehicleByPercentage;14918,94;3375,71;Alpha3
N250;116;PositionalDecoderWithVehicleByPercentage;15803,52;3514,05;Alpha3
N250;116;PositionalDecoderWithVehicleByPercentage;14740,61;3440,15;Alpha3
N250;116;PositionalDecoderWithVehicleByPercentage;15014,24;3955,20;Alpha3
N250;116;PositionalDecoderWithVehicleByPercentage;14809,63;3660,76;Alpha3
N250;116;PositionalDecoderWithVehicleByPercentage;15284,09;3463,21;Alpha3
N250;116;PositionalDecoderWithVehicleByPercentage;15200,02;3586,52;Alpha3
N250;116;PositionalDecoderWithVehicleByPercentage;14870,18;3573,73;Alpha3
N250;116;PositionalDecoderWithVehicleByPercentage;15087,14;3562,96;Alpha3
N250;116;PositionalDecoderWithVehicleByPercentage;14320,10;3503,80;Alpha3
N250;116;TimeDecoderWithVehicleByPercentage;14839,99;3385,39;Alpha3
N250;116;TimeDecoderWithVehicleByPercentage;15459,27;3559,10;Alpha3
N250;116;TimeDecoderWithVehicleByPercentage;14560,48;3564,37;Alpha3
N250;116;TimeDecoderWithVehicleByPercentage;14782,31;3404,94;Alpha3
N250;116;TimeDecoderWithVehicleByPercentage;14823,37;3332,20;Alpha3
N250;116;TimeDecoderWithVehicleByPercentage;14572,24;3363,47;Alpha3
N250;116;TimeDecoderWithVehicleByPercentage;15071,67;3694,78;Alpha3
N250;116;TimeDecoderWithVehicleByPercentage;14814,52;3363,15;Alpha3
N250;116;TimeDecoderWithVehicleByPercentage;14276,72;3328,66;Alpha3
N250;116;TimeDecoderWithVehicleByPercentage;15511,79;3481,22;Alpha3