N;Instance;Decoder;Time Spent;Alpha
N10;52;PositionalDecoderWithVehicleByPercentage;179,38;Alpha1
N10;52;PositionalDecoderWithVehicleByPercentage;142,21;Alpha1
N10;52;PositionalDecoderWithVehicleByPercentage;124,95;Alpha1
N10;52;PositionalDecoderWithVehicleByPercentage;179,38;Alpha1
N10;52;PositionalDecoderWithVehicleByPercentage;142,21;Alpha1
N10;52;PositionalDecoderWithVehicleByPercentage;124,95;Alpha1
N10;52;PositionalDecoderWithVehicleByPercentage;124,95;Alpha1
N10;52;PositionalDecoderWithVehicleByPercentage;124,95;Alpha1
N10;52;PositionalDecoderWithVehicleByPercentage;179,38;Alpha1
N10;52;PositionalDecoderWithVehicleByPercentage;124,95;Alpha1
N10;52;TimeDecoderWithVehicleByPercentage;124,95;Alpha1
N10;52;TimeDecoderWithVehicleByPercentage;124,95;Alpha1
N10;52;TimeDecoderWithVehicleByPercentage;179,38;Alpha1
N10;52;TimeDecoderWithVehicleByPercentage;139,32;Alpha1
N10;52;TimeDecoderWithVehicleByPercentage;179,38;Alpha1
N10;52;TimeDecoderWithVehicleByPercentage;124,95;Alpha1
N10;52;TimeDecoderWithVehicleByPercentage;179,38;Alpha1
N10;52;TimeDecoderWithVehicleByPercentage;124,95;Alpha1
N10;52;TimeDecoderWithVehicleByPercentage;179,38;Alpha1
N10;52;TimeDecoderWithVehicleByPercentage;124,95;Alpha1
N10;53;PositionalDecoderWithVehicleByPercentage;80,83;Alpha1
N10;53;PositionalDecoderWithVehicleByPercentage;80,83;Alpha1
N10;53;PositionalDecoderWithVehicleByPercentage;80,83;Alpha1
N10;53;PositionalDecoderWithVehicleByPercentage;80,83;Alpha1
N10;53;PositionalDecoderWithVehicleByPercentage;80,83;Alpha1
N10;53;PositionalDecoderWithVehicleByPercentage;80,83;Alpha1
N10;53;PositionalDecoderWithVehicleByPercentage;93,56;Alpha1
N10;53;PositionalDecoderWithVehicleByPercentage;80,83;Alpha1
N10;53;PositionalDecoderWithVehicleByPercentage;80,83;Alpha1
N10;53;PositionalDecoderWithVehicleByPercentage;80,83;Alpha1
N10;53;TimeDecoderWithVehicleByPercentage;80,83;Alpha1
N10;53;TimeDecoderWithVehicleByPercentage;80,83;Alpha1
N10;53;TimeDecoderWithVehicleByPercentage;80,83;Alpha1
N10;53;TimeDecoderWithVehicleByPercentage;80,83;Alpha1
N10;53;TimeDecoderWithVehicleByPercentage;80,83;Alpha1
N10;53;TimeDecoderWithVehicleByPercentage;80,83;Alpha1
N10;53;TimeDecoderWithVehicleByPercentage;80,83;Alpha1
N10;53;TimeDecoderWithVehicleByPercentage;80,83;Alpha1
N10;53;TimeDecoderWithVehicleByPercentage;80,83;Alpha1
N10;53;TimeDecoderWithVehicleByPercentage;80,83;Alpha1
N10;56;PositionalDecoderWithVehicleByPercentage;175,02;Alpha1
N10;56;PositionalDecoderWithVehicleByPercentage;171,29;Alpha1
N10;56;PositionalDecoderWithVehicleByPercentage;171,29;Alpha1
N10;56;PositionalDecoderWithVehicleByPercentage;204,30;Alpha1
N10;56;PositionalDecoderWithVehicleByPercentage;175,02;Alpha1
N10;56;PositionalDecoderWithVehicleByPercentage;171,29;Alpha1
N10;56;PositionalDecoderWithVehicleByPercentage;171,29;Alpha1
N10;56;PositionalDecoderWithVehicleByPercentage;171,29;Alpha1
N10;56;PositionalDecoderWithVehicleByPercentage;171,29;Alpha1
N10;56;PositionalDecoderWithVehicleByPercentage;171,29;Alpha1
N10;56;TimeDecoderWithVehicleByPercentage;171,29;Alpha1
N10;56;TimeDecoderWithVehicleByPercentage;171,29;Alpha1
N10;56;TimeDecoderWithVehicleByPercentage;171,29;Alpha1
N10;56;TimeDecoderWithVehicleByPercentage;175,02;Alpha1
N10;56;TimeDecoderWithVehicleByPercentage;171,29;Alpha1
N10;56;TimeDecoderWithVehicleByPercentage;171,29;Alpha1
N10;56;TimeDecoderWithVehicleByPercentage;175,02;Alpha1
N10;56;TimeDecoderWithVehicleByPercentage;171,29;Alpha1
N10;56;TimeDecoderWithVehicleByPercentage;171,29;Alpha1
N10;56;TimeDecoderWithVehicleByPercentage;171,29;Alpha1
N10;57;PositionalDecoderWithVehicleByPercentage;66,81;Alpha1
N10;57;PositionalDecoderWithVehicleByPercentage;169,65;Alpha1
N10;57;PositionalDecoderWithVehicleByPercentage;66,81;Alpha1
N10;57;PositionalDecoderWithVehicleByPercentage;66,81;Alpha1
N10;57;PositionalDecoderWithVehicleByPercentage;66,81;Alpha1
N10;57;PositionalDecoderWithVehicleByPercentage;66,81;Alpha1
N10;57;PositionalDecoderWithVehicleByPercentage;66,81;Alpha1
N10;57;PositionalDecoderWithVehicleByPercentage;161,88;Alpha1
N10;57;PositionalDecoderWithVehicleByPercentage;66,81;Alpha1
N10;57;PositionalDecoderWithVehicleByPercentage;66,81;Alpha1
N10;57;TimeDecoderWithVehicleByPercentage;66,81;Alpha1
N10;57;TimeDecoderWithVehicleByPercentage;66,81;Alpha1
N10;57;TimeDecoderWithVehicleByPercentage;66,81;Alpha1
N10;57;TimeDecoderWithVehicleByPercentage;66,81;Alpha1
N10;57;TimeDecoderWithVehicleByPercentage;66,81;Alpha1
N10;57;TimeDecoderWithVehicleByPercentage;66,81;Alpha1
N10;57;TimeDecoderWithVehicleByPercentage;161,88;Alpha1
N10;57;TimeDecoderWithVehicleByPercentage;66,81;Alpha1
N10;57;TimeDecoderWithVehicleByPercentage;66,81;Alpha1
N10;57;TimeDecoderWithVehicleByPercentage;66,81;Alpha1
N10;58;PositionalDecoderWithVehicleByPercentage;163,35;Alpha1
N10;58;PositionalDecoderWithVehicleByPercentage;184,33;Alpha1
N10;58;PositionalDecoderWithVehicleByPercentage;163,35;Alpha1
N10;58;PositionalDecoderWithVehicleByPercentage;184,33;Alpha1
N10;58;PositionalDecoderWithVehicleByPercentage;184,33;Alpha1
N10;58;PositionalDecoderWithVehicleByPercentage;184,33;Alpha1
N10;58;PositionalDecoderWithVehicleByPercentage;184,33;Alpha1
N10;58;PositionalDecoderWithVehicleByPercentage;184,33;Alpha1
N10;58;PositionalDecoderWithVehicleByPercentage;184,33;Alpha1
N10;58;PositionalDecoderWithVehicleByPercentage;188,34;Alpha1
N10;58;TimeDecoderWithVehicleByPercentage;184,33;Alpha1
N10;58;TimeDecoderWithVehicleByPercentage;188,34;Alpha1
N10;58;TimeDecoderWithVehicleByPercentage;188,34;Alpha1
N10;58;TimeDecoderWithVehicleByPercentage;163,35;Alpha1
N10;58;TimeDecoderWithVehicleByPercentage;163,35;Alpha1
N10;58;TimeDecoderWithVehicleByPercentage;163,35;Alpha1
N10;58;TimeDecoderWithVehicleByPercentage;184,33;Alpha1
N10;58;TimeDecoderWithVehicleByPercentage;188,34;Alpha1
N10;58;TimeDecoderWithVehicleByPercentage;184,33;Alpha1
N10;58;TimeDecoderWithVehicleByPercentage;184,33;Alpha1
N10;59;PositionalDecoderWithVehicleByPercentage;187,78;Alpha1
N10;59;PositionalDecoderWithVehicleByPercentage;115,86;Alpha1
N10;59;PositionalDecoderWithVehicleByPercentage;115,86;Alpha1
N10;59;PositionalDecoderWithVehicleByPercentage;115,86;Alpha1
N10;59;PositionalDecoderWithVehicleByPercentage;115,86;Alpha1
N10;59;PositionalDecoderWithVehicleByPercentage;115,86;Alpha1
N10;59;PositionalDecoderWithVehicleByPercentage;127,69;Alpha1
N10;59;PositionalDecoderWithVehicleByPercentage;115,86;Alpha1
N10;59;PositionalDecoderWithVehicleByPercentage;115,86;Alpha1
N10;59;PositionalDecoderWithVehicleByPercentage;115,86;Alpha1
N10;59;TimeDecoderWithVehicleByPercentage;115,86;Alpha1
N10;59;TimeDecoderWithVehicleByPercentage;115,86;Alpha1
N10;59;TimeDecoderWithVehicleByPercentage;115,86;Alpha1
N10;59;TimeDecoderWithVehicleByPercentage;115,86;Alpha1
N10;59;TimeDecoderWithVehicleByPercentage;115,86;Alpha1
N10;59;TimeDecoderWithVehicleByPercentage;115,86;Alpha1
N10;59;TimeDecoderWithVehicleByPercentage;115,86;Alpha1
N10;59;TimeDecoderWithVehicleByPercentage;115,86;Alpha1
N10;59;TimeDecoderWithVehicleByPercentage;115,86;Alpha1
N10;59;TimeDecoderWithVehicleByPercentage;115,86;Alpha1
N10;60;PositionalDecoderWithVehicleByPercentage;164,92;Alpha1
N10;60;PositionalDecoderWithVehicleByPercentage;164,92;Alpha1
N10;60;PositionalDecoderWithVehicleByPercentage;222,76;Alpha1
N10;60;PositionalDecoderWithVehicleByPercentage;164,92;Alpha1
N10;60;PositionalDecoderWithVehicleByPercentage;164,92;Alpha1
N10;60;PositionalDecoderWithVehicleByPercentage;164,92;Alpha1
N10;60;PositionalDecoderWithVehicleByPercentage;164,92;Alpha1
N10;60;PositionalDecoderWithVehicleByPercentage;164,92;Alpha1
N10;60;PositionalDecoderWithVehicleByPercentage;164,92;Alpha1
N10;60;PositionalDecoderWithVehicleByPercentage;164,92;Alpha1
N10;60;TimeDecoderWithVehicleByPercentage;232,41;Alpha1
N10;60;TimeDecoderWithVehicleByPercentage;202,96;Alpha1
N10;60;TimeDecoderWithVehicleByPercentage;164,92;Alpha1
N10;60;TimeDecoderWithVehicleByPercentage;164,92;Alpha1
N10;60;TimeDecoderWithVehicleByPercentage;164,92;Alpha1
N10;60;TimeDecoderWithVehicleByPercentage;164,92;Alpha1
N10;60;TimeDecoderWithVehicleByPercentage;164,92;Alpha1
N10;60;TimeDecoderWithVehicleByPercentage;164,92;Alpha1
N10;60;TimeDecoderWithVehicleByPercentage;164,92;Alpha1
N10;60;TimeDecoderWithVehicleByPercentage;164,92;Alpha1
N10;51;PositionalDecoderWithVehicleByPercentage;222,63;Alpha1
N10;51;PositionalDecoderWithVehicleByPercentage;223,25;Alpha1
N10;51;PositionalDecoderWithVehicleByPercentage;226,91;Alpha1
N10;51;PositionalDecoderWithVehicleByPercentage;205,14;Alpha1
N10;51;PositionalDecoderWithVehicleByPercentage;222,63;Alpha1
N10;51;PositionalDecoderWithVehicleByPercentage;222,63;Alpha1
N10;51;PositionalDecoderWithVehicleByPercentage;222,63;Alpha1
N10;51;PositionalDecoderWithVehicleByPercentage;223,46;Alpha1
N10;51;PositionalDecoderWithVehicleByPercentage;222,63;Alpha1
N10;51;PositionalDecoderWithVehicleByPercentage;223,46;Alpha1
N10;51;TimeDecoderWithVehicleByPercentage;222,63;Alpha1
N10;51;TimeDecoderWithVehicleByPercentage;225,61;Alpha1
N10;51;TimeDecoderWithVehicleByPercentage;223,46;Alpha1
N10;51;TimeDecoderWithVehicleByPercentage;204,23;Alpha1
N10;51;TimeDecoderWithVehicleByPercentage;226,91;Alpha1
N10;51;TimeDecoderWithVehicleByPercentage;227,18;Alpha1
N10;51;TimeDecoderWithVehicleByPercentage;223,46;Alpha1
N10;51;TimeDecoderWithVehicleByPercentage;204,23;Alpha1
N10;51;TimeDecoderWithVehicleByPercentage;222,63;Alpha1
N10;51;TimeDecoderWithVehicleByPercentage;225,61;Alpha1
N10;54;PositionalDecoderWithVehicleByPercentage;136,31;Alpha1
N10;54;PositionalDecoderWithVehicleByPercentage;136,31;Alpha1
N10;54;PositionalDecoderWithVehicleByPercentage;136,31;Alpha1
N10;54;PositionalDecoderWithVehicleByPercentage;136,31;Alpha1
N10;54;PositionalDecoderWithVehicleByPercentage;136,31;Alpha1
N10;54;PositionalDecoderWithVehicleByPercentage;136,31;Alpha1
N10;54;PositionalDecoderWithVehicleByPercentage;136,31;Alpha1
N10;54;PositionalDecoderWithVehicleByPercentage;136,31;Alpha1
N10;54;PositionalDecoderWithVehicleByPercentage;136,31;Alpha1
N10;54;PositionalDecoderWithVehicleByPercentage;136,31;Alpha1
N10;54;TimeDecoderWithVehicleByPercentage;136,31;Alpha1
N10;54;TimeDecoderWithVehicleByPercentage;136,31;Alpha1
N10;54;TimeDecoderWithVehicleByPercentage;136,31;Alpha1
N10;54;TimeDecoderWithVehicleByPercentage;136,31;Alpha1
N10;54;TimeDecoderWithVehicleByPercentage;136,31;Alpha1
N10;54;TimeDecoderWithVehicleByPercentage;136,31;Alpha1
N10;54;TimeDecoderWithVehicleByPercentage;136,31;Alpha1
N10;54;TimeDecoderWithVehicleByPercentage;136,31;Alpha1
N10;54;TimeDecoderWithVehicleByPercentage;136,31;Alpha1
N10;54;TimeDecoderWithVehicleByPercentage;136,31;Alpha1
N10;55;PositionalDecoderWithVehicleByPercentage;182,37;Alpha1
N10;55;PositionalDecoderWithVehicleByPercentage;240,85;Alpha1
N10;55;PositionalDecoderWithVehicleByPercentage;182,37;Alpha1
N10;55;PositionalDecoderWithVehicleByPercentage;182,37;Alpha1
N10;55;PositionalDecoderWithVehicleByPercentage;182,37;Alpha1
N10;55;PositionalDecoderWithVehicleByPercentage;182,37;Alpha1
N10;55;PositionalDecoderWithVehicleByPercentage;238,39;Alpha1
N10;55;PositionalDecoderWithVehicleByPercentage;182,37;Alpha1
N10;55;PositionalDecoderWithVehicleByPercentage;182,37;Alpha1
N10;55;PositionalDecoderWithVehicleByPercentage;182,37;Alpha1
N10;55;TimeDecoderWithVehicleByPercentage;182,37;Alpha1
N10;55;TimeDecoderWithVehicleByPercentage;182,37;Alpha1
N10;55;TimeDecoderWithVehicleByPercentage;182,37;Alpha1
N10;55;TimeDecoderWithVehicleByPercentage;182,37;Alpha1
N10;55;TimeDecoderWithVehicleByPercentage;243,14;Alpha1
N10;55;TimeDecoderWithVehicleByPercentage;182,37;Alpha1
N10;55;TimeDecoderWithVehicleByPercentage;240,85;Alpha1
N10;55;TimeDecoderWithVehicleByPercentage;182,37;Alpha1
N10;55;TimeDecoderWithVehicleByPercentage;182,37;Alpha1
N10;55;TimeDecoderWithVehicleByPercentage;238,39;Alpha1
N20;61;PositionalDecoderWithVehicleByPercentage;219,24;Alpha1
N20;61;PositionalDecoderWithVehicleByPercentage;197,69;Alpha1
N20;61;PositionalDecoderWithVehicleByPercentage;243,01;Alpha1
N20;61;PositionalDecoderWithVehicleByPercentage;256,67;Alpha1
N20;61;PositionalDecoderWithVehicleByPercentage;229,63;Alpha1
N20;61;PositionalDecoderWithVehicleByPercentage;182,28;Alpha1
N20;61;PositionalDecoderWithVehicleByPercentage;238,63;Alpha1
N20;61;PositionalDecoderWithVehicleByPercentage;202,24;Alpha1
N20;61;PositionalDecoderWithVehicleByPercentage;186,56;Alpha1
N20;61;PositionalDecoderWithVehicleByPercentage;189,81;Alpha1
N20;61;TimeDecoderWithVehicleByPercentage;242,06;Alpha1
N20;61;TimeDecoderWithVehicleByPercentage;228,07;Alpha1
N20;61;TimeDecoderWithVehicleByPercentage;221,64;Alpha1
N20;61;TimeDecoderWithVehicleByPercentage;202,94;Alpha1
N20;61;TimeDecoderWithVehicleByPercentage;186,73;Alpha1
N20;61;TimeDecoderWithVehicleByPercentage;191,53;Alpha1
N20;61;TimeDecoderWithVehicleByPercentage;231,91;Alpha1
N20;61;TimeDecoderWithVehicleByPercentage;196,85;Alpha1
N20;61;TimeDecoderWithVehicleByPercentage;189,04;Alpha1
N20;61;TimeDecoderWithVehicleByPercentage;252,55;Alpha1
N20;62;PositionalDecoderWithVehicleByPercentage;245,08;Alpha1
N20;62;PositionalDecoderWithVehicleByPercentage;270,71;Alpha1
N20;62;PositionalDecoderWithVehicleByPercentage;253,57;Alpha1
N20;62;PositionalDecoderWithVehicleByPercentage;306,13;Alpha1
N20;62;PositionalDecoderWithVehicleByPercentage;305,42;Alpha1
N20;62;PositionalDecoderWithVehicleByPercentage;266,01;Alpha1
N20;62;PositionalDecoderWithVehicleByPercentage;259,85;Alpha1
N20;62;PositionalDecoderWithVehicleByPercentage;305,56;Alpha1
N20;62;PositionalDecoderWithVehicleByPercentage;317,99;Alpha1
N20;62;PositionalDecoderWithVehicleByPercentage;327,46;Alpha1
N20;62;TimeDecoderWithVehicleByPercentage;224,16;Alpha1
N20;62;TimeDecoderWithVehicleByPercentage;218,36;Alpha1
N20;62;TimeDecoderWithVehicleByPercentage;283,19;Alpha1
N20;62;TimeDecoderWithVehicleByPercentage;306,64;Alpha1
N20;62;TimeDecoderWithVehicleByPercentage;230,17;Alpha1
N20;62;TimeDecoderWithVehicleByPercentage;256,62;Alpha1
N20;62;TimeDecoderWithVehicleByPercentage;271,30;Alpha1
N20;62;TimeDecoderWithVehicleByPercentage;277,46;Alpha1
N20;62;TimeDecoderWithVehicleByPercentage;258,68;Alpha1
N20;62;TimeDecoderWithVehicleByPercentage;297,56;Alpha1
N20;67;PositionalDecoderWithVehicleByPercentage;333,58;Alpha1
N20;67;PositionalDecoderWithVehicleByPercentage;289,71;Alpha1
N20;67;PositionalDecoderWithVehicleByPercentage;259,84;Alpha1
N20;67;PositionalDecoderWithVehicleByPercentage;278,09;Alpha1
N20;67;PositionalDecoderWithVehicleByPercentage;276,56;Alpha1
N20;67;PositionalDecoderWithVehicleByPercentage;285,54;Alpha1
N20;67;PositionalDecoderWithVehicleByPercentage;288,34;Alpha1
N20;67;PositionalDecoderWithVehicleByPercentage;276,91;Alpha1
N20;67;PositionalDecoderWithVehicleByPercentage;298,83;Alpha1
N20;67;PositionalDecoderWithVehicleByPercentage;349,40;Alpha1
N20;67;TimeDecoderWithVehicleByPercentage;294,59;Alpha1
N20;67;TimeDecoderWithVehicleByPercentage;330,06;Alpha1
N20;67;TimeDecoderWithVehicleByPercentage;297,56;Alpha1
N20;67;TimeDecoderWithVehicleByPercentage;301,82;Alpha1
N20;67;TimeDecoderWithVehicleByPercentage;295,63;Alpha1
N20;67;TimeDecoderWithVehicleByPercentage;277,26;Alpha1
N20;67;TimeDecoderWithVehicleByPercentage;313,12;Alpha1
N20;67;TimeDecoderWithVehicleByPercentage;317,33;Alpha1
N20;67;TimeDecoderWithVehicleByPercentage;327,31;Alpha1
N20;67;TimeDecoderWithVehicleByPercentage;303,18;Alpha1
N20;68;PositionalDecoderWithVehicleByPercentage;375,17;Alpha1
N20;68;PositionalDecoderWithVehicleByPercentage;343,52;Alpha1
N20;68;PositionalDecoderWithVehicleByPercentage;288,60;Alpha1
N20;68;PositionalDecoderWithVehicleByPercentage;303,28;Alpha1
N20;68;PositionalDecoderWithVehicleByPercentage;300,22;Alpha1
N20;68;PositionalDecoderWithVehicleByPercentage;290,99;Alpha1
N20;68;PositionalDecoderWithVehicleByPercentage;286,03;Alpha1
N20;68;PositionalDecoderWithVehicleByPercentage;305,30;Alpha1
N20;68;PositionalDecoderWithVehicleByPercentage;327,83;Alpha1
N20;68;PositionalDecoderWithVehicleByPercentage;311,77;Alpha1
N20;68;TimeDecoderWithVehicleByPercentage;287,67;Alpha1
N20;68;TimeDecoderWithVehicleByPercentage;329,80;Alpha1
N20;68;TimeDecoderWithVehicleByPercentage;290,57;Alpha1
N20;68;TimeDecoderWithVehicleByPercentage;295,84;Alpha1
N20;68;TimeDecoderWithVehicleByPercentage;308,22;Alpha1
N20;68;TimeDecoderWithVehicleByPercentage;333,22;Alpha1
N20;68;TimeDecoderWithVehicleByPercentage;292,05;Alpha1
N20;68;TimeDecoderWithVehicleByPercentage;339,16;Alpha1
N20;68;TimeDecoderWithVehicleByPercentage;308,67;Alpha1
N20;68;TimeDecoderWithVehicleByPercentage;356,44;Alpha1
N20;70;PositionalDecoderWithVehicleByPercentage;269,32;Alpha1
N20;70;PositionalDecoderWithVehicleByPercentage;240,18;Alpha1
N20;70;PositionalDecoderWithVehicleByPercentage;260,15;Alpha1
N20;70;PositionalDecoderWithVehicleByPercentage;282,48;Alpha1
N20;70;PositionalDecoderWithVehicleByPercentage;279,20;Alpha1
N20;70;PositionalDecoderWithVehicleByPercentage;268,62;Alpha1
N20;70;PositionalDecoderWithVehicleByPercentage;258,27;Alpha1
N20;70;PositionalDecoderWithVehicleByPercentage;267,05;Alpha1
N20;70;PositionalDecoderWithVehicleByPercentage;253,26;Alpha1
N20;70;PositionalDecoderWithVehicleByPercentage;312,64;Alpha1
N20;70;TimeDecoderWithVehicleByPercentage;272,96;Alpha1
N20;70;TimeDecoderWithVehicleByPercentage;277,86;Alpha1
N20;70;TimeDecoderWithVehicleByPercentage;259,34;Alpha1
N20;70;TimeDecoderWithVehicleByPercentage;262,41;Alpha1
N20;70;TimeDecoderWithVehicleByPercentage;278,00;Alpha1
N20;70;TimeDecoderWithVehicleByPercentage;297,40;Alpha1
N20;70;TimeDecoderWithVehicleByPercentage;257,41;Alpha1
N20;70;TimeDecoderWithVehicleByPercentage;291,40;Alpha1
N20;70;TimeDecoderWithVehicleByPercentage;239,21;Alpha1
N20;70;TimeDecoderWithVehicleByPercentage;297,10;Alpha1
N20;63;PositionalDecoderWithVehicleByPercentage;305,18;Alpha1
N20;63;PositionalDecoderWithVehicleByPercentage;285,25;Alpha1
N20;63;PositionalDecoderWithVehicleByPercentage;350,32;Alpha1
N20;63;PositionalDecoderWithVehicleByPercentage;341,96;Alpha1
N20;63;PositionalDecoderWithVehicleByPercentage;282,11;Alpha1
N20;63;PositionalDecoderWithVehicleByPercentage;298,40;Alpha1
N20;63;PositionalDecoderWithVehicleByPercentage;261,71;Alpha1
N20;63;PositionalDecoderWithVehicleByPercentage;286,12;Alpha1
N20;63;PositionalDecoderWithVehicleByPercentage;298,17;Alpha1
N20;63;PositionalDecoderWithVehicleByPercentage;297,37;Alpha1
N20;63;TimeDecoderWithVehicleByPercentage;294,74;Alpha1
N20;63;TimeDecoderWithVehicleByPercentage;339,74;Alpha1
N20;63;TimeDecoderWithVehicleByPercentage;291,96;Alpha1
N20;63;TimeDecoderWithVehicleByPercentage;287,67;Alpha1
N20;63;TimeDecoderWithVehicleByPercentage;283,65;Alpha1
N20;63;TimeDecoderWithVehicleByPercentage;268,70;Alpha1
N20;63;TimeDecoderWithVehicleByPercentage;272,67;Alpha1
N20;63;TimeDecoderWithVehicleByPercentage;284,35;Alpha1
N20;63;TimeDecoderWithVehicleByPercentage;282,40;Alpha1
N20;63;TimeDecoderWithVehicleByPercentage;301,18;Alpha1
N20;64;PositionalDecoderWithVehicleByPercentage;238,89;Alpha1
N20;64;PositionalDecoderWithVehicleByPercentage;202,26;Alpha1
N20;64;PositionalDecoderWithVehicleByPercentage;236,69;Alpha1
N20;64;PositionalDecoderWithVehicleByPercentage;237,19;Alpha1
N20;64;PositionalDecoderWithVehicleByPercentage;253,62;Alpha1
N20;64;PositionalDecoderWithVehicleByPercentage;247,76;Alpha1
N20;64;PositionalDecoderWithVehicleByPercentage;249,17;Alpha1
N20;64;PositionalDecoderWithVehicleByPercentage;208,52;Alpha1
N20;64;PositionalDecoderWithVehicleByPercentage;230,78;Alpha1
N20;64;PositionalDecoderWithVehicleByPercentage;266,26;Alpha1
N20;64;TimeDecoderWithVehicleByPercentage;215,19;Alpha1
N20;64;TimeDecoderWithVehicleByPercentage;270,91;Alpha1
N20;64;TimeDecoderWithVehicleByPercentage;214,08;Alpha1
N20;64;TimeDecoderWithVehicleByPercentage;206,78;Alpha1
N20;64;TimeDecoderWithVehicleByPercentage;243,66;Alpha1
N20;64;TimeDecoderWithVehicleByPercentage;241,14;Alpha1
N20;64;TimeDecoderWithVehicleByPercentage;258,74;Alpha1
N20;64;TimeDecoderWithVehicleByPercentage;323,24;Alpha1
N20;64;TimeDecoderWithVehicleByPercentage;205,40;Alpha1
N20;64;TimeDecoderWithVehicleByPercentage;279,58;Alpha1
N20;65;PositionalDecoderWithVehicleByPercentage;344,29;Alpha1
N20;65;PositionalDecoderWithVehicleByPercentage;308,53;Alpha1
N20;65;PositionalDecoderWithVehicleByPercentage;282,31;Alpha1
N20;65;PositionalDecoderWithVehicleByPercentage;280,51;Alpha1
N20;65;PositionalDecoderWithVehicleByPercentage;332,64;Alpha1
N20;65;PositionalDecoderWithVehicleByPercentage;290,41;Alpha1
N20;65;PositionalDecoderWithVehicleByPercentage;366,98;Alpha1
N20;65;PositionalDecoderWithVehicleByPercentage;351,61;Alpha1
N20;65;PositionalDecoderWithVehicleByPercentage;292,94;Alpha1
N20;65;PositionalDecoderWithVehicleByPercentage;267,65;Alpha1
N20;65;TimeDecoderWithVehicleByPercentage;322,23;Alpha1
N20;65;TimeDecoderWithVehicleByPercentage;322,44;Alpha1
N20;65;TimeDecoderWithVehicleByPercentage;341,68;Alpha1
N20;65;TimeDecoderWithVehicleByPercentage;300,84;Alpha1
N20;65;TimeDecoderWithVehicleByPercentage;304,08;Alpha1
N20;65;TimeDecoderWithVehicleByPercentage;340,86;Alpha1
N20;65;TimeDecoderWithVehicleByPercentage;314,33;Alpha1
N20;65;TimeDecoderWithVehicleByPercentage;302,52;Alpha1
N20;65;TimeDecoderWithVehicleByPercentage;306,69;Alpha1
N20;65;TimeDecoderWithVehicleByPercentage;296,86;Alpha1
N20;66;PositionalDecoderWithVehicleByPercentage;247,84;Alpha1
N20;66;PositionalDecoderWithVehicleByPercentage;285,08;Alpha1
N20;66;PositionalDecoderWithVehicleByPercentage;267,10;Alpha1
N20;66;PositionalDecoderWithVehicleByPercentage;274,44;Alpha1
N20;66;PositionalDecoderWithVehicleByPercentage;288,52;Alpha1
N20;66;PositionalDecoderWithVehicleByPercentage;274,60;Alpha1
N20;66;PositionalDecoderWithVehicleByPercentage;270,61;Alpha1
N20;66;PositionalDecoderWithVehicleByPercentage;253,78;Alpha1
N20;66;PositionalDecoderWithVehicleByPercentage;255,62;Alpha1
N20;66;PositionalDecoderWithVehicleByPercentage;320,60;Alpha1
N20;66;TimeDecoderWithVehicleByPercentage;255,73;Alpha1
N20;66;TimeDecoderWithVehicleByPercentage;269,55;Alpha1
N20;66;TimeDecoderWithVehicleByPercentage;289,79;Alpha1
N20;66;TimeDecoderWithVehicleByPercentage;278,09;Alpha1
N20;66;TimeDecoderWithVehicleByPercentage;287,98;Alpha1
N20;66;TimeDecoderWithVehicleByPercentage;316,83;Alpha1
N20;66;TimeDecoderWithVehicleByPercentage;264,03;Alpha1
N20;66;TimeDecoderWithVehicleByPercentage;269,74;Alpha1
N20;66;TimeDecoderWithVehicleByPercentage;268,05;Alpha1
N20;66;TimeDecoderWithVehicleByPercentage;323,34;Alpha1
N20;69;PositionalDecoderWithVehicleByPercentage;240,67;Alpha1
N20;69;PositionalDecoderWithVehicleByPercentage;294,11;Alpha1
N20;69;PositionalDecoderWithVehicleByPercentage;290,56;Alpha1
N20;69;PositionalDecoderWithVehicleByPercentage;252,99;Alpha1
N20;69;PositionalDecoderWithVehicleByPercentage;235,05;Alpha1
N20;69;PositionalDecoderWithVehicleByPercentage;223,46;Alpha1
N20;69;PositionalDecoderWithVehicleByPercentage;219,26;Alpha1
N20;69;PositionalDecoderWithVehicleByPercentage;290,64;Alpha1
N20;69;PositionalDecoderWithVehicleByPercentage;249,63;Alpha1
N20;69;PositionalDecoderWithVehicleByPercentage;278,09;Alpha1
N20;69;TimeDecoderWithVehicleByPercentage;306,08;Alpha1
N20;69;TimeDecoderWithVehicleByPercentage;286,16;Alpha1
N20;69;TimeDecoderWithVehicleByPercentage;237,00;Alpha1
N20;69;TimeDecoderWithVehicleByPercentage;250,13;Alpha1
N20;69;TimeDecoderWithVehicleByPercentage;269,83;Alpha1
N20;69;TimeDecoderWithVehicleByPercentage;239,40;Alpha1
N20;69;TimeDecoderWithVehicleByPercentage;263,00;Alpha1
N20;69;TimeDecoderWithVehicleByPercentage;289,89;Alpha1
N20;69;TimeDecoderWithVehicleByPercentage;272,76;Alpha1
N20;69;TimeDecoderWithVehicleByPercentage;285,39;Alpha1
N50;71;PositionalDecoderWithVehicleByPercentage;673,37;Alpha1
N50;71;PositionalDecoderWithVehicleByPercentage;621,23;Alpha1
N50;71;PositionalDecoderWithVehicleByPercentage;640,29;Alpha1
N50;71;PositionalDecoderWithVehicleByPercentage;686,47;Alpha1
N50;71;PositionalDecoderWithVehicleByPercentage;591,10;Alpha1
N50;71;PositionalDecoderWithVehicleByPercentage;507,24;Alpha1
N50;71;PositionalDecoderWithVehicleByPercentage;670,01;Alpha1
N50;71;PositionalDecoderWithVehicleByPercentage;715,91;Alpha1
N50;71;PositionalDecoderWithVehicleByPercentage;614,25;Alpha1
N50;71;PositionalDecoderWithVehicleByPercentage;649,59;Alpha1
N50;71;TimeDecoderWithVehicleByPercentage;603,57;Alpha1
N50;71;TimeDecoderWithVehicleByPercentage;615,88;Alpha1
N50;71;TimeDecoderWithVehicleByPercentage;682,66;Alpha1
N50;71;TimeDecoderWithVehicleByPercentage;626,46;Alpha1
N50;71;TimeDecoderWithVehicleByPercentage;603,21;Alpha1
N50;71;TimeDecoderWithVehicleByPercentage;632,65;Alpha1
N50;71;TimeDecoderWithVehicleByPercentage;569,97;Alpha1
N50;71;TimeDecoderWithVehicleByPercentage;693,83;Alpha1
N50;71;TimeDecoderWithVehicleByPercentage;683,88;Alpha1
N50;71;TimeDecoderWithVehicleByPercentage;655,88;Alpha1
N50;72;PositionalDecoderWithVehicleByPercentage;692,73;Alpha1
N50;72;PositionalDecoderWithVehicleByPercentage;704,92;Alpha1
N50;72;PositionalDecoderWithVehicleByPercentage;661,93;Alpha1
N50;72;PositionalDecoderWithVehicleByPercentage;671,24;Alpha1
N50;72;PositionalDecoderWithVehicleByPercentage;626,31;Alpha1
N50;72;PositionalDecoderWithVehicleByPercentage;707,51;Alpha1
N50;72;PositionalDecoderWithVehicleByPercentage;666,22;Alpha1
N50;72;PositionalDecoderWithVehicleByPercentage;645,80;Alpha1
N50;72;PositionalDecoderWithVehicleByPercentage;736,49;Alpha1
N50;72;PositionalDecoderWithVehicleByPercentage;693,98;Alpha1
N50;72;TimeDecoderWithVehicleByPercentage;818,29;Alpha1
N50;72;TimeDecoderWithVehicleByPercentage;700,16;Alpha1
N50;72;TimeDecoderWithVehicleByPercentage;637,86;Alpha1
N50;72;TimeDecoderWithVehicleByPercentage;660,52;Alpha1
N50;72;TimeDecoderWithVehicleByPercentage;760,94;Alpha1
N50;72;TimeDecoderWithVehicleByPercentage;718,58;Alpha1
N50;72;TimeDecoderWithVehicleByPercentage;639,12;Alpha1
N50;72;TimeDecoderWithVehicleByPercentage;772,41;Alpha1
N50;72;TimeDecoderWithVehicleByPercentage;696,83;Alpha1
N50;72;TimeDecoderWithVehicleByPercentage;758,69;Alpha1
N50;77;PositionalDecoderWithVehicleByPercentage;572,06;Alpha1
N50;77;PositionalDecoderWithVehicleByPercentage;597,71;Alpha1
N50;77;PositionalDecoderWithVehicleByPercentage;701,91;Alpha1
N50;77;PositionalDecoderWithVehicleByPercentage;746,99;Alpha1
N50;77;PositionalDecoderWithVehicleByPercentage;630,91;Alpha1
N50;77;PositionalDecoderWithVehicleByPercentage;735,84;Alpha1
N50;77;PositionalDecoderWithVehicleByPercentage;590,82;Alpha1
N50;77;PositionalDecoderWithVehicleByPercentage;569,16;Alpha1
N50;77;PositionalDecoderWithVehicleByPercentage;814,67;Alpha1
N50;77;PositionalDecoderWithVehicleByPercentage;507,37;Alpha1
N50;77;TimeDecoderWithVehicleByPercentage;646,62;Alpha1
N50;77;TimeDecoderWithVehicleByPercentage;633,49;Alpha1
N50;77;TimeDecoderWithVehicleByPercentage;651,98;Alpha1
N50;77;TimeDecoderWithVehicleByPercentage;717,68;Alpha1
N50;77;TimeDecoderWithVehicleByPercentage;682,18;Alpha1
N50;77;TimeDecoderWithVehicleByPercentage;574,99;Alpha1
N50;77;TimeDecoderWithVehicleByPercentage;669,84;Alpha1
N50;77;TimeDecoderWithVehicleByPercentage;657,55;Alpha1
N50;77;TimeDecoderWithVehicleByPercentage;644,48;Alpha1
N50;77;TimeDecoderWithVehicleByPercentage;699,75;Alpha1
N50;78;PositionalDecoderWithVehicleByPercentage;696,03;Alpha1
N50;78;PositionalDecoderWithVehicleByPercentage;755,71;Alpha1
N50;78;PositionalDecoderWithVehicleByPercentage;669,71;Alpha1
N50;78;PositionalDecoderWithVehicleByPercentage;695,88;Alpha1
N50;78;PositionalDecoderWithVehicleByPercentage;774,15;Alpha1
N50;78;PositionalDecoderWithVehicleByPercentage;679,16;Alpha1
N50;78;PositionalDecoderWithVehicleByPercentage;690,65;Alpha1
N50;78;PositionalDecoderWithVehicleByPercentage;712,11;Alpha1
N50;78;PositionalDecoderWithVehicleByPercentage;696,52;Alpha1
N50;78;PositionalDecoderWithVehicleByPercentage;771,99;Alpha1
N50;78;TimeDecoderWithVehicleByPercentage;762,16;Alpha1
N50;78;TimeDecoderWithVehicleByPercentage;740,24;Alpha1
N50;78;TimeDecoderWithVehicleByPercentage;666,65;Alpha1
N50;78;TimeDecoderWithVehicleByPercentage;596,61;Alpha1
N50;78;TimeDecoderWithVehicleByPercentage;636,58;Alpha1
N50;78;TimeDecoderWithVehicleByPercentage;654,50;Alpha1
N50;78;TimeDecoderWithVehicleByPercentage;648,79;Alpha1
N50;78;TimeDecoderWithVehicleByPercentage;701,53;Alpha1
N50;78;TimeDecoderWithVehicleByPercentage;721,19;Alpha1
N50;78;TimeDecoderWithVehicleByPercentage;692,66;Alpha1
N50;79;PositionalDecoderWithVehicleByPercentage;635,45;Alpha1
N50;79;PositionalDecoderWithVehicleByPercentage;656,20;Alpha1
N50;79;PositionalDecoderWithVehicleByPercentage;523,32;Alpha1
N50;79;PositionalDecoderWithVehicleByPercentage;633,96;Alpha1
N50;79;PositionalDecoderWithVehicleByPercentage;584,90;Alpha1
N50;79;PositionalDecoderWithVehicleByPercentage;672,72;Alpha1
N50;79;PositionalDecoderWithVehicleByPercentage;612,58;Alpha1
N50;79;PositionalDecoderWithVehicleByPercentage;676,89;Alpha1
N50;79;PositionalDecoderWithVehicleByPercentage;528,15;Alpha1
N50;79;PositionalDecoderWithVehicleByPercentage;657,37;Alpha1
N50;79;TimeDecoderWithVehicleByPercentage;661,45;Alpha1
N50;79;TimeDecoderWithVehicleByPercentage;598,02;Alpha1
N50;79;TimeDecoderWithVehicleByPercentage;617,49;Alpha1
N50;79;TimeDecoderWithVehicleByPercentage;585,23;Alpha1
N50;79;TimeDecoderWithVehicleByPercentage;592,67;Alpha1
N50;79;TimeDecoderWithVehicleByPercentage;570,65;Alpha1
N50;79;TimeDecoderWithVehicleByPercentage;537,75;Alpha1
N50;79;TimeDecoderWithVehicleByPercentage;604,71;Alpha1
N50;79;TimeDecoderWithVehicleByPercentage;687,11;Alpha1
N50;79;TimeDecoderWithVehicleByPercentage;584,05;Alpha1
N50;80;PositionalDecoderWithVehicleByPercentage;567,20;Alpha1
N50;80;PositionalDecoderWithVehicleByPercentage;662,95;Alpha1
N50;80;PositionalDecoderWithVehicleByPercentage;474,39;Alpha1
N50;80;PositionalDecoderWithVehicleByPercentage;592,54;Alpha1
N50;80;PositionalDecoderWithVehicleByPercentage;580,69;Alpha1
N50;80;PositionalDecoderWithVehicleByPercentage;558,94;Alpha1
N50;80;PositionalDecoderWithVehicleByPercentage;601,00;Alpha1
N50;80;PositionalDecoderWithVehicleByPercentage;527,07;Alpha1
N50;80;PositionalDecoderWithVehicleByPercentage;697,16;Alpha1
N50;80;PositionalDecoderWithVehicleByPercentage;574,72;Alpha1
N50;80;TimeDecoderWithVehicleByPercentage;537,32;Alpha1
N50;80;TimeDecoderWithVehicleByPercentage;697,27;Alpha1
N50;80;TimeDecoderWithVehicleByPercentage;539,67;Alpha1
N50;80;TimeDecoderWithVehicleByPercentage;530,83;Alpha1
N50;80;TimeDecoderWithVehicleByPercentage;596,86;Alpha1
N50;80;TimeDecoderWithVehicleByPercentage;624,73;Alpha1
N50;80;TimeDecoderWithVehicleByPercentage;656,65;Alpha1
N50;80;TimeDecoderWithVehicleByPercentage;587,22;Alpha1
N50;80;TimeDecoderWithVehicleByPercentage;714,86;Alpha1
N50;80;TimeDecoderWithVehicleByPercentage;611,85;Alpha1
N50;73;PositionalDecoderWithVehicleByPercentage;550,79;Alpha1
N50;73;PositionalDecoderWithVehicleByPercentage;627,23;Alpha1
N50;73;PositionalDecoderWithVehicleByPercentage;614,95;Alpha1
N50;73;PositionalDecoderWithVehicleByPercentage;627,93;Alpha1
N50;73;PositionalDecoderWithVehicleByPercentage;656,58;Alpha1
N50;73;PositionalDecoderWithVehicleByPercentage;594,55;Alpha1
N50;73;PositionalDecoderWithVehicleByPercentage;693,48;Alpha1
N50;73;PositionalDecoderWithVehicleByPercentage;735,68;Alpha1
N50;73;PositionalDecoderWithVehicleByPercentage;725,62;Alpha1
N50;73;PositionalDecoderWithVehicleByPercentage;721,56;Alpha1
N50;73;TimeDecoderWithVehicleByPercentage;689,50;Alpha1
N50;73;TimeDecoderWithVehicleByPercentage;693,02;Alpha1
N50;73;TimeDecoderWithVehicleByPercentage;772,18;Alpha1
N50;73;TimeDecoderWithVehicleByPercentage;623,21;Alpha1
N50;73;TimeDecoderWithVehicleByPercentage;707,79;Alpha1
N50;73;TimeDecoderWithVehicleByPercentage;668,26;Alpha1
N50;73;TimeDecoderWithVehicleByPercentage;672,69;Alpha1
N50;73;TimeDecoderWithVehicleByPercentage;721,79;Alpha1
N50;73;TimeDecoderWithVehicleByPercentage;735,65;Alpha1
N50;73;TimeDecoderWithVehicleByPercentage;749,46;Alpha1
N50;74;PositionalDecoderWithVehicleByPercentage;680,89;Alpha1
N50;74;PositionalDecoderWithVehicleByPercentage;543,88;Alpha1
N50;74;PositionalDecoderWithVehicleByPercentage;557,18;Alpha1
N50;74;PositionalDecoderWithVehicleByPercentage;614,88;Alpha1
N50;74;PositionalDecoderWithVehicleByPercentage;611,89;Alpha1
N50;74;PositionalDecoderWithVehicleByPercentage;588,36;Alpha1
N50;74;PositionalDecoderWithVehicleByPercentage;583,84;Alpha1
N50;74;PositionalDecoderWithVehicleByPercentage;642,79;Alpha1
N50;74;PositionalDecoderWithVehicleByPercentage;608,68;Alpha1
N50;74;PositionalDecoderWithVehicleByPercentage;588,19;Alpha1
N50;74;TimeDecoderWithVehicleByPercentage;634,46;Alpha1
N50;74;TimeDecoderWithVehicleByPercentage;663,76;Alpha1
N50;74;TimeDecoderWithVehicleByPercentage;618,04;Alpha1
N50;74;TimeDecoderWithVehicleByPercentage;669,72;Alpha1
N50;74;TimeDecoderWithVehicleByPercentage;636,82;Alpha1
N50;74;TimeDecoderWithVehicleByPercentage;544,58;Alpha1
N50;74;TimeDecoderWithVehicleByPercentage;649,31;Alpha1
N50;74;TimeDecoderWithVehicleByPercentage;670,63;Alpha1
N50;74;TimeDecoderWithVehicleByPercentage;630,89;Alpha1
N50;74;TimeDecoderWithVehicleByPercentage;753,53;Alpha1
N50;75;PositionalDecoderWithVehicleByPercentage;639,52;Alpha1
N50;75;PositionalDecoderWithVehicleByPercentage;740,21;Alpha1
N50;75;PositionalDecoderWithVehicleByPercentage;765,13;Alpha1
N50;75;PositionalDecoderWithVehicleByPercentage;615,35;Alpha1
N50;75;PositionalDecoderWithVehicleByPercentage;699,09;Alpha1
N50;75;PositionalDecoderWithVehicleByPercentage;636,02;Alpha1
N50;75;PositionalDecoderWithVehicleByPercentage;729,62;Alpha1
N50;75;PositionalDecoderWithVehicleByPercentage;605,33;Alpha1
N50;75;PositionalDecoderWithVehicleByPercentage;656,29;Alpha1
N50;75;PositionalDecoderWithVehicleByPercentage;692,34;Alpha1
N50;75;TimeDecoderWithVehicleByPercentage;633,55;Alpha1
N50;75;TimeDecoderWithVehicleByPercentage;657,46;Alpha1
N50;75;TimeDecoderWithVehicleByPercentage;605,83;Alpha1
N50;75;TimeDecoderWithVehicleByPercentage;716,17;Alpha1
N50;75;TimeDecoderWithVehicleByPercentage;699,27;Alpha1
N50;75;TimeDecoderWithVehicleByPercentage;703,58;Alpha1
N50;75;TimeDecoderWithVehicleByPercentage;634,88;Alpha1
N50;75;TimeDecoderWithVehicleByPercentage;741,27;Alpha1
N50;75;TimeDecoderWithVehicleByPercentage;724,73;Alpha1
N50;75;TimeDecoderWithVehicleByPercentage;580,54;Alpha1
N50;76;PositionalDecoderWithVehicleByPercentage;621,71;Alpha1
N50;76;PositionalDecoderWithVehicleByPercentage;645,84;Alpha1
N50;76;PositionalDecoderWithVehicleByPercentage;761,27;Alpha1
N50;76;PositionalDecoderWithVehicleByPercentage;613,57;Alpha1
N50;76;PositionalDecoderWithVehicleByPercentage;658,57;Alpha1
N50;76;PositionalDecoderWithVehicleByPercentage;589,37;Alpha1
N50;76;PositionalDecoderWithVehicleByPercentage;698,36;Alpha1
N50;76;PositionalDecoderWithVehicleByPercentage;562,49;Alpha1
N50;76;PositionalDecoderWithVehicleByPercentage;721,83;Alpha1
N50;76;PositionalDecoderWithVehicleByPercentage;630,41;Alpha1
N50;76;TimeDecoderWithVehicleByPercentage;680,40;Alpha1
N50;76;TimeDecoderWithVehicleByPercentage;695,19;Alpha1
N50;76;TimeDecoderWithVehicleByPercentage;628,80;Alpha1
N50;76;TimeDecoderWithVehicleByPercentage;629,64;Alpha1
N50;76;TimeDecoderWithVehicleByPercentage;567,79;Alpha1
N50;76;TimeDecoderWithVehicleByPercentage;626,50;Alpha1
N50;76;TimeDecoderWithVehicleByPercentage;639,50;Alpha1
N50;76;TimeDecoderWithVehicleByPercentage;629,98;Alpha1
N50;76;TimeDecoderWithVehicleByPercentage;677,95;Alpha1
N50;76;TimeDecoderWithVehicleByPercentage;597,58;Alpha1
N75;87;PositionalDecoderWithVehicleByPercentage;927,00;Alpha1
N75;87;PositionalDecoderWithVehicleByPercentage;808,96;Alpha1
N75;87;PositionalDecoderWithVehicleByPercentage;918,90;Alpha1
N75;87;PositionalDecoderWithVehicleByPercentage;895,21;Alpha1
N75;87;PositionalDecoderWithVehicleByPercentage;1038,26;Alpha1
N75;87;PositionalDecoderWithVehicleByPercentage;849,93;Alpha1
N75;87;PositionalDecoderWithVehicleByPercentage;876,24;Alpha1
N75;87;PositionalDecoderWithVehicleByPercentage;1020,30;Alpha1
N75;87;PositionalDecoderWithVehicleByPercentage;822,28;Alpha1
N75;87;PositionalDecoderWithVehicleByPercentage;958,58;Alpha1
N75;87;TimeDecoderWithVehicleByPercentage;909,16;Alpha1
N75;87;TimeDecoderWithVehicleByPercentage;1028,33;Alpha1
N75;87;TimeDecoderWithVehicleByPercentage;972,56;Alpha1
N75;87;TimeDecoderWithVehicleByPercentage;1083,52;Alpha1
N75;87;TimeDecoderWithVehicleByPercentage;916,05;Alpha1
N75;87;TimeDecoderWithVehicleByPercentage;786,40;Alpha1
N75;87;TimeDecoderWithVehicleByPercentage;877,06;Alpha1
N75;87;TimeDecoderWithVehicleByPercentage;1067,75;Alpha1
N75;87;TimeDecoderWithVehicleByPercentage;867,40;Alpha1
N75;87;TimeDecoderWithVehicleByPercentage;893,51;Alpha1
N75;89;PositionalDecoderWithVehicleByPercentage;996,57;Alpha1
N75;89;PositionalDecoderWithVehicleByPercentage;1032,17;Alpha1
N75;89;PositionalDecoderWithVehicleByPercentage;1054,13;Alpha1
N75;89;PositionalDecoderWithVehicleByPercentage;934,42;Alpha1
N75;89;PositionalDecoderWithVehicleByPercentage;1027,95;Alpha1
N75;89;PositionalDecoderWithVehicleByPercentage;906,92;Alpha1
N75;89;PositionalDecoderWithVehicleByPercentage;799,39;Alpha1
N75;89;PositionalDecoderWithVehicleByPercentage;926,69;Alpha1
N75;89;PositionalDecoderWithVehicleByPercentage;902,85;Alpha1
N75;89;PositionalDecoderWithVehicleByPercentage;995,14;Alpha1
N75;89;TimeDecoderWithVehicleByPercentage;866,96;Alpha1
N75;89;TimeDecoderWithVehicleByPercentage;853,31;Alpha1
N75;89;TimeDecoderWithVehicleByPercentage;936,89;Alpha1
N75;89;TimeDecoderWithVehicleByPercentage;898,35;Alpha1
N75;89;TimeDecoderWithVehicleByPercentage;899,40;Alpha1
N75;89;TimeDecoderWithVehicleByPercentage;1127,99;Alpha1
N75;89;TimeDecoderWithVehicleByPercentage;871,56;Alpha1
N75;89;TimeDecoderWithVehicleByPercentage;926,53;Alpha1
N75;89;TimeDecoderWithVehicleByPercentage;957,22;Alpha1
N75;89;TimeDecoderWithVehicleByPercentage;1034,96;Alpha1
N75;81;PositionalDecoderWithVehicleByPercentage;1005,07;Alpha1
N75;81;PositionalDecoderWithVehicleByPercentage;996,49;Alpha1
N75;81;PositionalDecoderWithVehicleByPercentage;870,59;Alpha1
N75;81;PositionalDecoderWithVehicleByPercentage;1061,88;Alpha1
N75;81;PositionalDecoderWithVehicleByPercentage;825,15;Alpha1
N75;81;PositionalDecoderWithVehicleByPercentage;953,59;Alpha1
N75;81;PositionalDecoderWithVehicleByPercentage;1069,85;Alpha1
N75;81;PositionalDecoderWithVehicleByPercentage;1154,13;Alpha1
N75;81;PositionalDecoderWithVehicleByPercentage;862,84;Alpha1
N75;81;PositionalDecoderWithVehicleByPercentage;943,14;Alpha1
N75;81;TimeDecoderWithVehicleByPercentage;988,81;Alpha1
N75;81;TimeDecoderWithVehicleByPercentage;938,61;Alpha1
N75;81;TimeDecoderWithVehicleByPercentage;949,86;Alpha1
N75;81;TimeDecoderWithVehicleByPercentage;1076,24;Alpha1
N75;81;TimeDecoderWithVehicleByPercentage;945,41;Alpha1
N75;81;TimeDecoderWithVehicleByPercentage;895,17;Alpha1
N75;81;TimeDecoderWithVehicleByPercentage;838,53;Alpha1
N75;81;TimeDecoderWithVehicleByPercentage;922,55;Alpha1
N75;81;TimeDecoderWithVehicleByPercentage;818,34;Alpha1
N75;81;TimeDecoderWithVehicleByPercentage;1074,01;Alpha1
N75;84;PositionalDecoderWithVehicleByPercentage;948,90;Alpha1
N75;84;PositionalDecoderWithVehicleByPercentage;902,25;Alpha1
N75;84;PositionalDecoderWithVehicleByPercentage;784,43;Alpha1
N75;84;PositionalDecoderWithVehicleByPercentage;907,02;Alpha1
N75;84;PositionalDecoderWithVehicleByPercentage;916,51;Alpha1
N75;84;PositionalDecoderWithVehicleByPercentage;805,52;Alpha1
N75;84;PositionalDecoderWithVehicleByPercentage;1085,05;Alpha1
N75;84;PositionalDecoderWithVehicleByPercentage;950,05;Alpha1
N75;84;PositionalDecoderWithVehicleByPercentage;930,83;Alpha1
N75;84;PositionalDecoderWithVehicleByPercentage;864,22;Alpha1
N75;84;TimeDecoderWithVehicleByPercentage;1028,11;Alpha1
N75;84;TimeDecoderWithVehicleByPercentage;1028,09;Alpha1
N75;84;TimeDecoderWithVehicleByPercentage;982,30;Alpha1
N75;84;TimeDecoderWithVehicleByPercentage;974,61;Alpha1
N75;84;TimeDecoderWithVehicleByPercentage;1068,55;Alpha1
N75;84;TimeDecoderWithVehicleByPercentage;1083,15;Alpha1
N75;84;TimeDecoderWithVehicleByPercentage;1048,96;Alpha1
N75;84;TimeDecoderWithVehicleByPercentage;1115,76;Alpha1
N75;84;TimeDecoderWithVehicleByPercentage;962,00;Alpha1
N75;84;TimeDecoderWithVehicleByPercentage;931,66;Alpha1
N75;85;PositionalDecoderWithVehicleByPercentage;1074,65;Alpha1
N75;85;PositionalDecoderWithVehicleByPercentage;981,15;Alpha1
N75;85;PositionalDecoderWithVehicleByPercentage;1143,69;Alpha1
N75;85;PositionalDecoderWithVehicleByPercentage;1027,59;Alpha1
N75;85;PositionalDecoderWithVehicleByPercentage;1184,78;Alpha1
N75;85;PositionalDecoderWithVehicleByPercentage;1074,06;Alpha1
N75;85;PositionalDecoderWithVehicleByPercentage;1150,83;Alpha1
N75;85;PositionalDecoderWithVehicleByPercentage;979,30;Alpha1
N75;85;PositionalDecoderWithVehicleByPercentage;1003,42;Alpha1
N75;85;PositionalDecoderWithVehicleByPercentage;1093,25;Alpha1
N75;85;TimeDecoderWithVehicleByPercentage;1041,52;Alpha1
N75;85;TimeDecoderWithVehicleByPercentage;889,14;Alpha1
N75;85;TimeDecoderWithVehicleByPercentage;1141,91;Alpha1
N75;85;TimeDecoderWithVehicleByPercentage;1066,46;Alpha1
N75;85;TimeDecoderWithVehicleByPercentage;1006,18;Alpha1
N75;85;TimeDecoderWithVehicleByPercentage;943,83;Alpha1
N75;85;TimeDecoderWithVehicleByPercentage;955,00;Alpha1
N75;85;TimeDecoderWithVehicleByPercentage;968,23;Alpha1
N75;85;TimeDecoderWithVehicleByPercentage;1062,60;Alpha1
N75;85;TimeDecoderWithVehicleByPercentage;1048,74;Alpha1
N75;86;PositionalDecoderWithVehicleByPercentage;911,26;Alpha1
N75;86;PositionalDecoderWithVehicleByPercentage;940,07;Alpha1
N75;86;PositionalDecoderWithVehicleByPercentage;841,25;Alpha1
N75;86;PositionalDecoderWithVehicleByPercentage;975,87;Alpha1
N75;86;PositionalDecoderWithVehicleByPercentage;969,62;Alpha1
N75;86;PositionalDecoderWithVehicleByPercentage;1060,03;Alpha1
N75;86;PositionalDecoderWithVehicleByPercentage;888,95;Alpha1
N75;86;PositionalDecoderWithVehicleByPercentage;1096,40;Alpha1
N75;86;PositionalDecoderWithVehicleByPercentage;846,92;Alpha1
N75;86;PositionalDecoderWithVehicleByPercentage;976,94;Alpha1
N75;86;TimeDecoderWithVehicleByPercentage;914,25;Alpha1
N75;86;TimeDecoderWithVehicleByPercentage;1032,86;Alpha1
N75;86;TimeDecoderWithVehicleByPercentage;981,63;Alpha1
N75;86;TimeDecoderWithVehicleByPercentage;927,95;Alpha1
N75;86;TimeDecoderWithVehicleByPercentage;941,13;Alpha1
N75;86;TimeDecoderWithVehicleByPercentage;805,41;Alpha1
N75;86;TimeDecoderWithVehicleByPercentage;949,59;Alpha1
N75;86;TimeDecoderWithVehicleByPercentage;959,81;Alpha1
N75;86;TimeDecoderWithVehicleByPercentage;1032,90;Alpha1
N75;86;TimeDecoderWithVehicleByPercentage;909,97;Alpha1
N75;82;PositionalDecoderWithVehicleByPercentage;745,16;Alpha1
N75;82;PositionalDecoderWithVehicleByPercentage;895,87;Alpha1
N75;82;PositionalDecoderWithVehicleByPercentage;1021,05;Alpha1
N75;82;PositionalDecoderWithVehicleByPercentage;861,90;Alpha1
N75;82;PositionalDecoderWithVehicleByPercentage;760,32;Alpha1
N75;82;PositionalDecoderWithVehicleByPercentage;926,01;Alpha1
N75;82;PositionalDecoderWithVehicleByPercentage;932,35;Alpha1
N75;82;PositionalDecoderWithVehicleByPercentage;906,09;Alpha1
N75;82;PositionalDecoderWithVehicleByPercentage;957,60;Alpha1
N75;82;PositionalDecoderWithVehicleByPercentage;986,52;Alpha1
N75;82;TimeDecoderWithVehicleByPercentage;969,46;Alpha1
N75;82;TimeDecoderWithVehicleByPercentage;981,72;Alpha1
N75;82;TimeDecoderWithVehicleByPercentage;910,71;Alpha1
N75;82;TimeDecoderWithVehicleByPercentage;1024,38;Alpha1
N75;82;TimeDecoderWithVehicleByPercentage;856,80;Alpha1
N75;82;TimeDecoderWithVehicleByPercentage;937,71;Alpha1
N75;82;TimeDecoderWithVehicleByPercentage;916,43;Alpha1
N75;82;TimeDecoderWithVehicleByPercentage;1087,93;Alpha1
N75;82;TimeDecoderWithVehicleByPercentage;1040,89;Alpha1
N75;82;TimeDecoderWithVehicleByPercentage;1039,72;Alpha1
N75;83;PositionalDecoderWithVehicleByPercentage;937,28;Alpha1
N75;83;PositionalDecoderWithVehicleByPercentage;1005,87;Alpha1
N75;83;PositionalDecoderWithVehicleByPercentage;869,27;Alpha1
N75;83;PositionalDecoderWithVehicleByPercentage;971,11;Alpha1
N75;83;PositionalDecoderWithVehicleByPercentage;900,62;Alpha1
N75;83;PositionalDecoderWithVehicleByPercentage;974,37;Alpha1
N75;83;PositionalDecoderWithVehicleByPercentage;880,04;Alpha1
N75;83;PositionalDecoderWithVehicleByPercentage;875,10;Alpha1
N75;83;PositionalDecoderWithVehicleByPercentage;918,78;Alpha1
N75;83;PositionalDecoderWithVehicleByPercentage;851,90;Alpha1
N75;83;TimeDecoderWithVehicleByPercentage;921,83;Alpha1
N75;83;TimeDecoderWithVehicleByPercentage;971,70;Alpha1
N75;83;TimeDecoderWithVehicleByPercentage;897,06;Alpha1
N75;83;TimeDecoderWithVehicleByPercentage;837,01;Alpha1
N75;83;TimeDecoderWithVehicleByPercentage;867,81;Alpha1
N75;83;TimeDecoderWithVehicleByPercentage;1064,08;Alpha1
N75;83;TimeDecoderWithVehicleByPercentage;1045,93;Alpha1
N75;83;TimeDecoderWithVehicleByPercentage;928,10;Alpha1
N75;83;TimeDecoderWithVehicleByPercentage;993,21;Alpha1
N75;83;TimeDecoderWithVehicleByPercentage;760,94;Alpha1
N75;88;PositionalDecoderWithVehicleByPercentage;849,91;Alpha1
N75;88;PositionalDecoderWithVehicleByPercentage;928,00;Alpha1
N75;88;PositionalDecoderWithVehicleByPercentage;977,98;Alpha1
N75;88;PositionalDecoderWithVehicleByPercentage;845,60;Alpha1
N75;88;PositionalDecoderWithVehicleByPercentage;949,06;Alpha1
N75;88;PositionalDecoderWithVehicleByPercentage;1075,17;Alpha1
N75;88;PositionalDecoderWithVehicleByPercentage;885,96;Alpha1
N75;88;PositionalDecoderWithVehicleByPercentage;1034,85;Alpha1
N75;88;PositionalDecoderWithVehicleByPercentage;990,30;Alpha1
N75;88;PositionalDecoderWithVehicleByPercentage;1114,70;Alpha1
N75;88;TimeDecoderWithVehicleByPercentage;1017,27;Alpha1
N75;88;TimeDecoderWithVehicleByPercentage;1030,17;Alpha1
N75;88;TimeDecoderWithVehicleByPercentage;962,95;Alpha1
N75;88;TimeDecoderWithVehicleByPercentage;987,73;Alpha1
N75;88;TimeDecoderWithVehicleByPercentage;1058,64;Alpha1
N75;88;TimeDecoderWithVehicleByPercentage;1120,62;Alpha1
N75;88;TimeDecoderWithVehicleByPercentage;1001,29;Alpha1
N75;88;TimeDecoderWithVehicleByPercentage;1036,37;Alpha1
N75;88;TimeDecoderWithVehicleByPercentage;1189,40;Alpha1
N75;88;TimeDecoderWithVehicleByPercentage;1025,41;Alpha1
N75;90;PositionalDecoderWithVehicleByPercentage;854,48;Alpha1
N75;90;PositionalDecoderWithVehicleByPercentage;946,06;Alpha1
N75;90;PositionalDecoderWithVehicleByPercentage;979,43;Alpha1
N75;90;PositionalDecoderWithVehicleByPercentage;905,23;Alpha1
N75;90;PositionalDecoderWithVehicleByPercentage;1009,19;Alpha1
N75;90;PositionalDecoderWithVehicleByPercentage;1009,33;Alpha1
N75;90;PositionalDecoderWithVehicleByPercentage;964,98;Alpha1
N75;90;PositionalDecoderWithVehicleByPercentage;859,25;Alpha1
N75;90;PositionalDecoderWithVehicleByPercentage;898,25;Alpha1
N75;90;PositionalDecoderWithVehicleByPercentage;1046,66;Alpha1
N75;90;TimeDecoderWithVehicleByPercentage;952,96;Alpha1
N75;90;TimeDecoderWithVehicleByPercentage;962,17;Alpha1
N75;90;TimeDecoderWithVehicleByPercentage;916,20;Alpha1
N75;90;TimeDecoderWithVehicleByPercentage;904,47;Alpha1
N75;90;TimeDecoderWithVehicleByPercentage;876,30;Alpha1
N75;90;TimeDecoderWithVehicleByPercentage;922,09;Alpha1
N75;90;TimeDecoderWithVehicleByPercentage;982,83;Alpha1
N75;90;TimeDecoderWithVehicleByPercentage;1043,15;Alpha1
N75;90;TimeDecoderWithVehicleByPercentage;943,81;Alpha1
N75;90;TimeDecoderWithVehicleByPercentage;879,01;Alpha1
N100;94;PositionalDecoderWithVehicleByPercentage;1537,02;Alpha1
N100;94;PositionalDecoderWithVehicleByPercentage;1152,10;Alpha1
N100;94;PositionalDecoderWithVehicleByPercentage;1106,65;Alpha1
N100;94;PositionalDecoderWithVehicleByPercentage;1247,72;Alpha1
N100;94;PositionalDecoderWithVehicleByPercentage;1293,61;Alpha1
N100;94;PositionalDecoderWithVehicleByPercentage;1370,92;Alpha1
N100;94;PositionalDecoderWithVehicleByPercentage;1306,64;Alpha1
N100;94;PositionalDecoderWithVehicleByPercentage;1162,98;Alpha1
N100;94;PositionalDecoderWithVehicleByPercentage;1255,23;Alpha1
N100;94;PositionalDecoderWithVehicleByPercentage;1314,52;Alpha1
N100;94;TimeDecoderWithVehicleByPercentage;1484,51;Alpha1
N100;94;TimeDecoderWithVehicleByPercentage;1335,02;Alpha1
N100;94;TimeDecoderWithVehicleByPercentage;1426,84;Alpha1
N100;94;TimeDecoderWithVehicleByPercentage;1211,31;Alpha1
N100;94;TimeDecoderWithVehicleByPercentage;1177,18;Alpha1
N100;94;TimeDecoderWithVehicleByPercentage;1117,76;Alpha1
N100;94;TimeDecoderWithVehicleByPercentage;1200,54;Alpha1
N100;94;TimeDecoderWithVehicleByPercentage;1228,18;Alpha1
N100;94;TimeDecoderWithVehicleByPercentage;1365,63;Alpha1
N100;94;TimeDecoderWithVehicleByPercentage;1294,46;Alpha1
N100;95;PositionalDecoderWithVehicleByPercentage;1319,56;Alpha1
N100;95;PositionalDecoderWithVehicleByPercentage;1406,87;Alpha1
N100;95;PositionalDecoderWithVehicleByPercentage;1440,93;Alpha1
N100;95;PositionalDecoderWithVehicleByPercentage;1445,24;Alpha1
N100;95;PositionalDecoderWithVehicleByPercentage;1225,96;Alpha1
N100;95;PositionalDecoderWithVehicleByPercentage;1365,07;Alpha1
N100;95;PositionalDecoderWithVehicleByPercentage;1379,52;Alpha1
N100;95;PositionalDecoderWithVehicleByPercentage;1241,87;Alpha1
N100;95;PositionalDecoderWithVehicleByPercentage;1191,04;Alpha1
N100;95;PositionalDecoderWithVehicleByPercentage;1507,10;Alpha1
N100;95;TimeDecoderWithVehicleByPercentage;1263,34;Alpha1
N100;95;TimeDecoderWithVehicleByPercentage;1186,18;Alpha1
N100;95;TimeDecoderWithVehicleByPercentage;1495,15;Alpha1
N100;95;TimeDecoderWithVehicleByPercentage;1459,93;Alpha1
N100;95;TimeDecoderWithVehicleByPercentage;1266,58;Alpha1
N100;95;TimeDecoderWithVehicleByPercentage;1331,97;Alpha1
N100;95;TimeDecoderWithVehicleByPercentage;1349,47;Alpha1
N100;95;TimeDecoderWithVehicleByPercentage;1178,36;Alpha1
N100;95;TimeDecoderWithVehicleByPercentage;1447,20;Alpha1
N100;95;TimeDecoderWithVehicleByPercentage;1459,00;Alpha1
N100;96;PositionalDecoderWithVehicleByPercentage;1256,91;Alpha1
N100;96;PositionalDecoderWithVehicleByPercentage;1236,27;Alpha1
N100;96;PositionalDecoderWithVehicleByPercentage;1444,73;Alpha1
N100;96;PositionalDecoderWithVehicleByPercentage;1591,57;Alpha1
N100;96;PositionalDecoderWithVehicleByPercentage;1407,32;Alpha1
N100;96;PositionalDecoderWithVehicleByPercentage;1474,39;Alpha1
N100;96;PositionalDecoderWithVehicleByPercentage;1169,04;Alpha1
N100;96;PositionalDecoderWithVehicleByPercentage;1353,44;Alpha1
N100;96;PositionalDecoderWithVehicleByPercentage;1309,88;Alpha1
N100;96;PositionalDecoderWithVehicleByPercentage;1490,57;Alpha1
N100;96;TimeDecoderWithVehicleByPercentage;1193,42;Alpha1
N100;96;TimeDecoderWithVehicleByPercentage;1296,01;Alpha1
N100;96;TimeDecoderWithVehicleByPercentage;1294,36;Alpha1
N100;96;TimeDecoderWithVehicleByPercentage;1232,59;Alpha1
N100;96;TimeDecoderWithVehicleByPercentage;1340,68;Alpha1
N100;96;TimeDecoderWithVehicleByPercentage;1254,76;Alpha1
N100;96;TimeDecoderWithVehicleByPercentage;1408,81;Alpha1
N100;96;TimeDecoderWithVehicleByPercentage;1152,88;Alpha1
N100;96;TimeDecoderWithVehicleByPercentage;1394,55;Alpha1
N100;96;TimeDecoderWithVehicleByPercentage;1183,40;Alpha1
N100;97;PositionalDecoderWithVehicleByPercentage;1192,05;Alpha1
N100;97;PositionalDecoderWithVehicleByPercentage;1451,66;Alpha1
N100;97;PositionalDecoderWithVehicleByPercentage;1347,90;Alpha1
N100;97;PositionalDecoderWithVehicleByPercentage;1385,06;Alpha1
N100;97;PositionalDecoderWithVehicleByPercentage;1529,57;Alpha1
N100;97;PositionalDecoderWithVehicleByPercentage;1517,64;Alpha1
N100;97;PositionalDecoderWithVehicleByPercentage;1453,38;Alpha1
N100;97;PositionalDecoderWithVehicleByPercentage;1358,59;Alpha1
N100;97;PositionalDecoderWithVehicleByPercentage;1399,36;Alpha1
N100;97;PositionalDecoderWithVehicleByPercentage;1332,48;Alpha1
N100;97;TimeDecoderWithVehicleByPercentage;1472,49;Alpha1
N100;97;TimeDecoderWithVehicleByPercentage;1298,67;Alpha1
N100;97;TimeDecoderWithVehicleByPercentage;1413,66;Alpha1
N100;97;TimeDecoderWithVehicleByPercentage;1398,61;Alpha1
N100;97;TimeDecoderWithVehicleByPercentage;1310,52;Alpha1
N100;97;TimeDecoderWithVehicleByPercentage;1344,47;Alpha1
N100;97;TimeDecoderWithVehicleByPercentage;1444,72;Alpha1
N100;97;TimeDecoderWithVehicleByPercentage;1371,69;Alpha1
N100;97;TimeDecoderWithVehicleByPercentage;1196,45;Alpha1
N100;97;TimeDecoderWithVehicleByPercentage;1391,62;Alpha1
N100;98;PositionalDecoderWithVehicleByPercentage;1181,06;Alpha1
N100;98;PositionalDecoderWithVehicleByPercentage;1527,67;Alpha1
N100;98;PositionalDecoderWithVehicleByPercentage;1164,37;Alpha1
N100;98;PositionalDecoderWithVehicleByPercentage;1519,28;Alpha1
N100;98;PositionalDecoderWithVehicleByPercentage;1238,30;Alpha1
N100;98;PositionalDecoderWithVehicleByPercentage;1192,15;Alpha1
N100;98;PositionalDecoderWithVehicleByPercentage;1249,88;Alpha1
N100;98;PositionalDecoderWithVehicleByPercentage;1197,39;Alpha1
N100;98;PositionalDecoderWithVehicleByPercentage;1407,10;Alpha1
N100;98;PositionalDecoderWithVehicleByPercentage;1537,71;Alpha1
N100;98;TimeDecoderWithVehicleByPercentage;1505,12;Alpha1
N100;98;TimeDecoderWithVehicleByPercentage;1407,06;Alpha1
N100;98;TimeDecoderWithVehicleByPercentage;1310,29;Alpha1
N100;98;TimeDecoderWithVehicleByPercentage;1454,06;Alpha1
N100;98;TimeDecoderWithVehicleByPercentage;1425,85;Alpha1
N100;98;TimeDecoderWithVehicleByPercentage;1296,61;Alpha1
N100;98;TimeDecoderWithVehicleByPercentage;1454,33;Alpha1
N100;98;TimeDecoderWithVehicleByPercentage;1344,92;Alpha1
N100;98;TimeDecoderWithVehicleByPercentage;1272,89;Alpha1
N100;98;TimeDecoderWithVehicleByPercentage;1449,05;Alpha1
N100;100;PositionalDecoderWithVehicleByPercentage;1324,69;Alpha1
N100;100;PositionalDecoderWithVehicleByPercentage;1243,53;Alpha1
N100;100;PositionalDecoderWithVehicleByPercentage;1423,12;Alpha1
N100;100;PositionalDecoderWithVehicleByPercentage;1230,83;Alpha1
N100;100;PositionalDecoderWithVehicleByPercentage;1419,61;Alpha1
N100;100;PositionalDecoderWithVehicleByPercentage;1457,60;Alpha1
N100;100;PositionalDecoderWithVehicleByPercentage;1412,20;Alpha1
N100;100;PositionalDecoderWithVehicleByPercentage;1378,62;Alpha1
N100;100;PositionalDecoderWithVehicleByPercentage;1469,98;Alpha1
N100;100;PositionalDecoderWithVehicleByPercentage;1257,95;Alpha1
N100;100;TimeDecoderWithVehicleByPercentage;1408,32;Alpha1
N100;100;TimeDecoderWithVehicleByPercentage;1429,57;Alpha1
N100;100;TimeDecoderWithVehicleByPercentage;1459,44;Alpha1
N100;100;TimeDecoderWithVehicleByPercentage;1158,14;Alpha1
N100;100;TimeDecoderWithVehicleByPercentage;1352,77;Alpha1
N100;100;TimeDecoderWithVehicleByPercentage;1425,98;Alpha1
N100;100;TimeDecoderWithVehicleByPercentage;1290,12;Alpha1
N100;100;TimeDecoderWithVehicleByPercentage;1279,38;Alpha1
N100;100;TimeDecoderWithVehicleByPercentage;1239,24;Alpha1
N100;100;TimeDecoderWithVehicleByPercentage;1436,81;Alpha1
N100;91;PositionalDecoderWithVehicleByPercentage;1258,09;Alpha1
N100;91;PositionalDecoderWithVehicleByPercentage;1323,13;Alpha1
N100;91;PositionalDecoderWithVehicleByPercentage;1624,34;Alpha1
N100;91;PositionalDecoderWithVehicleByPercentage;1385,25;Alpha1
N100;91;PositionalDecoderWithVehicleByPercentage;1389,51;Alpha1
N100;91;PositionalDecoderWithVehicleByPercentage;1259,96;Alpha1
N100;91;PositionalDecoderWithVehicleByPercentage;1303,12;Alpha1
N100;91;PositionalDecoderWithVehicleByPercentage;1200,80;Alpha1
N100;91;PositionalDecoderWithVehicleByPercentage;1174,98;Alpha1
N100;91;PositionalDecoderWithVehicleByPercentage;1404,33;Alpha1
N100;91;TimeDecoderWithVehicleByPercentage;1343,73;Alpha1
N100;91;TimeDecoderWithVehicleByPercentage;1365,83;Alpha1
N100;91;TimeDecoderWithVehicleByPercentage;1280,43;Alpha1
N100;91;TimeDecoderWithVehicleByPercentage;1225,22;Alpha1
N100;91;TimeDecoderWithVehicleByPercentage;1250,22;Alpha1
N100;91;TimeDecoderWithVehicleByPercentage;1279,18;Alpha1
N100;91;TimeDecoderWithVehicleByPercentage;1266,19;Alpha1
N100;91;TimeDecoderWithVehicleByPercentage;1329,45;Alpha1
N100;91;TimeDecoderWithVehicleByPercentage;1336,28;Alpha1
N100;91;TimeDecoderWithVehicleByPercentage;1188,35;Alpha1
N100;92;PositionalDecoderWithVehicleByPercentage;1266,91;Alpha1
N100;92;PositionalDecoderWithVehicleByPercentage;1171,95;Alpha1
N100;92;PositionalDecoderWithVehicleByPercentage;1228,26;Alpha1
N100;92;PositionalDecoderWithVehicleByPercentage;1322,53;Alpha1
N100;92;PositionalDecoderWithVehicleByPercentage;1195,95;Alpha1
N100;92;PositionalDecoderWithVehicleByPercentage;1289,97;Alpha1
N100;92;PositionalDecoderWithVehicleByPercentage;999,99;Alpha1
N100;92;PositionalDecoderWithVehicleByPercentage;1267,75;Alpha1
N100;92;PositionalDecoderWithVehicleByPercentage;1347,69;Alpha1
N100;92;PositionalDecoderWithVehicleByPercentage;1055,76;Alpha1
N100;92;TimeDecoderWithVehicleByPercentage;1342,81;Alpha1
N100;92;TimeDecoderWithVehicleByPercentage;1242,84;Alpha1
N100;92;TimeDecoderWithVehicleByPercentage;1208,97;Alpha1
N100;92;TimeDecoderWithVehicleByPercentage;1178,90;Alpha1
N100;92;TimeDecoderWithVehicleByPercentage;1281,58;Alpha1
N100;92;TimeDecoderWithVehicleByPercentage;1430,60;Alpha1
N100;92;TimeDecoderWithVehicleByPercentage;1220,61;Alpha1
N100;92;TimeDecoderWithVehicleByPercentage;1478,69;Alpha1
N100;92;TimeDecoderWithVehicleByPercentage;1313,86;Alpha1
N100;92;TimeDecoderWithVehicleByPercentage;1110,25;Alpha1
N100;93;PositionalDecoderWithVehicleByPercentage;1208,85;Alpha1
N100;93;PositionalDecoderWithVehicleByPercentage;1316,69;Alpha1
N100;93;PositionalDecoderWithVehicleByPercentage;1314,79;Alpha1
N100;93;PositionalDecoderWithVehicleByPercentage;1311,55;Alpha1
N100;93;PositionalDecoderWithVehicleByPercentage;1284,83;Alpha1
N100;93;PositionalDecoderWithVehicleByPercentage;1038,76;Alpha1
N100;93;PositionalDecoderWithVehicleByPercentage;1257,56;Alpha1
N100;93;PositionalDecoderWithVehicleByPercentage;1363,03;Alpha1
N100;93;PositionalDecoderWithVehicleByPercentage;1120,46;Alpha1
N100;93;PositionalDecoderWithVehicleByPercentage;1104,57;Alpha1
N100;93;TimeDecoderWithVehicleByPercentage;1451,34;Alpha1
N100;93;TimeDecoderWithVehicleByPercentage;1106,49;Alpha1
N100;93;TimeDecoderWithVehicleByPercentage;1117,89;Alpha1
N100;93;TimeDecoderWithVehicleByPercentage;1188,97;Alpha1
N100;93;TimeDecoderWithVehicleByPercentage;1488,02;Alpha1
N100;93;TimeDecoderWithVehicleByPercentage;1272,60;Alpha1
N100;93;TimeDecoderWithVehicleByPercentage;1195,97;Alpha1
N100;93;TimeDecoderWithVehicleByPercentage;1394,71;Alpha1
N100;93;TimeDecoderWithVehicleByPercentage;1142,60;Alpha1
N100;93;TimeDecoderWithVehicleByPercentage;1272,12;Alpha1
N100;99;PositionalDecoderWithVehicleByPercentage;1477,22;Alpha1
N100;99;PositionalDecoderWithVehicleByPercentage;1322,52;Alpha1
N100;99;PositionalDecoderWithVehicleByPercentage;1126,40;Alpha1
N100;99;PositionalDecoderWithVehicleByPercentage;1304,91;Alpha1
N100;99;PositionalDecoderWithVehicleByPercentage;1373,65;Alpha1
N100;99;PositionalDecoderWithVehicleByPercentage;1302,72;Alpha1
N100;99;PositionalDecoderWithVehicleByPercentage;1256,62;Alpha1
N100;99;PositionalDecoderWithVehicleByPercentage;1390,97;Alpha1
N100;99;PositionalDecoderWithVehicleByPercentage;1459,51;Alpha1
N100;99;PositionalDecoderWithVehicleByPercentage;1370,05;Alpha1
N100;99;TimeDecoderWithVehicleByPercentage;1166,96;Alpha1
N100;99;TimeDecoderWithVehicleByPercentage;1455,62;Alpha1
N100;99;TimeDecoderWithVehicleByPercentage;1195,32;Alpha1
N100;99;TimeDecoderWithVehicleByPercentage;1282,54;Alpha1
N100;99;TimeDecoderWithVehicleByPercentage;1233,88;Alpha1
N100;99;TimeDecoderWithVehicleByPercentage;1453,76;Alpha1
N100;99;TimeDecoderWithVehicleByPercentage;1186,23;Alpha1
N100;99;TimeDecoderWithVehicleByPercentage;1597,23;Alpha1
N100;99;TimeDecoderWithVehicleByPercentage;1500,65;Alpha1
N100;99;TimeDecoderWithVehicleByPercentage;1293,23;Alpha1
N175;101;PositionalDecoderWithVehicleByPercentage;2418,92;Alpha1
N175;101;PositionalDecoderWithVehicleByPercentage;2376,74;Alpha1
N175;101;PositionalDecoderWithVehicleByPercentage;2314,61;Alpha1
N175;101;PositionalDecoderWithVehicleByPercentage;2363,91;Alpha1
N175;101;PositionalDecoderWithVehicleByPercentage;2282,65;Alpha1
N175;101;PositionalDecoderWithVehicleByPercentage;2526,10;Alpha1
N175;101;PositionalDecoderWithVehicleByPercentage;2555,05;Alpha1
N175;101;PositionalDecoderWithVehicleByPercentage;2422,63;Alpha1
N175;101;PositionalDecoderWithVehicleByPercentage;2615,79;Alpha1
N175;101;PositionalDecoderWithVehicleByPercentage;2566,91;Alpha1
N175;101;TimeDecoderWithVehicleByPercentage;2437,16;Alpha1
N175;101;TimeDecoderWithVehicleByPercentage;2275,57;Alpha1
N175;101;TimeDecoderWithVehicleByPercentage;2756,63;Alpha1
N175;101;TimeDecoderWithVehicleByPercentage;2429,01;Alpha1
N175;101;TimeDecoderWithVehicleByPercentage;2542,85;Alpha1
N175;101;TimeDecoderWithVehicleByPercentage;2385,36;Alpha1
N175;101;TimeDecoderWithVehicleByPercentage;2384,46;Alpha1
N175;101;TimeDecoderWithVehicleByPercentage;2331,51;Alpha1
N175;101;TimeDecoderWithVehicleByPercentage;2596,07;Alpha1
N175;101;TimeDecoderWithVehicleByPercentage;2346,89;Alpha1
N175;103;PositionalDecoderWithVehicleByPercentage;2323,78;Alpha1
N175;103;PositionalDecoderWithVehicleByPercentage;2153,01;Alpha1
N175;103;PositionalDecoderWithVehicleByPercentage;2527,28;Alpha1
N175;103;PositionalDecoderWithVehicleByPercentage;2127,33;Alpha1
N175;103;PositionalDecoderWithVehicleByPercentage;2293,15;Alpha1
N175;103;PositionalDecoderWithVehicleByPercentage;2366,17;Alpha1
N175;103;PositionalDecoderWithVehicleByPercentage;2474,20;Alpha1
N175;103;PositionalDecoderWithVehicleByPercentage;2316,72;Alpha1
N175;103;PositionalDecoderWithVehicleByPercentage;2361,94;Alpha1
N175;103;PositionalDecoderWithVehicleByPercentage;2229,73;Alpha1
N175;103;TimeDecoderWithVehicleByPercentage;2315,15;Alpha1
N175;103;TimeDecoderWithVehicleByPercentage;2500,99;Alpha1
N175;103;TimeDecoderWithVehicleByPercentage;2456,23;Alpha1
N175;103;TimeDecoderWithVehicleByPercentage;2407,50;Alpha1
N175;103;TimeDecoderWithVehicleByPercentage;2241,99;Alpha1
N175;103;TimeDecoderWithVehicleByPercentage;2614,75;Alpha1
N175;103;TimeDecoderWithVehicleByPercentage;2625,04;Alpha1
N175;103;TimeDecoderWithVehicleByPercentage;2434,38;Alpha1
N175;103;TimeDecoderWithVehicleByPercentage;2364,46;Alpha1
N175;103;TimeDecoderWithVehicleByPercentage;2314,58;Alpha1
N175;107;PositionalDecoderWithVehicleByPercentage;2582,46;Alpha1
N175;107;PositionalDecoderWithVehicleByPercentage;2532,48;Alpha1
N175;107;PositionalDecoderWithVehicleByPercentage;2236,40;Alpha1
N175;107;PositionalDecoderWithVehicleByPercentage;2351,97;Alpha1
N175;107;PositionalDecoderWithVehicleByPercentage;2371,82;Alpha1
N175;107;PositionalDecoderWithVehicleByPercentage;2389,82;Alpha1
N175;107;PositionalDecoderWithVehicleByPercentage;2693,37;Alpha1
N175;107;PositionalDecoderWithVehicleByPercentage;2773,99;Alpha1
N175;107;PositionalDecoderWithVehicleByPercentage;2217,99;Alpha1
N175;107;PositionalDecoderWithVehicleByPercentage;2318,25;Alpha1
N175;107;TimeDecoderWithVehicleByPercentage;2638,20;Alpha1
N175;107;TimeDecoderWithVehicleByPercentage;2627,04;Alpha1
N175;107;TimeDecoderWithVehicleByPercentage;2776,68;Alpha1
N175;107;TimeDecoderWithVehicleByPercentage;2590,97;Alpha1
N175;107;TimeDecoderWithVehicleByPercentage;2493,13;Alpha1
N175;107;TimeDecoderWithVehicleByPercentage;2435,11;Alpha1
N175;107;TimeDecoderWithVehicleByPercentage;2393,36;Alpha1
N175;107;TimeDecoderWithVehicleByPercentage;2533,14;Alpha1
N175;107;TimeDecoderWithVehicleByPercentage;2553,72;Alpha1
N175;107;TimeDecoderWithVehicleByPercentage;2349,95;Alpha1
N175;108;PositionalDecoderWithVehicleByPercentage;2490,68;Alpha1
N175;108;PositionalDecoderWithVehicleByPercentage;2086,87;Alpha1
N175;108;PositionalDecoderWithVehicleByPercentage;2206,08;Alpha1
N175;108;PositionalDecoderWithVehicleByPercentage;2313,17;Alpha1
N175;108;PositionalDecoderWithVehicleByPercentage;2160,17;Alpha1
N175;108;PositionalDecoderWithVehicleByPercentage;2454,89;Alpha1
N175;108;PositionalDecoderWithVehicleByPercentage;2270,09;Alpha1
N175;108;PositionalDecoderWithVehicleByPercentage;2203,54;Alpha1
N175;108;PositionalDecoderWithVehicleByPercentage;2294,36;Alpha1
N175;108;PositionalDecoderWithVehicleByPercentage;2420,13;Alpha1
N175;108;TimeDecoderWithVehicleByPercentage;2441,51;Alpha1
N175;108;TimeDecoderWithVehicleByPercentage;2521,51;Alpha1
N175;108;TimeDecoderWithVehicleByPercentage;2308,14;Alpha1
N175;108;TimeDecoderWithVehicleByPercentage;2630,75;Alpha1
N175;108;TimeDecoderWithVehicleByPercentage;2378,83;Alpha1
N175;108;TimeDecoderWithVehicleByPercentage;2395,95;Alpha1
N175;108;TimeDecoderWithVehicleByPercentage;2373,80;Alpha1
N175;108;TimeDecoderWithVehicleByPercentage;2548,70;Alpha1
N175;108;TimeDecoderWithVehicleByPercentage;2148,76;Alpha1
N175;108;TimeDecoderWithVehicleByPercentage;2208,18;Alpha1
N175;110;PositionalDecoderWithVehicleByPercentage;2387,02;Alpha1
N175;110;PositionalDecoderWithVehicleByPercentage;2450,26;Alpha1
N175;110;PositionalDecoderWithVehicleByPercentage;2434,18;Alpha1
N175;110;PositionalDecoderWithVehicleByPercentage;2316,24;Alpha1
N175;110;PositionalDecoderWithVehicleByPercentage;2368,43;Alpha1
N175;110;PositionalDecoderWithVehicleByPercentage;2248,95;Alpha1
N175;110;PositionalDecoderWithVehicleByPercentage;2419,89;Alpha1
N175;110;PositionalDecoderWithVehicleByPercentage;2524,66;Alpha1
N175;110;PositionalDecoderWithVehicleByPercentage;2232,45;Alpha1
N175;110;PositionalDecoderWithVehicleByPercentage;2516,90;Alpha1
N175;110;TimeDecoderWithVehicleByPercentage;2239,73;Alpha1
N175;110;TimeDecoderWithVehicleByPercentage;2553,31;Alpha1
N175;110;TimeDecoderWithVehicleByPercentage;2416,85;Alpha1
N175;110;TimeDecoderWithVehicleByPercentage;2469,34;Alpha1
N175;110;TimeDecoderWithVehicleByPercentage;2425,83;Alpha1
N175;110;TimeDecoderWithVehicleByPercentage;2457,60;Alpha1
N175;110;TimeDecoderWithVehicleByPercentage;2272,79;Alpha1
N175;110;TimeDecoderWithVehicleByPercentage;2562,12;Alpha1
N175;110;TimeDecoderWithVehicleByPercentage;2124,52;Alpha1
N175;110;TimeDecoderWithVehicleByPercentage;2451,35;Alpha1
N175;102;PositionalDecoderWithVehicleByPercentage;2247,97;Alpha1
N175;102;PositionalDecoderWithVehicleByPercentage;2256,85;Alpha1
N175;102;PositionalDecoderWithVehicleByPercentage;2017,79;Alpha1
N175;102;PositionalDecoderWithVehicleByPercentage;2230,17;Alpha1
N175;102;PositionalDecoderWithVehicleByPercentage;2304,80;Alpha1
N175;102;PositionalDecoderWithVehicleByPercentage;2148,98;Alpha1
N175;102;PositionalDecoderWithVehicleByPercentage;2052,54;Alpha1
N175;102;PositionalDecoderWithVehicleByPercentage;2472,17;Alpha1
N175;102;PositionalDecoderWithVehicleByPercentage;2526,30;Alpha1
N175;102;PositionalDecoderWithVehicleByPercentage;2413,54;Alpha1
N175;102;TimeDecoderWithVehicleByPercentage;2554,85;Alpha1
N175;102;TimeDecoderWithVehicleByPercentage;2118,96;Alpha1
N175;102;TimeDecoderWithVehicleByPercentage;2419,04;Alpha1
N175;102;TimeDecoderWithVehicleByPercentage;2142,25;Alpha1
N175;102;TimeDecoderWithVehicleByPercentage;2100,32;Alpha1
N175;102;TimeDecoderWithVehicleByPercentage;2108,96;Alpha1
N175;102;TimeDecoderWithVehicleByPercentage;2314,06;Alpha1
N175;102;TimeDecoderWithVehicleByPercentage;2438,89;Alpha1
N175;102;TimeDecoderWithVehicleByPercentage;2320,86;Alpha1
N175;102;TimeDecoderWithVehicleByPercentage;2416,21;Alpha1
N175;104;PositionalDecoderWithVehicleByPercentage;2231,41;Alpha1
N175;104;PositionalDecoderWithVehicleByPercentage;2512,65;Alpha1
N175;104;PositionalDecoderWithVehicleByPercentage;2193,82;Alpha1
N175;104;PositionalDecoderWithVehicleByPercentage;2263,01;Alpha1
N175;104;PositionalDecoderWithVehicleByPercentage;2548,55;Alpha1
N175;104;PositionalDecoderWithVehicleByPercentage;2334,42;Alpha1
N175;104;PositionalDecoderWithVehicleByPercentage;2421,58;Alpha1
N175;104;PositionalDecoderWithVehicleByPercentage;2487,38;Alpha1
N175;104;PositionalDecoderWithVehicleByPercentage;2331,87;Alpha1
N175;104;PositionalDecoderWithVehicleByPercentage;2214,28;Alpha1
N175;104;TimeDecoderWithVehicleByPercentage;2217,03;Alpha1
N175;104;TimeDecoderWithVehicleByPercentage;2515,70;Alpha1
N175;104;TimeDecoderWithVehicleByPercentage;2487,64;Alpha1
N175;104;TimeDecoderWithVehicleByPercentage;2072,07;Alpha1
N175;104;TimeDecoderWithVehicleByPercentage;2439,16;Alpha1
N175;104;TimeDecoderWithVehicleByPercentage;2411,00;Alpha1
N175;104;TimeDecoderWithVehicleByPercentage;2491,83;Alpha1
N175;104;TimeDecoderWithVehicleByPercentage;2469,18;Alpha1
N175;104;TimeDecoderWithVehicleByPercentage;2331,27;Alpha1
N175;104;TimeDecoderWithVehicleByPercentage;2343,67;Alpha1
N175;105;PositionalDecoderWithVehicleByPercentage;2498,99;Alpha1
N175;105;PositionalDecoderWithVehicleByPercentage;2432,37;Alpha1
N175;105;PositionalDecoderWithVehicleByPercentage;2455,15;Alpha1
N175;105;PositionalDecoderWithVehicleByPercentage;2361,78;Alpha1
N175;105;PositionalDecoderWithVehicleByPercentage;2428,25;Alpha1
N175;105;PositionalDecoderWithVehicleByPercentage;2440,58;Alpha1
N175;105;PositionalDecoderWithVehicleByPercentage;2394,61;Alpha1
N175;105;PositionalDecoderWithVehicleByPercentage;2572,14;Alpha1
N175;105;PositionalDecoderWithVehicleByPercentage;2327,08;Alpha1
N175;105;PositionalDecoderWithVehicleByPercentage;2421,10;Alpha1
N175;105;TimeDecoderWithVehicleByPercentage;2552,55;Alpha1
N175;105;TimeDecoderWithVehicleByPercentage;2359,48;Alpha1
N175;105;TimeDecoderWithVehicleByPercentage;2398,58;Alpha1
N175;105;TimeDecoderWithVehicleByPercentage;2318,20;Alpha1
N175;105;TimeDecoderWithVehicleByPercentage;2359,83;Alpha1
N175;105;TimeDecoderWithVehicleByPercentage;2508,14;Alpha1
N175;105;TimeDecoderWithVehicleByPercentage;2413,93;Alpha1
N175;105;TimeDecoderWithVehicleByPercentage;2521,39;Alpha1
N175;105;TimeDecoderWithVehicleByPercentage;2129,92;Alpha1
N175;105;TimeDecoderWithVehicleByPercentage;2484,03;Alpha1
N175;106;PositionalDecoderWithVehicleByPercentage;2527,48;Alpha1
N175;106;PositionalDecoderWithVehicleByPercentage;2170,50;Alpha1
N175;106;PositionalDecoderWithVehicleByPercentage;2501,05;Alpha1
N175;106;PositionalDecoderWithVehicleByPercentage;2724,64;Alpha1
N175;106;PositionalDecoderWithVehicleByPercentage;2549,78;Alpha1
N175;106;PositionalDecoderWithVehicleByPercentage;2489,25;Alpha1
N175;106;PositionalDecoderWithVehicleByPercentage;2394,54;Alpha1
N175;106;PositionalDecoderWithVehicleByPercentage;2627,60;Alpha1
N175;106;PositionalDecoderWithVehicleByPercentage;2426,12;Alpha1
N175;106;PositionalDecoderWithVehicleByPercentage;2390,46;Alpha1
N175;106;TimeDecoderWithVehicleByPercentage;2401,16;Alpha1
N175;106;TimeDecoderWithVehicleByPercentage;2234,63;Alpha1
N175;106;TimeDecoderWithVehicleByPercentage;2460,24;Alpha1
N175;106;TimeDecoderWithVehicleByPercentage;2467,93;Alpha1
N175;106;TimeDecoderWithVehicleByPercentage;2267,99;Alpha1
N175;106;TimeDecoderWithVehicleByPercentage;2635,90;Alpha1
N175;106;TimeDecoderWithVehicleByPercentage;2624,05;Alpha1
N175;106;TimeDecoderWithVehicleByPercentage;2484,73;Alpha1
N175;106;TimeDecoderWithVehicleByPercentage;2360,46;Alpha1
N175;106;TimeDecoderWithVehicleByPercentage;2227,49;Alpha1
N175;109;PositionalDecoderWithVehicleByPercentage;2155,82;Alpha1
N175;109;PositionalDecoderWithVehicleByPercentage;2293,82;Alpha1
N175;109;PositionalDecoderWithVehicleByPercentage;2143,74;Alpha1
N175;109;PositionalDecoderWithVehicleByPercentage;2439,82;Alpha1
N175;109;PositionalDecoderWithVehicleByPercentage;2530,61;Alpha1
N175;109;PositionalDecoderWithVehicleByPercentage;2445,71;Alpha1
N175;109;PositionalDecoderWithVehicleByPercentage;2395,43;Alpha1
N175;109;PositionalDecoderWithVehicleByPercentage;2448,90;Alpha1
N175;109;PositionalDecoderWithVehicleByPercentage;2327,93;Alpha1
N175;109;PositionalDecoderWithVehicleByPercentage;2563,72;Alpha1
N175;109;TimeDecoderWithVehicleByPercentage;2332,44;Alpha1
N175;109;TimeDecoderWithVehicleByPercentage;2178,04;Alpha1
N175;109;TimeDecoderWithVehicleByPercentage;2170,05;Alpha1
N175;109;TimeDecoderWithVehicleByPercentage;2274,39;Alpha1
N175;109;TimeDecoderWithVehicleByPercentage;2304,21;Alpha1
N175;109;TimeDecoderWithVehicleByPercentage;2317,69;Alpha1
N175;109;TimeDecoderWithVehicleByPercentage;2215,42;Alpha1
N175;109;TimeDecoderWithVehicleByPercentage;2054,24;Alpha1
N175;109;TimeDecoderWithVehicleByPercentage;2164,09;Alpha1
N175;109;TimeDecoderWithVehicleByPercentage;2309,10;Alpha1
N250;3;PositionalDecoderWithVehicleByPercentage;3496,77;Alpha1
N250;3;PositionalDecoderWithVehicleByPercentage;3541,19;Alpha1
N250;3;PositionalDecoderWithVehicleByPercentage;3674,17;Alpha1
N250;3;PositionalDecoderWithVehicleByPercentage;3008,76;Alpha1
N250;3;PositionalDecoderWithVehicleByPercentage;3553,88;Alpha1
N250;3;PositionalDecoderWithVehicleByPercentage;3378,97;Alpha1
N250;3;PositionalDecoderWithVehicleByPercentage;3501,05;Alpha1
N250;3;PositionalDecoderWithVehicleByPercentage;3461,09;Alpha1
N250;3;PositionalDecoderWithVehicleByPercentage;3783,79;Alpha1
N250;3;PositionalDecoderWithVehicleByPercentage;3503,42;Alpha1
N250;3;TimeDecoderWithVehicleByPercentage;3554,21;Alpha1
N250;3;TimeDecoderWithVehicleByPercentage;3727,56;Alpha1
N250;3;TimeDecoderWithVehicleByPercentage;3842,25;Alpha1
N250;3;TimeDecoderWithVehicleByPercentage;3898,00;Alpha1
N250;3;TimeDecoderWithVehicleByPercentage;3590,22;Alpha1
N250;3;TimeDecoderWithVehicleByPercentage;3704,61;Alpha1
N250;3;TimeDecoderWithVehicleByPercentage;3820,10;Alpha1
N250;3;TimeDecoderWithVehicleByPercentage;3455,67;Alpha1
N250;3;TimeDecoderWithVehicleByPercentage;3657,86;Alpha1
N250;3;TimeDecoderWithVehicleByPercentage;3987,62;Alpha1
N250;7;PositionalDecoderWithVehicleByPercentage;4191,69;Alpha1
N250;7;PositionalDecoderWithVehicleByPercentage;3499,87;Alpha1
N250;7;PositionalDecoderWithVehicleByPercentage;3343,20;Alpha1
N250;7;PositionalDecoderWithVehicleByPercentage;3951,30;Alpha1
N250;7;PositionalDecoderWithVehicleByPercentage;3694,83;Alpha1
N250;7;PositionalDecoderWithVehicleByPercentage;3522,38;Alpha1
N250;7;PositionalDecoderWithVehicleByPercentage;3767,77;Alpha1
N250;7;PositionalDecoderWithVehicleByPercentage;3607,58;Alpha1
N250;7;PositionalDecoderWithVehicleByPercentage;3815,37;Alpha1
N250;7;PositionalDecoderWithVehicleByPercentage;3573,08;Alpha1
N250;7;TimeDecoderWithVehicleByPercentage;3394,30;Alpha1
N250;7;TimeDecoderWithVehicleByPercentage;3828,32;Alpha1
N250;7;TimeDecoderWithVehicleByPercentage;3883,50;Alpha1
N250;7;TimeDecoderWithVehicleByPercentage;3986,41;Alpha1
N250;7;TimeDecoderWithVehicleByPercentage;3679,92;Alpha1
N250;7;TimeDecoderWithVehicleByPercentage;3518,01;Alpha1
N250;7;TimeDecoderWithVehicleByPercentage;3763,14;Alpha1
N250;7;TimeDecoderWithVehicleByPercentage;4037,92;Alpha1
N250;7;TimeDecoderWithVehicleByPercentage;3574,32;Alpha1
N250;7;TimeDecoderWithVehicleByPercentage;3630,93;Alpha1
N250;9;PositionalDecoderWithVehicleByPercentage;3440,88;Alpha1
N250;9;PositionalDecoderWithVehicleByPercentage;3389,76;Alpha1
N250;9;PositionalDecoderWithVehicleByPercentage;4010,61;Alpha1
N250;9;PositionalDecoderWithVehicleByPercentage;3411,88;Alpha1
N250;9;PositionalDecoderWithVehicleByPercentage;3327,91;Alpha1
N250;9;PositionalDecoderWithVehicleByPercentage;3404,76;Alpha1
N250;9;PositionalDecoderWithVehicleByPercentage;3713,81;Alpha1
N250;9;PositionalDecoderWithVehicleByPercentage;3394,27;Alpha1
N250;9;PositionalDecoderWithVehicleByPercentage;3475,94;Alpha1
N250;9;PositionalDecoderWithVehicleByPercentage;3916,45;Alpha1
N250;9;TimeDecoderWithVehicleByPercentage;3484,08;Alpha1
N250;9;TimeDecoderWithVehicleByPercentage;3510,01;Alpha1
N250;9;TimeDecoderWithVehicleByPercentage;3396,13;Alpha1
N250;9;TimeDecoderWithVehicleByPercentage;3223,43;Alpha1
N250;9;TimeDecoderWithVehicleByPercentage;3328,91;Alpha1
N250;9;TimeDecoderWithVehicleByPercentage;3661,24;Alpha1
N250;9;TimeDecoderWithVehicleByPercentage;3500,62;Alpha1
N250;9;TimeDecoderWithVehicleByPercentage;3420,13;Alpha1
N250;9;TimeDecoderWithVehicleByPercentage;3519,47;Alpha1
N250;9;TimeDecoderWithVehicleByPercentage;3716,24;Alpha1
N250;10;PositionalDecoderWithVehicleByPercentage;3278,60;Alpha1
N250;10;PositionalDecoderWithVehicleByPercentage;3072,91;Alpha1
N250;10;PositionalDecoderWithVehicleByPercentage;3570,28;Alpha1
N250;10;PositionalDecoderWithVehicleByPercentage;3692,85;Alpha1
N250;10;PositionalDecoderWithVehicleByPercentage;3352,54;Alpha1
N250;10;PositionalDecoderWithVehicleByPercentage;3483,93;Alpha1
N250;10;PositionalDecoderWithVehicleByPercentage;3655,07;Alpha1
N250;10;PositionalDecoderWithVehicleByPercentage;3765,35;Alpha1
N250;10;PositionalDecoderWithVehicleByPercentage;3619,88;Alpha1
N250;10;PositionalDecoderWithVehicleByPercentage;3438,12;Alpha1
N250;10;TimeDecoderWithVehicleByPercentage;3746,32;Alpha1
N250;10;TimeDecoderWithVehicleByPercentage;3948,90;Alpha1
N250;10;TimeDecoderWithVehicleByPercentage;3862,81;Alpha1
N250;10;TimeDecoderWithVehicleByPercentage;3600,50;Alpha1
N250;10;TimeDecoderWithVehicleByPercentage;3319,73;Alpha1
N250;10;TimeDecoderWithVehicleByPercentage;3497,61;Alpha1
N250;10;TimeDecoderWithVehicleByPercentage;3713,77;Alpha1
N250;10;TimeDecoderWithVehicleByPercentage;3295,52;Alpha1
N250;10;TimeDecoderWithVehicleByPercentage;3463,44;Alpha1
N250;10;TimeDecoderWithVehicleByPercentage;3369,01;Alpha1
N250;114;PositionalDecoderWithVehicleByPercentage;3750,64;Alpha1
N250;114;PositionalDecoderWithVehicleByPercentage;3155,75;Alpha1
N250;114;PositionalDecoderWithVehicleByPercentage;3369,04;Alpha1
N250;114;PositionalDecoderWithVehicleByPercentage;3385,29;Alpha1
N250;114;PositionalDecoderWithVehicleByPercentage;3620,07;Alpha1
N250;114;PositionalDecoderWithVehicleByPercentage;3429,56;Alpha1
N250;114;PositionalDecoderWithVehicleByPercentage;3588,98;Alpha1
N250;114;PositionalDecoderWithVehicleByPercentage;3490,11;Alpha1
N250;114;PositionalDecoderWithVehicleByPercentage;3906,52;Alpha1
N250;114;PositionalDecoderWithVehicleByPercentage;3319,61;Alpha1
N250;114;TimeDecoderWithVehicleByPercentage;3520,88;Alpha1
N250;114;TimeDecoderWithVehicleByPercentage;3493,73;Alpha1
N250;114;TimeDecoderWithVehicleByPercentage;3661,83;Alpha1
N250;114;TimeDecoderWithVehicleByPercentage;3491,99;Alpha1
N250;114;TimeDecoderWithVehicleByPercentage;4016,31;Alpha1
N250;114;TimeDecoderWithVehicleByPercentage;3431,56;Alpha1
N250;114;TimeDecoderWithVehicleByPercentage;3535,95;Alpha1
N250;114;TimeDecoderWithVehicleByPercentage;3294,56;Alpha1
N250;114;TimeDecoderWithVehicleByPercentage;3520,50;Alpha1
N250;114;TimeDecoderWithVehicleByPercentage;3329,19;Alpha1
N250;1;PositionalDecoderWithVehicleByPercentage;3767,89;Alpha1
N250;1;PositionalDecoderWithVehicleByPercentage;3859,46;Alpha1
N250;1;PositionalDecoderWithVehicleByPercentage;3584,71;Alpha1
N250;1;PositionalDecoderWithVehicleByPercentage;3520,32;Alpha1
N250;1;PositionalDecoderWithVehicleByPercentage;3648,15;Alpha1
N250;1;PositionalDecoderWithVehicleByPercentage;3422,83;Alpha1
N250;1;PositionalDecoderWithVehicleByPercentage;3580,58;Alpha1
N250;1;PositionalDecoderWithVehicleByPercentage;3677,49;Alpha1
N250;1;PositionalDecoderWithVehicleByPercentage;3688,93;Alpha1
N250;1;PositionalDecoderWithVehicleByPercentage;3432,74;Alpha1
N250;1;TimeDecoderWithVehicleByPercentage;3607,43;Alpha1
N250;1;TimeDecoderWithVehicleByPercentage;3632,17;Alpha1
N250;1;TimeDecoderWithVehicleByPercentage;3461,84;Alpha1
N250;1;TimeDecoderWithVehicleByPercentage;3355,54;Alpha1
N250;1;TimeDecoderWithVehicleByPercentage;3741,43;Alpha1
N250;1;TimeDecoderWithVehicleByPercentage;3444,56;Alpha1
N250;1;TimeDecoderWithVehicleByPercentage;3624,57;Alpha1
N250;1;TimeDecoderWithVehicleByPercentage;3951,79;Alpha1
N250;1;TimeDecoderWithVehicleByPercentage;3566,27;Alpha1
N250;1;TimeDecoderWithVehicleByPercentage;3915,87;Alpha1
N250;2;PositionalDecoderWithVehicleByPercentage;3591,05;Alpha1
N250;2;PositionalDecoderWithVehicleByPercentage;3579,27;Alpha1
N250;2;PositionalDecoderWithVehicleByPercentage;3374,58;Alpha1
N250;2;PositionalDecoderWithVehicleByPercentage;3697,11;Alpha1
N250;2;PositionalDecoderWithVehicleByPercentage;3803,38;Alpha1
N250;2;PositionalDecoderWithVehicleByPercentage;3529,04;Alpha1
N250;2;PositionalDecoderWithVehicleByPercentage;3653,75;Alpha1
N250;2;PositionalDecoderWithVehicleByPercentage;3510,46;Alpha1
N250;2;PositionalDecoderWithVehicleByPercentage;3687,42;Alpha1
N250;2;PositionalDecoderWithVehicleByPercentage;3219,25;Alpha1
N250;2;TimeDecoderWithVehicleByPercentage;3341,14;Alpha1
N250;2;TimeDecoderWithVehicleByPercentage;3661,64;Alpha1
N250;2;TimeDecoderWithVehicleByPercentage;3343,53;Alpha1
N250;2;TimeDecoderWithVehicleByPercentage;3746,16;Alpha1
N250;2;TimeDecoderWithVehicleByPercentage;3770,26;Alpha1
N250;2;TimeDecoderWithVehicleByPercentage;3753,52;Alpha1
N250;2;TimeDecoderWithVehicleByPercentage;3401,09;Alpha1
N250;2;TimeDecoderWithVehicleByPercentage;3512,96;Alpha1
N250;2;TimeDecoderWithVehicleByPercentage;3620,98;Alpha1
N250;2;TimeDecoderWithVehicleByPercentage;3856,24;Alpha1
N250;4;PositionalDecoderWithVehicleByPercentage;3429,70;Alpha1
N250;4;PositionalDecoderWithVehicleByPercentage;3365,11;Alpha1
N250;4;PositionalDecoderWithVehicleByPercentage;3634,16;Alpha1
N250;4;PositionalDecoderWithVehicleByPercentage;3724,35;Alpha1
N250;4;PositionalDecoderWithVehicleByPercentage;3615,48;Alpha1
N250;4;PositionalDecoderWithVehicleByPercentage;4042,44;Alpha1
N250;4;PositionalDecoderWithVehicleByPercentage;3496,94;Alpha1
N250;4;PositionalDecoderWithVehicleByPercentage;3414,27;Alpha1
N250;4;PositionalDecoderWithVehicleByPercentage;3576,20;Alpha1
N250;4;PositionalDecoderWithVehicleByPercentage;3753,05;Alpha1
N250;4;TimeDecoderWithVehicleByPercentage;3432,40;Alpha1
N250;4;TimeDecoderWithVehicleByPercentage;3821,85;Alpha1
N250;4;TimeDecoderWithVehicleByPercentage;3585,49;Alpha1
N250;4;TimeDecoderWithVehicleByPercentage;3654,23;Alpha1
N250;4;TimeDecoderWithVehicleByPercentage;3669,20;Alpha1
N250;4;TimeDecoderWithVehicleByPercentage;3598,32;Alpha1
N250;4;TimeDecoderWithVehicleByPercentage;3243,46;Alpha1
N250;4;TimeDecoderWithVehicleByPercentage;3317,92;Alpha1
N250;4;TimeDecoderWithVehicleByPercentage;3705,67;Alpha1
N250;4;TimeDecoderWithVehicleByPercentage;3677,39;Alpha1
N250;115;PositionalDecoderWithVehicleByPercentage;3854,30;Alpha1
N250;115;PositionalDecoderWithVehicleByPercentage;3740,40;Alpha1
N250;115;PositionalDecoderWithVehicleByPercentage;3759,01;Alpha1
N250;115;PositionalDecoderWithVehicleByPercentage;3608,41;Alpha1
N250;115;PositionalDecoderWithVehicleByPercentage;3779,76;Alpha1
N250;115;PositionalDecoderWithVehicleByPercentage;3577,94;Alpha1
N250;115;PositionalDecoderWithVehicleByPercentage;3726,80;Alpha1
N250;115;PositionalDecoderWithVehicleByPercentage;3352,90;Alpha1
N250;115;PositionalDecoderWithVehicleByPercentage;3589,57;Alpha1
N250;115;PositionalDecoderWithVehicleByPercentage;3714,32;Alpha1
N250;115;TimeDecoderWithVehicleByPercentage;3754,52;Alpha1
N250;115;TimeDecoderWithVehicleByPercentage;3640,27;Alpha1
N250;115;TimeDecoderWithVehicleByPercentage;3671,68;Alpha1
N250;115;TimeDecoderWithVehicleByPercentage;3702,95;Alpha1
N250;115;TimeDecoderWithVehicleByPercentage;3545,48;Alpha1
N250;115;TimeDecoderWithVehicleByPercentage;3401,96;Alpha1
N250;115;TimeDecoderWithVehicleByPercentage;3632,87;Alpha1
N250;115;TimeDecoderWithVehicleByPercentage;3857,73;Alpha1
N250;115;TimeDecoderWithVehicleByPercentage;3729,49;Alpha1
N250;115;TimeDecoderWithVehicleByPercentage;3402,34;Alpha1
N250;118;PositionalDecoderWithVehicleByPercentage;3719,70;Alpha1
N250;118;PositionalDecoderWithVehicleByPercentage;3481,37;Alpha1
N250;118;PositionalDecoderWithVehicleByPercentage;3617,37;Alpha1
N250;118;PositionalDecoderWithVehicleByPercentage;3765,68;Alpha1
N250;118;PositionalDecoderWithVehicleByPercentage;3460,51;Alpha1
N250;118;PositionalDecoderWithVehicleByPercentage;3657,44;Alpha1
N250;118;PositionalDecoderWithVehicleByPercentage;3595,92;Alpha1
N250;118;PositionalDecoderWithVehicleByPercentage;3768,83;Alpha1
N250;118;PositionalDecoderWithVehicleByPercentage;3656,18;Alpha1
N250;118;PositionalDecoderWithVehicleByPercentage;3279,38;Alpha1
N250;118;TimeDecoderWithVehicleByPercentage;3659,89;Alpha1
N250;118;TimeDecoderWithVehicleByPercentage;3669,62;Alpha1
N250;118;TimeDecoderWithVehicleByPercentage;3422,09;Alpha1
N250;118;TimeDecoderWithVehicleByPercentage;3393,68;Alpha1
N250;118;TimeDecoderWithVehicleByPercentage;3851,81;Alpha1
N250;118;TimeDecoderWithVehicleByPercentage;3727,87;Alpha1
N250;118;TimeDecoderWithVehicleByPercentage;3536,20;Alpha1
N250;118;TimeDecoderWithVehicleByPercentage;3790,73;Alpha1
N250;118;TimeDecoderWithVehicleByPercentage;3587,93;Alpha1
N250;118;TimeDecoderWithVehicleByPercentage;3524,61;Alpha1
N250;5;PositionalDecoderWithVehicleByPercentage;3560,64;Alpha1
N250;5;PositionalDecoderWithVehicleByPercentage;3691,13;Alpha1
N250;5;PositionalDecoderWithVehicleByPercentage;3635,02;Alpha1
N250;5;PositionalDecoderWithVehicleByPercentage;3423,59;Alpha1
N250;5;PositionalDecoderWithVehicleByPercentage;3804,40;Alpha1
N250;5;PositionalDecoderWithVehicleByPercentage;3446,08;Alpha1
N250;5;PositionalDecoderWithVehicleByPercentage;3823,29;Alpha1
N250;5;PositionalDecoderWithVehicleByPercentage;3707,29;Alpha1
N250;5;PositionalDecoderWithVehicleByPercentage;3482,48;Alpha1
N250;5;PositionalDecoderWithVehicleByPercentage;4051,61;Alpha1
N250;5;TimeDecoderWithVehicleByPercentage;3499,98;Alpha1
N250;5;TimeDecoderWithVehicleByPercentage;3460,86;Alpha1
N250;5;TimeDecoderWithVehicleByPercentage;3507,10;Alpha1
N250;5;TimeDecoderWithVehicleByPercentage;3604,45;Alpha1
N250;5;TimeDecoderWithVehicleByPercentage;3506,53;Alpha1
N250;5;TimeDecoderWithVehicleByPercentage;3853,07;Alpha1
N250;5;TimeDecoderWithVehicleByPercentage;3418,77;Alpha1
N250;5;TimeDecoderWithVehicleByPercentage;4054,17;Alpha1
N250;5;TimeDecoderWithVehicleByPercentage;3450,23;Alpha1
N250;5;TimeDecoderWithVehicleByPercentage;3473,36;Alpha1
N250;6;PositionalDecoderWithVehicleByPercentage;3677,83;Alpha1
N250;6;PositionalDecoderWithVehicleByPercentage;3633,52;Alpha1
N250;6;PositionalDecoderWithVehicleByPercentage;3589,69;Alpha1
N250;6;PositionalDecoderWithVehicleByPercentage;4106,80;Alpha1
N250;6;PositionalDecoderWithVehicleByPercentage;3615,97;Alpha1
N250;6;PositionalDecoderWithVehicleByPercentage;3762,87;Alpha1
N250;6;PositionalDecoderWithVehicleByPercentage;3530,06;Alpha1
N250;6;PositionalDecoderWithVehicleByPercentage;3657,38;Alpha1
N250;6;PositionalDecoderWithVehicleByPercentage;3409,37;Alpha1
N250;6;PositionalDecoderWithVehicleByPercentage;3514,41;Alpha1
N250;6;TimeDecoderWithVehicleByPercentage;3746,60;Alpha1
N250;6;TimeDecoderWithVehicleByPercentage;3580,64;Alpha1
N250;6;TimeDecoderWithVehicleByPercentage;3417,19;Alpha1
N250;6;TimeDecoderWithVehicleByPercentage;3605,99;Alpha1
N250;6;TimeDecoderWithVehicleByPercentage;3481,34;Alpha1
N250;6;TimeDecoderWithVehicleByPercentage;3376,47;Alpha1
N250;6;TimeDecoderWithVehicleByPercentage;3813,19;Alpha1
N250;6;TimeDecoderWithVehicleByPercentage;3311,50;Alpha1
N250;6;TimeDecoderWithVehicleByPercentage;3395,20;Alpha1
N250;6;TimeDecoderWithVehicleByPercentage;3209,43;Alpha1
N250;112;PositionalDecoderWithVehicleByPercentage;3683,31;Alpha1
N250;112;PositionalDecoderWithVehicleByPercentage;3502,03;Alpha1
N250;112;PositionalDecoderWithVehicleByPercentage;3044,06;Alpha1
N250;112;PositionalDecoderWithVehicleByPercentage;3536,87;Alpha1
N250;112;PositionalDecoderWithVehicleByPercentage;3644,24;Alpha1
N250;112;PositionalDecoderWithVehicleByPercentage;3556,27;Alpha1
N250;112;PositionalDecoderWithVehicleByPercentage;3788,88;Alpha1
N250;112;PositionalDecoderWithVehicleByPercentage;3539,56;Alpha1
N250;112;PositionalDecoderWithVehicleByPercentage;3336,27;Alpha1
N250;112;PositionalDecoderWithVehicleByPercentage;3305,00;Alpha1
N250;112;TimeDecoderWithVehicleByPercentage;3422,41;Alpha1
N250;112;TimeDecoderWithVehicleByPercentage;3436,16;Alpha1
N250;112;TimeDecoderWithVehicleByPercentage;3396,27;Alpha1
N250;112;TimeDecoderWithVehicleByPercentage;3757,93;Alpha1
N250;112;TimeDecoderWithVehicleByPercentage;3435,08;Alpha1
N250;112;TimeDecoderWithVehicleByPercentage;3535,50;Alpha1
N250;112;TimeDecoderWithVehicleByPercentage;3682,72;Alpha1
N250;112;TimeDecoderWithVehicleByPercentage;3213,41;Alpha1
N250;112;TimeDecoderWithVehicleByPercentage;3390,95;Alpha1
N250;112;TimeDecoderWithVehicleByPercentage;3863,48;Alpha1
N250;116;PositionalDecoderWithVehicleByPercentage;3336,55;Alpha1
N250;116;PositionalDecoderWithVehicleByPercentage;3927,79;Alpha1
N250;116;PositionalDecoderWithVehicleByPercentage;3551,96;Alpha1
N250;116;PositionalDecoderWithVehicleByPercentage;3417,66;Alpha1
N250;116;PositionalDecoderWithVehicleByPercentage;3474,35;Alpha1
N250;116;PositionalDecoderWithVehicleByPercentage;3704,22;Alpha1
N250;116;PositionalDecoderWithVehicleByPercentage;3525,53;Alpha1
N250;116;PositionalDecoderWithVehicleByPercentage;3344,02;Alpha1
N250;116;PositionalDecoderWithVehicleByPercentage;3859,86;Alpha1
N250;116;PositionalDecoderWithVehicleByPercentage;3771,25;Alpha1
N250;116;TimeDecoderWithVehicleByPercentage;3559,13;Alpha1
N250;116;TimeDecoderWithVehicleByPercentage;3462,17;Alpha1
N250;116;TimeDecoderWithVehicleByPercentage;3507,20;Alpha1
N250;116;TimeDecoderWithVehicleByPercentage;3320,03;Alpha1
N250;116;TimeDecoderWithVehicleByPercentage;3375,37;Alpha1
N250;116;TimeDecoderWithVehicleByPercentage;3385,57;Alpha1
N250;116;TimeDecoderWithVehicleByPercentage;3205,35;Alpha1
N250;116;TimeDecoderWithVehicleByPercentage;3628,03;Alpha1
N250;116;TimeDecoderWithVehicleByPercentage;3375,20;Alpha1
N250;116;TimeDecoderWithVehicleByPercentage;3588,52;Alpha1
N250;120;PositionalDecoderWithVehicleByPercentage;3382,41;Alpha1
N250;120;PositionalDecoderWithVehicleByPercentage;3473,74;Alpha1
N250;120;PositionalDecoderWithVehicleByPercentage;3745,71;Alpha1
N250;120;PositionalDecoderWithVehicleByPercentage;3290,60;Alpha1
N250;120;PositionalDecoderWithVehicleByPercentage;3542,99;Alpha1
N250;120;PositionalDecoderWithVehicleByPercentage;3384,84;Alpha1
N250;120;PositionalDecoderWithVehicleByPercentage;3807,66;Alpha1
N250;120;PositionalDecoderWithVehicleByPercentage;3160,75;Alpha1
N250;120;PositionalDecoderWithVehicleByPercentage;3734,27;Alpha1
N250;120;PositionalDecoderWithVehicleByPercentage;3748,82;Alpha1
N250;120;TimeDecoderWithVehicleByPercentage;3506,32;Alpha1
N250;120;TimeDecoderWithVehicleByPercentage;4034,69;Alpha1
N250;120;TimeDecoderWithVehicleByPercentage;3517,11;Alpha1
N250;120;TimeDecoderWithVehicleByPercentage;3729,62;Alpha1
N250;120;TimeDecoderWithVehicleByPercentage;3905,07;Alpha1
N250;120;TimeDecoderWithVehicleByPercentage;3462,41;Alpha1
N250;120;TimeDecoderWithVehicleByPercentage;3290,30;Alpha1
N250;120;TimeDecoderWithVehicleByPercentage;3523,07;Alpha1
N250;120;TimeDecoderWithVehicleByPercentage;3549,83;Alpha1
N250;120;TimeDecoderWithVehicleByPercentage;3586,82;Alpha1
N250;8;PositionalDecoderWithVehicleByPercentage;3305,77;Alpha1
N250;8;PositionalDecoderWithVehicleByPercentage;3618,58;Alpha1
N250;8;PositionalDecoderWithVehicleByPercentage;3398,51;Alpha1
N250;8;PositionalDecoderWithVehicleByPercentage;3621,93;Alpha1
N250;8;PositionalDecoderWithVehicleByPercentage;3858,22;Alpha1
N250;8;PositionalDecoderWithVehicleByPercentage;3480,08;Alpha1
N250;8;PositionalDecoderWithVehicleByPercentage;4013,57;Alpha1
N250;8;PositionalDecoderWithVehicleByPercentage;3573,17;Alpha1
N250;8;PositionalDecoderWithVehicleByPercentage;3469,20;Alpha1
N250;8;PositionalDecoderWithVehicleByPercentage;3468,19;Alpha1
N250;8;TimeDecoderWithVehicleByPercentage;3299,21;Alpha1
N250;8;TimeDecoderWithVehicleByPercentage;3550,45;Alpha1
N250;8;TimeDecoderWithVehicleByPercentage;3348,02;Alpha1
N250;8;TimeDecoderWithVehicleByPercentage;3977,97;Alpha1
N250;8;TimeDecoderWithVehicleByPercentage;3717,92;Alpha1
N250;8;TimeDecoderWithVehicleByPercentage;3988,89;Alpha1
N250;8;TimeDecoderWithVehicleByPercentage;3725,51;Alpha1
N250;8;TimeDecoderWithVehicleByPercentage;3417,81;Alpha1
N250;8;TimeDecoderWithVehicleByPercentage;3488,41;Alpha1
N250;8;TimeDecoderWithVehicleByPercentage;3203,99;Alpha1
N250;111;PositionalDecoderWithVehicleByPercentage;3332,68;Alpha1
N250;111;PositionalDecoderWithVehicleByPercentage;3374,86;Alpha1
N250;111;PositionalDecoderWithVehicleByPercentage;4274,28;Alpha1
N250;111;PositionalDecoderWithVehicleByPercentage;3390,15;Alpha1
N250;111;PositionalDecoderWithVehicleByPercentage;3577,31;Alpha1
N250;111;PositionalDecoderWithVehicleByPercentage;3330,98;Alpha1
N250;111;PositionalDecoderWithVehicleByPercentage;3524,19;Alpha1
N250;111;PositionalDecoderWithVehicleByPercentage;3596,38;Alpha1
N250;111;PositionalDecoderWithVehicleByPercentage;3523,85;Alpha1
N250;111;PositionalDecoderWithVehicleByPercentage;3433,33;Alpha1
N250;111;TimeDecoderWithVehicleByPercentage;3471,70;Alpha1
N250;111;TimeDecoderWithVehicleByPercentage;3170,58;Alpha1
N250;111;TimeDecoderWithVehicleByPercentage;3532,65;Alpha1
N250;111;TimeDecoderWithVehicleByPercentage;3092,02;Alpha1
N250;111;TimeDecoderWithVehicleByPercentage;3573,32;Alpha1
N250;111;TimeDecoderWithVehicleByPercentage;3091,64;Alpha1
N250;111;TimeDecoderWithVehicleByPercentage;3138,28;Alpha1
N250;111;TimeDecoderWithVehicleByPercentage;3410,44;Alpha1
N250;111;TimeDecoderWithVehicleByPercentage;3594,78;Alpha1
N250;111;TimeDecoderWithVehicleByPercentage;3613,19;Alpha1
N250;113;PositionalDecoderWithVehicleByPercentage;3628,64;Alpha1
N250;113;PositionalDecoderWithVehicleByPercentage;3611,16;Alpha1
N250;113;PositionalDecoderWithVehicleByPercentage;3694,62;Alpha1
N250;113;PositionalDecoderWithVehicleByPercentage;3849,63;Alpha1
N250;113;PositionalDecoderWithVehicleByPercentage;3544,96;Alpha1
N250;113;PositionalDecoderWithVehicleByPercentage;3799,62;Alpha1
N250;113;PositionalDecoderWithVehicleByPercentage;3854,88;Alpha1
N250;113;PositionalDecoderWithVehicleByPercentage;3776,51;Alpha1
N250;113;PositionalDecoderWithVehicleByPercentage;3751,38;Alpha1
N250;113;PositionalDecoderWithVehicleByPercentage;3403,37;Alpha1
N250;113;TimeDecoderWithVehicleByPercentage;3588,61;Alpha1
N250;113;TimeDecoderWithVehicleByPercentage;3784,25;Alpha1
N250;113;TimeDecoderWithVehicleByPercentage;3774,70;Alpha1
N250;113;TimeDecoderWithVehicleByPercentage;3994,83;Alpha1
N250;113;TimeDecoderWithVehicleByPercentage;3637,30;Alpha1
N250;113;TimeDecoderWithVehicleByPercentage;3623,59;Alpha1
N250;113;TimeDecoderWithVehicleByPercentage;3460,09;Alpha1
N250;113;TimeDecoderWithVehicleByPercentage;3784,14;Alpha1
N250;113;TimeDecoderWithVehicleByPercentage;3457,13;Alpha1
N250;113;TimeDecoderWithVehicleByPercentage;3600,65;Alpha1
N250;117;PositionalDecoderWithVehicleByPercentage;3785,04;Alpha1
N250;117;PositionalDecoderWithVehicleByPercentage;3633,42;Alpha1
N250;117;PositionalDecoderWithVehicleByPercentage;3350,37;Alpha1
N250;117;PositionalDecoderWithVehicleByPercentage;3539,19;Alpha1
N250;117;PositionalDecoderWithVehicleByPercentage;3548,04;Alpha1
N250;117;PositionalDecoderWithVehicleByPercentage;3775,77;Alpha1
N250;117;PositionalDecoderWithVehicleByPercentage;3610,69;Alpha1
N250;117;PositionalDecoderWithVehicleByPercentage;3611,58;Alpha1
N250;117;PositionalDecoderWithVehicleByPercentage;3509,77;Alpha1
N250;117;PositionalDecoderWithVehicleByPercentage;4170,17;Alpha1
N250;117;TimeDecoderWithVehicleByPercentage;3508,64;Alpha1
N250;117;TimeDecoderWithVehicleByPercentage;3779,26;Alpha1
N250;117;TimeDecoderWithVehicleByPercentage;3956,33;Alpha1
N250;117;TimeDecoderWithVehicleByPercentage;3732,42;Alpha1
N250;117;TimeDecoderWithVehicleByPercentage;3765,49;Alpha1
N250;117;TimeDecoderWithVehicleByPercentage;3328,49;Alpha1
N250;117;TimeDecoderWithVehicleByPercentage;3816,44;Alpha1
N250;117;TimeDecoderWithVehicleByPercentage;3559,92;Alpha1
N250;117;TimeDecoderWithVehicleByPercentage;3525,82;Alpha1
N250;117;TimeDecoderWithVehicleByPercentage;3796,30;Alpha1
N250;119;PositionalDecoderWithVehicleByPercentage;3680,45;Alpha1
N250;119;PositionalDecoderWithVehicleByPercentage;3494,72;Alpha1
N250;119;PositionalDecoderWithVehicleByPercentage;3546,49;Alpha1
N250;119;PositionalDecoderWithVehicleByPercentage;3575,88;Alpha1
N250;119;PositionalDecoderWithVehicleByPercentage;3289,76;Alpha1
N250;119;PositionalDecoderWithVehicleByPercentage;3492,75;Alpha1
N250;119;PositionalDecoderWithVehicleByPercentage;3773,31;Alpha1
N250;119;PositionalDecoderWithVehicleByPercentage;3704,54;Alpha1
N250;119;PositionalDecoderWithVehicleByPercentage;3438,76;Alpha1
N250;119;PositionalDecoderWithVehicleByPercentage;3901,04;Alpha1
N250;119;TimeDecoderWithVehicleByPercentage;3798,77;Alpha1
N250;119;TimeDecoderWithVehicleByPercentage;3496,16;Alpha1
N250;119;TimeDecoderWithVehicleByPercentage;3600,88;Alpha1
N250;119;TimeDecoderWithVehicleByPercentage;3558,31;Alpha1
N250;119;TimeDecoderWithVehicleByPercentage;3608,35;Alpha1
N250;119;TimeDecoderWithVehicleByPercentage;3713,68;Alpha1
N250;119;TimeDecoderWithVehicleByPercentage;3786,02;Alpha1
N250;119;TimeDecoderWithVehicleByPercentage;3358,33;Alpha1
N250;119;TimeDecoderWithVehicleByPercentage;3383,77;Alpha1
N250;119;TimeDecoderWithVehicleByPercentage;3754,56;Alpha1
N010;51;PositionalDecoderWithVehicleByPercentage;222,63;Alpha2
N010;51;PositionalDecoderWithVehicleByPercentage;222,63;Alpha2
N010;51;PositionalDecoderWithVehicleByPercentage;222,63;Alpha2
N010;51;PositionalDecoderWithVehicleByPercentage;204,23;Alpha2
N010;51;PositionalDecoderWithVehicleByPercentage;223,46;Alpha2
N010;51;TimeDecoderWithVehicleByPercentage;223,46;Alpha2
N010;51;TimeDecoderWithVehicleByPercentage;222,63;Alpha2
N010;51;TimeDecoderWithVehicleByPercentage;226,91;Alpha2
N010;51;TimeDecoderWithVehicleByPercentage;222,63;Alpha2
N010;51;TimeDecoderWithVehicleByPercentage;204,23;Alpha2
N010;56;PositionalDecoderWithVehicleByPercentage;171,29;Alpha2
N010;56;PositionalDecoderWithVehicleByPercentage;175,02;Alpha2
N010;56;PositionalDecoderWithVehicleByPercentage;171,29;Alpha2
N010;56;PositionalDecoderWithVehicleByPercentage;204,30;Alpha2
N010;56;PositionalDecoderWithVehicleByPercentage;171,29;Alpha2
N010;56;TimeDecoderWithVehicleByPercentage;171,29;Alpha2
N010;56;TimeDecoderWithVehicleByPercentage;171,29;Alpha2
N010;56;TimeDecoderWithVehicleByPercentage;171,29;Alpha2
N010;56;TimeDecoderWithVehicleByPercentage;171,29;Alpha2
N010;56;TimeDecoderWithVehicleByPercentage;171,29;Alpha2
N010;57;PositionalDecoderWithVehicleByPercentage;66,81;Alpha2
N010;57;PositionalDecoderWithVehicleByPercentage;66,81;Alpha2
N010;57;PositionalDecoderWithVehicleByPercentage;161,88;Alpha2
N010;57;PositionalDecoderWithVehicleByPercentage;66,81;Alpha2
N010;57;PositionalDecoderWithVehicleByPercentage;172,08;Alpha2
N010;57;TimeDecoderWithVehicleByPercentage;66,81;Alpha2
N010;57;TimeDecoderWithVehicleByPercentage;66,81;Alpha2
N010;57;TimeDecoderWithVehicleByPercentage;66,81;Alpha2
N010;57;TimeDecoderWithVehicleByPercentage;66,81;Alpha2
N010;57;TimeDecoderWithVehicleByPercentage;66,81;Alpha2
N010;59;PositionalDecoderWithVehicleByPercentage;115,86;Alpha2
N010;59;PositionalDecoderWithVehicleByPercentage;115,86;Alpha2
N010;59;PositionalDecoderWithVehicleByPercentage;115,86;Alpha2
N010;59;PositionalDecoderWithVehicleByPercentage;115,86;Alpha2
N010;59;PositionalDecoderWithVehicleByPercentage;115,86;Alpha2
N010;59;TimeDecoderWithVehicleByPercentage;115,86;Alpha2
N010;59;TimeDecoderWithVehicleByPercentage;115,86;Alpha2
N010;59;TimeDecoderWithVehicleByPercentage;115,86;Alpha2
N010;59;TimeDecoderWithVehicleByPercentage;115,86;Alpha2
N010;59;TimeDecoderWithVehicleByPercentage;115,86;Alpha2
N010;60;PositionalDecoderWithVehicleByPercentage;164,92;Alpha2
N010;60;PositionalDecoderWithVehicleByPercentage;164,92;Alpha2
N010;60;PositionalDecoderWithVehicleByPercentage;164,92;Alpha2
N010;60;PositionalDecoderWithVehicleByPercentage;216,73;Alpha2
N010;60;PositionalDecoderWithVehicleByPercentage;164,92;Alpha2
N010;60;TimeDecoderWithVehicleByPercentage;164,92;Alpha2
N010;60;TimeDecoderWithVehicleByPercentage;164,92;Alpha2
N010;60;TimeDecoderWithVehicleByPercentage;164,92;Alpha2
N010;60;TimeDecoderWithVehicleByPercentage;164,92;Alpha2
N010;60;TimeDecoderWithVehicleByPercentage;164,92;Alpha2
N010;52;PositionalDecoderWithVehicleByPercentage;124,95;Alpha2
N010;52;PositionalDecoderWithVehicleByPercentage;179,38;Alpha2
N010;52;PositionalDecoderWithVehicleByPercentage;142,21;Alpha2
N010;52;PositionalDecoderWithVehicleByPercentage;124,95;Alpha2
N010;52;PositionalDecoderWithVehicleByPercentage;124,95;Alpha2
N010;52;TimeDecoderWithVehicleByPercentage;179,38;Alpha2
N010;52;TimeDecoderWithVehicleByPercentage;179,38;Alpha2
N010;52;TimeDecoderWithVehicleByPercentage;142,21;Alpha2
N010;52;TimeDecoderWithVehicleByPercentage;124,95;Alpha2
N010;52;TimeDecoderWithVehicleByPercentage;142,21;Alpha2
N010;53;PositionalDecoderWithVehicleByPercentage;80,83;Alpha2
N010;53;PositionalDecoderWithVehicleByPercentage;80,83;Alpha2
N010;53;PositionalDecoderWithVehicleByPercentage;80,83;Alpha2
N010;53;PositionalDecoderWithVehicleByPercentage;80,83;Alpha2
N010;53;PositionalDecoderWithVehicleByPercentage;80,83;Alpha2
N010;53;TimeDecoderWithVehicleByPercentage;80,83;Alpha2
N010;53;TimeDecoderWithVehicleByPercentage;80,83;Alpha2
N010;53;TimeDecoderWithVehicleByPercentage;80,83;Alpha2
N010;53;TimeDecoderWithVehicleByPercentage;80,83;Alpha2
N010;53;TimeDecoderWithVehicleByPercentage;80,83;Alpha2
N010;54;PositionalDecoderWithVehicleByPercentage;136,31;Alpha2
N010;54;PositionalDecoderWithVehicleByPercentage;136,31;Alpha2
N010;54;PositionalDecoderWithVehicleByPercentage;136,31;Alpha2
N010;54;PositionalDecoderWithVehicleByPercentage;136,31;Alpha2
N010;54;PositionalDecoderWithVehicleByPercentage;136,31;Alpha2
N010;54;TimeDecoderWithVehicleByPercentage;136,31;Alpha2
N010;54;TimeDecoderWithVehicleByPercentage;136,31;Alpha2
N010;54;TimeDecoderWithVehicleByPercentage;136,31;Alpha2
N010;54;TimeDecoderWithVehicleByPercentage;136,31;Alpha2
N010;54;TimeDecoderWithVehicleByPercentage;136,31;Alpha2
N010;55;PositionalDecoderWithVehicleByPercentage;182,37;Alpha2
N010;55;PositionalDecoderWithVehicleByPercentage;240,85;Alpha2
N010;55;PositionalDecoderWithVehicleByPercentage;238,39;Alpha2
N010;55;PositionalDecoderWithVehicleByPercentage;236,23;Alpha2
N010;55;PositionalDecoderWithVehicleByPercentage;182,37;Alpha2
N010;55;TimeDecoderWithVehicleByPercentage;182,37;Alpha2
N010;55;TimeDecoderWithVehicleByPercentage;182,37;Alpha2
N010;55;TimeDecoderWithVehicleByPercentage;182,37;Alpha2
N010;55;TimeDecoderWithVehicleByPercentage;240,85;Alpha2
N010;55;TimeDecoderWithVehicleByPercentage;238,39;Alpha2
N010;58;PositionalDecoderWithVehicleByPercentage;184,33;Alpha2
N010;58;PositionalDecoderWithVehicleByPercentage;184,33;Alpha2
N010;58;PositionalDecoderWithVehicleByPercentage;163,35;Alpha2
N010;58;PositionalDecoderWithVehicleByPercentage;184,33;Alpha2
N010;58;PositionalDecoderWithVehicleByPercentage;184,33;Alpha2
N010;58;TimeDecoderWithVehicleByPercentage;184,33;Alpha2
N010;58;TimeDecoderWithVehicleByPercentage;188,34;Alpha2
N010;58;TimeDecoderWithVehicleByPercentage;163,35;Alpha2
N010;58;TimeDecoderWithVehicleByPercentage;163,35;Alpha2
N010;58;TimeDecoderWithVehicleByPercentage;184,33;Alpha2
N020;64;PositionalDecoderWithVehicleByPercentage;219,03;Alpha2
N020;64;PositionalDecoderWithVehicleByPercentage;192,43;Alpha2
N020;64;PositionalDecoderWithVehicleByPercentage;188,38;Alpha2
N020;64;PositionalDecoderWithVehicleByPercentage;230,32;Alpha2
N020;64;PositionalDecoderWithVehicleByPercentage;232,07;Alpha2
N020;64;TimeDecoderWithVehicleByPercentage;195,88;Alpha2
N020;64;TimeDecoderWithVehicleByPercentage;189,40;Alpha2
N020;64;TimeDecoderWithVehicleByPercentage;257,02;Alpha2
N020;64;TimeDecoderWithVehicleByPercentage;222,58;Alpha2
N020;64;TimeDecoderWithVehicleByPercentage;235,19;Alpha2
N020;66;PositionalDecoderWithVehicleByPercentage;269,55;Alpha2
N020;66;PositionalDecoderWithVehicleByPercentage;283,83;Alpha2
N020;66;PositionalDecoderWithVehicleByPercentage;294,44;Alpha2
N020;66;PositionalDecoderWithVehicleByPercentage;257,42;Alpha2
N020;66;PositionalDecoderWithVehicleByPercentage;264,83;Alpha2
N020;66;TimeDecoderWithVehicleByPercentage;263,52;Alpha2
N020;66;TimeDecoderWithVehicleByPercentage;323,38;Alpha2
N020;66;TimeDecoderWithVehicleByPercentage;318,50;Alpha2
N020;66;TimeDecoderWithVehicleByPercentage;317,89;Alpha2
N020;66;TimeDecoderWithVehicleByPercentage;260,76;Alpha2
N020;67;PositionalDecoderWithVehicleByPercentage;288,25;Alpha2
N020;67;PositionalDecoderWithVehicleByPercentage;312,21;Alpha2
N020;67;PositionalDecoderWithVehicleByPercentage;263,44;Alpha2
N020;67;PositionalDecoderWithVehicleByPercentage;338,88;Alpha2
N020;67;PositionalDecoderWithVehicleByPercentage;299,10;Alpha2
N020;67;TimeDecoderWithVehicleByPercentage;316,82;Alpha2
N020;67;TimeDecoderWithVehicleByPercentage;329,74;Alpha2
N020;67;TimeDecoderWithVehicleByPercentage;279,99;Alpha2
N020;67;TimeDecoderWithVehicleByPercentage;314,84;Alpha2
N020;67;TimeDecoderWithVehicleByPercentage;284,41;Alpha2
N020;69;PositionalDecoderWithVehicleByPercentage;264,52;Alpha2
N020;69;PositionalDecoderWithVehicleByPercentage;271,93;Alpha2
N020;69;PositionalDecoderWithVehicleByPercentage;291,85;Alpha2
N020;69;PositionalDecoderWithVehicleByPercentage;286,94;Alpha2
N020;69;PositionalDecoderWithVehicleByPercentage;261,89;Alpha2
N020;69;TimeDecoderWithVehicleByPercentage;276,85;Alpha2
N020;69;TimeDecoderWithVehicleByPercentage;267,70;Alpha2
N020;69;TimeDecoderWithVehicleByPercentage;259,51;Alpha2
N020;69;TimeDecoderWithVehicleByPercentage;235,94;Alpha2
N020;69;TimeDecoderWithVehicleByPercentage;280,92;Alpha2
N020;70;PositionalDecoderWithVehicleByPercentage;245,61;Alpha2
N020;70;PositionalDecoderWithVehicleByPercentage;227,86;Alpha2
N020;70;PositionalDecoderWithVehicleByPercentage;254,59;Alpha2
N020;70;PositionalDecoderWithVehicleByPercentage;297,10;Alpha2
N020;70;PositionalDecoderWithVehicleByPercentage;294,96;Alpha2
N020;70;TimeDecoderWithVehicleByPercentage;265,60;Alpha2
N020;70;TimeDecoderWithVehicleByPercentage;264,16;Alpha2
N020;70;TimeDecoderWithVehicleByPercentage;275,36;Alpha2
N020;70;TimeDecoderWithVehicleByPercentage;268,61;Alpha2
N020;70;TimeDecoderWithVehicleByPercentage;250,40;Alpha2
N020;61;PositionalDecoderWithVehicleByPercentage;203,33;Alpha2
N020;61;PositionalDecoderWithVehicleByPercentage;206,62;Alpha2
N020;61;PositionalDecoderWithVehicleByPercentage;225,76;Alpha2
N020;61;PositionalDecoderWithVehicleByPercentage;227,52;Alpha2
N020;61;PositionalDecoderWithVehicleByPercentage;182,41;Alpha2
N020;61;TimeDecoderWithVehicleByPercentage;210,38;Alpha2
N020;61;TimeDecoderWithVehicleByPercentage;191,13;Alpha2
N020;61;TimeDecoderWithVehicleByPercentage;248,71;Alpha2
N020;61;TimeDecoderWithVehicleByPercentage;257,87;Alpha2
N020;61;TimeDecoderWithVehicleByPercentage;181,19;Alpha2
N020;62;PositionalDecoderWithVehicleByPercentage;300,77;Alpha2
N020;62;PositionalDecoderWithVehicleByPercentage;269,68;Alpha2
N020;62;PositionalDecoderWithVehicleByPercentage;288,69;Alpha2
N020;62;PositionalDecoderWithVehicleByPercentage;275,67;Alpha2
N020;62;PositionalDecoderWithVehicleByPercentage;270,76;Alpha2
N020;62;TimeDecoderWithVehicleByPercentage;270,13;Alpha2
N020;62;TimeDecoderWithVehicleByPercentage;246,93;Alpha2
N020;62;TimeDecoderWithVehicleByPercentage;234,00;Alpha2
N020;62;TimeDecoderWithVehicleByPercentage;311,98;Alpha2
N020;62;TimeDecoderWithVehicleByPercentage;243,66;Alpha2
N020;63;PositionalDecoderWithVehicleByPercentage;296,84;Alpha2
N020;63;PositionalDecoderWithVehicleByPercentage;259,54;Alpha2
N020;63;PositionalDecoderWithVehicleByPercentage;287,25;Alpha2
N020;63;PositionalDecoderWithVehicleByPercentage;291,58;Alpha2
N020;63;PositionalDecoderWithVehicleByPercentage;293,90;Alpha2
N020;63;TimeDecoderWithVehicleByPercentage;286,37;Alpha2
N020;63;TimeDecoderWithVehicleByPercentage;279,02;Alpha2
N020;63;TimeDecoderWithVehicleByPercentage;270,74;Alpha2
N020;63;TimeDecoderWithVehicleByPercentage;269,75;Alpha2
N020;63;TimeDecoderWithVehicleByPercentage;272,23;Alpha2
N020;65;PositionalDecoderWithVehicleByPercentage;321,44;Alpha2
N020;65;PositionalDecoderWithVehicleByPercentage;320,97;Alpha2
N020;65;PositionalDecoderWithVehicleByPercentage;283,71;Alpha2
N020;65;PositionalDecoderWithVehicleByPercentage;301,83;Alpha2
N020;65;PositionalDecoderWithVehicleByPercentage;324,31;Alpha2
N020;65;TimeDecoderWithVehicleByPercentage;265,56;Alpha2
N020;65;TimeDecoderWithVehicleByPercentage;342,68;Alpha2
N020;65;TimeDecoderWithVehicleByPercentage;294,16;Alpha2
N020;65;TimeDecoderWithVehicleByPercentage;292,27;Alpha2
N020;65;TimeDecoderWithVehicleByPercentage;356,41;Alpha2
N020;68;PositionalDecoderWithVehicleByPercentage;300,83;Alpha2
N020;68;PositionalDecoderWithVehicleByPercentage;314,62;Alpha2
N020;68;PositionalDecoderWithVehicleByPercentage;288,66;Alpha2
N020;68;PositionalDecoderWithVehicleByPercentage;286,32;Alpha2
N020;68;PositionalDecoderWithVehicleByPercentage;315,34;Alpha2
N020;68;TimeDecoderWithVehicleByPercentage;332,99;Alpha2
N020;68;TimeDecoderWithVehicleByPercentage;289,63;Alpha2
N020;68;TimeDecoderWithVehicleByPercentage;351,22;Alpha2
N020;68;TimeDecoderWithVehicleByPercentage;315,21;Alpha2
N020;68;TimeDecoderWithVehicleByPercentage;324,22;Alpha2
N050;75;PositionalDecoderWithVehicleByPercentage;642,37;Alpha2
N050;75;PositionalDecoderWithVehicleByPercentage;713,90;Alpha2
N050;75;PositionalDecoderWithVehicleByPercentage;625,05;Alpha2
N050;75;PositionalDecoderWithVehicleByPercentage;684,17;Alpha2
N050;75;PositionalDecoderWithVehicleByPercentage;561,82;Alpha2
N050;75;TimeDecoderWithVehicleByPercentage;654,91;Alpha2
N050;75;TimeDecoderWithVehicleByPercentage;519,55;Alpha2
N050;75;TimeDecoderWithVehicleByPercentage;729,98;Alpha2
N050;75;TimeDecoderWithVehicleByPercentage;680,73;Alpha2
N050;75;TimeDecoderWithVehicleByPercentage;705,49;Alpha2
N050;76;PositionalDecoderWithVehicleByPercentage;585,65;Alpha2
N050;76;PositionalDecoderWithVehicleByPercentage;573,43;Alpha2
N050;76;PositionalDecoderWithVehicleByPercentage;615,95;Alpha2
N050;76;PositionalDecoderWithVehicleByPercentage;593,77;Alpha2
N050;76;PositionalDecoderWithVehicleByPercentage;602,41;Alpha2
N050;76;TimeDecoderWithVehicleByPercentage;609,91;Alpha2
N050;76;TimeDecoderWithVehicleByPercentage;685,24;Alpha2
N050;76;TimeDecoderWithVehicleByPercentage;773,36;Alpha2
N050;76;TimeDecoderWithVehicleByPercentage;587,49;Alpha2
N050;76;TimeDecoderWithVehicleByPercentage;716,16;Alpha2
N050;77;PositionalDecoderWithVehicleByPercentage;593,84;Alpha2
N050;77;PositionalDecoderWithVehicleByPercentage;661,88;Alpha2
N050;77;PositionalDecoderWithVehicleByPercentage;788,52;Alpha2
N050;77;PositionalDecoderWithVehicleByPercentage;660,96;Alpha2
N050;77;PositionalDecoderWithVehicleByPercentage;643,42;Alpha2
N050;77;TimeDecoderWithVehicleByPercentage;609,75;Alpha2
N050;77;TimeDecoderWithVehicleByPercentage;628,65;Alpha2
N050;77;TimeDecoderWithVehicleByPercentage;704,87;Alpha2
N050;77;TimeDecoderWithVehicleByPercentage;661,64;Alpha2
N050;77;TimeDecoderWithVehicleByPercentage;655,51;Alpha2
N050;80;PositionalDecoderWithVehicleByPercentage;587,80;Alpha2
N050;80;PositionalDecoderWithVehicleByPercentage;528,86;Alpha2
N050;80;PositionalDecoderWithVehicleByPercentage;644,82;Alpha2
N050;80;PositionalDecoderWithVehicleByPercentage;595,77;Alpha2
N050;80;PositionalDecoderWithVehicleByPercentage;516,10;Alpha2
N050;80;TimeDecoderWithVehicleByPercentage;466,54;Alpha2
N050;80;TimeDecoderWithVehicleByPercentage;587,72;Alpha2
N050;80;TimeDecoderWithVehicleByPercentage;511,16;Alpha2
N050;80;TimeDecoderWithVehicleByPercentage;750,19;Alpha2
N050;80;TimeDecoderWithVehicleByPercentage;607,89;Alpha2
N050;71;PositionalDecoderWithVehicleByPercentage;567,95;Alpha2
N050;71;PositionalDecoderWithVehicleByPercentage;614,10;Alpha2
N050;71;PositionalDecoderWithVehicleByPercentage;631,69;Alpha2
N050;71;PositionalDecoderWithVehicleByPercentage;723,84;Alpha2
N050;71;PositionalDecoderWithVehicleByPercentage;623,66;Alpha2
N050;71;TimeDecoderWithVehicleByPercentage;747,27;Alpha2
N050;71;TimeDecoderWithVehicleByPercentage;718,65;Alpha2
N050;71;TimeDecoderWithVehicleByPercentage;666,81;Alpha2
N050;71;TimeDecoderWithVehicleByPercentage;651,73;Alpha2
N050;71;TimeDecoderWithVehicleByPercentage;710,54;Alpha2
N050;72;PositionalDecoderWithVehicleByPercentage;796,52;Alpha2
N050;72;PositionalDecoderWithVehicleByPercentage;618,70;Alpha2
N050;72;PositionalDecoderWithVehicleByPercentage;604,53;Alpha2
N050;72;PositionalDecoderWithVehicleByPercentage;698,94;Alpha2
N050;72;PositionalDecoderWithVehicleByPercentage;586,18;Alpha2
N050;72;TimeDecoderWithVehicleByPercentage;692,65;Alpha2
N050;72;TimeDecoderWithVehicleByPercentage;754,29;Alpha2
N050;72;TimeDecoderWithVehicleByPercentage;688,52;Alpha2
N050;72;TimeDecoderWithVehicleByPercentage;643,14;Alpha2
N050;72;TimeDecoderWithVehicleByPercentage;742,58;Alpha2
N050;78;PositionalDecoderWithVehicleByPercentage;718,31;Alpha2
N050;78;PositionalDecoderWithVehicleByPercentage;725,64;Alpha2
N050;78;PositionalDecoderWithVehicleByPercentage;650,45;Alpha2
N050;78;PositionalDecoderWithVehicleByPercentage;853,27;Alpha2
N050;78;PositionalDecoderWithVehicleByPercentage;647,50;Alpha2
N050;78;TimeDecoderWithVehicleByPercentage;614,84;Alpha2
N050;78;TimeDecoderWithVehicleByPercentage;630,49;Alpha2
N050;78;TimeDecoderWithVehicleByPercentage;718,43;Alpha2
N050;78;TimeDecoderWithVehicleByPercentage;668,94;Alpha2
N050;78;TimeDecoderWithVehicleByPercentage;642,70;Alpha2
N050;79;PositionalDecoderWithVehicleByPercentage;537,92;Alpha2
N050;79;PositionalDecoderWithVehicleByPercentage;540,13;Alpha2
N050;79;PositionalDecoderWithVehicleByPercentage;457,14;Alpha2
N050;79;PositionalDecoderWithVehicleByPercentage;623,08;Alpha2
N050;79;PositionalDecoderWithVehicleByPercentage;636,43;Alpha2
N050;79;TimeDecoderWithVehicleByPercentage;692,22;Alpha2
N050;79;TimeDecoderWithVehicleByPercentage;616,99;Alpha2
N050;79;TimeDecoderWithVehicleByPercentage;593,39;Alpha2
N050;79;TimeDecoderWithVehicleByPercentage;540,87;Alpha2
N050;79;TimeDecoderWithVehicleByPercentage;705,26;Alpha2
N050;73;PositionalDecoderWithVehicleByPercentage;637,41;Alpha2
N050;73;PositionalDecoderWithVehicleByPercentage;818,38;Alpha2
N050;73;PositionalDecoderWithVehicleByPercentage;550,70;Alpha2
N050;73;PositionalDecoderWithVehicleByPercentage;698,54;Alpha2
N050;73;PositionalDecoderWithVehicleByPercentage;747,82;Alpha2
N050;73;TimeDecoderWithVehicleByPercentage;739,77;Alpha2
N050;73;TimeDecoderWithVehicleByPercentage;670,70;Alpha2
N050;73;TimeDecoderWithVehicleByPercentage;700,46;Alpha2
N050;73;TimeDecoderWithVehicleByPercentage;632,74;Alpha2
N050;73;TimeDecoderWithVehicleByPercentage;629,54;Alpha2
N050;74;PositionalDecoderWithVehicleByPercentage;638,95;Alpha2
N050;74;PositionalDecoderWithVehicleByPercentage;596,73;Alpha2
N050;74;PositionalDecoderWithVehicleByPercentage;604,82;Alpha2
N050;74;PositionalDecoderWithVehicleByPercentage;730,22;Alpha2
N050;74;PositionalDecoderWithVehicleByPercentage;611,68;Alpha2
N050;74;TimeDecoderWithVehicleByPercentage;766,74;Alpha2
N050;74;TimeDecoderWithVehicleByPercentage;579,11;Alpha2
N050;74;TimeDecoderWithVehicleByPercentage;652,88;Alpha2
N050;74;TimeDecoderWithVehicleByPercentage;670,05;Alpha2
N050;74;TimeDecoderWithVehicleByPercentage;631,42;Alpha2
N075;81;PositionalDecoderWithVehicleByPercentage;1002,03;Alpha2
N075;81;PositionalDecoderWithVehicleByPercentage;798,23;Alpha2
N075;81;PositionalDecoderWithVehicleByPercentage;987,55;Alpha2
N075;81;PositionalDecoderWithVehicleByPercentage;725,57;Alpha2
N075;81;PositionalDecoderWithVehicleByPercentage;1007,20;Alpha2
N075;81;TimeDecoderWithVehicleByPercentage;932,42;Alpha2
N075;81;TimeDecoderWithVehicleByPercentage;976,60;Alpha2
N075;81;TimeDecoderWithVehicleByPercentage;977,39;Alpha2
N075;81;TimeDecoderWithVehicleByPercentage;1033,02;Alpha2
N075;81;TimeDecoderWithVehicleByPercentage;909,26;Alpha2
N075;84;PositionalDecoderWithVehicleByPercentage;918,09;Alpha2
N075;84;PositionalDecoderWithVehicleByPercentage;1108,42;Alpha2
N075;84;PositionalDecoderWithVehicleByPercentage;973,49;Alpha2
N075;84;PositionalDecoderWithVehicleByPercentage;929,58;Alpha2
N075;84;PositionalDecoderWithVehicleByPercentage;1002,62;Alpha2
N075;84;TimeDecoderWithVehicleByPercentage;949,67;Alpha2
N075;84;TimeDecoderWithVehicleByPercentage;966,48;Alpha2
N075;84;TimeDecoderWithVehicleByPercentage;999,98;Alpha2
N075;84;TimeDecoderWithVehicleByPercentage;931,47;Alpha2
N075;84;TimeDecoderWithVehicleByPercentage;946,19;Alpha2
N075;85;PositionalDecoderWithVehicleByPercentage;1011,77;Alpha2
N075;85;PositionalDecoderWithVehicleByPercentage;1107,72;Alpha2
N075;85;PositionalDecoderWithVehicleByPercentage;957,41;Alpha2
N075;85;PositionalDecoderWithVehicleByPercentage;1095,42;Alpha2
N075;85;PositionalDecoderWithVehicleByPercentage;1072,08;Alpha2
N075;85;TimeDecoderWithVehicleByPercentage;987,57;Alpha2
N075;85;TimeDecoderWithVehicleByPercentage;1108,18;Alpha2
N075;85;TimeDecoderWithVehicleByPercentage;952,31;Alpha2
N075;85;TimeDecoderWithVehicleByPercentage;952,71;Alpha2
N075;85;TimeDecoderWithVehicleByPercentage;1055,79;Alpha2
N075;88;PositionalDecoderWithVehicleByPercentage;1077,97;Alpha2
N075;88;PositionalDecoderWithVehicleByPercentage;1062,64;Alpha2
N075;88;PositionalDecoderWithVehicleByPercentage;982,10;Alpha2
N075;88;PositionalDecoderWithVehicleByPercentage;995,18;Alpha2
N075;88;PositionalDecoderWithVehicleByPercentage;1097,13;Alpha2
N075;88;TimeDecoderWithVehicleByPercentage;979,16;Alpha2
N075;88;TimeDecoderWithVehicleByPercentage;931,04;Alpha2
N075;88;TimeDecoderWithVehicleByPercentage;967,29;Alpha2
N075;88;TimeDecoderWithVehicleByPercentage;1155,38;Alpha2
N075;88;TimeDecoderWithVehicleByPercentage;1076,83;Alpha2
N075;89;PositionalDecoderWithVehicleByPercentage;919,91;Alpha2
N075;89;PositionalDecoderWithVehicleByPercentage;882,67;Alpha2
N075;89;PositionalDecoderWithVehicleByPercentage;855,06;Alpha2
N075;89;PositionalDecoderWithVehicleByPercentage;853,95;Alpha2
N075;89;PositionalDecoderWithVehicleByPercentage;878,31;Alpha2
N075;89;TimeDecoderWithVehicleByPercentage;1062,85;Alpha2
N075;89;TimeDecoderWithVehicleByPercentage;1039,47;Alpha2
N075;89;TimeDecoderWithVehicleByPercentage;991,70;Alpha2
N075;89;TimeDecoderWithVehicleByPercentage;993,01;Alpha2
N075;89;TimeDecoderWithVehicleByPercentage;992,80;Alpha2
N075;90;PositionalDecoderWithVehicleByPercentage;1161,62;Alpha2
N075;90;PositionalDecoderWithVehicleByPercentage;1023,27;Alpha2
N075;90;PositionalDecoderWithVehicleByPercentage;864,04;Alpha2
N075;90;PositionalDecoderWithVehicleByPercentage;964,19;Alpha2
N075;90;PositionalDecoderWithVehicleByPercentage;955,96;Alpha2
N075;90;TimeDecoderWithVehicleByPercentage;990,48;Alpha2
N075;90;TimeDecoderWithVehicleByPercentage;972,23;Alpha2
N075;90;TimeDecoderWithVehicleByPercentage;1132,69;Alpha2
N075;90;TimeDecoderWithVehicleByPercentage;1055,91;Alpha2
N075;90;TimeDecoderWithVehicleByPercentage;953,07;Alpha2
N075;82;PositionalDecoderWithVehicleByPercentage;929,10;Alpha2
N075;82;PositionalDecoderWithVehicleByPercentage;975,45;Alpha2
N075;82;PositionalDecoderWithVehicleByPercentage;991,93;Alpha2
N075;82;PositionalDecoderWithVehicleByPercentage;1091,85;Alpha2
N075;82;PositionalDecoderWithVehicleByPercentage;907,77;Alpha2
N075;82;TimeDecoderWithVehicleByPercentage;1082,11;Alpha2
N075;82;TimeDecoderWithVehicleByPercentage;951,11;Alpha2
N075;82;TimeDecoderWithVehicleByPercentage;906,33;Alpha2
N075;82;TimeDecoderWithVehicleByPercentage;843,41;Alpha2
N075;82;TimeDecoderWithVehicleByPercentage;897,17;Alpha2
N075;83;PositionalDecoderWithVehicleByPercentage;929,33;Alpha2
N075;83;PositionalDecoderWithVehicleByPercentage;779,70;Alpha2
N075;83;PositionalDecoderWithVehicleByPercentage;900,26;Alpha2
N075;83;PositionalDecoderWithVehicleByPercentage;900,69;Alpha2
N075;83;PositionalDecoderWithVehicleByPercentage;944,88;Alpha2
N075;83;TimeDecoderWithVehicleByPercentage;932,79;Alpha2
N075;83;TimeDecoderWithVehicleByPercentage;839,73;Alpha2
N075;83;TimeDecoderWithVehicleByPercentage;876,43;Alpha2
N075;83;TimeDecoderWithVehicleByPercentage;954,21;Alpha2
N075;83;TimeDecoderWithVehicleByPercentage;994,02;Alpha2
N075;86;PositionalDecoderWithVehicleByPercentage;1045,37;Alpha2
N075;86;PositionalDecoderWithVehicleByPercentage;968,07;Alpha2
N075;86;PositionalDecoderWithVehicleByPercentage;1079,17;Alpha2
N075;86;PositionalDecoderWithVehicleByPercentage;973,15;Alpha2
N075;86;PositionalDecoderWithVehicleByPercentage;951,57;Alpha2
N075;86;TimeDecoderWithVehicleByPercentage;929,90;Alpha2
N075;86;TimeDecoderWithVehicleByPercentage;956,20;Alpha2
N075;86;TimeDecoderWithVehicleByPercentage;1109,11;Alpha2
N075;86;TimeDecoderWithVehicleByPercentage;947,17;Alpha2
N075;86;TimeDecoderWithVehicleByPercentage;1027,55;Alpha2
N075;87;PositionalDecoderWithVehicleByPercentage;791,97;Alpha2
N075;87;PositionalDecoderWithVehicleByPercentage;905,58;Alpha2
N075;87;PositionalDecoderWithVehicleByPercentage;867,93;Alpha2
N075;87;PositionalDecoderWithVehicleByPercentage;914,82;Alpha2
N075;87;PositionalDecoderWithVehicleByPercentage;1081,14;Alpha2
N075;87;TimeDecoderWithVehicleByPercentage;977,26;Alpha2
N075;87;TimeDecoderWithVehicleByPercentage;821,98;Alpha2
N075;87;TimeDecoderWithVehicleByPercentage;966,68;Alpha2
N075;87;TimeDecoderWithVehicleByPercentage;897,48;Alpha2
N075;87;TimeDecoderWithVehicleByPercentage;906,19;Alpha2
N100;91;PositionalDecoderWithVehicleByPercentage;1299,64;Alpha2
N100;91;PositionalDecoderWithVehicleByPercentage;1269,30;Alpha2
N100;91;PositionalDecoderWithVehicleByPercentage;1216,22;Alpha2
N100;91;PositionalDecoderWithVehicleByPercentage;1321,59;Alpha2
N100;91;PositionalDecoderWithVehicleByPercentage;1329,10;Alpha2
N100;91;TimeDecoderWithVehicleByPercentage;1427,97;Alpha2
N100;91;TimeDecoderWithVehicleByPercentage;1395,62;Alpha2
N100;91;TimeDecoderWithVehicleByPercentage;1286,12;Alpha2
N100;91;TimeDecoderWithVehicleByPercentage;1307,80;Alpha2
N100;91;TimeDecoderWithVehicleByPercentage;1326,34;Alpha2
N100;92;PositionalDecoderWithVehicleByPercentage;1557,97;Alpha2
N100;92;PositionalDecoderWithVehicleByPercentage;1409,94;Alpha2
N100;92;PositionalDecoderWithVehicleByPercentage;1143,22;Alpha2
N100;92;PositionalDecoderWithVehicleByPercentage;1169,23;Alpha2
N100;92;PositionalDecoderWithVehicleByPercentage;1357,76;Alpha2
N100;92;TimeDecoderWithVehicleByPercentage;1238,31;Alpha2
N100;92;TimeDecoderWithVehicleByPercentage;1288,48;Alpha2
N100;92;TimeDecoderWithVehicleByPercentage;1363,76;Alpha2
N100;92;TimeDecoderWithVehicleByPercentage;1234,55;Alpha2
N100;92;TimeDecoderWithVehicleByPercentage;1048,58;Alpha2
N100;94;PositionalDecoderWithVehicleByPercentage;1338,69;Alpha2
N100;94;PositionalDecoderWithVehicleByPercentage;1254,40;Alpha2
N100;94;PositionalDecoderWithVehicleByPercentage;1306,66;Alpha2
N100;94;PositionalDecoderWithVehicleByPercentage;1449,31;Alpha2
N100;94;PositionalDecoderWithVehicleByPercentage;1367,51;Alpha2
N100;94;TimeDecoderWithVehicleByPercentage;1438,83;Alpha2
N100;94;TimeDecoderWithVehicleByPercentage;1209,38;Alpha2
N100;94;TimeDecoderWithVehicleByPercentage;1261,38;Alpha2
N100;94;TimeDecoderWithVehicleByPercentage;1205,47;Alpha2
N100;94;TimeDecoderWithVehicleByPercentage;1352,60;Alpha2
N100;96;PositionalDecoderWithVehicleByPercentage;1525,57;Alpha2
N100;96;PositionalDecoderWithVehicleByPercentage;1229,53;Alpha2
N100;96;PositionalDecoderWithVehicleByPercentage;1345,76;Alpha2
N100;96;PositionalDecoderWithVehicleByPercentage;1509,45;Alpha2
N100;96;PositionalDecoderWithVehicleByPercentage;1256,13;Alpha2
N100;96;TimeDecoderWithVehicleByPercentage;1289,74;Alpha2
N100;96;TimeDecoderWithVehicleByPercentage;1538,36;Alpha2
N100;96;TimeDecoderWithVehicleByPercentage;1245,69;Alpha2
N100;96;TimeDecoderWithVehicleByPercentage;1478,42;Alpha2
N100;96;TimeDecoderWithVehicleByPercentage;1330,82;Alpha2
N100;97;PositionalDecoderWithVehicleByPercentage;1247,09;Alpha2
N100;97;PositionalDecoderWithVehicleByPercentage;1459,28;Alpha2
N100;97;PositionalDecoderWithVehicleByPercentage;1271,38;Alpha2
N100;97;PositionalDecoderWithVehicleByPercentage;1614,90;Alpha2
N100;97;PositionalDecoderWithVehicleByPercentage;1480,16;Alpha2
N100;97;TimeDecoderWithVehicleByPercentage;1308,60;Alpha2
N100;97;TimeDecoderWithVehicleByPercentage;1370,88;Alpha2
N100;97;TimeDecoderWithVehicleByPercentage;1369,11;Alpha2
N100;97;TimeDecoderWithVehicleByPercentage;1371,49;Alpha2
N100;97;TimeDecoderWithVehicleByPercentage;1330,46;Alpha2
N100;98;PositionalDecoderWithVehicleByPercentage;1305,01;Alpha2
N100;98;PositionalDecoderWithVehicleByPercentage;1274,56;Alpha2
N100;98;PositionalDecoderWithVehicleByPercentage;1204,43;Alpha2
N100;98;PositionalDecoderWithVehicleByPercentage;1298,08;Alpha2
N100;98;PositionalDecoderWithVehicleByPercentage;1299,90;Alpha2
N100;98;TimeDecoderWithVehicleByPercentage;1386,85;Alpha2
N100;98;TimeDecoderWithVehicleByPercentage;1171,40;Alpha2
N100;98;TimeDecoderWithVehicleByPercentage;1231,63;Alpha2
N100;98;TimeDecoderWithVehicleByPercentage;1356,68;Alpha2
N100;98;TimeDecoderWithVehicleByPercentage;1219,51;Alpha2
N100;100;PositionalDecoderWithVehicleByPercentage;1342,08;Alpha2
N100;100;PositionalDecoderWithVehicleByPercentage;1338,15;Alpha2
N100;100;PositionalDecoderWithVehicleByPercentage;1288,80;Alpha2
N100;100;PositionalDecoderWithVehicleByPercentage;1377,47;Alpha2
N100;100;PositionalDecoderWithVehicleByPercentage;1292,64;Alpha2
N100;100;TimeDecoderWithVehicleByPercentage;1298,60;Alpha2
N100;100;TimeDecoderWithVehicleByPercentage;1315,55;Alpha2
N100;100;TimeDecoderWithVehicleByPercentage;1480,13;Alpha2
N100;100;TimeDecoderWithVehicleByPercentage;1394,15;Alpha2
N100;100;TimeDecoderWithVehicleByPercentage;1472,89;Alpha2
N100;93;PositionalDecoderWithVehicleByPercentage;1258,94;Alpha2
N100;93;PositionalDecoderWithVehicleByPercentage;1294,25;Alpha2
N100;93;PositionalDecoderWithVehicleByPercentage;1391,18;Alpha2
N100;93;PositionalDecoderWithVehicleByPercentage;1342,21;Alpha2
N100;93;PositionalDecoderWithVehicleByPercentage;1224,75;Alpha2
N100;93;TimeDecoderWithVehicleByPercentage;1316,55;Alpha2
N100;93;TimeDecoderWithVehicleByPercentage;1150,43;Alpha2
N100;93;TimeDecoderWithVehicleByPercentage;1386,83;Alpha2
N100;93;TimeDecoderWithVehicleByPercentage;1168,68;Alpha2
N100;93;TimeDecoderWithVehicleByPercentage;1350,41;Alpha2
N100;95;PositionalDecoderWithVehicleByPercentage;1458,17;Alpha2
N100;95;PositionalDecoderWithVehicleByPercentage;1384,95;Alpha2
N100;95;PositionalDecoderWithVehicleByPercentage;1292,41;Alpha2
N100;95;PositionalDecoderWithVehicleByPercentage;1245,18;Alpha2
N100;95;PositionalDecoderWithVehicleByPercentage;1251,75;Alpha2
N100;95;TimeDecoderWithVehicleByPercentage;1333,53;Alpha2
N100;95;TimeDecoderWithVehicleByPercentage;1363,08;Alpha2
N100;95;TimeDecoderWithVehicleByPercentage;1208,75;Alpha2
N100;95;TimeDecoderWithVehicleByPercentage;1377,80;Alpha2
N100;95;TimeDecoderWithVehicleByPercentage;1361,71;Alpha2
N100;99;PositionalDecoderWithVehicleByPercentage;1471,44;Alpha2
N100;99;PositionalDecoderWithVehicleByPercentage;1526,16;Alpha2
N100;99;PositionalDecoderWithVehicleByPercentage;1338,68;Alpha2
N100;99;PositionalDecoderWithVehicleByPercentage;1261,37;Alpha2
N100;99;PositionalDecoderWithVehicleByPercentage;1512,66;Alpha2
N100;99;TimeDecoderWithVehicleByPercentage;1270,95;Alpha2
N100;99;TimeDecoderWithVehicleByPercentage;1404,59;Alpha2
N100;99;TimeDecoderWithVehicleByPercentage;1347,30;Alpha2
N100;99;TimeDecoderWithVehicleByPercentage;1339,38;Alpha2
N100;99;TimeDecoderWithVehicleByPercentage;1230,27;Alpha2
N175;101;PositionalDecoderWithVehicleByPercentage;2478,14;Alpha2
N175;101;PositionalDecoderWithVehicleByPercentage;2154,65;Alpha2
N175;101;PositionalDecoderWithVehicleByPercentage;2497,45;Alpha2
N175;101;PositionalDecoderWithVehicleByPercentage;2299,41;Alpha2
N175;101;PositionalDecoderWithVehicleByPercentage;2302,12;Alpha2
N175;101;TimeDecoderWithVehicleByPercentage;2528,80;Alpha2
N175;101;TimeDecoderWithVehicleByPercentage;2404,09;Alpha2
N175;101;TimeDecoderWithVehicleByPercentage;2280,24;Alpha2
N175;101;TimeDecoderWithVehicleByPercentage;2501,18;Alpha2
N175;101;TimeDecoderWithVehicleByPercentage;2392,57;Alpha2
N175;104;PositionalDecoderWithVehicleByPercentage;2652,55;Alpha2
N175;104;PositionalDecoderWithVehicleByPercentage;2411,21;Alpha2
N175;104;PositionalDecoderWithVehicleByPercentage;2058,16;Alpha2
N175;104;PositionalDecoderWithVehicleByPercentage;2229,13;Alpha2
N175;104;PositionalDecoderWithVehicleByPercentage;2555,49;Alpha2
N175;104;TimeDecoderWithVehicleByPercentage;2296,66;Alpha2
N175;104;TimeDecoderWithVehicleByPercentage;2438,57;Alpha2
N175;104;TimeDecoderWithVehicleByPercentage;2357,46;Alpha2
N175;104;TimeDecoderWithVehicleByPercentage;2332,53;Alpha2
N175;104;TimeDecoderWithVehicleByPercentage;2522,03;Alpha2
N175;105;PositionalDecoderWithVehicleByPercentage;2647,03;Alpha2
N175;105;PositionalDecoderWithVehicleByPercentage;2507,49;Alpha2
N175;105;PositionalDecoderWithVehicleByPercentage;2452,99;Alpha2
N175;105;PositionalDecoderWithVehicleByPercentage;2305,15;Alpha2
N175;105;PositionalDecoderWithVehicleByPercentage;2520,30;Alpha2
N175;105;TimeDecoderWithVehicleByPercentage;2407,16;Alpha2
N175;105;TimeDecoderWithVehicleByPercentage;2486,24;Alpha2
N175;105;TimeDecoderWithVehicleByPercentage;2436,11;Alpha2
N175;105;TimeDecoderWithVehicleByPercentage;2600,48;Alpha2
N175;105;TimeDecoderWithVehicleByPercentage;2612,46;Alpha2
N175;106;PositionalDecoderWithVehicleByPercentage;2363,58;Alpha2
N175;106;PositionalDecoderWithVehicleByPercentage;2507,93;Alpha2
N175;106;PositionalDecoderWithVehicleByPercentage;2279,51;Alpha2
N175;106;PositionalDecoderWithVehicleByPercentage;2710,07;Alpha2
N175;106;PositionalDecoderWithVehicleByPercentage;2481,79;Alpha2
N175;106;TimeDecoderWithVehicleByPercentage;2631,85;Alpha2
N175;106;TimeDecoderWithVehicleByPercentage;2193,65;Alpha2
N175;106;TimeDecoderWithVehicleByPercentage;2516,03;Alpha2
N175;106;TimeDecoderWithVehicleByPercentage;2555,24;Alpha2
N175;106;TimeDecoderWithVehicleByPercentage;2375,69;Alpha2
N175;108;PositionalDecoderWithVehicleByPercentage;2287,47;Alpha2
N175;108;PositionalDecoderWithVehicleByPercentage;2441,64;Alpha2
N175;108;PositionalDecoderWithVehicleByPercentage;2352,34;Alpha2
N175;108;PositionalDecoderWithVehicleByPercentage;2284,05;Alpha2
N175;108;PositionalDecoderWithVehicleByPercentage;2475,58;Alpha2
N175;108;TimeDecoderWithVehicleByPercentage;2637,42;Alpha2
N175;108;TimeDecoderWithVehicleByPercentage;2433,85;Alpha2
N175;108;TimeDecoderWithVehicleByPercentage;2275,60;Alpha2
N175;108;TimeDecoderWithVehicleByPercentage;2430,67;Alpha2
N175;108;TimeDecoderWithVehicleByPercentage;2125,22;Alpha2
N175;102;PositionalDecoderWithVehicleByPercentage;2079,91;Alpha2
N175;102;PositionalDecoderWithVehicleByPercentage;2201,92;Alpha2
N175;102;PositionalDecoderWithVehicleByPercentage;2214,47;Alpha2
N175;102;PositionalDecoderWithVehicleByPercentage;2273,77;Alpha2
N175;102;PositionalDecoderWithVehicleByPercentage;2447,09;Alpha2
N175;102;TimeDecoderWithVehicleByPercentage;2282,36;Alpha2
N175;102;TimeDecoderWithVehicleByPercentage;2306,94;Alpha2
N175;102;TimeDecoderWithVehicleByPercentage;2342,39;Alpha2
N175;102;TimeDecoderWithVehicleByPercentage;2769,89;Alpha2
N175;102;TimeDecoderWithVehicleByPercentage;2341,89;Alpha2
N175;103;PositionalDecoderWithVehicleByPercentage;2319,79;Alpha2
N175;103;PositionalDecoderWithVehicleByPercentage;2327,43;Alpha2
N175;103;PositionalDecoderWithVehicleByPercentage;2426,69;Alpha2
N175;103;PositionalDecoderWithVehicleByPercentage;2435,52;Alpha2
N175;103;PositionalDecoderWithVehicleByPercentage;2393,61;Alpha2
N175;103;TimeDecoderWithVehicleByPercentage;2383,36;Alpha2
N175;103;TimeDecoderWithVehicleByPercentage;2339,50;Alpha2
N175;103;TimeDecoderWithVehicleByPercentage;2329,40;Alpha2
N175;103;TimeDecoderWithVehicleByPercentage;2341,25;Alpha2
N175;103;TimeDecoderWithVehicleByPercentage;2360,65;Alpha2
N175;107;PositionalDecoderWithVehicleByPercentage;2388,18;Alpha2
N175;107;PositionalDecoderWithVehicleByPercentage;2352,72;Alpha2
N175;107;PositionalDecoderWithVehicleByPercentage;2547,32;Alpha2
N175;107;PositionalDecoderWithVehicleByPercentage;2605,59;Alpha2
N175;107;PositionalDecoderWithVehicleByPercentage;2588,87;Alpha2
N175;107;TimeDecoderWithVehicleByPercentage;2317,20;Alpha2
N175;107;TimeDecoderWithVehicleByPercentage;2493,54;Alpha2
N175;107;TimeDecoderWithVehicleByPercentage;2530,57;Alpha2
N175;107;TimeDecoderWithVehicleByPercentage;2480,64;Alpha2
N175;107;TimeDecoderWithVehicleByPercentage;2568,67;Alpha2
N175;109;PositionalDecoderWithVehicleByPercentage;2750,04;Alpha2
N175;109;PositionalDecoderWithVehicleByPercentage;2305,47;Alpha2
N175;109;PositionalDecoderWithVehicleByPercentage;2488,60;Alpha2
N175;109;PositionalDecoderWithVehicleByPercentage;2043,43;Alpha2
N175;109;PositionalDecoderWithVehicleByPercentage;2137,53;Alpha2
N175;109;TimeDecoderWithVehicleByPercentage;2331,20;Alpha2
N175;109;TimeDecoderWithVehicleByPercentage;2566,29;Alpha2
N175;109;TimeDecoderWithVehicleByPercentage;2733,15;Alpha2
N175;109;TimeDecoderWithVehicleByPercentage;2437,93;Alpha2
N175;109;TimeDecoderWithVehicleByPercentage;2269,78;Alpha2
N175;110;PositionalDecoderWithVehicleByPercentage;2298,90;Alpha2
N175;110;PositionalDecoderWithVehicleByPercentage;2289,57;Alpha2
N175;110;PositionalDecoderWithVehicleByPercentage;2449,14;Alpha2
N175;110;PositionalDecoderWithVehicleByPercentage;2295,99;Alpha2
N175;110;PositionalDecoderWithVehicleByPercentage;2569,83;Alpha2
N175;110;TimeDecoderWithVehicleByPercentage;2162,09;Alpha2
N175;110;TimeDecoderWithVehicleByPercentage;2265,48;Alpha2
N175;110;TimeDecoderWithVehicleByPercentage;2444,37;Alpha2
N175;110;TimeDecoderWithVehicleByPercentage;2290,19;Alpha2
N175;110;TimeDecoderWithVehicleByPercentage;2439,69;Alpha2
N250;7;PositionalDecoderWithVehicleByPercentage;3506,15;Alpha2
N250;7;PositionalDecoderWithVehicleByPercentage;3622,43;Alpha2
N250;7;PositionalDecoderWithVehicleByPercentage;3912,82;Alpha2
N250;7;PositionalDecoderWithVehicleByPercentage;3520,24;Alpha2
N250;7;PositionalDecoderWithVehicleByPercentage;3570,72;Alpha2
N250;7;TimeDecoderWithVehicleByPercentage;3867,13;Alpha2
N250;7;TimeDecoderWithVehicleByPercentage;3685,88;Alpha2
N250;7;TimeDecoderWithVehicleByPercentage;3538,46;Alpha2
N250;7;TimeDecoderWithVehicleByPercentage;3652,23;Alpha2
N250;7;TimeDecoderWithVehicleByPercentage;3470,99;Alpha2
N250;111;PositionalDecoderWithVehicleByPercentage;3317,58;Alpha2
N250;111;PositionalDecoderWithVehicleByPercentage;3723,82;Alpha2
N250;111;PositionalDecoderWithVehicleByPercentage;3400,81;Alpha2
N250;111;PositionalDecoderWithVehicleByPercentage;3415,87;Alpha2
N250;111;PositionalDecoderWithVehicleByPercentage;3912,95;Alpha2
N250;111;TimeDecoderWithVehicleByPercentage;3379,90;Alpha2
N250;111;TimeDecoderWithVehicleByPercentage;3250,44;Alpha2
N250;111;TimeDecoderWithVehicleByPercentage;3350,45;Alpha2
N250;111;TimeDecoderWithVehicleByPercentage;3822,57;Alpha2
N250;111;TimeDecoderWithVehicleByPercentage;3610,31;Alpha2
N250;115;PositionalDecoderWithVehicleByPercentage;3722,24;Alpha2
N250;115;PositionalDecoderWithVehicleByPercentage;3614,87;Alpha2
N250;115;PositionalDecoderWithVehicleByPercentage;3817,15;Alpha2
N250;115;PositionalDecoderWithVehicleByPercentage;3979,69;Alpha2
N250;115;PositionalDecoderWithVehicleByPercentage;3807,83;Alpha2
N250;115;TimeDecoderWithVehicleByPercentage;3383,31;Alpha2
N250;115;TimeDecoderWithVehicleByPercentage;3702,05;Alpha2
N250;115;TimeDecoderWithVehicleByPercentage;3807,77;Alpha2
N250;115;TimeDecoderWithVehicleByPercentage;3447,81;Alpha2
N250;115;TimeDecoderWithVehicleByPercentage;3420,31;Alpha2
N250;120;PositionalDecoderWithVehicleByPercentage;3467,16;Alpha2
N250;120;PositionalDecoderWithVehicleByPercentage;3662,97;Alpha2
N250;120;PositionalDecoderWithVehicleByPercentage;3323,20;Alpha2
N250;120;PositionalDecoderWithVehicleByPercentage;3543,93;Alpha2
N250;120;PositionalDecoderWithVehicleByPercentage;3326,81;Alpha2
N250;120;TimeDecoderWithVehicleByPercentage;3583,38;Alpha2
N250;120;TimeDecoderWithVehicleByPercentage;3376,33;Alpha2
N250;120;TimeDecoderWithVehicleByPercentage;3517,95;Alpha2
N250;120;TimeDecoderWithVehicleByPercentage;3611,55;Alpha2
N250;120;TimeDecoderWithVehicleByPercentage;3742,02;Alpha2
N250;3;PositionalDecoderWithVehicleByPercentage;3481,11;Alpha2
N250;3;PositionalDecoderWithVehicleByPercentage;3442,92;Alpha2
N250;3;PositionalDecoderWithVehicleByPercentage;3593,13;Alpha2
N250;3;PositionalDecoderWithVehicleByPercentage;3381,95;Alpha2
N250;3;PositionalDecoderWithVehicleByPercentage;3442,98;Alpha2
N250;3;TimeDecoderWithVehicleByPercentage;3765,00;Alpha2
N250;3;TimeDecoderWithVehicleByPercentage;3470,11;Alpha2
N250;3;TimeDecoderWithVehicleByPercentage;3597,52;Alpha2
N250;3;TimeDecoderWithVehicleByPercentage;3691,01;Alpha2
N250;3;TimeDecoderWithVehicleByPercentage;3334,11;Alpha2
N250;112;PositionalDecoderWithVehicleByPercentage;3270,42;Alpha2
N250;112;PositionalDecoderWithVehicleByPercentage;3653,79;Alpha2
N250;112;PositionalDecoderWithVehicleByPercentage;3303,45;Alpha2
N250;112;PositionalDecoderWithVehicleByPercentage;3604,75;Alpha2
N250;112;PositionalDecoderWithVehicleByPercentage;3614,61;Alpha2
N250;112;TimeDecoderWithVehicleByPercentage;3611,28;Alpha2
N250;112;TimeDecoderWithVehicleByPercentage;3505,29;Alpha2
N250;112;TimeDecoderWithVehicleByPercentage;3895,50;Alpha2
N250;112;TimeDecoderWithVehicleByPercentage;3434,01;Alpha2
N250;112;TimeDecoderWithVehicleByPercentage;3469,40;Alpha2
N250;119;PositionalDecoderWithVehicleByPercentage;3504,86;Alpha2
N250;119;PositionalDecoderWithVehicleByPercentage;3650,62;Alpha2
N250;119;PositionalDecoderWithVehicleByPercentage;3453,67;Alpha2
N250;119;PositionalDecoderWithVehicleByPercentage;3333,12;Alpha2
N250;119;PositionalDecoderWithVehicleByPercentage;3450,01;Alpha2
N250;119;TimeDecoderWithVehicleByPercentage;3516,55;Alpha2
N250;119;TimeDecoderWithVehicleByPercentage;3523,34;Alpha2
N250;119;TimeDecoderWithVehicleByPercentage;3807,02;Alpha2
N250;119;TimeDecoderWithVehicleByPercentage;3481,92;Alpha2
N250;119;TimeDecoderWithVehicleByPercentage;3924,82;Alpha2
N250;117;PositionalDecoderWithVehicleByPercentage;3840,48;Alpha2
N250;117;PositionalDecoderWithVehicleByPercentage;3436,21;Alpha2
N250;117;PositionalDecoderWithVehicleByPercentage;3575,58;Alpha2
N250;117;PositionalDecoderWithVehicleByPercentage;3343,65;Alpha2
N250;117;PositionalDecoderWithVehicleByPercentage;3407,55;Alpha2
N250;117;TimeDecoderWithVehicleByPercentage;3561,22;Alpha2
N250;117;TimeDecoderWithVehicleByPercentage;3546,63;Alpha2
N250;117;TimeDecoderWithVehicleByPercentage;3538,68;Alpha2
N250;117;TimeDecoderWithVehicleByPercentage;3855,59;Alpha2
N250;117;TimeDecoderWithVehicleByPercentage;3674,99;Alpha2
N250;118;PositionalDecoderWithVehicleByPercentage;3890,46;Alpha2
N250;118;PositionalDecoderWithVehicleByPercentage;3496,06;Alpha2
N250;118;PositionalDecoderWithVehicleByPercentage;3538,30;Alpha2
N250;118;PositionalDecoderWithVehicleByPercentage;3694,86;Alpha2
N250;118;PositionalDecoderWithVehicleByPercentage;3955,21;Alpha2
N250;118;TimeDecoderWithVehicleByPercentage;3732,65;Alpha2
N250;118;TimeDecoderWithVehicleByPercentage;3622,40;Alpha2
N250;118;TimeDecoderWithVehicleByPercentage;3487,41;Alpha2
N250;118;TimeDecoderWithVehicleByPercentage;3511,39;Alpha2
N250;118;TimeDecoderWithVehicleByPercentage;3480,22;Alpha2
N250;1;PositionalDecoderWithVehicleByPercentage;3654,94;Alpha2
N250;1;PositionalDecoderWithVehicleByPercentage;3957,15;Alpha2
N250;1;PositionalDecoderWithVehicleByPercentage;3687,40;Alpha2
N250;1;PositionalDecoderWithVehicleByPercentage;3405,01;Alpha2
N250;1;PositionalDecoderWithVehicleByPercentage;3410,88;Alpha2
N250;1;TimeDecoderWithVehicleByPercentage;3582,90;Alpha2
N250;1;TimeDecoderWithVehicleByPercentage;3379,58;Alpha2
N250;1;TimeDecoderWithVehicleByPercentage;3678,42;Alpha2
N250;1;TimeDecoderWithVehicleByPercentage;3456,35;Alpha2
N250;1;TimeDecoderWithVehicleByPercentage;3629,49;Alpha2
N250;4;PositionalDecoderWithVehicleByPercentage;3475,75;Alpha2
N250;4;PositionalDecoderWithVehicleByPercentage;3286,66;Alpha2
N250;4;PositionalDecoderWithVehicleByPercentage;3420,42;Alpha2
N250;4;PositionalDecoderWithVehicleByPercentage;3771,31;Alpha2
N250;4;PositionalDecoderWithVehicleByPercentage;3655,75;Alpha2
N250;4;TimeDecoderWithVehicleByPercentage;3956,20;Alpha2
N250;4;TimeDecoderWithVehicleByPercentage;3910,36;Alpha2
N250;4;TimeDecoderWithVehicleByPercentage;3306,34;Alpha2
N250;4;TimeDecoderWithVehicleByPercentage;3810,58;Alpha2
N250;4;TimeDecoderWithVehicleByPercentage;3747,01;Alpha2
N250;5;PositionalDecoderWithVehicleByPercentage;3493,96;Alpha2
N250;5;PositionalDecoderWithVehicleByPercentage;4028,98;Alpha2
N250;5;PositionalDecoderWithVehicleByPercentage;3607,71;Alpha2
N250;5;PositionalDecoderWithVehicleByPercentage;3416,84;Alpha2
N250;5;PositionalDecoderWithVehicleByPercentage;3409,23;Alpha2
N250;5;TimeDecoderWithVehicleByPercentage;3735,99;Alpha2
N250;5;TimeDecoderWithVehicleByPercentage;3371,47;Alpha2
N250;5;TimeDecoderWithVehicleByPercentage;3219,85;Alpha2
N250;5;TimeDecoderWithVehicleByPercentage;3542,17;Alpha2
N250;5;TimeDecoderWithVehicleByPercentage;3379,22;Alpha2
N250;8;PositionalDecoderWithVehicleByPercentage;3770,60;Alpha2
N250;8;PositionalDecoderWithVehicleByPercentage;3920,39;Alpha2
N250;8;PositionalDecoderWithVehicleByPercentage;3424,60;Alpha2
N250;8;PositionalDecoderWithVehicleByPercentage;3366,25;Alpha2
N250;8;PositionalDecoderWithVehicleByPercentage;3386,24;Alpha2
N250;8;TimeDecoderWithVehicleByPercentage;3320,43;Alpha2
N250;8;TimeDecoderWithVehicleByPercentage;3562,34;Alpha2
N250;8;TimeDecoderWithVehicleByPercentage;3712,34;Alpha2
N250;8;TimeDecoderWithVehicleByPercentage;3445,66;Alpha2
N250;8;TimeDecoderWithVehicleByPercentage;3427,86;Alpha2
N250;113;PositionalDecoderWithVehicleByPercentage;3629,03;Alpha2
N250;113;PositionalDecoderWithVehicleByPercentage;3893,66;Alpha2
N250;113;PositionalDecoderWithVehicleByPercentage;3628,41;Alpha2
N250;113;PositionalDecoderWithVehicleByPercentage;3590,24;Alpha2
N250;113;PositionalDecoderWithVehicleByPercentage;3724,75;Alpha2
N250;113;TimeDecoderWithVehicleByPercentage;3864,65;Alpha2
N250;113;TimeDecoderWithVehicleByPercentage;3764,71;Alpha2
N250;113;TimeDecoderWithVehicleByPercentage;3705,92;Alpha2
N250;113;TimeDecoderWithVehicleByPercentage;3478,33;Alpha2
N250;113;TimeDecoderWithVehicleByPercentage;4146,33;Alpha2
N250;116;PositionalDecoderWithVehicleByPercentage;3344,51;Alpha2
N250;116;PositionalDecoderWithVehicleByPercentage;3518,04;Alpha2
N250;116;PositionalDecoderWithVehicleByPercentage;3668,76;Alpha2
N250;116;PositionalDecoderWithVehicleByPercentage;3449,05;Alpha2
N250;116;PositionalDecoderWithVehicleByPercentage;3495,06;Alpha2
N250;116;TimeDecoderWithVehicleByPercentage;3222,25;Alpha2
N250;116;TimeDecoderWithVehicleByPercentage;3329,60;Alpha2
N250;116;TimeDecoderWithVehicleByPercentage;3718,97;Alpha2
N250;116;TimeDecoderWithVehicleByPercentage;3270,19;Alpha2
N250;116;TimeDecoderWithVehicleByPercentage;3420,12;Alpha2
N250;2;PositionalDecoderWithVehicleByPercentage;3791,23;Alpha2
N250;2;PositionalDecoderWithVehicleByPercentage;3598,08;Alpha2
N250;2;PositionalDecoderWithVehicleByPercentage;3390,56;Alpha2
N250;2;PositionalDecoderWithVehicleByPercentage;4486,90;Alpha2
N250;2;PositionalDecoderWithVehicleByPercentage;3485,67;Alpha2
N250;2;TimeDecoderWithVehicleByPercentage;3379,61;Alpha2
N250;2;TimeDecoderWithVehicleByPercentage;3572,92;Alpha2
N250;2;TimeDecoderWithVehicleByPercentage;3788,10;Alpha2
N250;2;TimeDecoderWithVehicleByPercentage;3819,88;Alpha2
N250;2;TimeDecoderWithVehicleByPercentage;3933,75;Alpha2
N250;6;PositionalDecoderWithVehicleByPercentage;3564,56;Alpha2
N250;6;PositionalDecoderWithVehicleByPercentage;3535,53;Alpha2
N250;6;PositionalDecoderWithVehicleByPercentage;3328,81;Alpha2
N250;6;PositionalDecoderWithVehicleByPercentage;3559,56;Alpha2
N250;6;PositionalDecoderWithVehicleByPercentage;3442,59;Alpha2
N250;6;TimeDecoderWithVehicleByPercentage;3562,45;Alpha2
N250;6;TimeDecoderWithVehicleByPercentage;3720,86;Alpha2
N250;6;TimeDecoderWithVehicleByPercentage;3335,00;Alpha2
N250;6;TimeDecoderWithVehicleByPercentage;3412,39;Alpha2
N250;6;TimeDecoderWithVehicleByPercentage;3480,12;Alpha2
N250;9;PositionalDecoderWithVehicleByPercentage;3539,78;Alpha2
N250;9;PositionalDecoderWithVehicleByPercentage;3849,62;Alpha2
N250;9;PositionalDecoderWithVehicleByPercentage;3835,59;Alpha2
N250;9;PositionalDecoderWithVehicleByPercentage;3641,98;Alpha2
N250;9;PositionalDecoderWithVehicleByPercentage;3838,35;Alpha2
N250;9;TimeDecoderWithVehicleByPercentage;3448,42;Alpha2
N250;9;TimeDecoderWithVehicleByPercentage;3916,79;Alpha2
N250;9;TimeDecoderWithVehicleByPercentage;3435,18;Alpha2
N250;9;TimeDecoderWithVehicleByPercentage;3376,70;Alpha2
N250;9;TimeDecoderWithVehicleByPercentage;3189,36;Alpha2
N250;10;PositionalDecoderWithVehicleByPercentage;3363,71;Alpha2
N250;10;PositionalDecoderWithVehicleByPercentage;3585,10;Alpha2
N250;10;PositionalDecoderWithVehicleByPercentage;3677,18;Alpha2
N250;10;PositionalDecoderWithVehicleByPercentage;3478,45;Alpha2
N250;10;PositionalDecoderWithVehicleByPercentage;3314,17;Alpha2
N250;10;TimeDecoderWithVehicleByPercentage;3773,13;Alpha2
N250;10;TimeDecoderWithVehicleByPercentage;3225,25;Alpha2
N250;10;TimeDecoderWithVehicleByPercentage;3347,11;Alpha2
N250;10;TimeDecoderWithVehicleByPercentage;3354,76;Alpha2
N250;10;TimeDecoderWithVehicleByPercentage;3631,94;Alpha2
N250;114;PositionalDecoderWithVehicleByPercentage;3937,22;Alpha2
N250;114;PositionalDecoderWithVehicleByPercentage;3582,82;Alpha2
N250;114;PositionalDecoderWithVehicleByPercentage;3752,09;Alpha2
N250;114;PositionalDecoderWithVehicleByPercentage;3309,20;Alpha2
N250;114;PositionalDecoderWithVehicleByPercentage;3302,87;Alpha2
N250;114;TimeDecoderWithVehicleByPercentage;3725,01;Alpha2
N250;114;TimeDecoderWithVehicleByPercentage;3738,00;Alpha2
N250;114;TimeDecoderWithVehicleByPercentage;3517,64;Alpha2
N250;114;TimeDecoderWithVehicleByPercentage;3409,71;Alpha2
N250;114;TimeDecoderWithVehicleByPercentage;3840,75;Alpha2
N010;51;PositionalDecoderWithVehicleByPercentage;223,46;Alpha3
N010;51;PositionalDecoderWithVehicleByPercentage;223,46;Alpha3
N010;51;PositionalDecoderWithVehicleByPercentage;223,46;Alpha3
N010;51;PositionalDecoderWithVehicleByPercentage;204,23;Alpha3
N010;51;PositionalDecoderWithVehicleByPercentage;231,33;Alpha3
N010;51;TimeDecoderWithVehicleByPercentage;204,23;Alpha3
N010;51;TimeDecoderWithVehicleByPercentage;204,23;Alpha3
N010;51;TimeDecoderWithVehicleByPercentage;231,33;Alpha3
N010;51;TimeDecoderWithVehicleByPercentage;204,23;Alpha3
N010;51;TimeDecoderWithVehicleByPercentage;204,23;Alpha3
N010;53;PositionalDecoderWithVehicleByPercentage;80,83;Alpha3
N010;53;PositionalDecoderWithVehicleByPercentage;80,83;Alpha3
N010;53;PositionalDecoderWithVehicleByPercentage;80,83;Alpha3
N010;53;PositionalDecoderWithVehicleByPercentage;80,83;Alpha3
N010;53;PositionalDecoderWithVehicleByPercentage;80,83;Alpha3
N010;53;TimeDecoderWithVehicleByPercentage;80,83;Alpha3
N010;53;TimeDecoderWithVehicleByPercentage;80,83;Alpha3
N010;53;TimeDecoderWithVehicleByPercentage;80,83;Alpha3
N010;53;TimeDecoderWithVehicleByPercentage;80,83;Alpha3
N010;53;TimeDecoderWithVehicleByPercentage;80,83;Alpha3
N010;56;PositionalDecoderWithVehicleByPercentage;215,52;Alpha3
N010;56;PositionalDecoderWithVehicleByPercentage;204,30;Alpha3
N010;56;PositionalDecoderWithVehicleByPercentage;204,30;Alpha3
N010;56;PositionalDecoderWithVehicleByPercentage;171,29;Alpha3
N010;56;PositionalDecoderWithVehicleByPercentage;171,29;Alpha3
N010;56;TimeDecoderWithVehicleByPercentage;175,02;Alpha3
N010;56;TimeDecoderWithVehicleByPercentage;175,02;Alpha3
N010;56;TimeDecoderWithVehicleByPercentage;175,02;Alpha3
N010;56;TimeDecoderWithVehicleByPercentage;171,29;Alpha3
N010;56;TimeDecoderWithVehicleByPercentage;171,29;Alpha3
N010;58;PositionalDecoderWithVehicleByPercentage;188,34;Alpha3
N010;58;PositionalDecoderWithVehicleByPercentage;184,33;Alpha3
N010;58;PositionalDecoderWithVehicleByPercentage;188,34;Alpha3
N010;58;PositionalDecoderWithVehicleByPercentage;184,33;Alpha3
N010;58;PositionalDecoderWithVehicleByPercentage;189,51;Alpha3
N010;58;TimeDecoderWithVehicleByPercentage;188,34;Alpha3
N010;58;TimeDecoderWithVehicleByPercentage;184,33;Alpha3
N010;58;TimeDecoderWithVehicleByPercentage;184,33;Alpha3
N010;58;TimeDecoderWithVehicleByPercentage;184,33;Alpha3
N010;58;TimeDecoderWithVehicleByPercentage;188,34;Alpha3
N010;59;PositionalDecoderWithVehicleByPercentage;115,86;Alpha3
N010;59;PositionalDecoderWithVehicleByPercentage;115,86;Alpha3
N010;59;PositionalDecoderWithVehicleByPercentage;115,86;Alpha3
N010;59;PositionalDecoderWithVehicleByPercentage;115,86;Alpha3
N010;59;PositionalDecoderWithVehicleByPercentage;115,86;Alpha3
N010;59;TimeDecoderWithVehicleByPercentage;115,86;Alpha3
N010;59;TimeDecoderWithVehicleByPercentage;115,86;Alpha3
N010;59;TimeDecoderWithVehicleByPercentage;115,86;Alpha3
N010;59;TimeDecoderWithVehicleByPercentage;115,86;Alpha3
N010;59;TimeDecoderWithVehicleByPercentage;115,86;Alpha3
N010;52;PositionalDecoderWithVehicleByPercentage;142,21;Alpha3
N010;52;PositionalDecoderWithVehicleByPercentage;179,38;Alpha3
N010;52;PositionalDecoderWithVehicleByPercentage;142,21;Alpha3
N010;52;PositionalDecoderWithVehicleByPercentage;124,95;Alpha3
N010;52;PositionalDecoderWithVehicleByPercentage;179,38;Alpha3
N010;52;TimeDecoderWithVehicleByPercentage;179,38;Alpha3
N010;52;TimeDecoderWithVehicleByPercentage;142,21;Alpha3
N010;52;TimeDecoderWithVehicleByPercentage;179,38;Alpha3
N010;52;TimeDecoderWithVehicleByPercentage;124,95;Alpha3
N010;52;TimeDecoderWithVehicleByPercentage;124,95;Alpha3
N010;54;PositionalDecoderWithVehicleByPercentage;136,31;Alpha3
N010;54;PositionalDecoderWithVehicleByPercentage;136,31;Alpha3
N010;54;PositionalDecoderWithVehicleByPercentage;136,31;Alpha3
N010;54;PositionalDecoderWithVehicleByPercentage;136,31;Alpha3
N010;54;PositionalDecoderWithVehicleByPercentage;136,31;Alpha3
N010;54;TimeDecoderWithVehicleByPercentage;139,16;Alpha3
N010;54;TimeDecoderWithVehicleByPercentage;136,31;Alpha3
N010;54;TimeDecoderWithVehicleByPercentage;136,31;Alpha3
N010;54;TimeDecoderWithVehicleByPercentage;179,56;Alpha3
N010;54;TimeDecoderWithVehicleByPercentage;136,31;Alpha3
N010;55;PositionalDecoderWithVehicleByPercentage;182,37;Alpha3
N010;55;PositionalDecoderWithVehicleByPercentage;182,37;Alpha3
N010;55;PositionalDecoderWithVehicleByPercentage;182,37;Alpha3
N010;55;PositionalDecoderWithVehicleByPercentage;236,23;Alpha3
N010;55;PositionalDecoderWithVehicleByPercentage;182,37;Alpha3
N010;55;TimeDecoderWithVehicleByPercentage;183,11;Alpha3
N010;55;TimeDecoderWithVehicleByPercentage;182,37;Alpha3
N010;55;TimeDecoderWithVehicleByPercentage;182,37;Alpha3
N010;55;TimeDecoderWithVehicleByPercentage;182,37;Alpha3
N010;55;TimeDecoderWithVehicleByPercentage;238,39;Alpha3
N010;57;PositionalDecoderWithVehicleByPercentage;66,81;Alpha3
N010;57;PositionalDecoderWithVehicleByPercentage;66,81;Alpha3
N010;57;PositionalDecoderWithVehicleByPercentage;66,81;Alpha3
N010;57;PositionalDecoderWithVehicleByPercentage;66,81;Alpha3
N010;57;PositionalDecoderWithVehicleByPercentage;66,81;Alpha3
N010;57;TimeDecoderWithVehicleByPercentage;66,81;Alpha3
N010;57;TimeDecoderWithVehicleByPercentage;66,81;Alpha3
N010;57;TimeDecoderWithVehicleByPercentage;66,81;Alpha3
N010;57;TimeDecoderWithVehicleByPercentage;66,81;Alpha3
N010;57;TimeDecoderWithVehicleByPercentage;66,81;Alpha3
N010;60;PositionalDecoderWithVehicleByPercentage;164,92;Alpha3
N010;60;PositionalDecoderWithVehicleByPercentage;164,92;Alpha3
N010;60;PositionalDecoderWithVehicleByPercentage;164,92;Alpha3
N010;60;PositionalDecoderWithVehicleByPercentage;164,92;Alpha3
N010;60;PositionalDecoderWithVehicleByPercentage;222,76;Alpha3
N010;60;TimeDecoderWithVehicleByPercentage;164,92;Alpha3
N010;60;TimeDecoderWithVehicleByPercentage;164,92;Alpha3
N010;60;TimeDecoderWithVehicleByPercentage;164,92;Alpha3
N010;60;TimeDecoderWithVehicleByPercentage;164,92;Alpha3
N010;60;TimeDecoderWithVehicleByPercentage;164,92;Alpha3
N020;61;PositionalDecoderWithVehicleByPercentage;252,53;Alpha3
N020;61;PositionalDecoderWithVehicleByPercentage;205,17;Alpha3
N020;61;PositionalDecoderWithVehicleByPercentage;179,81;Alpha3
N020;61;PositionalDecoderWithVehicleByPercentage;225,76;Alpha3
N020;61;PositionalDecoderWithVehicleByPercentage;251,01;Alpha3
N020;61;TimeDecoderWithVehicleByPercentage;194,29;Alpha3
N020;61;TimeDecoderWithVehicleByPercentage;217,54;Alpha3
N020;61;TimeDecoderWithVehicleByPercentage;239,81;Alpha3
N020;61;TimeDecoderWithVehicleByPercentage;249,06;Alpha3
N020;61;TimeDecoderWithVehicleByPercentage;220,74;Alpha3
N020;64;PositionalDecoderWithVehicleByPercentage;231,91;Alpha3
N020;64;PositionalDecoderWithVehicleByPercentage;257,80;Alpha3
N020;64;PositionalDecoderWithVehicleByPercentage;226,84;Alpha3
N020;64;PositionalDecoderWithVehicleByPercentage;201,44;Alpha3
N020;64;PositionalDecoderWithVehicleByPercentage;227,13;Alpha3
N020;64;TimeDecoderWithVehicleByPercentage;232,41;Alpha3
N020;64;TimeDecoderWithVehicleByPercentage;230,86;Alpha3
N020;64;TimeDecoderWithVehicleByPercentage;256,24;Alpha3
N020;64;TimeDecoderWithVehicleByPercentage;243,13;Alpha3
N020;64;TimeDecoderWithVehicleByPercentage;274,14;Alpha3
N020;67;PositionalDecoderWithVehicleByPercentage;255,20;Alpha3
N020;67;PositionalDecoderWithVehicleByPercentage;282,33;Alpha3
N020;67;PositionalDecoderWithVehicleByPercentage;222,41;Alpha3
N020;67;PositionalDecoderWithVehicleByPercentage;266,50;Alpha3
N020;67;PositionalDecoderWithVehicleByPercentage;264,89;Alpha3
N020;67;TimeDecoderWithVehicleByPercentage;269,48;Alpha3
N020;67;TimeDecoderWithVehicleByPercentage;295,34;Alpha3
N020;67;TimeDecoderWithVehicleByPercentage;287,85;Alpha3
N020;67;TimeDecoderWithVehicleByPercentage;254,20;Alpha3
N020;67;TimeDecoderWithVehicleByPercentage;318,12;Alpha3
N020;69;PositionalDecoderWithVehicleByPercentage;245,63;Alpha3
N020;69;PositionalDecoderWithVehicleByPercentage;233,19;Alpha3
N020;69;PositionalDecoderWithVehicleByPercentage;243,68;Alpha3
N020;69;PositionalDecoderWithVehicleByPercentage;238,86;Alpha3
N020;69;PositionalDecoderWithVehicleByPercentage;282,41;Alpha3
N020;69;TimeDecoderWithVehicleByPercentage;287,70;Alpha3
N020;69;TimeDecoderWithVehicleByPercentage;244,08;Alpha3
N020;69;TimeDecoderWithVehicleByPercentage;242,83;Alpha3
N020;69;TimeDecoderWithVehicleByPercentage;270,84;Alpha3
N020;69;TimeDecoderWithVehicleByPercentage;243,43;Alpha3
N020;70;PositionalDecoderWithVehicleByPercentage;286,83;Alpha3
N020;70;PositionalDecoderWithVehicleByPercentage;259,40;Alpha3
N020;70;PositionalDecoderWithVehicleByPercentage;252,49;Alpha3
N020;70;PositionalDecoderWithVehicleByPercentage;334,98;Alpha3
N020;70;PositionalDecoderWithVehicleByPercentage;288,33;Alpha3
N020;70;TimeDecoderWithVehicleByPercentage;271,11;Alpha3
N020;70;TimeDecoderWithVehicleByPercentage;258,42;Alpha3
N020;70;TimeDecoderWithVehicleByPercentage;272,69;Alpha3
N020;70;TimeDecoderWithVehicleByPercentage;288,89;Alpha3
N020;70;TimeDecoderWithVehicleByPercentage;261,24;Alpha3
N020;62;PositionalDecoderWithVehicleByPercentage;257,53;Alpha3
N020;62;PositionalDecoderWithVehicleByPercentage;214,49;Alpha3
N020;62;PositionalDecoderWithVehicleByPercentage;272,44;Alpha3
N020;62;PositionalDecoderWithVehicleByPercentage;255,26;Alpha3
N020;62;PositionalDecoderWithVehicleByPercentage;260,86;Alpha3
N020;62;TimeDecoderWithVehicleByPercentage;258,49;Alpha3
N020;62;TimeDecoderWithVehicleByPercentage;292,95;Alpha3
N020;62;TimeDecoderWithVehicleByPercentage;250,90;Alpha3
N020;62;TimeDecoderWithVehicleByPercentage;286,68;Alpha3
N020;62;TimeDecoderWithVehicleByPercentage;263,81;Alpha3
N020;63;PositionalDecoderWithVehicleByPercentage;277,20;Alpha3
N020;63;PositionalDecoderWithVehicleByPercentage;272,35;Alpha3
N020;63;PositionalDecoderWithVehicleByPercentage;314,12;Alpha3
N020;63;PositionalDecoderWithVehicleByPercentage;262,37;Alpha3
N020;63;PositionalDecoderWithVehicleByPercentage;327,86;Alpha3
N020;63;TimeDecoderWithVehicleByPercentage;270,54;Alpha3
N020;63;TimeDecoderWithVehicleByPercentage;237,37;Alpha3
N020;63;TimeDecoderWithVehicleByPercentage;261,30;Alpha3
N020;63;TimeDecoderWithVehicleByPercentage;280,61;Alpha3
N020;63;TimeDecoderWithVehicleByPercentage;267,48;Alpha3
N020;65;PositionalDecoderWithVehicleByPercentage;301,88;Alpha3
N020;65;PositionalDecoderWithVehicleByPercentage;291,69;Alpha3
N020;65;PositionalDecoderWithVehicleByPercentage;289,84;Alpha3
N020;65;PositionalDecoderWithVehicleByPercentage;325,06;Alpha3
N020;65;PositionalDecoderWithVehicleByPercentage;296,29;Alpha3
N020;65;TimeDecoderWithVehicleByPercentage;353,23;Alpha3
N020;65;TimeDecoderWithVehicleByPercentage;311,24;Alpha3
N020;65;TimeDecoderWithVehicleByPercentage;296,64;Alpha3
N020;65;TimeDecoderWithVehicleByPercentage;349,71;Alpha3
N020;65;TimeDecoderWithVehicleByPercentage;280,58;Alpha3
N020;66;PositionalDecoderWithVehicleByPercentage;281,91;Alpha3
N020;66;PositionalDecoderWithVehicleByPercentage;299,24;Alpha3
N020;66;PositionalDecoderWithVehicleByPercentage;257,75;Alpha3
N020;66;PositionalDecoderWithVehicleByPercentage;306,32;Alpha3
N020;66;PositionalDecoderWithVehicleByPercentage;288,28;Alpha3
N020;66;TimeDecoderWithVehicleByPercentage;271,54;Alpha3
N020;66;TimeDecoderWithVehicleByPercentage;269,29;Alpha3
N020;66;TimeDecoderWithVehicleByPercentage;250,69;Alpha3
N020;66;TimeDecoderWithVehicleByPercentage;298,04;Alpha3
N020;66;TimeDecoderWithVehicleByPercentage;285,72;Alpha3
N020;68;PositionalDecoderWithVehicleByPercentage;368,30;Alpha3
N020;68;PositionalDecoderWithVehicleByPercentage;268,94;Alpha3
N020;68;PositionalDecoderWithVehicleByPercentage;321,79;Alpha3
N020;68;PositionalDecoderWithVehicleByPercentage;275,72;Alpha3
N020;68;PositionalDecoderWithVehicleByPercentage;343,53;Alpha3
N020;68;TimeDecoderWithVehicleByPercentage;295,21;Alpha3
N020;68;TimeDecoderWithVehicleByPercentage;314,18;Alpha3
N020;68;TimeDecoderWithVehicleByPercentage;295,35;Alpha3
N020;68;TimeDecoderWithVehicleByPercentage;327,76;Alpha3
N020;68;TimeDecoderWithVehicleByPercentage;276,92;Alpha3
N050;72;PositionalDecoderWithVehicleByPercentage;615,38;Alpha3
N050;72;PositionalDecoderWithVehicleByPercentage;681,57;Alpha3
N050;72;PositionalDecoderWithVehicleByPercentage;635,13;Alpha3
N050;72;PositionalDecoderWithVehicleByPercentage;650,94;Alpha3
N050;72;PositionalDecoderWithVehicleByPercentage;667,96;Alpha3
N050;72;TimeDecoderWithVehicleByPercentage;657,05;Alpha3
N050;72;TimeDecoderWithVehicleByPercentage;739,43;Alpha3
N050;72;TimeDecoderWithVehicleByPercentage;672,77;Alpha3
N050;72;TimeDecoderWithVehicleByPercentage;642,77;Alpha3
N050;72;TimeDecoderWithVehicleByPercentage;712,59;Alpha3
N050;73;PositionalDecoderWithVehicleByPercentage;658,62;Alpha3
N050;73;PositionalDecoderWithVehicleByPercentage;624,26;Alpha3
N050;73;PositionalDecoderWithVehicleByPercentage;679,87;Alpha3
N050;73;PositionalDecoderWithVehicleByPercentage;555,94;Alpha3
N050;73;PositionalDecoderWithVehicleByPercentage;626,25;Alpha3
N050;73;TimeDecoderWithVehicleByPercentage;656,24;Alpha3
N050;73;TimeDecoderWithVehicleByPercentage;695,34;Alpha3
N050;73;TimeDecoderWithVehicleByPercentage;659,86;Alpha3
N050;73;TimeDecoderWithVehicleByPercentage;722,81;Alpha3
N050;73;TimeDecoderWithVehicleByPercentage;620,23;Alpha3
N050;78;PositionalDecoderWithVehicleByPercentage;747,79;Alpha3
N050;78;PositionalDecoderWithVehicleByPercentage;737,64;Alpha3
N050;78;PositionalDecoderWithVehicleByPercentage;679,98;Alpha3
N050;78;PositionalDecoderWithVehicleByPercentage;701,33;Alpha3
N050;78;PositionalDecoderWithVehicleByPercentage;623,51;Alpha3
N050;78;TimeDecoderWithVehicleByPercentage;601,84;Alpha3
N050;78;TimeDecoderWithVehicleByPercentage;713,62;Alpha3
N050;78;TimeDecoderWithVehicleByPercentage;841,43;Alpha3
N050;78;TimeDecoderWithVehicleByPercentage;652,52;Alpha3
N050;78;TimeDecoderWithVehicleByPercentage;678,35;Alpha3
N050;79;PositionalDecoderWithVehicleByPercentage;693,81;Alpha3
N050;79;PositionalDecoderWithVehicleByPercentage;571,34;Alpha3
N050;79;PositionalDecoderWithVehicleByPercentage;556,87;Alpha3
N050;79;PositionalDecoderWithVehicleByPercentage;673,70;Alpha3
N050;79;PositionalDecoderWithVehicleByPercentage;547,30;Alpha3
N050;79;TimeDecoderWithVehicleByPercentage;544,16;Alpha3
N050;79;TimeDecoderWithVehicleByPercentage;524,62;Alpha3
N050;79;TimeDecoderWithVehicleByPercentage;668,53;Alpha3
N050;79;TimeDecoderWithVehicleByPercentage;609,36;Alpha3
N050;79;TimeDecoderWithVehicleByPercentage;575,94;Alpha3
N050;77;PositionalDecoderWithVehicleByPercentage;575,24;Alpha3
N050;77;PositionalDecoderWithVehicleByPercentage;727,70;Alpha3
N050;77;PositionalDecoderWithVehicleByPercentage;740,07;Alpha3
N050;77;PositionalDecoderWithVehicleByPercentage;585,69;Alpha3
N050;77;PositionalDecoderWithVehicleByPercentage;694,55;Alpha3
N050;77;TimeDecoderWithVehicleByPercentage;715,18;Alpha3
N050;77;TimeDecoderWithVehicleByPercentage;603,78;Alpha3
N050;77;TimeDecoderWithVehicleByPercentage;742,32;Alpha3
N050;77;TimeDecoderWithVehicleByPercentage;775,35;Alpha3
N050;77;TimeDecoderWithVehicleByPercentage;682,09;Alpha3
N050;80;PositionalDecoderWithVehicleByPercentage;576,44;Alpha3
N050;80;PositionalDecoderWithVehicleByPercentage;676,64;Alpha3
N050;80;PositionalDecoderWithVehicleByPercentage;628,81;Alpha3
N050;80;PositionalDecoderWithVehicleByPercentage;564,29;Alpha3
N050;80;PositionalDecoderWithVehicleByPercentage;606,49;Alpha3
N050;80;TimeDecoderWithVehicleByPercentage;598,05;Alpha3
N050;80;TimeDecoderWithVehicleByPercentage;589,17;Alpha3
N050;80;TimeDecoderWithVehicleByPercentage;560,89;Alpha3
N050;80;TimeDecoderWithVehicleByPercentage;706,52;Alpha3
N050;80;TimeDecoderWithVehicleByPercentage;590,49;Alpha3
N050;71;PositionalDecoderWithVehicleByPercentage;560,44;Alpha3
N050;71;PositionalDecoderWithVehicleByPercentage;687,36;Alpha3
N050;71;PositionalDecoderWithVehicleByPercentage;658,60;Alpha3
N050;71;PositionalDecoderWithVehicleByPercentage;659,29;Alpha3
N050;71;PositionalDecoderWithVehicleByPercentage;624,71;Alpha3
N050;71;TimeDecoderWithVehicleByPercentage;655,02;Alpha3
N050;71;TimeDecoderWithVehicleByPercentage;657,74;Alpha3
N050;71;TimeDecoderWithVehicleByPercentage;666,79;Alpha3
N050;71;TimeDecoderWithVehicleByPercentage;585,94;Alpha3
N050;71;TimeDecoderWithVehicleByPercentage;663,36;Alpha3
N050;74;PositionalDecoderWithVehicleByPercentage;644,94;Alpha3
N050;74;PositionalDecoderWithVehicleByPercentage;616,49;Alpha3
N050;74;PositionalDecoderWithVehicleByPercentage;628,49;Alpha3
N050;74;PositionalDecoderWithVehicleByPercentage;619,43;Alpha3
N050;74;PositionalDecoderWithVehicleByPercentage;714,76;Alpha3
N050;74;TimeDecoderWithVehicleByPercentage;609,83;Alpha3
N050;74;TimeDecoderWithVehicleByPercentage;757,74;Alpha3
N050;74;TimeDecoderWithVehicleByPercentage;678,84;Alpha3
N050;74;TimeDecoderWithVehicleByPercentage;625,73;Alpha3
N050;74;TimeDecoderWithVehicleByPercentage;684,73;Alpha3
N050;75;PositionalDecoderWithVehicleByPercentage;760,91;Alpha3
N050;75;PositionalDecoderWithVehicleByPercentage;744,30;Alpha3
N050;75;PositionalDecoderWithVehicleByPercentage;646,63;Alpha3
N050;75;PositionalDecoderWithVehicleByPercentage;658,62;Alpha3
N050;75;PositionalDecoderWithVehicleByPercentage;665,51;Alpha3
N050;75;TimeDecoderWithVehicleByPercentage;627,93;Alpha3
N050;75;TimeDecoderWithVehicleByPercentage;782,42;Alpha3
N050;75;TimeDecoderWithVehicleByPercentage;683,64;Alpha3
N050;75;TimeDecoderWithVehicleByPercentage;604,35;Alpha3
N050;75;TimeDecoderWithVehicleByPercentage;673,31;Alpha3
N050;76;PositionalDecoderWithVehicleByPercentage;787,42;Alpha3
N050;76;PositionalDecoderWithVehicleByPercentage;721,09;Alpha3
N050;76;PositionalDecoderWithVehicleByPercentage;612,24;Alpha3
N050;76;PositionalDecoderWithVehicleByPercentage;501,62;Alpha3
N050;76;PositionalDecoderWithVehicleByPercentage;642,83;Alpha3
N050;76;TimeDecoderWithVehicleByPercentage;652,28;Alpha3
N050;76;TimeDecoderWithVehicleByPercentage;650,21;Alpha3
N050;76;TimeDecoderWithVehicleByPercentage;642,78;Alpha3
N050;76;TimeDecoderWithVehicleByPercentage;576,94;Alpha3
N050;76;TimeDecoderWithVehicleByPercentage;650,17;Alpha3
N075;83;PositionalDecoderWithVehicleByPercentage;900,05;Alpha3
N075;83;PositionalDecoderWithVehicleByPercentage;1003,48;Alpha3
N075;83;PositionalDecoderWithVehicleByPercentage;879,54;Alpha3
N075;83;PositionalDecoderWithVehicleByPercentage;907,35;Alpha3
N075;83;PositionalDecoderWithVehicleByPercentage;862,52;Alpha3
N075;83;TimeDecoderWithVehicleByPercentage;985,34;Alpha3
N075;83;TimeDecoderWithVehicleByPercentage;956,07;Alpha3
N075;83;TimeDecoderWithVehicleByPercentage;857,28;Alpha3
N075;83;TimeDecoderWithVehicleByPercentage;1050,27;Alpha3
N075;83;TimeDecoderWithVehicleByPercentage;990,13;Alpha3
N075;84;PositionalDecoderWithVehicleByPercentage;858,39;Alpha3
N075;84;PositionalDecoderWithVehicleByPercentage;906,10;Alpha3
N075;84;PositionalDecoderWithVehicleByPercentage;1031,14;Alpha3
N075;84;PositionalDecoderWithVehicleByPercentage;1076,04;Alpha3
N075;84;PositionalDecoderWithVehicleByPercentage;881,18;Alpha3
N075;84;TimeDecoderWithVehicleByPercentage;1002,44;Alpha3
N075;84;TimeDecoderWithVehicleByPercentage;1025,90;Alpha3
N075;84;TimeDecoderWithVehicleByPercentage;866,77;Alpha3
N075;84;TimeDecoderWithVehicleByPercentage;877,99;Alpha3
N075;84;TimeDecoderWithVehicleByPercentage;919,90;Alpha3
N075;86;PositionalDecoderWithVehicleByPercentage;1159,74;Alpha3
N075;86;PositionalDecoderWithVehicleByPercentage;964,46;Alpha3
N075;86;PositionalDecoderWithVehicleByPercentage;948,70;Alpha3
N075;86;PositionalDecoderWithVehicleByPercentage;932,85;Alpha3
N075;86;PositionalDecoderWithVehicleByPercentage;922,01;Alpha3
N075;86;TimeDecoderWithVehicleByPercentage;1004,18;Alpha3
N075;86;TimeDecoderWithVehicleByPercentage;933,44;Alpha3
N075;86;TimeDecoderWithVehicleByPercentage;868,87;Alpha3
N075;86;TimeDecoderWithVehicleByPercentage;981,13;Alpha3
N075;86;TimeDecoderWithVehicleByPercentage;1077,04;Alpha3
N075;88;PositionalDecoderWithVehicleByPercentage;1173,64;Alpha3
N075;88;PositionalDecoderWithVehicleByPercentage;1148,82;Alpha3
N075;88;PositionalDecoderWithVehicleByPercentage;1021,11;Alpha3
N075;88;PositionalDecoderWithVehicleByPercentage;1114,76;Alpha3
N075;88;PositionalDecoderWithVehicleByPercentage;983,64;Alpha3
N075;88;TimeDecoderWithVehicleByPercentage;915,66;Alpha3
N075;88;TimeDecoderWithVehicleByPercentage;1064,66;Alpha3
N075;88;TimeDecoderWithVehicleByPercentage;1095,22;Alpha3
N075;88;TimeDecoderWithVehicleByPercentage;1027,17;Alpha3
N075;88;TimeDecoderWithVehicleByPercentage;1275,82;Alpha3
N075;90;PositionalDecoderWithVehicleByPercentage;830,27;Alpha3
N075;90;PositionalDecoderWithVehicleByPercentage;802,27;Alpha3
N075;90;PositionalDecoderWithVehicleByPercentage;882,28;Alpha3
N075;90;PositionalDecoderWithVehicleByPercentage;892,49;Alpha3
N075;90;PositionalDecoderWithVehicleByPercentage;911,13;Alpha3
N075;90;TimeDecoderWithVehicleByPercentage;1009,65;Alpha3
N075;90;TimeDecoderWithVehicleByPercentage;967,14;Alpha3
N075;90;TimeDecoderWithVehicleByPercentage;1021,78;Alpha3
N075;90;TimeDecoderWithVehicleByPercentage;1129,54;Alpha3
N075;90;TimeDecoderWithVehicleByPercentage;969,56;Alpha3
N075;81;PositionalDecoderWithVehicleByPercentage;1110,41;Alpha3
N075;81;PositionalDecoderWithVehicleByPercentage;1061,85;Alpha3
N075;81;PositionalDecoderWithVehicleByPercentage;930,06;Alpha3
N075;81;PositionalDecoderWithVehicleByPercentage;1090,32;Alpha3
N075;81;PositionalDecoderWithVehicleByPercentage;949,90;Alpha3
N075;81;TimeDecoderWithVehicleByPercentage;841,41;Alpha3
N075;81;TimeDecoderWithVehicleByPercentage;957,80;Alpha3
N075;81;TimeDecoderWithVehicleByPercentage;1026,70;Alpha3
N075;81;TimeDecoderWithVehicleByPercentage;1195,38;Alpha3
N075;81;TimeDecoderWithVehicleByPercentage;995,50;Alpha3
N075;82;PositionalDecoderWithVehicleByPercentage;996,16;Alpha3
N075;82;PositionalDecoderWithVehicleByPercentage;1031,79;Alpha3
N075;82;PositionalDecoderWithVehicleByPercentage;820,15;Alpha3
N075;82;PositionalDecoderWithVehicleByPercentage;957,08;Alpha3
N075;82;PositionalDecoderWithVehicleByPercentage;853,34;Alpha3
N075;82;TimeDecoderWithVehicleByPercentage;1027,25;Alpha3
N075;82;TimeDecoderWithVehicleByPercentage;1044,70;Alpha3
N075;82;TimeDecoderWithVehicleByPercentage;891,00;Alpha3
N075;82;TimeDecoderWithVehicleByPercentage;1000,56;Alpha3
N075;82;TimeDecoderWithVehicleByPercentage;832,03;Alpha3
N075;89;PositionalDecoderWithVehicleByPercentage;806,33;Alpha3
N075;89;PositionalDecoderWithVehicleByPercentage;881,09;Alpha3
N075;89;PositionalDecoderWithVehicleByPercentage;918,92;Alpha3
N075;89;PositionalDecoderWithVehicleByPercentage;888,96;Alpha3
N075;89;PositionalDecoderWithVehicleByPercentage;1012,32;Alpha3
N075;89;TimeDecoderWithVehicleByPercentage;920,03;Alpha3
N075;89;TimeDecoderWithVehicleByPercentage;882,27;Alpha3
N075;89;TimeDecoderWithVehicleByPercentage;846,77;Alpha3
N075;89;TimeDecoderWithVehicleByPercentage;1042,44;Alpha3
N075;89;TimeDecoderWithVehicleByPercentage;974,43;Alpha3
N075;85;PositionalDecoderWithVehicleByPercentage;1074,92;Alpha3
N075;85;PositionalDecoderWithVehicleByPercentage;1022,67;Alpha3
N075;85;PositionalDecoderWithVehicleByPercentage;968,69;Alpha3
N075;85;PositionalDecoderWithVehicleByPercentage;1111,43;Alpha3
N075;85;PositionalDecoderWithVehicleByPercentage;1009,50;Alpha3
N075;85;TimeDecoderWithVehicleByPercentage;1033,01;Alpha3
N075;85;TimeDecoderWithVehicleByPercentage;914,43;Alpha3
N075;85;TimeDecoderWithVehicleByPercentage;867,36;Alpha3
N075;85;TimeDecoderWithVehicleByPercentage;957,57;Alpha3
N075;85;TimeDecoderWithVehicleByPercentage;1213,84;Alpha3
N075;87;PositionalDecoderWithVehicleByPercentage;870,52;Alpha3
N075;87;PositionalDecoderWithVehicleByPercentage;875,57;Alpha3
N075;87;PositionalDecoderWithVehicleByPercentage;878,57;Alpha3
N075;87;PositionalDecoderWithVehicleByPercentage;924,92;Alpha3
N075;87;PositionalDecoderWithVehicleByPercentage;894,44;Alpha3
N075;87;TimeDecoderWithVehicleByPercentage;875,55;Alpha3
N075;87;TimeDecoderWithVehicleByPercentage;916,84;Alpha3
N075;87;TimeDecoderWithVehicleByPercentage;834,88;Alpha3
N075;87;TimeDecoderWithVehicleByPercentage;925,29;Alpha3
N075;87;TimeDecoderWithVehicleByPercentage;1022,07;Alpha3
N100;99;PositionalDecoderWithVehicleByPercentage;1189,55;Alpha3
N100;99;PositionalDecoderWithVehicleByPercentage;1171,41;Alpha3
N100;99;PositionalDecoderWithVehicleByPercentage;1348,84;Alpha3
N100;99;PositionalDecoderWithVehicleByPercentage;1289,61;Alpha3
N100;99;PositionalDecoderWithVehicleByPercentage;1169,09;Alpha3
N100;99;TimeDecoderWithVehicleByPercentage;1197,54;Alpha3
N100;99;TimeDecoderWithVehicleByPercentage;1280,13;Alpha3
N100;99;TimeDecoderWithVehicleByPercentage;1222,02;Alpha3
N100;99;TimeDecoderWithVehicleByPercentage;992,63;Alpha3
N100;99;TimeDecoderWithVehicleByPercentage;1282,30;Alpha3
N100;100;PositionalDecoderWithVehicleByPercentage;1190,81;Alpha3
N100;100;PositionalDecoderWithVehicleByPercentage;1226,90;Alpha3
N100;100;PositionalDecoderWithVehicleByPercentage;1464,11;Alpha3
N100;100;PositionalDecoderWithVehicleByPercentage;1229,36;Alpha3
N100;100;PositionalDecoderWithVehicleByPercentage;1211,16;Alpha3
N100;100;TimeDecoderWithVehicleByPercentage;1130,75;Alpha3
N100;100;TimeDecoderWithVehicleByPercentage;1420,99;Alpha3
N100;100;TimeDecoderWithVehicleByPercentage;1201,45;Alpha3
N100;100;TimeDecoderWithVehicleByPercentage;1243,91;Alpha3
N100;100;TimeDecoderWithVehicleByPercentage;1283,66;Alpha3
N100;97;PositionalDecoderWithVehicleByPercentage;1334,83;Alpha3
N100;97;PositionalDecoderWithVehicleByPercentage;1323,01;Alpha3
N100;97;PositionalDecoderWithVehicleByPercentage;1392,43;Alpha3
N100;97;PositionalDecoderWithVehicleByPercentage;1439,82;Alpha3
N100;97;PositionalDecoderWithVehicleByPercentage;1278,95;Alpha3
N100;97;TimeDecoderWithVehicleByPercentage;1301,17;Alpha3
N100;97;TimeDecoderWithVehicleByPercentage;1354,77;Alpha3
N100;97;TimeDecoderWithVehicleByPercentage;1315,23;Alpha3
N100;97;TimeDecoderWithVehicleByPercentage;1284,70;Alpha3
N100;97;TimeDecoderWithVehicleByPercentage;1206,50;Alpha3
N100;92;PositionalDecoderWithVehicleByPercentage;1358,24;Alpha3
N100;92;PositionalDecoderWithVehicleByPercentage;1372,85;Alpha3
N100;92;PositionalDecoderWithVehicleByPercentage;1104,12;Alpha3
N100;92;PositionalDecoderWithVehicleByPercentage;1205,53;Alpha3
N100;92;PositionalDecoderWithVehicleByPercentage;1219,07;Alpha3
N100;92;TimeDecoderWithVehicleByPercentage;1258,07;Alpha3
N100;92;TimeDecoderWithVehicleByPercentage;1134,94;Alpha3
N100;92;TimeDecoderWithVehicleByPercentage;1048,31;Alpha3
N100;92;TimeDecoderWithVehicleByPercentage;1094,02;Alpha3
N100;92;TimeDecoderWithVehicleByPercentage;1214,41;Alpha3
N100;93;PositionalDecoderWithVehicleByPercentage;1394,89;Alpha3
N100;93;PositionalDecoderWithVehicleByPercentage;1264,89;Alpha3
N100;93;PositionalDecoderWithVehicleByPercentage;1621,38;Alpha3
N100;93;PositionalDecoderWithVehicleByPercentage;1448,76;Alpha3
N100;93;PositionalDecoderWithVehicleByPercentage;1109,06;Alpha3
N100;93;TimeDecoderWithVehicleByPercentage;1217,02;Alpha3
N100;93;TimeDecoderWithVehicleByPercentage;1309,88;Alpha3
N100;93;TimeDecoderWithVehicleByPercentage;1232,71;Alpha3
N100;93;TimeDecoderWithVehicleByPercentage;1254,95;Alpha3
N100;93;TimeDecoderWithVehicleByPercentage;1368,39;Alpha3
N100;94;PositionalDecoderWithVehicleByPercentage;1334,02;Alpha3
N100;94;PositionalDecoderWithVehicleByPercentage;1301,44;Alpha3
N100;94;PositionalDecoderWithVehicleByPercentage;1222,91;Alpha3
N100;94;PositionalDecoderWithVehicleByPercentage;1314,43;Alpha3
N100;94;PositionalDecoderWithVehicleByPercentage;1260,80;Alpha3
N100;94;TimeDecoderWithVehicleByPercentage;1294,79;Alpha3
N100;94;TimeDecoderWithVehicleByPercentage;1264,94;Alpha3
N100;94;TimeDecoderWithVehicleByPercentage;1408,34;Alpha3
N100;94;TimeDecoderWithVehicleByPercentage;1413,01;Alpha3
N100;94;TimeDecoderWithVehicleByPercentage;1364,04;Alpha3
N100;95;PositionalDecoderWithVehicleByPercentage;1455,30;Alpha3
N100;95;PositionalDecoderWithVehicleByPercentage;1257,13;Alpha3
N100;95;PositionalDecoderWithVehicleByPercentage;1347,11;Alpha3
N100;95;PositionalDecoderWithVehicleByPercentage;1459,77;Alpha3
N100;95;PositionalDecoderWithVehicleByPercentage;1417,81;Alpha3
N100;95;TimeDecoderWithVehicleByPercentage;1554,75;Alpha3
N100;95;TimeDecoderWithVehicleByPercentage;1365,94;Alpha3
N100;95;TimeDecoderWithVehicleByPercentage;1337,16;Alpha3
N100;95;TimeDecoderWithVehicleByPercentage;1231,53;Alpha3
N100;95;TimeDecoderWithVehicleByPercentage;1409,19;Alpha3
N100;96;PositionalDecoderWithVehicleByPercentage;1520,13;Alpha3
N100;96;PositionalDecoderWithVehicleByPercentage;1343,42;Alpha3
N100;96;PositionalDecoderWithVehicleByPercentage;1466,78;Alpha3
N100;96;PositionalDecoderWithVehicleByPercentage;1492,12;Alpha3
N100;96;PositionalDecoderWithVehicleByPercentage;1518,18;Alpha3
N100;96;TimeDecoderWithVehicleByPercentage;1430,99;Alpha3
N100;96;TimeDecoderWithVehicleByPercentage;1362,58;Alpha3
N100;96;TimeDecoderWithVehicleByPercentage;1223,13;Alpha3
N100;96;TimeDecoderWithVehicleByPercentage;1230,58;Alpha3
N100;96;TimeDecoderWithVehicleByPercentage;1275,45;Alpha3
N100;98;PositionalDecoderWithVehicleByPercentage;1265,13;Alpha3
N100;98;PositionalDecoderWithVehicleByPercentage;1346,14;Alpha3
N100;98;PositionalDecoderWithVehicleByPercentage;1157,25;Alpha3
N100;98;PositionalDecoderWithVehicleByPercentage;1274,84;Alpha3
N100;98;PositionalDecoderWithVehicleByPercentage;1117,60;Alpha3
N100;98;TimeDecoderWithVehicleByPercentage;1342,47;Alpha3
N100;98;TimeDecoderWithVehicleByPercentage;1256,13;Alpha3
N100;98;TimeDecoderWithVehicleByPercentage;1386,46;Alpha3
N100;98;TimeDecoderWithVehicleByPercentage;1568,78;Alpha3
N100;98;TimeDecoderWithVehicleByPercentage;1317,40;Alpha3
N100;91;PositionalDecoderWithVehicleByPercentage;1313,40;Alpha3
N100;91;PositionalDecoderWithVehicleByPercentage;1377,98;Alpha3
N100;91;PositionalDecoderWithVehicleByPercentage;992,65;Alpha3
N100;91;PositionalDecoderWithVehicleByPercentage;1294,60;Alpha3
N100;91;PositionalDecoderWithVehicleByPercentage;1395,37;Alpha3
N100;91;TimeDecoderWithVehicleByPercentage;1385,47;Alpha3
N100;91;TimeDecoderWithVehicleByPercentage;1318,84;Alpha3
N100;91;TimeDecoderWithVehicleByPercentage;1418,26;Alpha3
N100;91;TimeDecoderWithVehicleByPercentage;1371,39;Alpha3
N100;91;TimeDecoderWithVehicleByPercentage;1385,91;Alpha3
N175;106;PositionalDecoderWithVehicleByPercentage;2370,37;Alpha3
N175;106;PositionalDecoderWithVehicleByPercentage;2417,37;Alpha3
N175;106;PositionalDecoderWithVehicleByPercentage;2286,73;Alpha3
N175;106;PositionalDecoderWithVehicleByPercentage;2193,80;Alpha3
N175;106;PositionalDecoderWithVehicleByPercentage;2478,08;Alpha3
N175;106;TimeDecoderWithVehicleByPercentage;2345,28;Alpha3
N175;106;TimeDecoderWithVehicleByPercentage;2636,73;Alpha3
N175;106;TimeDecoderWithVehicleByPercentage;2382,61;Alpha3
N175;106;TimeDecoderWithVehicleByPercentage;2726,58;Alpha3
N175;106;TimeDecoderWithVehicleByPercentage;2266,97;Alpha3
N175;107;PositionalDecoderWithVehicleByPercentage;2614,27;Alpha3
N175;107;PositionalDecoderWithVehicleByPercentage;2450,70;Alpha3
N175;107;PositionalDecoderWithVehicleByPercentage;2244,94;Alpha3
N175;107;PositionalDecoderWithVehicleByPercentage;2539,57;Alpha3
N175;107;PositionalDecoderWithVehicleByPercentage;2330,83;Alpha3
N175;107;TimeDecoderWithVehicleByPercentage;2230,34;Alpha3
N175;107;TimeDecoderWithVehicleByPercentage;2359,42;Alpha3
N175;107;TimeDecoderWithVehicleByPercentage;2317,00;Alpha3
N175;107;TimeDecoderWithVehicleByPercentage;2418,47;Alpha3
N175;107;TimeDecoderWithVehicleByPercentage;2239,44;Alpha3
N175;101;PositionalDecoderWithVehicleByPercentage;2314,36;Alpha3
N175;101;PositionalDecoderWithVehicleByPercentage;2496,58;Alpha3
N175;101;PositionalDecoderWithVehicleByPercentage;2463,63;Alpha3
N175;101;PositionalDecoderWithVehicleByPercentage;2421,08;Alpha3
N175;101;PositionalDecoderWithVehicleByPercentage;2757,64;Alpha3
N175;101;TimeDecoderWithVehicleByPercentage;2330,95;Alpha3
N175;101;TimeDecoderWithVehicleByPercentage;2303,75;Alpha3
N175;101;TimeDecoderWithVehicleByPercentage;2254,03;Alpha3
N175;101;TimeDecoderWithVehicleByPercentage;2800,12;Alpha3
N175;101;TimeDecoderWithVehicleByPercentage;2266,84;Alpha3
N175;103;PositionalDecoderWithVehicleByPercentage;2191,85;Alpha3
N175;103;PositionalDecoderWithVehicleByPercentage;2193,38;Alpha3
N175;103;PositionalDecoderWithVehicleByPercentage;2764,12;Alpha3
N175;103;PositionalDecoderWithVehicleByPercentage;2343,04;Alpha3
N175;103;PositionalDecoderWithVehicleByPercentage;2398,71;Alpha3
N175;103;TimeDecoderWithVehicleByPercentage;2577,06;Alpha3
N175;103;TimeDecoderWithVehicleByPercentage;2726,83;Alpha3
N175;103;TimeDecoderWithVehicleByPercentage;2207,40;Alpha3
N175;103;TimeDecoderWithVehicleByPercentage;2566,61;Alpha3
N175;103;TimeDecoderWithVehicleByPercentage;2526,66;Alpha3
N175;105;PositionalDecoderWithVehicleByPercentage;2492,07;Alpha3
N175;105;PositionalDecoderWithVehicleByPercentage;2304,05;Alpha3
N175;105;PositionalDecoderWithVehicleByPercentage;2726,15;Alpha3
N175;105;PositionalDecoderWithVehicleByPercentage;2528,20;Alpha3
N175;105;PositionalDecoderWithVehicleByPercentage;2191,57;Alpha3
N175;105;TimeDecoderWithVehicleByPercentage;2333,08;Alpha3
N175;105;TimeDecoderWithVehicleByPercentage;2327,78;Alpha3
N175;105;TimeDecoderWithVehicleByPercentage;2289,48;Alpha3
N175;105;TimeDecoderWithVehicleByPercentage;2169,60;Alpha3
N175;105;TimeDecoderWithVehicleByPercentage;2514,59;Alpha3
N175;108;PositionalDecoderWithVehicleByPercentage;2568,58;Alpha3
N175;108;PositionalDecoderWithVehicleByPercentage;2279,51;Alpha3
N175;108;PositionalDecoderWithVehicleByPercentage;2240,81;Alpha3
N175;108;PositionalDecoderWithVehicleByPercentage;2359,35;Alpha3
N175;108;PositionalDecoderWithVehicleByPercentage;2261,15;Alpha3
N175;108;TimeDecoderWithVehicleByPercentage;2281,63;Alpha3
N175;108;TimeDecoderWithVehicleByPercentage;2607,27;Alpha3
N175;108;TimeDecoderWithVehicleByPercentage;2425,68;Alpha3
N175;108;TimeDecoderWithVehicleByPercentage;2500,77;Alpha3
N175;108;TimeDecoderWithVehicleByPercentage;2403,81;Alpha3
N175;109;PositionalDecoderWithVehicleByPercentage;2232,48;Alpha3
N175;109;PositionalDecoderWithVehicleByPercentage;2561,62;Alpha3
N175;109;PositionalDecoderWithVehicleByPercentage;2411,14;Alpha3
N175;109;PositionalDecoderWithVehicleByPercentage;2208,05;Alpha3
N175;109;PositionalDecoderWithVehicleByPercentage;2214,05;Alpha3
N175;109;TimeDecoderWithVehicleByPercentage;2167,63;Alpha3
N175;109;TimeDecoderWithVehicleByPercentage;2413,99;Alpha3
N175;109;TimeDecoderWithVehicleByPercentage;2160,93;Alpha3
N175;109;TimeDecoderWithVehicleByPercentage;2270,07;Alpha3
N175;109;TimeDecoderWithVehicleByPercentage;2553,87;Alpha3
N175;110;PositionalDecoderWithVehicleByPercentage;2244,78;Alpha3
N175;110;PositionalDecoderWithVehicleByPercentage;2197,55;Alpha3
N175;110;PositionalDecoderWithVehicleByPercentage;2454,28;Alpha3
N175;110;PositionalDecoderWithVehicleByPercentage;2478,18;Alpha3
N175;110;PositionalDecoderWithVehicleByPercentage;2296,79;Alpha3
N175;110;TimeDecoderWithVehicleByPercentage;2184,34;Alpha3
N175;110;TimeDecoderWithVehicleByPercentage;2460,48;Alpha3
N175;110;TimeDecoderWithVehicleByPercentage;2313,87;Alpha3
N175;110;TimeDecoderWithVehicleByPercentage;2275,78;Alpha3
N175;110;TimeDecoderWithVehicleByPercentage;2423,64;Alpha3
N175;102;PositionalDecoderWithVehicleByPercentage;2419,31;Alpha3
N175;102;PositionalDecoderWithVehicleByPercentage;2437,47;Alpha3
N175;102;PositionalDecoderWithVehicleByPercentage;2496,17;Alpha3
N175;102;PositionalDecoderWithVehicleByPercentage;2385,72;Alpha3
N175;102;PositionalDecoderWithVehicleByPercentage;2183,01;Alpha3
N175;102;TimeDecoderWithVehicleByPercentage;2517,03;Alpha3
N175;102;TimeDecoderWithVehicleByPercentage;2653,12;Alpha3
N175;102;TimeDecoderWithVehicleByPercentage;2213,16;Alpha3
N175;102;TimeDecoderWithVehicleByPercentage;2176,14;Alpha3
N175;102;TimeDecoderWithVehicleByPercentage;2258,41;Alpha3
N175;104;PositionalDecoderWithVehicleByPercentage;2249,77;Alpha3
N175;104;PositionalDecoderWithVehicleByPercentage;2235,88;Alpha3
N175;104;PositionalDecoderWithVehicleByPercentage;2075,51;Alpha3
N175;104;PositionalDecoderWithVehicleByPercentage;2451,90;Alpha3
N175;104;PositionalDecoderWithVehicleByPercentage;2413,43;Alpha3
N175;104;TimeDecoderWithVehicleByPercentage;2273,16;Alpha3
N175;104;TimeDecoderWithVehicleByPercentage;2410,69;Alpha3
N175;104;TimeDecoderWithVehicleByPercentage;2231,56;Alpha3
N175;104;TimeDecoderWithVehicleByPercentage;2177,29;Alpha3
N175;104;TimeDecoderWithVehicleByPercentage;2201,91;Alpha3
N250;6;PositionalDecoderWithVehicleByPercentage;3663,19;Alpha3
N250;6;PositionalDecoderWithVehicleByPercentage;3467,53;Alpha3
N250;6;PositionalDecoderWithVehicleByPercentage;3221,23;Alpha3
N250;6;PositionalDecoderWithVehicleByPercentage;3726,31;Alpha3
N250;6;PositionalDecoderWithVehicleByPercentage;3872,79;Alpha3
N250;6;TimeDecoderWithVehicleByPercentage;3573,27;Alpha3
N250;6;TimeDecoderWithVehicleByPercentage;3530,37;Alpha3
N250;6;TimeDecoderWithVehicleByPercentage;3853,41;Alpha3
N250;6;TimeDecoderWithVehicleByPercentage;3669,51;Alpha3
N250;6;TimeDecoderWithVehicleByPercentage;3520,91;Alpha3
N250;111;PositionalDecoderWithVehicleByPercentage;3537,46;Alpha3
N250;111;PositionalDecoderWithVehicleByPercentage;3717,58;Alpha3
N250;111;PositionalDecoderWithVehicleByPercentage;3694,49;Alpha3
N250;111;PositionalDecoderWithVehicleByPercentage;3676,61;Alpha3
N250;111;PositionalDecoderWithVehicleByPercentage;3501,11;Alpha3
N250;111;TimeDecoderWithVehicleByPercentage;3517,57;Alpha3
N250;111;TimeDecoderWithVehicleByPercentage;3514,11;Alpha3
N250;111;TimeDecoderWithVehicleByPercentage;3603,82;Alpha3
N250;111;TimeDecoderWithVehicleByPercentage;3369,84;Alpha3
N250;111;TimeDecoderWithVehicleByPercentage;3415,82;Alpha3
N250;112;PositionalDecoderWithVehicleByPercentage;3629,86;Alpha3
N250;112;PositionalDecoderWithVehicleByPercentage;3274,05;Alpha3
N250;112;PositionalDecoderWithVehicleByPercentage;3736,47;Alpha3
N250;112;PositionalDecoderWithVehicleByPercentage;3611,10;Alpha3
N250;112;PositionalDecoderWithVehicleByPercentage;3519,63;Alpha3
N250;112;TimeDecoderWithVehicleByPercentage;3421,68;Alpha3
N250;112;TimeDecoderWithVehicleByPercentage;3663,11;Alpha3
N250;112;TimeDecoderWithVehicleByPercentage;3685,65;Alpha3
N250;112;TimeDecoderWithVehicleByPercentage;3638,33;Alpha3
N250;112;TimeDecoderWithVehicleByPercentage;3570,31;Alpha3
N250;1;PositionalDecoderWithVehicleByPercentage;3750,13;Alpha3
N250;1;PositionalDecoderWithVehicleByPercentage;3789,68;Alpha3
N250;1;PositionalDecoderWithVehicleByPercentage;3708,64;Alpha3
N250;1;PositionalDecoderWithVehicleByPercentage;3537,61;Alpha3
N250;1;PositionalDecoderWithVehicleByPercentage;3474,00;Alpha3
N250;1;TimeDecoderWithVehicleByPercentage;3598,24;Alpha3
N250;1;TimeDecoderWithVehicleByPercentage;3458,68;Alpha3
N250;1;TimeDecoderWithVehicleByPercentage;3876,01;Alpha3
N250;1;TimeDecoderWithVehicleByPercentage;3872,45;Alpha3
N250;1;TimeDecoderWithVehicleByPercentage;3885,16;Alpha3
N250;4;PositionalDecoderWithVehicleByPercentage;3768,43;Alpha3
N250;4;PositionalDecoderWithVehicleByPercentage;3507,07;Alpha3
N250;4;PositionalDecoderWithVehicleByPercentage;3534,88;Alpha3
N250;4;PositionalDecoderWithVehicleByPercentage;3609,05;Alpha3
N250;4;PositionalDecoderWithVehicleByPercentage;3571,96;Alpha3
N250;4;TimeDecoderWithVehicleByPercentage;3688,40;Alpha3
N250;4;TimeDecoderWithVehicleByPercentage;3562,67;Alpha3
N250;4;TimeDecoderWithVehicleByPercentage;3351,94;Alpha3
N250;4;TimeDecoderWithVehicleByPercentage;3839,31;Alpha3
N250;4;TimeDecoderWithVehicleByPercentage;3866,34;Alpha3
N250;7;PositionalDecoderWithVehicleByPercentage;3690,40;Alpha3
N250;7;PositionalDecoderWithVehicleByPercentage;4126,11;Alpha3
N250;7;PositionalDecoderWithVehicleByPercentage;4043,89;Alpha3
N250;7;PositionalDecoderWithVehicleByPercentage;3741,83;Alpha3
N250;7;PositionalDecoderWithVehicleByPercentage;3874,01;Alpha3
N250;7;TimeDecoderWithVehicleByPercentage;3737,64;Alpha3
N250;7;TimeDecoderWithVehicleByPercentage;3853,00;Alpha3
N250;7;TimeDecoderWithVehicleByPercentage;3338,48;Alpha3
N250;7;TimeDecoderWithVehicleByPercentage;3680,92;Alpha3
N250;7;TimeDecoderWithVehicleByPercentage;3678,53;Alpha3
N250;8;PositionalDecoderWithVehicleByPercentage;3626,82;Alpha3
N250;8;PositionalDecoderWithVehicleByPercentage;3701,00;Alpha3
N250;8;PositionalDecoderWithVehicleByPercentage;3642,85;Alpha3
N250;8;PositionalDecoderWithVehicleByPercentage;3815,82;Alpha3
N250;8;PositionalDecoderWithVehicleByPercentage;3752,05;Alpha3
N250;8;TimeDecoderWithVehicleByPercentage;3731,27;Alpha3
N250;8;TimeDecoderWithVehicleByPercentage;3531,03;Alpha3
N250;8;TimeDecoderWithVehicleByPercentage;3898,58;Alpha3
N250;8;TimeDecoderWithVehicleByPercentage;3578,43;Alpha3
N250;8;TimeDecoderWithVehicleByPercentage;3748,69;Alpha3
N250;10;PositionalDecoderWithVehicleByPercentage;3569,72;Alpha3
N250;10;PositionalDecoderWithVehicleByPercentage;3641,00;Alpha3
N250;10;PositionalDecoderWithVehicleByPercentage;3718,26;Alpha3
N250;10;PositionalDecoderWithVehicleByPercentage;3806,30;Alpha3
N250;10;PositionalDecoderWithVehicleByPercentage;3434,43;Alpha3
N250;10;TimeDecoderWithVehicleByPercentage;3311,47;Alpha3
N250;10;TimeDecoderWithVehicleByPercentage;3739,60;Alpha3
N250;10;TimeDecoderWithVehicleByPercentage;3603,77;Alpha3
N250;10;TimeDecoderWithVehicleByPercentage;3640,50;Alpha3
N250;10;TimeDecoderWithVehicleByPercentage;3354,92;Alpha3
N250;114;PositionalDecoderWithVehicleByPercentage;3476,81;Alpha3
N250;114;PositionalDecoderWithVehicleByPercentage;3362,16;Alpha3
N250;114;PositionalDecoderWithVehicleByPercentage;3452,79;Alpha3
N250;114;PositionalDecoderWithVehicleByPercentage;3722,02;Alpha3
N250;114;PositionalDecoderWithVehicleByPercentage;3382,95;Alpha3
N250;114;TimeDecoderWithVehicleByPercentage;3842,67;Alpha3
N250;114;TimeDecoderWithVehicleByPercentage;3372,71;Alpha3
N250;114;TimeDecoderWithVehicleByPercentage;3700,14;Alpha3
N250;114;TimeDecoderWithVehicleByPercentage;3645,59;Alpha3
N250;114;TimeDecoderWithVehicleByPercentage;3413,37;Alpha3
N250;115;PositionalDecoderWithVehicleByPercentage;3652,16;Alpha3
N250;115;PositionalDecoderWithVehicleByPercentage;3398,62;Alpha3
N250;115;PositionalDecoderWithVehicleByPercentage;3943,95;Alpha3
N250;115;PositionalDecoderWithVehicleByPercentage;3526,35;Alpha3
N250;115;PositionalDecoderWithVehicleByPercentage;3813,04;Alpha3
N250;115;TimeDecoderWithVehicleByPercentage;3640,75;Alpha3
N250;115;TimeDecoderWithVehicleByPercentage;3442,48;Alpha3
N250;115;TimeDecoderWithVehicleByPercentage;3433,68;Alpha3
N250;115;TimeDecoderWithVehicleByPercentage;3556,21;Alpha3
N250;115;TimeDecoderWithVehicleByPercentage;3394,34;Alpha3
N250;120;PositionalDecoderWithVehicleByPercentage;3809,36;Alpha3
N250;120;PositionalDecoderWithVehicleByPercentage;3584,43;Alpha3
N250;120;PositionalDecoderWithVehicleByPercentage;3626,22;Alpha3
N250;120;PositionalDecoderWithVehicleByPercentage;3481,49;Alpha3
N250;120;PositionalDecoderWithVehicleByPercentage;3671,67;Alpha3
N250;120;TimeDecoderWithVehicleByPercentage;3312,83;Alpha3
N250;120;TimeDecoderWithVehicleByPercentage;3590,59;Alpha3
N250;120;TimeDecoderWithVehicleByPercentage;3656,60;Alpha3
N250;120;TimeDecoderWithVehicleByPercentage;3794,46;Alpha3
N250;120;TimeDecoderWithVehicleByPercentage;3813,65;Alpha3
N250;3;PositionalDecoderWithVehicleByPercentage;3487,16;Alpha3
N250;3;PositionalDecoderWithVehicleByPercentage;3580,64;Alpha3
N250;3;PositionalDecoderWithVehicleByPercentage;3955,51;Alpha3
N250;3;PositionalDecoderWithVehicleByPercentage;3662,43;Alpha3
N250;3;PositionalDecoderWithVehicleByPercentage;3632,70;Alpha3
N250;3;TimeDecoderWithVehicleByPercentage;3503,48;Alpha3
N250;3;TimeDecoderWithVehicleByPercentage;3407,38;Alpha3
N250;3;TimeDecoderWithVehicleByPercentage;3573,87;Alpha3
N250;3;TimeDecoderWithVehicleByPercentage;3396,81;Alpha3
N250;3;TimeDecoderWithVehicleByPercentage;3799,61;Alpha3
N250;9;PositionalDecoderWithVehicleByPercentage;3116,67;Alpha3
N250;9;PositionalDecoderWithVehicleByPercentage;3642,20;Alpha3
N250;9;PositionalDecoderWithVehicleByPercentage;3478,43;Alpha3
N250;9;PositionalDecoderWithVehicleByPercentage;3679,00;Alpha3
N250;9;PositionalDecoderWithVehicleByPercentage;3466,43;Alpha3
N250;9;TimeDecoderWithVehicleByPercentage;3583,09;Alpha3
N250;9;TimeDecoderWithVehicleByPercentage;4248,42;Alpha3
N250;9;TimeDecoderWithVehicleByPercentage;3459,41;Alpha3
N250;9;TimeDecoderWithVehicleByPercentage;3440,85;Alpha3
N250;9;TimeDecoderWithVehicleByPercentage;3336,03;Alpha3
N250;116;PositionalDecoderWithVehicleByPercentage;3374,46;Alpha3
N250;116;PositionalDecoderWithVehicleByPercentage;3469,61;Alpha3
N250;116;PositionalDecoderWithVehicleByPercentage;3620,66;Alpha3
N250;116;PositionalDecoderWithVehicleByPercentage;3558,85;Alpha3
N250;116;PositionalDecoderWithVehicleByPercentage;3265,00;Alpha3
N250;116;TimeDecoderWithVehicleByPercentage;3311,18;Alpha3
N250;116;TimeDecoderWithVehicleByPercentage;3436,08;Alpha3
N250;116;TimeDecoderWithVehicleByPercentage;3779,39;Alpha3
N250;116;TimeDecoderWithVehicleByPercentage;3410,29;Alpha3
N250;116;TimeDecoderWithVehicleByPercentage;3776,45;Alpha3
N250;117;PositionalDecoderWithVehicleByPercentage;3552,40;Alpha3
N250;117;PositionalDecoderWithVehicleByPercentage;3917,10;Alpha3
N250;117;PositionalDecoderWithVehicleByPercentage;3569,99;Alpha3
N250;117;PositionalDecoderWithVehicleByPercentage;3620,84;Alpha3
N250;117;PositionalDecoderWithVehicleByPercentage;3874,22;Alpha3
N250;117;TimeDecoderWithVehicleByPercentage;3428,24;Alpha3
N250;117;TimeDecoderWithVehicleByPercentage;3629,36;Alpha3
N250;117;TimeDecoderWithVehicleByPercentage;3392,49;Alpha3
N250;117;TimeDecoderWithVehicleByPercentage;3594,71;Alpha3
N250;117;TimeDecoderWithVehicleByPercentage;3522,22;Alpha3
N250;118;PositionalDecoderWithVehicleByPercentage;3493,67;Alpha3
N250;118;PositionalDecoderWithVehicleByPercentage;3571,01;Alpha3
N250;118;PositionalDecoderWithVehicleByPercentage;4013,94;Alpha3
N250;118;PositionalDecoderWithVehicleByPercentage;3544,24;Alpha3
N250;118;PositionalDecoderWithVehicleByPercentage;3879,99;Alpha3
N250;118;TimeDecoderWithVehicleByPercentage;3595,07;Alpha3
N250;118;TimeDecoderWithVehicleByPercentage;3523,15;Alpha3
N250;118;TimeDecoderWithVehicleByPercentage;3519,24;Alpha3
N250;118;TimeDecoderWithVehicleByPercentage;3907,49;Alpha3
N250;118;TimeDecoderWithVehicleByPercentage;3600,11;Alpha3
N250;2;PositionalDecoderWithVehicleByPercentage;3551,65;Alpha3
N250;2;PositionalDecoderWithVehicleByPercentage;3610,57;Alpha3
N250;2;PositionalDecoderWithVehicleByPercentage;3597,80;Alpha3
N250;2;PositionalDecoderWithVehicleByPercentage;3634,57;Alpha3
N250;2;PositionalDecoderWithVehicleByPercentage;3677,81;Alpha3
N250;2;TimeDecoderWithVehicleByPercentage;3587,79;Alpha3
N250;2;TimeDecoderWithVehicleByPercentage;3818,73;Alpha3
N250;2;TimeDecoderWithVehicleByPercentage;3496,91;Alpha3
N250;2;TimeDecoderWithVehicleByPercentage;3610,79;Alpha3
N250;2;TimeDecoderWithVehicleByPercentage;3749,87;Alpha3
N250;5;PositionalDecoderWithVehicleByPercentage;3529,89;Alpha3
N250;5;PositionalDecoderWithVehicleByPercentage;3511,48;Alpha3
N250;5;PositionalDecoderWithVehicleByPercentage;3664,39;Alpha3
N250;5;PositionalDecoderWithVehicleByPercentage;3559,94;Alpha3
N250;5;PositionalDecoderWithVehicleByPercentage;3698,57;Alpha3
N250;5;TimeDecoderWithVehicleByPercentage;3715,50;Alpha3
N250;5;TimeDecoderWithVehicleByPercentage;3604,41;Alpha3
N250;5;TimeDecoderWithVehicleByPercentage;3771,34;Alpha3
N250;5;TimeDecoderWithVehicleByPercentage;3765,16;Alpha3
N250;5;TimeDecoderWithVehicleByPercentage;3436,86;Alpha3
N250;113;PositionalDecoderWithVehicleByPercentage;3780,36;Alpha3
N250;113;PositionalDecoderWithVehicleByPercentage;3605,92;Alpha3
N250;113;PositionalDecoderWithVehicleByPercentage;4036,56;Alpha3
N250;113;PositionalDecoderWithVehicleByPercentage;3632,15;Alpha3
N250;113;PositionalDecoderWithVehicleByPercentage;3379,24;Alpha3
N250;113;TimeDecoderWithVehicleByPercentage;3404,09;Alpha3
N250;113;TimeDecoderWithVehicleByPercentage;3592,71;Alpha3
N250;113;TimeDecoderWithVehicleByPercentage;3801,64;Alpha3
N250;113;TimeDecoderWithVehicleByPercentage;3609,95;Alpha3
N250;113;TimeDecoderWithVehicleByPercentage;3916,10;Alpha3
N250;119;PositionalDecoderWithVehicleByPercentage;3530,01;Alpha3
N250;119;PositionalDecoderWithVehicleByPercentage;3342,69;Alpha3
N250;119;PositionalDecoderWithVehicleByPercentage;3542,36;Alpha3
N250;119;PositionalDecoderWithVehicleByPercentage;3602,29;Alpha3
N250;119;PositionalDecoderWithVehicleByPercentage;3516,54;Alpha3
N250;119;TimeDecoderWithVehicleByPercentage;3850,63;Alpha3
N250;119;TimeDecoderWithVehicleByPercentage;3844,33;Alpha3
N250;119;TimeDecoderWithVehicleByPercentage;3427,59;Alpha3
N250;119;TimeDecoderWithVehicleByPercentage;3535,26;Alpha3
N250;119;TimeDecoderWithVehicleByPercentage;3655,45;Alpha3
