N;Instance;Decoder;Time Spent;Alpha
N010;51;PositionalDecoderWithVehicleByPercentage;222,63;Alpha1
N010;51;PositionalDecoderWithVehicleByPercentage;223,25;Alpha1
N010;51;PositionalDecoderWithVehicleByPercentage;223,25;Alpha1
N010;51;PositionalDecoderWithVehicleByPercentage;223,46;Alpha1
N010;51;PositionalDecoderWithVehicleByPercentage;222,63;Alpha1
N010;51;TimeDecoderWithVehicleByPercentage;226,91;Alpha1
N010;51;TimeDecoderWithVehicleByPercentage;204,23;Alpha1
N010;51;TimeDecoderWithVehicleByPercentage;204,23;Alpha1
N010;51;TimeDecoderWithVehicleByPercentage;228,73;Alpha1
N010;51;TimeDecoderWithVehicleByPercentage;204,23;Alpha1
N010;60;PositionalDecoderWithVehicleByPercentage;164,92;Alpha1
N010;60;PositionalDecoderWithVehicleByPercentage;164,92;Alpha1
N010;60;PositionalDecoderWithVehicleByPercentage;164,92;Alpha1
N010;60;PositionalDecoderWithVehicleByPercentage;164,92;Alpha1
N010;60;PositionalDecoderWithVehicleByPercentage;164,92;Alpha1
N010;60;TimeDecoderWithVehicleByPercentage;164,92;Alpha1
N010;60;TimeDecoderWithVehicleByPercentage;164,92;Alpha1
N010;60;TimeDecoderWithVehicleByPercentage;202,96;Alpha1
N010;60;TimeDecoderWithVehicleByPercentage;164,92;Alpha1
N010;60;TimeDecoderWithVehicleByPercentage;202,96;Alpha1
N010;59;PositionalDecoderWithVehicleByPercentage;115,86;Alpha1
N010;59;PositionalDecoderWithVehicleByPercentage;115,86;Alpha1
N010;59;PositionalDecoderWithVehicleByPercentage;115,86;Alpha1
N010;59;PositionalDecoderWithVehicleByPercentage;115,86;Alpha1
N010;59;PositionalDecoderWithVehicleByPercentage;115,86;Alpha1
N010;59;TimeDecoderWithVehicleByPercentage;115,86;Alpha1
N010;59;TimeDecoderWithVehicleByPercentage;115,86;Alpha1
N010;59;TimeDecoderWithVehicleByPercentage;115,86;Alpha1
N010;59;TimeDecoderWithVehicleByPercentage;115,86;Alpha1
N010;59;TimeDecoderWithVehicleByPercentage;115,86;Alpha1
N010;52;PositionalDecoderWithVehicleByPercentage;179,38;Alpha1
N010;52;PositionalDecoderWithVehicleByPercentage;142,21;Alpha1
N010;52;PositionalDecoderWithVehicleByPercentage;185,12;Alpha1
N010;52;PositionalDecoderWithVehicleByPercentage;190,56;Alpha1
N010;52;PositionalDecoderWithVehicleByPercentage;179,38;Alpha1
N010;52;TimeDecoderWithVehicleByPercentage;142,21;Alpha1
N010;52;TimeDecoderWithVehicleByPercentage;179,38;Alpha1
N010;52;TimeDecoderWithVehicleByPercentage;142,21;Alpha1
N010;52;TimeDecoderWithVehicleByPercentage;179,38;Alpha1
N010;52;TimeDecoderWithVehicleByPercentage;124,95;Alpha1
N010;53;PositionalDecoderWithVehicleByPercentage;80,83;Alpha1
N010;53;PositionalDecoderWithVehicleByPercentage;101,47;Alpha1
N010;53;PositionalDecoderWithVehicleByPercentage;80,83;Alpha1
N010;53;PositionalDecoderWithVehicleByPercentage;93,56;Alpha1
N010;53;PositionalDecoderWithVehicleByPercentage;80,83;Alpha1
N010;53;TimeDecoderWithVehicleByPercentage;80,83;Alpha1
N010;53;TimeDecoderWithVehicleByPercentage;80,83;Alpha1
N010;53;TimeDecoderWithVehicleByPercentage;85,50;Alpha1
N010;53;TimeDecoderWithVehicleByPercentage;93,56;Alpha1
N010;53;TimeDecoderWithVehicleByPercentage;85,50;Alpha1
N010;54;PositionalDecoderWithVehicleByPercentage;136,31;Alpha1
N010;54;PositionalDecoderWithVehicleByPercentage;136,31;Alpha1
N010;54;PositionalDecoderWithVehicleByPercentage;136,31;Alpha1
N010;54;PositionalDecoderWithVehicleByPercentage;136,31;Alpha1
N010;54;PositionalDecoderWithVehicleByPercentage;136,31;Alpha1
N010;54;TimeDecoderWithVehicleByPercentage;136,31;Alpha1
N010;54;TimeDecoderWithVehicleByPercentage;136,31;Alpha1
N010;54;TimeDecoderWithVehicleByPercentage;136,31;Alpha1
N010;54;TimeDecoderWithVehicleByPercentage;136,31;Alpha1
N010;54;TimeDecoderWithVehicleByPercentage;136,31;Alpha1
N010;55;PositionalDecoderWithVehicleByPercentage;238,39;Alpha1
N010;55;PositionalDecoderWithVehicleByPercentage;182,37;Alpha1
N010;55;PositionalDecoderWithVehicleByPercentage;182,37;Alpha1
N010;55;PositionalDecoderWithVehicleByPercentage;237,91;Alpha1
N010;55;PositionalDecoderWithVehicleByPercentage;182,37;Alpha1
N010;55;TimeDecoderWithVehicleByPercentage;182,37;Alpha1
N010;55;TimeDecoderWithVehicleByPercentage;238,39;Alpha1
N010;55;TimeDecoderWithVehicleByPercentage;182,37;Alpha1
N010;55;TimeDecoderWithVehicleByPercentage;242,46;Alpha1
N010;55;TimeDecoderWithVehicleByPercentage;182,37;Alpha1
N010;56;PositionalDecoderWithVehicleByPercentage;198,40;Alpha1
N010;56;PositionalDecoderWithVehicleByPercentage;198,40;Alpha1
N010;56;PositionalDecoderWithVehicleByPercentage;171,29;Alpha1
N010;56;PositionalDecoderWithVehicleByPercentage;171,29;Alpha1
N010;56;PositionalDecoderWithVehicleByPercentage;171,29;Alpha1
N010;56;TimeDecoderWithVehicleByPercentage;171,29;Alpha1
N010;56;TimeDecoderWithVehicleByPercentage;171,29;Alpha1
N010;56;TimeDecoderWithVehicleByPercentage;171,29;Alpha1
N010;56;TimeDecoderWithVehicleByPercentage;204,30;Alpha1
N010;56;TimeDecoderWithVehicleByPercentage;171,29;Alpha1
N010;57;PositionalDecoderWithVehicleByPercentage;66,81;Alpha1
N010;57;PositionalDecoderWithVehicleByPercentage;66,81;Alpha1
N010;57;PositionalDecoderWithVehicleByPercentage;66,81;Alpha1
N010;57;PositionalDecoderWithVehicleByPercentage;66,81;Alpha1
N010;57;PositionalDecoderWithVehicleByPercentage;66,81;Alpha1
N010;57;TimeDecoderWithVehicleByPercentage;66,81;Alpha1
N010;57;TimeDecoderWithVehicleByPercentage;66,81;Alpha1
N010;57;TimeDecoderWithVehicleByPercentage;66,81;Alpha1
N010;57;TimeDecoderWithVehicleByPercentage;66,81;Alpha1
N010;57;TimeDecoderWithVehicleByPercentage;66,81;Alpha1
N010;58;PositionalDecoderWithVehicleByPercentage;163,35;Alpha1
N010;58;PositionalDecoderWithVehicleByPercentage;163,35;Alpha1
N010;58;PositionalDecoderWithVehicleByPercentage;184,33;Alpha1
N010;58;PositionalDecoderWithVehicleByPercentage;163,35;Alpha1
N010;58;PositionalDecoderWithVehicleByPercentage;188,34;Alpha1
N010;58;TimeDecoderWithVehicleByPercentage;188,34;Alpha1
N010;58;TimeDecoderWithVehicleByPercentage;205,13;Alpha1
N010;58;TimeDecoderWithVehicleByPercentage;163,35;Alpha1
N010;58;TimeDecoderWithVehicleByPercentage;184,33;Alpha1
N010;58;TimeDecoderWithVehicleByPercentage;188,34;Alpha1
N020;66;PositionalDecoderWithVehicleByPercentage;262,42;Alpha1
N020;66;PositionalDecoderWithVehicleByPercentage;258,96;Alpha1
N020;66;PositionalDecoderWithVehicleByPercentage;282,94;Alpha1
N020;66;PositionalDecoderWithVehicleByPercentage;279,77;Alpha1
N020;66;PositionalDecoderWithVehicleByPercentage;264,64;Alpha1
N020;66;TimeDecoderWithVehicleByPercentage;260,61;Alpha1
N020;66;TimeDecoderWithVehicleByPercentage;250,58;Alpha1
N020;66;TimeDecoderWithVehicleByPercentage;265,05;Alpha1
N020;66;TimeDecoderWithVehicleByPercentage;332,96;Alpha1
N020;66;TimeDecoderWithVehicleByPercentage;277,88;Alpha1
N020;70;PositionalDecoderWithVehicleByPercentage;290,30;Alpha1
N020;70;PositionalDecoderWithVehicleByPercentage;288,72;Alpha1
N020;70;PositionalDecoderWithVehicleByPercentage;278,87;Alpha1
N020;70;PositionalDecoderWithVehicleByPercentage;294,44;Alpha1
N020;70;PositionalDecoderWithVehicleByPercentage;261,18;Alpha1
N020;70;TimeDecoderWithVehicleByPercentage;263,39;Alpha1
N020;70;TimeDecoderWithVehicleByPercentage;272,00;Alpha1
N020;70;TimeDecoderWithVehicleByPercentage;260,60;Alpha1
N020;70;TimeDecoderWithVehicleByPercentage;274,16;Alpha1
N020;70;TimeDecoderWithVehicleByPercentage;302,94;Alpha1
N020;61;PositionalDecoderWithVehicleByPercentage;244,97;Alpha1
N020;61;PositionalDecoderWithVehicleByPercentage;245,71;Alpha1
N020;61;PositionalDecoderWithVehicleByPercentage;235,71;Alpha1
N020;61;PositionalDecoderWithVehicleByPercentage;217,52;Alpha1
N020;61;PositionalDecoderWithVehicleByPercentage;267,69;Alpha1
N020;61;TimeDecoderWithVehicleByPercentage;201,45;Alpha1
N020;61;TimeDecoderWithVehicleByPercentage;252,60;Alpha1
N020;61;TimeDecoderWithVehicleByPercentage;206,96;Alpha1
N020;61;TimeDecoderWithVehicleByPercentage;228,42;Alpha1
N020;61;TimeDecoderWithVehicleByPercentage;299,96;Alpha1
N020;63;PositionalDecoderWithVehicleByPercentage;282,39;Alpha1
N020;63;PositionalDecoderWithVehicleByPercentage;257,29;Alpha1
N020;63;PositionalDecoderWithVehicleByPercentage;308,94;Alpha1
N020;63;PositionalDecoderWithVehicleByPercentage;297,02;Alpha1
N020;63;PositionalDecoderWithVehicleByPercentage;287,62;Alpha1
N020;63;TimeDecoderWithVehicleByPercentage;300,99;Alpha1
N020;63;TimeDecoderWithVehicleByPercentage;270,28;Alpha1
N020;63;TimeDecoderWithVehicleByPercentage;345,88;Alpha1
N020;63;TimeDecoderWithVehicleByPercentage;286,17;Alpha1
N020;63;TimeDecoderWithVehicleByPercentage;293,96;Alpha1
N020;65;PositionalDecoderWithVehicleByPercentage;266,79;Alpha1
N020;65;PositionalDecoderWithVehicleByPercentage;315,43;Alpha1
N020;65;PositionalDecoderWithVehicleByPercentage;271,34;Alpha1
N020;65;PositionalDecoderWithVehicleByPercentage;320,75;Alpha1
N020;65;PositionalDecoderWithVehicleByPercentage;321,79;Alpha1
N020;65;TimeDecoderWithVehicleByPercentage;295,45;Alpha1
N020;65;TimeDecoderWithVehicleByPercentage;355,15;Alpha1
N020;65;TimeDecoderWithVehicleByPercentage;299,39;Alpha1
N020;65;TimeDecoderWithVehicleByPercentage;309,89;Alpha1
N020;65;TimeDecoderWithVehicleByPercentage;337,36;Alpha1
N020;67;PositionalDecoderWithVehicleByPercentage;263,59;Alpha1
N020;67;PositionalDecoderWithVehicleByPercentage;307,89;Alpha1
N020;67;PositionalDecoderWithVehicleByPercentage;273,17;Alpha1
N020;67;PositionalDecoderWithVehicleByPercentage;335,06;Alpha1
N020;67;PositionalDecoderWithVehicleByPercentage;334,53;Alpha1
N020;67;TimeDecoderWithVehicleByPercentage;251,88;Alpha1
N020;67;TimeDecoderWithVehicleByPercentage;267,20;Alpha1
N020;67;TimeDecoderWithVehicleByPercentage;316,15;Alpha1
N020;67;TimeDecoderWithVehicleByPercentage;288,71;Alpha1
N020;67;TimeDecoderWithVehicleByPercentage;321,17;Alpha1
N020;68;PositionalDecoderWithVehicleByPercentage;280,90;Alpha1
N020;68;PositionalDecoderWithVehicleByPercentage;313,56;Alpha1
N020;68;PositionalDecoderWithVehicleByPercentage;334,61;Alpha1
N020;68;PositionalDecoderWithVehicleByPercentage;301,53;Alpha1
N020;68;PositionalDecoderWithVehicleByPercentage;307,96;Alpha1
N020;68;TimeDecoderWithVehicleByPercentage;299,11;Alpha1
N020;68;TimeDecoderWithVehicleByPercentage;303,80;Alpha1
N020;68;TimeDecoderWithVehicleByPercentage;283,53;Alpha1
N020;68;TimeDecoderWithVehicleByPercentage;319,93;Alpha1
N020;68;TimeDecoderWithVehicleByPercentage;316,78;Alpha1
N020;69;PositionalDecoderWithVehicleByPercentage;305,17;Alpha1
N020;69;PositionalDecoderWithVehicleByPercentage;292,21;Alpha1
N020;69;PositionalDecoderWithVehicleByPercentage;307,65;Alpha1
N020;69;PositionalDecoderWithVehicleByPercentage;259,48;Alpha1
N020;69;PositionalDecoderWithVehicleByPercentage;275,84;Alpha1
N020;69;TimeDecoderWithVehicleByPercentage;287,37;Alpha1
N020;69;TimeDecoderWithVehicleByPercentage;242,56;Alpha1
N020;69;TimeDecoderWithVehicleByPercentage;287,96;Alpha1
N020;69;TimeDecoderWithVehicleByPercentage;248,77;Alpha1
N020;69;TimeDecoderWithVehicleByPercentage;287,25;Alpha1
N020;62;PositionalDecoderWithVehicleByPercentage;256,68;Alpha1
N020;62;PositionalDecoderWithVehicleByPercentage;264,82;Alpha1
N020;62;PositionalDecoderWithVehicleByPercentage;296,17;Alpha1
N020;62;PositionalDecoderWithVehicleByPercentage;269,47;Alpha1
N020;62;PositionalDecoderWithVehicleByPercentage;257,05;Alpha1
N020;62;TimeDecoderWithVehicleByPercentage;293,33;Alpha1
N020;62;TimeDecoderWithVehicleByPercentage;329,53;Alpha1
N020;62;TimeDecoderWithVehicleByPercentage;262,25;Alpha1
N020;62;TimeDecoderWithVehicleByPercentage;224,29;Alpha1
N020;62;TimeDecoderWithVehicleByPercentage;313,55;Alpha1
N020;64;PositionalDecoderWithVehicleByPercentage;255,25;Alpha1
N020;64;PositionalDecoderWithVehicleByPercentage;226,21;Alpha1
N020;64;PositionalDecoderWithVehicleByPercentage;252,39;Alpha1
N020;64;PositionalDecoderWithVehicleByPercentage;242,57;Alpha1
N020;64;PositionalDecoderWithVehicleByPercentage;257,58;Alpha1
N020;64;TimeDecoderWithVehicleByPercentage;185,52;Alpha1
N020;64;TimeDecoderWithVehicleByPercentage;199,81;Alpha1
N020;64;TimeDecoderWithVehicleByPercentage;229,12;Alpha1
N020;64;TimeDecoderWithVehicleByPercentage;270,50;Alpha1
N020;64;TimeDecoderWithVehicleByPercentage;231,41;Alpha1
N050;73;PositionalDecoderWithVehicleByPercentage;687,33;Alpha1
N050;73;PositionalDecoderWithVehicleByPercentage;680,03;Alpha1
N050;73;PositionalDecoderWithVehicleByPercentage;678,18;Alpha1
N050;73;PositionalDecoderWithVehicleByPercentage;637,06;Alpha1
N050;73;PositionalDecoderWithVehicleByPercentage;616,99;Alpha1
N050;73;TimeDecoderWithVehicleByPercentage;616,29;Alpha1
N050;73;TimeDecoderWithVehicleByPercentage;670,85;Alpha1
N050;73;TimeDecoderWithVehicleByPercentage;577,70;Alpha1
N050;73;TimeDecoderWithVehicleByPercentage;660,79;Alpha1
N050;73;TimeDecoderWithVehicleByPercentage;683,28;Alpha1
N050;74;PositionalDecoderWithVehicleByPercentage;761,58;Alpha1
N050;74;PositionalDecoderWithVehicleByPercentage;698,57;Alpha1
N050;74;PositionalDecoderWithVehicleByPercentage;631,99;Alpha1
N050;74;PositionalDecoderWithVehicleByPercentage;633,67;Alpha1
N050;74;PositionalDecoderWithVehicleByPercentage;631,77;Alpha1
N050;74;TimeDecoderWithVehicleByPercentage;529,18;Alpha1
N050;74;TimeDecoderWithVehicleByPercentage;603,81;Alpha1
N050;74;TimeDecoderWithVehicleByPercentage;470,93;Alpha1
N050;74;TimeDecoderWithVehicleByPercentage;567,62;Alpha1
N050;74;TimeDecoderWithVehicleByPercentage;526,94;Alpha1
N050;75;PositionalDecoderWithVehicleByPercentage;717,32;Alpha1
N050;75;PositionalDecoderWithVehicleByPercentage;594,46;Alpha1
N050;75;PositionalDecoderWithVehicleByPercentage;572,23;Alpha1
N050;75;PositionalDecoderWithVehicleByPercentage;586,81;Alpha1
N050;75;PositionalDecoderWithVehicleByPercentage;714,15;Alpha1
N050;75;TimeDecoderWithVehicleByPercentage;703,25;Alpha1
N050;75;TimeDecoderWithVehicleByPercentage;525,14;Alpha1
N050;75;TimeDecoderWithVehicleByPercentage;600,15;Alpha1
N050;75;TimeDecoderWithVehicleByPercentage;660,50;Alpha1
N050;75;TimeDecoderWithVehicleByPercentage;620,64;Alpha1
N050;76;PositionalDecoderWithVehicleByPercentage;583,09;Alpha1
N050;76;PositionalDecoderWithVehicleByPercentage;613,45;Alpha1
N050;76;PositionalDecoderWithVehicleByPercentage;693,69;Alpha1
N050;76;PositionalDecoderWithVehicleByPercentage;543,45;Alpha1
N050;76;PositionalDecoderWithVehicleByPercentage;679,58;Alpha1
N050;76;TimeDecoderWithVehicleByPercentage;561,81;Alpha1
N050;76;TimeDecoderWithVehicleByPercentage;599,28;Alpha1
N050;76;TimeDecoderWithVehicleByPercentage;667,28;Alpha1
N050;76;TimeDecoderWithVehicleByPercentage;605,12;Alpha1
N050;76;TimeDecoderWithVehicleByPercentage;676,55;Alpha1
N050;77;PositionalDecoderWithVehicleByPercentage;578,21;Alpha1
N050;77;PositionalDecoderWithVehicleByPercentage;625,02;Alpha1
N050;77;PositionalDecoderWithVehicleByPercentage;668,99;Alpha1
N050;77;PositionalDecoderWithVehicleByPercentage;649,08;Alpha1
N050;77;PositionalDecoderWithVehicleByPercentage;584,13;Alpha1
N050;77;TimeDecoderWithVehicleByPercentage;634,96;Alpha1
N050;77;TimeDecoderWithVehicleByPercentage;710,12;Alpha1
N050;77;TimeDecoderWithVehicleByPercentage;760,73;Alpha1
N050;77;TimeDecoderWithVehicleByPercentage;587,44;Alpha1
N050;77;TimeDecoderWithVehicleByPercentage;675,15;Alpha1
N050;78;PositionalDecoderWithVehicleByPercentage;653,67;Alpha1
N050;78;PositionalDecoderWithVehicleByPercentage;592,09;Alpha1
N050;78;PositionalDecoderWithVehicleByPercentage;562,39;Alpha1
N050;78;PositionalDecoderWithVehicleByPercentage;643,56;Alpha1
N050;78;PositionalDecoderWithVehicleByPercentage;666,72;Alpha1
N050;78;TimeDecoderWithVehicleByPercentage;592,30;Alpha1
N050;78;TimeDecoderWithVehicleByPercentage;674,08;Alpha1
N050;78;TimeDecoderWithVehicleByPercentage;706,03;Alpha1
N050;78;TimeDecoderWithVehicleByPercentage;660,70;Alpha1
N050;78;TimeDecoderWithVehicleByPercentage;646,69;Alpha1
N050;80;PositionalDecoderWithVehicleByPercentage;598,95;Alpha1
N050;80;PositionalDecoderWithVehicleByPercentage;558,06;Alpha1
N050;80;PositionalDecoderWithVehicleByPercentage;470,43;Alpha1
N050;80;PositionalDecoderWithVehicleByPercentage;561,82;Alpha1
N050;80;PositionalDecoderWithVehicleByPercentage;596,88;Alpha1
N050;80;TimeDecoderWithVehicleByPercentage;543,14;Alpha1
N050;80;TimeDecoderWithVehicleByPercentage;553,57;Alpha1
N050;80;TimeDecoderWithVehicleByPercentage;695,91;Alpha1
N050;80;TimeDecoderWithVehicleByPercentage;580,22;Alpha1
N050;80;TimeDecoderWithVehicleByPercentage;544,48;Alpha1
N050;71;PositionalDecoderWithVehicleByPercentage;713,01;Alpha1
N050;71;PositionalDecoderWithVehicleByPercentage;599,03;Alpha1
N050;71;PositionalDecoderWithVehicleByPercentage;628,79;Alpha1
N050;71;PositionalDecoderWithVehicleByPercentage;627,04;Alpha1
N050;71;PositionalDecoderWithVehicleByPercentage;674,20;Alpha1
N050;71;TimeDecoderWithVehicleByPercentage;607,62;Alpha1
N050;71;TimeDecoderWithVehicleByPercentage;670,59;Alpha1
N050;71;TimeDecoderWithVehicleByPercentage;707,01;Alpha1
N050;71;TimeDecoderWithVehicleByPercentage;557,93;Alpha1
N050;71;TimeDecoderWithVehicleByPercentage;581,88;Alpha1
N050;79;PositionalDecoderWithVehicleByPercentage;551,64;Alpha1
N050;79;PositionalDecoderWithVehicleByPercentage;609,86;Alpha1
N050;79;PositionalDecoderWithVehicleByPercentage;617,36;Alpha1
N050;79;PositionalDecoderWithVehicleByPercentage;612,77;Alpha1
N050;79;PositionalDecoderWithVehicleByPercentage;461,40;Alpha1
N050;79;TimeDecoderWithVehicleByPercentage;631,74;Alpha1
N050;79;TimeDecoderWithVehicleByPercentage;590,77;Alpha1
N050;79;TimeDecoderWithVehicleByPercentage;507,75;Alpha1
N050;79;TimeDecoderWithVehicleByPercentage;607,38;Alpha1
N050;79;TimeDecoderWithVehicleByPercentage;576,34;Alpha1
N050;72;PositionalDecoderWithVehicleByPercentage;611,52;Alpha1
N050;72;PositionalDecoderWithVehicleByPercentage;745,57;Alpha1
N050;72;PositionalDecoderWithVehicleByPercentage;589,78;Alpha1
N050;72;PositionalDecoderWithVehicleByPercentage;727,05;Alpha1
N050;72;PositionalDecoderWithVehicleByPercentage;727,28;Alpha1
N050;72;TimeDecoderWithVehicleByPercentage;563,38;Alpha1
N050;72;TimeDecoderWithVehicleByPercentage;656,69;Alpha1
N050;72;TimeDecoderWithVehicleByPercentage;678,67;Alpha1
N050;72;TimeDecoderWithVehicleByPercentage;711,47;Alpha1
N050;72;TimeDecoderWithVehicleByPercentage;605,22;Alpha1
N075;88;PositionalDecoderWithVehicleByPercentage;1005,67;Alpha1
N075;88;PositionalDecoderWithVehicleByPercentage;952,92;Alpha1
N075;88;PositionalDecoderWithVehicleByPercentage;1022,23;Alpha1
N075;88;PositionalDecoderWithVehicleByPercentage;1024,78;Alpha1
N075;88;PositionalDecoderWithVehicleByPercentage;924,62;Alpha1
N075;88;TimeDecoderWithVehicleByPercentage;934,79;Alpha1
N075;88;TimeDecoderWithVehicleByPercentage;1043,46;Alpha1
N075;88;TimeDecoderWithVehicleByPercentage;1002,62;Alpha1
N075;88;TimeDecoderWithVehicleByPercentage;989,95;Alpha1
N075;88;TimeDecoderWithVehicleByPercentage;1008,95;Alpha1
N075;89;PositionalDecoderWithVehicleByPercentage;808,02;Alpha1
N075;89;PositionalDecoderWithVehicleByPercentage;998,13;Alpha1
N075;89;PositionalDecoderWithVehicleByPercentage;931,17;Alpha1
N075;89;PositionalDecoderWithVehicleByPercentage;1009,30;Alpha1
N075;89;PositionalDecoderWithVehicleByPercentage;863,78;Alpha1
N075;89;TimeDecoderWithVehicleByPercentage;832,40;Alpha1
N075;89;TimeDecoderWithVehicleByPercentage;949,82;Alpha1
N075;89;TimeDecoderWithVehicleByPercentage;851,67;Alpha1
N075;89;TimeDecoderWithVehicleByPercentage;847,89;Alpha1
N075;89;TimeDecoderWithVehicleByPercentage;965,06;Alpha1
N075;82;PositionalDecoderWithVehicleByPercentage;908,66;Alpha1
N075;82;PositionalDecoderWithVehicleByPercentage;944,24;Alpha1
N075;82;PositionalDecoderWithVehicleByPercentage;815,61;Alpha1
N075;82;PositionalDecoderWithVehicleByPercentage;872,12;Alpha1
N075;82;PositionalDecoderWithVehicleByPercentage;1021,11;Alpha1
N075;82;TimeDecoderWithVehicleByPercentage;728,47;Alpha1
N075;82;TimeDecoderWithVehicleByPercentage;847,15;Alpha1
N075;82;TimeDecoderWithVehicleByPercentage;877,67;Alpha1
N075;82;TimeDecoderWithVehicleByPercentage;929,04;Alpha1
N075;82;TimeDecoderWithVehicleByPercentage;956,93;Alpha1
N075;85;PositionalDecoderWithVehicleByPercentage;996,49;Alpha1
N075;85;PositionalDecoderWithVehicleByPercentage;832,64;Alpha1
N075;85;PositionalDecoderWithVehicleByPercentage;871,50;Alpha1
N075;85;PositionalDecoderWithVehicleByPercentage;1187,93;Alpha1
N075;85;PositionalDecoderWithVehicleByPercentage;849,77;Alpha1
N075;85;TimeDecoderWithVehicleByPercentage;982,95;Alpha1
N075;85;TimeDecoderWithVehicleByPercentage;957,72;Alpha1
N075;85;TimeDecoderWithVehicleByPercentage;969,35;Alpha1
N075;85;TimeDecoderWithVehicleByPercentage;974,72;Alpha1
N075;85;TimeDecoderWithVehicleByPercentage;991,97;Alpha1
N075;86;PositionalDecoderWithVehicleByPercentage;869,53;Alpha1
N075;86;PositionalDecoderWithVehicleByPercentage;786,57;Alpha1
N075;86;PositionalDecoderWithVehicleByPercentage;905,23;Alpha1
N075;86;PositionalDecoderWithVehicleByPercentage;920,20;Alpha1
N075;86;PositionalDecoderWithVehicleByPercentage;903,92;Alpha1
N075;86;TimeDecoderWithVehicleByPercentage;791,62;Alpha1
N075;86;TimeDecoderWithVehicleByPercentage;969,88;Alpha1
N075;86;TimeDecoderWithVehicleByPercentage;920,00;Alpha1
N075;86;TimeDecoderWithVehicleByPercentage;747,88;Alpha1
N075;86;TimeDecoderWithVehicleByPercentage;890,17;Alpha1
N075;87;PositionalDecoderWithVehicleByPercentage;823,37;Alpha1
N075;87;PositionalDecoderWithVehicleByPercentage;894,56;Alpha1
N075;87;PositionalDecoderWithVehicleByPercentage;736,47;Alpha1
N075;87;PositionalDecoderWithVehicleByPercentage;839,36;Alpha1
N075;87;PositionalDecoderWithVehicleByPercentage;951,88;Alpha1
N075;87;TimeDecoderWithVehicleByPercentage;827,16;Alpha1
N075;87;TimeDecoderWithVehicleByPercentage;920,58;Alpha1
N075;87;TimeDecoderWithVehicleByPercentage;805,05;Alpha1
N075;87;TimeDecoderWithVehicleByPercentage;844,50;Alpha1
N075;87;TimeDecoderWithVehicleByPercentage;1054,56;Alpha1
N075;90;PositionalDecoderWithVehicleByPercentage;876,92;Alpha1
N075;90;PositionalDecoderWithVehicleByPercentage;973,52;Alpha1
N075;90;PositionalDecoderWithVehicleByPercentage;813,42;Alpha1
N075;90;PositionalDecoderWithVehicleByPercentage;780,84;Alpha1
N075;90;PositionalDecoderWithVehicleByPercentage;903,21;Alpha1
N075;90;TimeDecoderWithVehicleByPercentage;918,10;Alpha1
N075;90;TimeDecoderWithVehicleByPercentage;1012,62;Alpha1
N075;90;TimeDecoderWithVehicleByPercentage;944,55;Alpha1
N075;90;TimeDecoderWithVehicleByPercentage;938,34;Alpha1
N075;90;TimeDecoderWithVehicleByPercentage;912,85;Alpha1
N075;81;PositionalDecoderWithVehicleByPercentage;796,37;Alpha1
N075;81;PositionalDecoderWithVehicleByPercentage;889,27;Alpha1
N075;81;PositionalDecoderWithVehicleByPercentage;932,33;Alpha1
N075;81;PositionalDecoderWithVehicleByPercentage;865,77;Alpha1
N075;81;PositionalDecoderWithVehicleByPercentage;930,52;Alpha1
N075;81;TimeDecoderWithVehicleByPercentage;996,35;Alpha1
N075;81;TimeDecoderWithVehicleByPercentage;1110,56;Alpha1
N075;81;TimeDecoderWithVehicleByPercentage;967,47;Alpha1
N075;81;TimeDecoderWithVehicleByPercentage;908,52;Alpha1
N075;81;TimeDecoderWithVehicleByPercentage;964,33;Alpha1
N075;83;PositionalDecoderWithVehicleByPercentage;732,40;Alpha1
N075;83;PositionalDecoderWithVehicleByPercentage;882,91;Alpha1
N075;83;PositionalDecoderWithVehicleByPercentage;1039,20;Alpha1
N075;83;PositionalDecoderWithVehicleByPercentage;916,74;Alpha1
N075;83;PositionalDecoderWithVehicleByPercentage;990,60;Alpha1
N075;83;TimeDecoderWithVehicleByPercentage;794,98;Alpha1
N075;83;TimeDecoderWithVehicleByPercentage;848,93;Alpha1
N075;83;TimeDecoderWithVehicleByPercentage;987,12;Alpha1
N075;83;TimeDecoderWithVehicleByPercentage;815,92;Alpha1
N075;83;TimeDecoderWithVehicleByPercentage;930,83;Alpha1
N075;84;PositionalDecoderWithVehicleByPercentage;989,00;Alpha1
N075;84;PositionalDecoderWithVehicleByPercentage;966,89;Alpha1
N075;84;PositionalDecoderWithVehicleByPercentage;887,07;Alpha1
N075;84;PositionalDecoderWithVehicleByPercentage;840,57;Alpha1
N075;84;PositionalDecoderWithVehicleByPercentage;913,86;Alpha1
N075;84;TimeDecoderWithVehicleByPercentage;794,73;Alpha1
N075;84;TimeDecoderWithVehicleByPercentage;981,23;Alpha1
N075;84;TimeDecoderWithVehicleByPercentage;831,62;Alpha1
N075;84;TimeDecoderWithVehicleByPercentage;801,70;Alpha1
N075;84;TimeDecoderWithVehicleByPercentage;927,01;Alpha1
N100;91;PositionalDecoderWithVehicleByPercentage;1285,71;Alpha1
N100;91;PositionalDecoderWithVehicleByPercentage;1102,49;Alpha1
N100;91;PositionalDecoderWithVehicleByPercentage;1220,76;Alpha1
N100;91;PositionalDecoderWithVehicleByPercentage;1242,29;Alpha1
N100;91;PositionalDecoderWithVehicleByPercentage;1290,32;Alpha1
N100;91;TimeDecoderWithVehicleByPercentage;1241,03;Alpha1
N100;91;TimeDecoderWithVehicleByPercentage;1241,62;Alpha1
N100;91;TimeDecoderWithVehicleByPercentage;1191,25;Alpha1
N100;91;TimeDecoderWithVehicleByPercentage;1125,87;Alpha1
N100;91;TimeDecoderWithVehicleByPercentage;1058,15;Alpha1
N100;92;PositionalDecoderWithVehicleByPercentage;1062,23;Alpha1
N100;92;PositionalDecoderWithVehicleByPercentage;1214,50;Alpha1
N100;92;PositionalDecoderWithVehicleByPercentage;1180,88;Alpha1
N100;92;PositionalDecoderWithVehicleByPercentage;1236,22;Alpha1
N100;92;PositionalDecoderWithVehicleByPercentage;1234,41;Alpha1
N100;92;TimeDecoderWithVehicleByPercentage;1088,22;Alpha1
N100;92;TimeDecoderWithVehicleByPercentage;1093,85;Alpha1
N100;92;TimeDecoderWithVehicleByPercentage;1254,16;Alpha1
N100;92;TimeDecoderWithVehicleByPercentage;1144,55;Alpha1
N100;92;TimeDecoderWithVehicleByPercentage;1213,09;Alpha1
N100;93;PositionalDecoderWithVehicleByPercentage;1081,33;Alpha1
N100;93;PositionalDecoderWithVehicleByPercentage;1065,68;Alpha1
N100;93;PositionalDecoderWithVehicleByPercentage;1234,06;Alpha1
N100;93;PositionalDecoderWithVehicleByPercentage;1138,28;Alpha1
N100;93;PositionalDecoderWithVehicleByPercentage;1024,70;Alpha1
N100;93;TimeDecoderWithVehicleByPercentage;1087,31;Alpha1
N100;93;TimeDecoderWithVehicleByPercentage;1061,33;Alpha1
N100;93;TimeDecoderWithVehicleByPercentage;1234,68;Alpha1
N100;93;TimeDecoderWithVehicleByPercentage;1118,69;Alpha1
N100;93;TimeDecoderWithVehicleByPercentage;1235,24;Alpha1
N100;97;PositionalDecoderWithVehicleByPercentage;1235,41;Alpha1
N100;97;PositionalDecoderWithVehicleByPercentage;1292,37;Alpha1
N100;97;PositionalDecoderWithVehicleByPercentage;1196,14;Alpha1
N100;97;PositionalDecoderWithVehicleByPercentage;1263,36;Alpha1
N100;97;PositionalDecoderWithVehicleByPercentage;1390,55;Alpha1
N100;97;TimeDecoderWithVehicleByPercentage;1419,00;Alpha1
N100;97;TimeDecoderWithVehicleByPercentage;1201,60;Alpha1
N100;97;TimeDecoderWithVehicleByPercentage;1296,69;Alpha1
N100;97;TimeDecoderWithVehicleByPercentage;1259,43;Alpha1
N100;97;TimeDecoderWithVehicleByPercentage;1174,70;Alpha1
N100;98;PositionalDecoderWithVehicleByPercentage;1337,56;Alpha1
N100;98;PositionalDecoderWithVehicleByPercentage;1209,67;Alpha1
N100;98;PositionalDecoderWithVehicleByPercentage;1240,25;Alpha1
N100;98;PositionalDecoderWithVehicleByPercentage;1288,65;Alpha1
N100;98;PositionalDecoderWithVehicleByPercentage;1403,16;Alpha1
N100;98;TimeDecoderWithVehicleByPercentage;1268,12;Alpha1
N100;98;TimeDecoderWithVehicleByPercentage;1206,57;Alpha1
N100;98;TimeDecoderWithVehicleByPercentage;1241,33;Alpha1
N100;98;TimeDecoderWithVehicleByPercentage;982,83;Alpha1
N100;98;TimeDecoderWithVehicleByPercentage;1286,10;Alpha1
N100;100;PositionalDecoderWithVehicleByPercentage;1277,74;Alpha1
N100;100;PositionalDecoderWithVehicleByPercentage;1262,88;Alpha1
N100;100;PositionalDecoderWithVehicleByPercentage;1194,79;Alpha1
N100;100;PositionalDecoderWithVehicleByPercentage;1258,83;Alpha1
N100;100;PositionalDecoderWithVehicleByPercentage;1311,79;Alpha1
N100;100;TimeDecoderWithVehicleByPercentage;1264,00;Alpha1
N100;100;TimeDecoderWithVehicleByPercentage;1041,15;Alpha1
N100;100;TimeDecoderWithVehicleByPercentage;1239,84;Alpha1
N100;100;TimeDecoderWithVehicleByPercentage;1185,91;Alpha1
N100;100;TimeDecoderWithVehicleByPercentage;1226,20;Alpha1
N100;94;PositionalDecoderWithVehicleByPercentage;1065,91;Alpha1
N100;94;PositionalDecoderWithVehicleByPercentage;1271,19;Alpha1
N100;94;PositionalDecoderWithVehicleByPercentage;1243,17;Alpha1
N100;94;PositionalDecoderWithVehicleByPercentage;1226,79;Alpha1
N100;94;PositionalDecoderWithVehicleByPercentage;1143,75;Alpha1
N100;94;TimeDecoderWithVehicleByPercentage;1059,19;Alpha1
N100;94;TimeDecoderWithVehicleByPercentage;1245,11;Alpha1
N100;94;TimeDecoderWithVehicleByPercentage;1102,99;Alpha1
N100;94;TimeDecoderWithVehicleByPercentage;1144,22;Alpha1
N100;94;TimeDecoderWithVehicleByPercentage;1238,28;Alpha1
N100;95;PositionalDecoderWithVehicleByPercentage;1333,40;Alpha1
N100;95;PositionalDecoderWithVehicleByPercentage;1241,27;Alpha1
N100;95;PositionalDecoderWithVehicleByPercentage;1358,78;Alpha1
N100;95;PositionalDecoderWithVehicleByPercentage;1367,39;Alpha1
N100;95;PositionalDecoderWithVehicleByPercentage;1224,86;Alpha1
N100;95;TimeDecoderWithVehicleByPercentage;1141,34;Alpha1
N100;95;TimeDecoderWithVehicleByPercentage;1092,86;Alpha1
N100;95;TimeDecoderWithVehicleByPercentage;1214,27;Alpha1
N100;95;TimeDecoderWithVehicleByPercentage;1321,09;Alpha1
N100;95;TimeDecoderWithVehicleByPercentage;1189,22;Alpha1
N100;96;PositionalDecoderWithVehicleByPercentage;1166,44;Alpha1
N100;96;PositionalDecoderWithVehicleByPercentage;1168,55;Alpha1
N100;96;PositionalDecoderWithVehicleByPercentage;1270,36;Alpha1
N100;96;PositionalDecoderWithVehicleByPercentage;1163,99;Alpha1
N100;96;PositionalDecoderWithVehicleByPercentage;1335,93;Alpha1
N100;96;TimeDecoderWithVehicleByPercentage;1306,16;Alpha1
N100;96;TimeDecoderWithVehicleByPercentage;1127,11;Alpha1
N100;96;TimeDecoderWithVehicleByPercentage;1250,37;Alpha1
N100;96;TimeDecoderWithVehicleByPercentage;1179,11;Alpha1
N100;96;TimeDecoderWithVehicleByPercentage;1159,23;Alpha1
N100;99;PositionalDecoderWithVehicleByPercentage;1163,24;Alpha1
N100;99;PositionalDecoderWithVehicleByPercentage;1259,77;Alpha1
N100;99;PositionalDecoderWithVehicleByPercentage;1200,79;Alpha1
N100;99;PositionalDecoderWithVehicleByPercentage;1293,95;Alpha1
N100;99;PositionalDecoderWithVehicleByPercentage;1256,25;Alpha1
N100;99;TimeDecoderWithVehicleByPercentage;1300,06;Alpha1
N100;99;TimeDecoderWithVehicleByPercentage;1198,21;Alpha1
N100;99;TimeDecoderWithVehicleByPercentage;1403,57;Alpha1
N100;99;TimeDecoderWithVehicleByPercentage;1069,05;Alpha1
N100;99;TimeDecoderWithVehicleByPercentage;1210,22;Alpha1
N175;103;PositionalDecoderWithVehicleByPercentage;2252,87;Alpha1
N175;103;PositionalDecoderWithVehicleByPercentage;2250,40;Alpha1
N175;103;PositionalDecoderWithVehicleByPercentage;2236,47;Alpha1
N175;103;PositionalDecoderWithVehicleByPercentage;2058,08;Alpha1
N175;103;PositionalDecoderWithVehicleByPercentage;2273,32;Alpha1
N175;103;TimeDecoderWithVehicleByPercentage;2184,50;Alpha1
N175;103;TimeDecoderWithVehicleByPercentage;2014,79;Alpha1
N175;103;TimeDecoderWithVehicleByPercentage;2147,69;Alpha1
N175;103;TimeDecoderWithVehicleByPercentage;2041,22;Alpha1
N175;103;TimeDecoderWithVehicleByPercentage;2084,35;Alpha1
N175;104;PositionalDecoderWithVehicleByPercentage;2124,92;Alpha1
N175;104;PositionalDecoderWithVehicleByPercentage;2184,12;Alpha1
N175;104;PositionalDecoderWithVehicleByPercentage;2157,30;Alpha1
N175;104;PositionalDecoderWithVehicleByPercentage;2136,21;Alpha1
N175;104;PositionalDecoderWithVehicleByPercentage;2234,93;Alpha1
N175;104;TimeDecoderWithVehicleByPercentage;1971,43;Alpha1
N175;104;TimeDecoderWithVehicleByPercentage;2124,07;Alpha1
N175;104;TimeDecoderWithVehicleByPercentage;2185,22;Alpha1
N175;104;TimeDecoderWithVehicleByPercentage;1978,45;Alpha1
N175;104;TimeDecoderWithVehicleByPercentage;2095,34;Alpha1
N175;105;PositionalDecoderWithVehicleByPercentage;2139,34;Alpha1
N175;105;PositionalDecoderWithVehicleByPercentage;2478,21;Alpha1
N175;105;PositionalDecoderWithVehicleByPercentage;2283,71;Alpha1
N175;105;PositionalDecoderWithVehicleByPercentage;2336,94;Alpha1
N175;105;PositionalDecoderWithVehicleByPercentage;2636,78;Alpha1
N175;105;TimeDecoderWithVehicleByPercentage;2392,99;Alpha1
N175;105;TimeDecoderWithVehicleByPercentage;2115,30;Alpha1
N175;105;TimeDecoderWithVehicleByPercentage;2652,26;Alpha1
N175;105;TimeDecoderWithVehicleByPercentage;2357,81;Alpha1
N175;105;TimeDecoderWithVehicleByPercentage;2409,47;Alpha1
N175;106;PositionalDecoderWithVehicleByPercentage;2274,49;Alpha1
N175;106;PositionalDecoderWithVehicleByPercentage;2090,60;Alpha1
N175;106;PositionalDecoderWithVehicleByPercentage;2094,30;Alpha1
N175;106;PositionalDecoderWithVehicleByPercentage;2185,36;Alpha1
N175;106;PositionalDecoderWithVehicleByPercentage;2102,85;Alpha1
N175;106;TimeDecoderWithVehicleByPercentage;2313,46;Alpha1
N175;106;TimeDecoderWithVehicleByPercentage;2070,39;Alpha1
N175;106;TimeDecoderWithVehicleByPercentage;2172,57;Alpha1
N175;106;TimeDecoderWithVehicleByPercentage;2257,25;Alpha1
N175;106;TimeDecoderWithVehicleByPercentage;2275,55;Alpha1
N175;107;PositionalDecoderWithVehicleByPercentage;2234,72;Alpha1
N175;107;PositionalDecoderWithVehicleByPercentage;2255,59;Alpha1
N175;107;PositionalDecoderWithVehicleByPercentage;2277,37;Alpha1
N175;107;PositionalDecoderWithVehicleByPercentage;2250,70;Alpha1
N175;107;PositionalDecoderWithVehicleByPercentage;2237,90;Alpha1
N175;107;TimeDecoderWithVehicleByPercentage;2343,15;Alpha1
N175;107;TimeDecoderWithVehicleByPercentage;2163,50;Alpha1
N175;107;TimeDecoderWithVehicleByPercentage;2303,52;Alpha1
N175;107;TimeDecoderWithVehicleByPercentage;2226,45;Alpha1
N175;107;TimeDecoderWithVehicleByPercentage;2309,60;Alpha1
N175;108;PositionalDecoderWithVehicleByPercentage;2006,15;Alpha1
N175;108;PositionalDecoderWithVehicleByPercentage;2173,96;Alpha1
N175;108;PositionalDecoderWithVehicleByPercentage;2317,58;Alpha1
N175;108;PositionalDecoderWithVehicleByPercentage;2267,13;Alpha1
N175;108;PositionalDecoderWithVehicleByPercentage;2078,41;Alpha1
N175;108;TimeDecoderWithVehicleByPercentage;2037,86;Alpha1
N175;108;TimeDecoderWithVehicleByPercentage;1911,42;Alpha1
N175;108;TimeDecoderWithVehicleByPercentage;2300,70;Alpha1
N175;108;TimeDecoderWithVehicleByPercentage;2239,97;Alpha1
N175;108;TimeDecoderWithVehicleByPercentage;2334,96;Alpha1
N175;110;PositionalDecoderWithVehicleByPercentage;2178,05;Alpha1
N175;110;PositionalDecoderWithVehicleByPercentage;2228,20;Alpha1
N175;110;PositionalDecoderWithVehicleByPercentage;2192,23;Alpha1
N175;110;PositionalDecoderWithVehicleByPercentage;2185,06;Alpha1
N175;110;PositionalDecoderWithVehicleByPercentage;2228,75;Alpha1
N175;110;TimeDecoderWithVehicleByPercentage;1980,50;Alpha1
N175;110;TimeDecoderWithVehicleByPercentage;2387,92;Alpha1
N175;110;TimeDecoderWithVehicleByPercentage;2194,67;Alpha1
N175;110;TimeDecoderWithVehicleByPercentage;2198,25;Alpha1
N175;110;TimeDecoderWithVehicleByPercentage;2027,56;Alpha1
N175;101;PositionalDecoderWithVehicleByPercentage;2038,26;Alpha1
N175;101;PositionalDecoderWithVehicleByPercentage;2120,10;Alpha1
N175;101;PositionalDecoderWithVehicleByPercentage;1974,71;Alpha1
N175;101;PositionalDecoderWithVehicleByPercentage;2133,46;Alpha1
N175;101;PositionalDecoderWithVehicleByPercentage;2277,07;Alpha1
N175;101;TimeDecoderWithVehicleByPercentage;2198,62;Alpha1
N175;101;TimeDecoderWithVehicleByPercentage;2298,23;Alpha1
N175;101;TimeDecoderWithVehicleByPercentage;2121,39;Alpha1
N175;101;TimeDecoderWithVehicleByPercentage;2102,55;Alpha1
N175;101;TimeDecoderWithVehicleByPercentage;2059,06;Alpha1
N175;102;PositionalDecoderWithVehicleByPercentage;2156,26;Alpha1
N175;102;PositionalDecoderWithVehicleByPercentage;1815,59;Alpha1
N175;102;PositionalDecoderWithVehicleByPercentage;2231,56;Alpha1
N175;102;PositionalDecoderWithVehicleByPercentage;2218,15;Alpha1
N175;102;PositionalDecoderWithVehicleByPercentage;2269,71;Alpha1
N175;102;TimeDecoderWithVehicleByPercentage;2149,79;Alpha1
N175;102;TimeDecoderWithVehicleByPercentage;1891,34;Alpha1
N175;102;TimeDecoderWithVehicleByPercentage;2136,14;Alpha1
N175;102;TimeDecoderWithVehicleByPercentage;2063,12;Alpha1
N175;102;TimeDecoderWithVehicleByPercentage;2028,12;Alpha1
N175;109;PositionalDecoderWithVehicleByPercentage;2242,86;Alpha1
N175;109;PositionalDecoderWithVehicleByPercentage;2161,89;Alpha1
N175;109;PositionalDecoderWithVehicleByPercentage;2151,73;Alpha1
N175;109;PositionalDecoderWithVehicleByPercentage;2105,62;Alpha1
N175;109;PositionalDecoderWithVehicleByPercentage;2276,64;Alpha1
N175;109;TimeDecoderWithVehicleByPercentage;1822,80;Alpha1
N175;109;TimeDecoderWithVehicleByPercentage;2143,20;Alpha1
N175;109;TimeDecoderWithVehicleByPercentage;2300,79;Alpha1
N175;109;TimeDecoderWithVehicleByPercentage;1963,96;Alpha1
N175;109;TimeDecoderWithVehicleByPercentage;2100,68;Alpha1
N250;4;PositionalDecoderWithVehicleByPercentage;3372,32;Alpha1
N250;4;PositionalDecoderWithVehicleByPercentage;3676,81;Alpha1
N250;4;PositionalDecoderWithVehicleByPercentage;3412,44;Alpha1
N250;4;PositionalDecoderWithVehicleByPercentage;3547,11;Alpha1
N250;4;PositionalDecoderWithVehicleByPercentage;3403,03;Alpha1
N250;4;TimeDecoderWithVehicleByPercentage;3713,17;Alpha1
N250;4;TimeDecoderWithVehicleByPercentage;3121,90;Alpha1
N250;4;TimeDecoderWithVehicleByPercentage;3177,35;Alpha1
N250;4;TimeDecoderWithVehicleByPercentage;3201,95;Alpha1
N250;4;TimeDecoderWithVehicleByPercentage;3365,99;Alpha1
N250;8;PositionalDecoderWithVehicleByPercentage;3379,51;Alpha1
N250;8;PositionalDecoderWithVehicleByPercentage;3825,85;Alpha1
N250;8;PositionalDecoderWithVehicleByPercentage;3350,48;Alpha1
N250;8;PositionalDecoderWithVehicleByPercentage;3158,76;Alpha1
N250;8;PositionalDecoderWithVehicleByPercentage;3170,95;Alpha1
N250;8;TimeDecoderWithVehicleByPercentage;3279,15;Alpha1
N250;8;TimeDecoderWithVehicleByPercentage;3137,10;Alpha1
N250;8;TimeDecoderWithVehicleByPercentage;3334,36;Alpha1
N250;8;TimeDecoderWithVehicleByPercentage;3176,26;Alpha1
N250;8;TimeDecoderWithVehicleByPercentage;3257,13;Alpha1
N250;113;PositionalDecoderWithVehicleByPercentage;3167,51;Alpha1
N250;113;PositionalDecoderWithVehicleByPercentage;3368,51;Alpha1
N250;113;PositionalDecoderWithVehicleByPercentage;3395,82;Alpha1
N250;113;PositionalDecoderWithVehicleByPercentage;3399,98;Alpha1
N250;113;PositionalDecoderWithVehicleByPercentage;3445,43;Alpha1
N250;113;TimeDecoderWithVehicleByPercentage;3606,40;Alpha1
N250;113;TimeDecoderWithVehicleByPercentage;3042,80;Alpha1
N250;113;TimeDecoderWithVehicleByPercentage;3681,51;Alpha1
N250;113;TimeDecoderWithVehicleByPercentage;3470,43;Alpha1
N250;113;TimeDecoderWithVehicleByPercentage;3330,93;Alpha1
N250;118;PositionalDecoderWithVehicleByPercentage;3232,62;Alpha1
N250;118;PositionalDecoderWithVehicleByPercentage;3238,09;Alpha1
N250;118;PositionalDecoderWithVehicleByPercentage;3075,73;Alpha1
N250;118;PositionalDecoderWithVehicleByPercentage;3211,12;Alpha1
N250;118;PositionalDecoderWithVehicleByPercentage;3583,58;Alpha1
N250;118;TimeDecoderWithVehicleByPercentage;3496,33;Alpha1
N250;118;TimeDecoderWithVehicleByPercentage;3277,18;Alpha1
N250;118;TimeDecoderWithVehicleByPercentage;3759,86;Alpha1
N250;118;TimeDecoderWithVehicleByPercentage;3435,31;Alpha1
N250;118;TimeDecoderWithVehicleByPercentage;3344,28;Alpha1
N250;1;PositionalDecoderWithVehicleByPercentage;3490,21;Alpha1
N250;1;PositionalDecoderWithVehicleByPercentage;3338,77;Alpha1
N250;1;PositionalDecoderWithVehicleByPercentage;3429,91;Alpha1
N250;1;PositionalDecoderWithVehicleByPercentage;3515,63;Alpha1
N250;1;PositionalDecoderWithVehicleByPercentage;2882,41;Alpha1
N250;1;TimeDecoderWithVehicleByPercentage;3440,42;Alpha1
N250;1;TimeDecoderWithVehicleByPercentage;3108,79;Alpha1
N250;1;TimeDecoderWithVehicleByPercentage;3295,31;Alpha1
N250;1;TimeDecoderWithVehicleByPercentage;3178,68;Alpha1
N250;1;TimeDecoderWithVehicleByPercentage;3717,23;Alpha1
N250;2;PositionalDecoderWithVehicleByPercentage;3131,37;Alpha1
N250;2;PositionalDecoderWithVehicleByPercentage;3025,73;Alpha1
N250;2;PositionalDecoderWithVehicleByPercentage;3086,12;Alpha1
N250;2;PositionalDecoderWithVehicleByPercentage;3256,56;Alpha1
N250;2;PositionalDecoderWithVehicleByPercentage;3265,98;Alpha1
N250;2;TimeDecoderWithVehicleByPercentage;3267,22;Alpha1
N250;2;TimeDecoderWithVehicleByPercentage;3290,32;Alpha1
N250;2;TimeDecoderWithVehicleByPercentage;3041,17;Alpha1
N250;2;TimeDecoderWithVehicleByPercentage;3390,14;Alpha1
N250;2;TimeDecoderWithVehicleByPercentage;3302,87;Alpha1
N250;114;PositionalDecoderWithVehicleByPercentage;3055,08;Alpha1
N250;114;PositionalDecoderWithVehicleByPercentage;3206,37;Alpha1
N250;114;PositionalDecoderWithVehicleByPercentage;3351,00;Alpha1
N250;114;PositionalDecoderWithVehicleByPercentage;3122,59;Alpha1
N250;114;PositionalDecoderWithVehicleByPercentage;3283,40;Alpha1
N250;114;TimeDecoderWithVehicleByPercentage;3566,82;Alpha1
N250;114;TimeDecoderWithVehicleByPercentage;3108,07;Alpha1
N250;114;TimeDecoderWithVehicleByPercentage;3295,81;Alpha1
N250;114;TimeDecoderWithVehicleByPercentage;3321,54;Alpha1
N250;114;TimeDecoderWithVehicleByPercentage;3351,91;Alpha1
N250;115;PositionalDecoderWithVehicleByPercentage;3257,36;Alpha1
N250;115;PositionalDecoderWithVehicleByPercentage;3290,62;Alpha1
N250;115;PositionalDecoderWithVehicleByPercentage;3478,11;Alpha1
N250;115;PositionalDecoderWithVehicleByPercentage;3495,94;Alpha1
N250;115;PositionalDecoderWithVehicleByPercentage;3293,88;Alpha1
N250;115;TimeDecoderWithVehicleByPercentage;3072,41;Alpha1
N250;115;TimeDecoderWithVehicleByPercentage;3302,19;Alpha1
N250;115;TimeDecoderWithVehicleByPercentage;3355,97;Alpha1
N250;115;TimeDecoderWithVehicleByPercentage;3512,97;Alpha1
N250;115;TimeDecoderWithVehicleByPercentage;3281,59;Alpha1
N250;117;PositionalDecoderWithVehicleByPercentage;3459,36;Alpha1
N250;117;PositionalDecoderWithVehicleByPercentage;3403,05;Alpha1
N250;117;PositionalDecoderWithVehicleByPercentage;3488,01;Alpha1
N250;117;PositionalDecoderWithVehicleByPercentage;3153,95;Alpha1
N250;117;PositionalDecoderWithVehicleByPercentage;3087,98;Alpha1
N250;117;TimeDecoderWithVehicleByPercentage;3417,64;Alpha1
N250;117;TimeDecoderWithVehicleByPercentage;3473,24;Alpha1
N250;117;TimeDecoderWithVehicleByPercentage;3074,12;Alpha1
N250;117;TimeDecoderWithVehicleByPercentage;3144,76;Alpha1
N250;117;TimeDecoderWithVehicleByPercentage;3233,78;Alpha1
N250;7;PositionalDecoderWithVehicleByPercentage;3381,68;Alpha1
N250;7;PositionalDecoderWithVehicleByPercentage;3359,43;Alpha1
N250;7;PositionalDecoderWithVehicleByPercentage;3259,14;Alpha1
N250;7;PositionalDecoderWithVehicleByPercentage;3121,29;Alpha1
N250;7;PositionalDecoderWithVehicleByPercentage;3418,59;Alpha1
N250;7;TimeDecoderWithVehicleByPercentage;3101,52;Alpha1
N250;7;TimeDecoderWithVehicleByPercentage;3203,57;Alpha1
N250;7;TimeDecoderWithVehicleByPercentage;3263,17;Alpha1
N250;7;TimeDecoderWithVehicleByPercentage;3397,72;Alpha1
N250;7;TimeDecoderWithVehicleByPercentage;3229,62;Alpha1
N250;9;PositionalDecoderWithVehicleByPercentage;3285,82;Alpha1
N250;9;PositionalDecoderWithVehicleByPercentage;3193,68;Alpha1
N250;9;PositionalDecoderWithVehicleByPercentage;3284,67;Alpha1
N250;9;PositionalDecoderWithVehicleByPercentage;3406,58;Alpha1
N250;9;PositionalDecoderWithVehicleByPercentage;3110,38;Alpha1
N250;9;TimeDecoderWithVehicleByPercentage;3306,98;Alpha1
N250;9;TimeDecoderWithVehicleByPercentage;3153,24;Alpha1
N250;9;TimeDecoderWithVehicleByPercentage;3074,19;Alpha1
N250;9;TimeDecoderWithVehicleByPercentage;3207,87;Alpha1
N250;9;TimeDecoderWithVehicleByPercentage;3207,59;Alpha1
N250;120;PositionalDecoderWithVehicleByPercentage;3325,80;Alpha1
N250;120;PositionalDecoderWithVehicleByPercentage;3554,15;Alpha1
N250;120;PositionalDecoderWithVehicleByPercentage;3293,40;Alpha1
N250;120;PositionalDecoderWithVehicleByPercentage;2941,69;Alpha1
N250;120;PositionalDecoderWithVehicleByPercentage;3357,03;Alpha1
N250;120;TimeDecoderWithVehicleByPercentage;3483,75;Alpha1
N250;120;TimeDecoderWithVehicleByPercentage;3379,96;Alpha1
N250;120;TimeDecoderWithVehicleByPercentage;3330,45;Alpha1
N250;120;TimeDecoderWithVehicleByPercentage;3320,89;Alpha1
N250;120;TimeDecoderWithVehicleByPercentage;3142,87;Alpha1
N250;5;PositionalDecoderWithVehicleByPercentage;3555,07;Alpha1
N250;5;PositionalDecoderWithVehicleByPercentage;3418,43;Alpha1
N250;5;PositionalDecoderWithVehicleByPercentage;3294,54;Alpha1
N250;5;PositionalDecoderWithVehicleByPercentage;3095,52;Alpha1
N250;5;PositionalDecoderWithVehicleByPercentage;3255,91;Alpha1
N250;5;TimeDecoderWithVehicleByPercentage;3288,03;Alpha1
N250;5;TimeDecoderWithVehicleByPercentage;3254,63;Alpha1
N250;5;TimeDecoderWithVehicleByPercentage;3360,20;Alpha1
N250;5;TimeDecoderWithVehicleByPercentage;3084,96;Alpha1
N250;5;TimeDecoderWithVehicleByPercentage;3364,94;Alpha1
N250;10;PositionalDecoderWithVehicleByPercentage;3355,15;Alpha1
N250;10;PositionalDecoderWithVehicleByPercentage;3539,10;Alpha1
N250;10;PositionalDecoderWithVehicleByPercentage;3118,25;Alpha1
N250;10;PositionalDecoderWithVehicleByPercentage;3327,24;Alpha1
N250;10;PositionalDecoderWithVehicleByPercentage;3457,48;Alpha1
N250;10;TimeDecoderWithVehicleByPercentage;3318,13;Alpha1
N250;10;TimeDecoderWithVehicleByPercentage;3153,56;Alpha1
N250;10;TimeDecoderWithVehicleByPercentage;3365,65;Alpha1
N250;10;TimeDecoderWithVehicleByPercentage;3250,77;Alpha1
N250;10;TimeDecoderWithVehicleByPercentage;3115,70;Alpha1
N250;111;PositionalDecoderWithVehicleByPercentage;3373,07;Alpha1
N250;111;PositionalDecoderWithVehicleByPercentage;3140,63;Alpha1
N250;111;PositionalDecoderWithVehicleByPercentage;3298,06;Alpha1
N250;111;PositionalDecoderWithVehicleByPercentage;3241,05;Alpha1
N250;111;PositionalDecoderWithVehicleByPercentage;3468,06;Alpha1
N250;111;TimeDecoderWithVehicleByPercentage;2982,71;Alpha1
N250;111;TimeDecoderWithVehicleByPercentage;3034,76;Alpha1
N250;111;TimeDecoderWithVehicleByPercentage;3416,31;Alpha1
N250;111;TimeDecoderWithVehicleByPercentage;3182,27;Alpha1
N250;111;TimeDecoderWithVehicleByPercentage;3233,82;Alpha1
N250;112;PositionalDecoderWithVehicleByPercentage;3164,77;Alpha1
N250;112;PositionalDecoderWithVehicleByPercentage;3349,04;Alpha1
N250;112;PositionalDecoderWithVehicleByPercentage;3312,23;Alpha1
N250;112;PositionalDecoderWithVehicleByPercentage;3554,09;Alpha1
N250;112;PositionalDecoderWithVehicleByPercentage;3675,03;Alpha1
N250;112;TimeDecoderWithVehicleByPercentage;3129,07;Alpha1
N250;112;TimeDecoderWithVehicleByPercentage;3373,60;Alpha1
N250;112;TimeDecoderWithVehicleByPercentage;3151,46;Alpha1
N250;112;TimeDecoderWithVehicleByPercentage;3578,06;Alpha1
N250;112;TimeDecoderWithVehicleByPercentage;3116,30;Alpha1
N250;116;PositionalDecoderWithVehicleByPercentage;2958,51;Alpha1
N250;116;PositionalDecoderWithVehicleByPercentage;3133,96;Alpha1
N250;116;PositionalDecoderWithVehicleByPercentage;3242,12;Alpha1
N250;116;PositionalDecoderWithVehicleByPercentage;3174,61;Alpha1
N250;116;PositionalDecoderWithVehicleByPercentage;3396,52;Alpha1
N250;116;TimeDecoderWithVehicleByPercentage;3143,24;Alpha1
N250;116;TimeDecoderWithVehicleByPercentage;3012,80;Alpha1
N250;116;TimeDecoderWithVehicleByPercentage;3374,55;Alpha1
N250;116;TimeDecoderWithVehicleByPercentage;3263,65;Alpha1
N250;116;TimeDecoderWithVehicleByPercentage;3355,70;Alpha1
N250;119;PositionalDecoderWithVehicleByPercentage;3250,84;Alpha1
N250;119;PositionalDecoderWithVehicleByPercentage;3309,20;Alpha1
N250;119;PositionalDecoderWithVehicleByPercentage;3521,53;Alpha1
N250;119;PositionalDecoderWithVehicleByPercentage;3510,49;Alpha1
N250;119;PositionalDecoderWithVehicleByPercentage;3186,41;Alpha1
N250;119;TimeDecoderWithVehicleByPercentage;3378,65;Alpha1
N250;119;TimeDecoderWithVehicleByPercentage;3354,64;Alpha1
N250;119;TimeDecoderWithVehicleByPercentage;3479,90;Alpha1
N250;119;TimeDecoderWithVehicleByPercentage;3069,28;Alpha1
N250;119;TimeDecoderWithVehicleByPercentage;3190,75;Alpha1
N250;3;PositionalDecoderWithVehicleByPercentage;3164,05;Alpha1
N250;3;PositionalDecoderWithVehicleByPercentage;3323,04;Alpha1
N250;3;PositionalDecoderWithVehicleByPercentage;3124,86;Alpha1
N250;3;PositionalDecoderWithVehicleByPercentage;3208,39;Alpha1
N250;3;PositionalDecoderWithVehicleByPercentage;3304,28;Alpha1
N250;3;TimeDecoderWithVehicleByPercentage;3216,68;Alpha1
N250;3;TimeDecoderWithVehicleByPercentage;3384,33;Alpha1
N250;3;TimeDecoderWithVehicleByPercentage;3514,34;Alpha1
N250;3;TimeDecoderWithVehicleByPercentage;3199,40;Alpha1
N250;3;TimeDecoderWithVehicleByPercentage;3183,00;Alpha1
N250;6;PositionalDecoderWithVehicleByPercentage;3450,73;Alpha1
N250;6;PositionalDecoderWithVehicleByPercentage;3230,18;Alpha1
N250;6;PositionalDecoderWithVehicleByPercentage;3041,56;Alpha1
N250;6;PositionalDecoderWithVehicleByPercentage;3172,83;Alpha1
N250;6;PositionalDecoderWithVehicleByPercentage;3331,84;Alpha1
N250;6;TimeDecoderWithVehicleByPercentage;3451,22;Alpha1
N250;6;TimeDecoderWithVehicleByPercentage;3339,11;Alpha1
N250;6;TimeDecoderWithVehicleByPercentage;3092,50;Alpha1
N250;6;TimeDecoderWithVehicleByPercentage;3663,87;Alpha1
N250;6;TimeDecoderWithVehicleByPercentage;3503,54;Alpha1
N010;56;PositionalDecoderWithVehicleByPercentage;198,40;Alpha2
N010;56;PositionalDecoderWithVehicleByPercentage;198,40;Alpha2
N010;56;PositionalDecoderWithVehicleByPercentage;171,29;Alpha2
N010;56;PositionalDecoderWithVehicleByPercentage;204,30;Alpha2
N010;56;PositionalDecoderWithVehicleByPercentage;171,29;Alpha2
N010;56;TimeDecoderWithVehicleByPercentage;171,29;Alpha2
N010;56;TimeDecoderWithVehicleByPercentage;175,02;Alpha2
N010;56;TimeDecoderWithVehicleByPercentage;171,29;Alpha2
N010;56;TimeDecoderWithVehicleByPercentage;171,29;Alpha2
N010;56;TimeDecoderWithVehicleByPercentage;171,29;Alpha2
N010;59;PositionalDecoderWithVehicleByPercentage;115,86;Alpha2
N010;59;PositionalDecoderWithVehicleByPercentage;183,51;Alpha2
N010;59;PositionalDecoderWithVehicleByPercentage;115,86;Alpha2
N010;59;PositionalDecoderWithVehicleByPercentage;179,40;Alpha2
N010;59;PositionalDecoderWithVehicleByPercentage;115,86;Alpha2
N010;59;TimeDecoderWithVehicleByPercentage;201,17;Alpha2
N010;59;TimeDecoderWithVehicleByPercentage;115,86;Alpha2
N010;59;TimeDecoderWithVehicleByPercentage;179,40;Alpha2
N010;59;TimeDecoderWithVehicleByPercentage;115,86;Alpha2
N010;59;TimeDecoderWithVehicleByPercentage;187,72;Alpha2
N010;53;PositionalDecoderWithVehicleByPercentage;80,83;Alpha2
N010;53;PositionalDecoderWithVehicleByPercentage;80,83;Alpha2
N010;53;PositionalDecoderWithVehicleByPercentage;93,56;Alpha2
N010;53;PositionalDecoderWithVehicleByPercentage;80,83;Alpha2
N010;53;PositionalDecoderWithVehicleByPercentage;93,56;Alpha2
N010;53;TimeDecoderWithVehicleByPercentage;80,83;Alpha2
N010;53;TimeDecoderWithVehicleByPercentage;80,83;Alpha2
N010;53;TimeDecoderWithVehicleByPercentage;80,83;Alpha2
N010;53;TimeDecoderWithVehicleByPercentage;93,56;Alpha2
N010;53;TimeDecoderWithVehicleByPercentage;80,83;Alpha2
N010;54;PositionalDecoderWithVehicleByPercentage;136,31;Alpha2
N010;54;PositionalDecoderWithVehicleByPercentage;136,31;Alpha2
N010;54;PositionalDecoderWithVehicleByPercentage;136,31;Alpha2
N010;54;PositionalDecoderWithVehicleByPercentage;136,31;Alpha2
N010;54;PositionalDecoderWithVehicleByPercentage;136,31;Alpha2
N010;54;TimeDecoderWithVehicleByPercentage;136,31;Alpha2
N010;54;TimeDecoderWithVehicleByPercentage;136,31;Alpha2
N010;54;TimeDecoderWithVehicleByPercentage;136,31;Alpha2
N010;54;TimeDecoderWithVehicleByPercentage;136,31;Alpha2
N010;54;TimeDecoderWithVehicleByPercentage;176,35;Alpha2
N010;55;PositionalDecoderWithVehicleByPercentage;232,42;Alpha2
N010;55;PositionalDecoderWithVehicleByPercentage;182,37;Alpha2
N010;55;PositionalDecoderWithVehicleByPercentage;240,85;Alpha2
N010;55;PositionalDecoderWithVehicleByPercentage;238,39;Alpha2
N010;55;PositionalDecoderWithVehicleByPercentage;229,10;Alpha2
N010;55;TimeDecoderWithVehicleByPercentage;182,37;Alpha2
N010;55;TimeDecoderWithVehicleByPercentage;182,37;Alpha2
N010;55;TimeDecoderWithVehicleByPercentage;232,42;Alpha2
N010;55;TimeDecoderWithVehicleByPercentage;240,85;Alpha2
N010;55;TimeDecoderWithVehicleByPercentage;182,37;Alpha2
N010;58;PositionalDecoderWithVehicleByPercentage;188,34;Alpha2
N010;58;PositionalDecoderWithVehicleByPercentage;188,34;Alpha2
N010;58;PositionalDecoderWithVehicleByPercentage;188,34;Alpha2
N010;58;PositionalDecoderWithVehicleByPercentage;188,34;Alpha2
N010;58;PositionalDecoderWithVehicleByPercentage;188,34;Alpha2
N010;58;TimeDecoderWithVehicleByPercentage;189,51;Alpha2
N010;58;TimeDecoderWithVehicleByPercentage;188,34;Alpha2
N010;58;TimeDecoderWithVehicleByPercentage;163,35;Alpha2
N010;58;TimeDecoderWithVehicleByPercentage;188,34;Alpha2
N010;58;TimeDecoderWithVehicleByPercentage;184,33;Alpha2
N010;60;PositionalDecoderWithVehicleByPercentage;164,92;Alpha2
N010;60;PositionalDecoderWithVehicleByPercentage;222,76;Alpha2
N010;60;PositionalDecoderWithVehicleByPercentage;164,92;Alpha2
N010;60;PositionalDecoderWithVehicleByPercentage;241,94;Alpha2
N010;60;PositionalDecoderWithVehicleByPercentage;164,92;Alpha2
N010;60;TimeDecoderWithVehicleByPercentage;164,92;Alpha2
N010;60;TimeDecoderWithVehicleByPercentage;164,92;Alpha2
N010;60;TimeDecoderWithVehicleByPercentage;181,59;Alpha2
N010;60;TimeDecoderWithVehicleByPercentage;164,92;Alpha2
N010;60;TimeDecoderWithVehicleByPercentage;164,92;Alpha2
N010;51;PositionalDecoderWithVehicleByPercentage;204,23;Alpha2
N010;51;PositionalDecoderWithVehicleByPercentage;223,46;Alpha2
N010;51;PositionalDecoderWithVehicleByPercentage;222,63;Alpha2
N010;51;PositionalDecoderWithVehicleByPercentage;222,63;Alpha2
N010;51;PositionalDecoderWithVehicleByPercentage;204,23;Alpha2
N010;51;TimeDecoderWithVehicleByPercentage;204,23;Alpha2
N010;51;TimeDecoderWithVehicleByPercentage;230,71;Alpha2
N010;51;TimeDecoderWithVehicleByPercentage;204,23;Alpha2
N010;51;TimeDecoderWithVehicleByPercentage;222,63;Alpha2
N010;51;TimeDecoderWithVehicleByPercentage;226,91;Alpha2
N010;52;PositionalDecoderWithVehicleByPercentage;179,38;Alpha2
N010;52;PositionalDecoderWithVehicleByPercentage;124,95;Alpha2
N010;52;PositionalDecoderWithVehicleByPercentage;160,84;Alpha2
N010;52;PositionalDecoderWithVehicleByPercentage;142,21;Alpha2
N010;52;PositionalDecoderWithVehicleByPercentage;185,12;Alpha2
N010;52;TimeDecoderWithVehicleByPercentage;191,29;Alpha2
N010;52;TimeDecoderWithVehicleByPercentage;179,38;Alpha2
N010;52;TimeDecoderWithVehicleByPercentage;124,95;Alpha2
N010;52;TimeDecoderWithVehicleByPercentage;124,95;Alpha2
N010;52;TimeDecoderWithVehicleByPercentage;124,95;Alpha2
N010;57;PositionalDecoderWithVehicleByPercentage;66,81;Alpha2
N010;57;PositionalDecoderWithVehicleByPercentage;66,81;Alpha2
N010;57;PositionalDecoderWithVehicleByPercentage;66,81;Alpha2
N010;57;PositionalDecoderWithVehicleByPercentage;66,81;Alpha2
N010;57;PositionalDecoderWithVehicleByPercentage;66,81;Alpha2
N010;57;TimeDecoderWithVehicleByPercentage;66,81;Alpha2
N010;57;TimeDecoderWithVehicleByPercentage;171,50;Alpha2
N010;57;TimeDecoderWithVehicleByPercentage;66,81;Alpha2
N010;57;TimeDecoderWithVehicleByPercentage;66,81;Alpha2
N010;57;TimeDecoderWithVehicleByPercentage;66,81;Alpha2
N020;65;PositionalDecoderWithVehicleByPercentage;273,86;Alpha2
N020;65;PositionalDecoderWithVehicleByPercentage;301,92;Alpha2
N020;65;PositionalDecoderWithVehicleByPercentage;299,55;Alpha2
N020;65;PositionalDecoderWithVehicleByPercentage;302,45;Alpha2
N020;65;PositionalDecoderWithVehicleByPercentage;298,55;Alpha2
N020;65;TimeDecoderWithVehicleByPercentage;290,21;Alpha2
N020;65;TimeDecoderWithVehicleByPercentage;317,32;Alpha2
N020;65;TimeDecoderWithVehicleByPercentage;362,36;Alpha2
N020;65;TimeDecoderWithVehicleByPercentage;303,64;Alpha2
N020;65;TimeDecoderWithVehicleByPercentage;300,42;Alpha2
N020;62;PositionalDecoderWithVehicleByPercentage;266,60;Alpha2
N020;62;PositionalDecoderWithVehicleByPercentage;285,61;Alpha2
N020;62;PositionalDecoderWithVehicleByPercentage;269,74;Alpha2
N020;62;PositionalDecoderWithVehicleByPercentage;246,30;Alpha2
N020;62;PositionalDecoderWithVehicleByPercentage;294,17;Alpha2
N020;62;TimeDecoderWithVehicleByPercentage;293,15;Alpha2
N020;62;TimeDecoderWithVehicleByPercentage;315,94;Alpha2
N020;62;TimeDecoderWithVehicleByPercentage;264,02;Alpha2
N020;62;TimeDecoderWithVehicleByPercentage;293,21;Alpha2
N020;62;TimeDecoderWithVehicleByPercentage;266,48;Alpha2
N020;63;PositionalDecoderWithVehicleByPercentage;284,50;Alpha2
N020;63;PositionalDecoderWithVehicleByPercentage;283,11;Alpha2
N020;63;PositionalDecoderWithVehicleByPercentage;299,15;Alpha2
N020;63;PositionalDecoderWithVehicleByPercentage;299,90;Alpha2
N020;63;PositionalDecoderWithVehicleByPercentage;321,61;Alpha2
N020;63;TimeDecoderWithVehicleByPercentage;318,80;Alpha2
N020;63;TimeDecoderWithVehicleByPercentage;328,42;Alpha2
N020;63;TimeDecoderWithVehicleByPercentage;273,16;Alpha2
N020;63;TimeDecoderWithVehicleByPercentage;306,51;Alpha2
N020;63;TimeDecoderWithVehicleByPercentage;322,46;Alpha2
N020;64;PositionalDecoderWithVehicleByPercentage;262,59;Alpha2
N020;64;PositionalDecoderWithVehicleByPercentage;290,73;Alpha2
N020;64;PositionalDecoderWithVehicleByPercentage;267,20;Alpha2
N020;64;PositionalDecoderWithVehicleByPercentage;212,46;Alpha2
N020;64;PositionalDecoderWithVehicleByPercentage;191,12;Alpha2
N020;64;TimeDecoderWithVehicleByPercentage;252,88;Alpha2
N020;64;TimeDecoderWithVehicleByPercentage;219,29;Alpha2
N020;64;TimeDecoderWithVehicleByPercentage;217,46;Alpha2
N020;64;TimeDecoderWithVehicleByPercentage;233,93;Alpha2
N020;64;TimeDecoderWithVehicleByPercentage;246,40;Alpha2
N020;66;PositionalDecoderWithVehicleByPercentage;279,48;Alpha2
N020;66;PositionalDecoderWithVehicleByPercentage;250,65;Alpha2
N020;66;PositionalDecoderWithVehicleByPercentage;269,03;Alpha2
N020;66;PositionalDecoderWithVehicleByPercentage;265,88;Alpha2
N020;66;PositionalDecoderWithVehicleByPercentage;262,68;Alpha2
N020;66;TimeDecoderWithVehicleByPercentage;276,49;Alpha2
N020;66;TimeDecoderWithVehicleByPercentage;253,45;Alpha2
N020;66;TimeDecoderWithVehicleByPercentage;244,49;Alpha2
N020;66;TimeDecoderWithVehicleByPercentage;282,24;Alpha2
N020;66;TimeDecoderWithVehicleByPercentage;271,61;Alpha2
N020;67;PositionalDecoderWithVehicleByPercentage;296,82;Alpha2
N020;67;PositionalDecoderWithVehicleByPercentage;303,75;Alpha2
N020;67;PositionalDecoderWithVehicleByPercentage;332,59;Alpha2
N020;67;PositionalDecoderWithVehicleByPercentage;312,39;Alpha2
N020;67;PositionalDecoderWithVehicleByPercentage;285,95;Alpha2
N020;67;TimeDecoderWithVehicleByPercentage;286,44;Alpha2
N020;67;TimeDecoderWithVehicleByPercentage;263,73;Alpha2
N020;67;TimeDecoderWithVehicleByPercentage;289,94;Alpha2
N020;67;TimeDecoderWithVehicleByPercentage;289,91;Alpha2
N020;67;TimeDecoderWithVehicleByPercentage;300,92;Alpha2
N020;68;PositionalDecoderWithVehicleByPercentage;330,79;Alpha2
N020;68;PositionalDecoderWithVehicleByPercentage;267,58;Alpha2
N020;68;PositionalDecoderWithVehicleByPercentage;291,47;Alpha2
N020;68;PositionalDecoderWithVehicleByPercentage;326,31;Alpha2
N020;68;PositionalDecoderWithVehicleByPercentage;322,55;Alpha2
N020;68;TimeDecoderWithVehicleByPercentage;298,01;Alpha2
N020;68;TimeDecoderWithVehicleByPercentage;309,66;Alpha2
N020;68;TimeDecoderWithVehicleByPercentage;348,09;Alpha2
N020;68;TimeDecoderWithVehicleByPercentage;310,35;Alpha2
N020;68;TimeDecoderWithVehicleByPercentage;329,40;Alpha2
N020;69;PositionalDecoderWithVehicleByPercentage;282,21;Alpha2
N020;69;PositionalDecoderWithVehicleByPercentage;278,79;Alpha2
N020;69;PositionalDecoderWithVehicleByPercentage;241,21;Alpha2
N020;69;PositionalDecoderWithVehicleByPercentage;247,29;Alpha2
N020;69;PositionalDecoderWithVehicleByPercentage;294,55;Alpha2
N020;69;TimeDecoderWithVehicleByPercentage;326,74;Alpha2
N020;69;TimeDecoderWithVehicleByPercentage;265,40;Alpha2
N020;69;TimeDecoderWithVehicleByPercentage;305,16;Alpha2
N020;69;TimeDecoderWithVehicleByPercentage;245,31;Alpha2
N020;69;TimeDecoderWithVehicleByPercentage;296,14;Alpha2
N020;70;PositionalDecoderWithVehicleByPercentage;291,94;Alpha2
N020;70;PositionalDecoderWithVehicleByPercentage;290,57;Alpha2
N020;70;PositionalDecoderWithVehicleByPercentage;242,99;Alpha2
N020;70;PositionalDecoderWithVehicleByPercentage;262,63;Alpha2
N020;70;PositionalDecoderWithVehicleByPercentage;265,38;Alpha2
N020;70;TimeDecoderWithVehicleByPercentage;266,64;Alpha2
N020;70;TimeDecoderWithVehicleByPercentage;289,72;Alpha2
N020;70;TimeDecoderWithVehicleByPercentage;274,65;Alpha2
N020;70;TimeDecoderWithVehicleByPercentage;246,99;Alpha2
N020;70;TimeDecoderWithVehicleByPercentage;298,53;Alpha2
N020;61;PositionalDecoderWithVehicleByPercentage;194,73;Alpha2
N020;61;PositionalDecoderWithVehicleByPercentage;240,91;Alpha2
N020;61;PositionalDecoderWithVehicleByPercentage;189,96;Alpha2
N020;61;PositionalDecoderWithVehicleByPercentage;234,28;Alpha2
N020;61;PositionalDecoderWithVehicleByPercentage;231,92;Alpha2
N020;61;TimeDecoderWithVehicleByPercentage;290,39;Alpha2
N020;61;TimeDecoderWithVehicleByPercentage;229,08;Alpha2
N020;61;TimeDecoderWithVehicleByPercentage;234,14;Alpha2
N020;61;TimeDecoderWithVehicleByPercentage;219,36;Alpha2
N020;61;TimeDecoderWithVehicleByPercentage;190,41;Alpha2
N050;72;PositionalDecoderWithVehicleByPercentage;704,68;Alpha2
N050;72;PositionalDecoderWithVehicleByPercentage;660,51;Alpha2
N050;72;PositionalDecoderWithVehicleByPercentage;638,85;Alpha2
N050;72;PositionalDecoderWithVehicleByPercentage;622,17;Alpha2
N050;72;PositionalDecoderWithVehicleByPercentage;646,86;Alpha2
N050;72;TimeDecoderWithVehicleByPercentage;670,94;Alpha2
N050;72;TimeDecoderWithVehicleByPercentage;646,79;Alpha2
N050;72;TimeDecoderWithVehicleByPercentage;583,34;Alpha2
N050;72;TimeDecoderWithVehicleByPercentage;663,51;Alpha2
N050;72;TimeDecoderWithVehicleByPercentage;810,29;Alpha2
N050;78;PositionalDecoderWithVehicleByPercentage;532,84;Alpha2
N050;78;PositionalDecoderWithVehicleByPercentage;652,12;Alpha2
N050;78;PositionalDecoderWithVehicleByPercentage;550,02;Alpha2
N050;78;PositionalDecoderWithVehicleByPercentage;668,15;Alpha2
N050;78;PositionalDecoderWithVehicleByPercentage;791,82;Alpha2
N050;78;TimeDecoderWithVehicleByPercentage;718,69;Alpha2
N050;78;TimeDecoderWithVehicleByPercentage;637,02;Alpha2
N050;78;TimeDecoderWithVehicleByPercentage;651,52;Alpha2
N050;78;TimeDecoderWithVehicleByPercentage;542,36;Alpha2
N050;78;TimeDecoderWithVehicleByPercentage;603,51;Alpha2
N050;71;PositionalDecoderWithVehicleByPercentage;647,02;Alpha2
N050;71;PositionalDecoderWithVehicleByPercentage;614,59;Alpha2
N050;71;PositionalDecoderWithVehicleByPercentage;559,89;Alpha2
N050;71;PositionalDecoderWithVehicleByPercentage;643,54;Alpha2
N050;71;PositionalDecoderWithVehicleByPercentage;645,88;Alpha2
N050;71;TimeDecoderWithVehicleByPercentage;547,80;Alpha2
N050;71;TimeDecoderWithVehicleByPercentage;744,73;Alpha2
N050;71;TimeDecoderWithVehicleByPercentage;595,81;Alpha2
N050;71;TimeDecoderWithVehicleByPercentage;558,70;Alpha2
N050;71;TimeDecoderWithVehicleByPercentage;639,27;Alpha2
N050;73;PositionalDecoderWithVehicleByPercentage;661,02;Alpha2
N050;73;PositionalDecoderWithVehicleByPercentage;743,16;Alpha2
N050;73;PositionalDecoderWithVehicleByPercentage;602,12;Alpha2
N050;73;PositionalDecoderWithVehicleByPercentage;717,60;Alpha2
N050;73;PositionalDecoderWithVehicleByPercentage;731,97;Alpha2
N050;73;TimeDecoderWithVehicleByPercentage;634,58;Alpha2
N050;73;TimeDecoderWithVehicleByPercentage;648,20;Alpha2
N050;73;TimeDecoderWithVehicleByPercentage;611,98;Alpha2
N050;73;TimeDecoderWithVehicleByPercentage;746,72;Alpha2
N050;73;TimeDecoderWithVehicleByPercentage;701,56;Alpha2
N050;74;PositionalDecoderWithVehicleByPercentage;580,46;Alpha2
N050;74;PositionalDecoderWithVehicleByPercentage;623,63;Alpha2
N050;74;PositionalDecoderWithVehicleByPercentage;571,73;Alpha2
N050;74;PositionalDecoderWithVehicleByPercentage;630,14;Alpha2
N050;74;PositionalDecoderWithVehicleByPercentage;585,93;Alpha2
N050;74;TimeDecoderWithVehicleByPercentage;634,44;Alpha2
N050;74;TimeDecoderWithVehicleByPercentage;645,67;Alpha2
N050;74;TimeDecoderWithVehicleByPercentage;567,07;Alpha2
N050;74;TimeDecoderWithVehicleByPercentage;500,39;Alpha2
N050;74;TimeDecoderWithVehicleByPercentage;597,60;Alpha2
N050;75;PositionalDecoderWithVehicleByPercentage;637,59;Alpha2
N050;75;PositionalDecoderWithVehicleByPercentage;702,95;Alpha2
N050;75;PositionalDecoderWithVehicleByPercentage;655,93;Alpha2
N050;75;PositionalDecoderWithVehicleByPercentage;692,50;Alpha2
N050;75;PositionalDecoderWithVehicleByPercentage;648,58;Alpha2
N050;75;TimeDecoderWithVehicleByPercentage;682,54;Alpha2
N050;75;TimeDecoderWithVehicleByPercentage;669,04;Alpha2
N050;75;TimeDecoderWithVehicleByPercentage;717,22;Alpha2
N050;75;TimeDecoderWithVehicleByPercentage;781,30;Alpha2
N050;75;TimeDecoderWithVehicleByPercentage;661,83;Alpha2
N050;76;PositionalDecoderWithVehicleByPercentage;576,48;Alpha2
N050;76;PositionalDecoderWithVehicleByPercentage;568,42;Alpha2
N050;76;PositionalDecoderWithVehicleByPercentage;805,98;Alpha2
N050;76;PositionalDecoderWithVehicleByPercentage;556,83;Alpha2
N050;76;PositionalDecoderWithVehicleByPercentage;664,48;Alpha2
N050;76;TimeDecoderWithVehicleByPercentage;568,38;Alpha2
N050;76;TimeDecoderWithVehicleByPercentage;733,00;Alpha2
N050;76;TimeDecoderWithVehicleByPercentage;612,95;Alpha2
N050;76;TimeDecoderWithVehicleByPercentage;650,37;Alpha2
N050;76;TimeDecoderWithVehicleByPercentage;652,33;Alpha2
N050;77;PositionalDecoderWithVehicleByPercentage;601,75;Alpha2
N050;77;PositionalDecoderWithVehicleByPercentage;682,21;Alpha2
N050;77;PositionalDecoderWithVehicleByPercentage;657,76;Alpha2
N050;77;PositionalDecoderWithVehicleByPercentage;597,38;Alpha2
N050;77;PositionalDecoderWithVehicleByPercentage;632,02;Alpha2
N050;77;TimeDecoderWithVehicleByPercentage;692,03;Alpha2
N050;77;TimeDecoderWithVehicleByPercentage;549,41;Alpha2
N050;77;TimeDecoderWithVehicleByPercentage;645,37;Alpha2
N050;77;TimeDecoderWithVehicleByPercentage;715,81;Alpha2
N050;77;TimeDecoderWithVehicleByPercentage;591,28;Alpha2
N050;79;PositionalDecoderWithVehicleByPercentage;585,36;Alpha2
N050;79;PositionalDecoderWithVehicleByPercentage;585,56;Alpha2
N050;79;PositionalDecoderWithVehicleByPercentage;666,48;Alpha2
N050;79;PositionalDecoderWithVehicleByPercentage;616,46;Alpha2
N050;79;PositionalDecoderWithVehicleByPercentage;677,51;Alpha2
N050;79;TimeDecoderWithVehicleByPercentage;511,35;Alpha2
N050;79;TimeDecoderWithVehicleByPercentage;531,82;Alpha2
N050;79;TimeDecoderWithVehicleByPercentage;564,10;Alpha2
N050;79;TimeDecoderWithVehicleByPercentage;516,67;Alpha2
N050;79;TimeDecoderWithVehicleByPercentage;571,31;Alpha2
N050;80;PositionalDecoderWithVehicleByPercentage;485,82;Alpha2
N050;80;PositionalDecoderWithVehicleByPercentage;590,79;Alpha2
N050;80;PositionalDecoderWithVehicleByPercentage;593,18;Alpha2
N050;80;PositionalDecoderWithVehicleByPercentage;556,06;Alpha2
N050;80;PositionalDecoderWithVehicleByPercentage;538,16;Alpha2
N050;80;TimeDecoderWithVehicleByPercentage;715,97;Alpha2
N050;80;TimeDecoderWithVehicleByPercentage;563,80;Alpha2
N050;80;TimeDecoderWithVehicleByPercentage;716,45;Alpha2
N050;80;TimeDecoderWithVehicleByPercentage;667,39;Alpha2
N050;80;TimeDecoderWithVehicleByPercentage;646,34;Alpha2
N075;81;PositionalDecoderWithVehicleByPercentage;944,58;Alpha2
N075;81;PositionalDecoderWithVehicleByPercentage;910,02;Alpha2
N075;81;PositionalDecoderWithVehicleByPercentage;1001,87;Alpha2
N075;81;PositionalDecoderWithVehicleByPercentage;876,82;Alpha2
N075;81;PositionalDecoderWithVehicleByPercentage;924,49;Alpha2
N075;81;TimeDecoderWithVehicleByPercentage;1008,51;Alpha2
N075;81;TimeDecoderWithVehicleByPercentage;976,71;Alpha2
N075;81;TimeDecoderWithVehicleByPercentage;824,35;Alpha2
N075;81;TimeDecoderWithVehicleByPercentage;893,41;Alpha2
N075;81;TimeDecoderWithVehicleByPercentage;987,72;Alpha2
N075;82;PositionalDecoderWithVehicleByPercentage;868,76;Alpha2
N075;82;PositionalDecoderWithVehicleByPercentage;1000,68;Alpha2
N075;82;PositionalDecoderWithVehicleByPercentage;1014,07;Alpha2
N075;82;PositionalDecoderWithVehicleByPercentage;810,77;Alpha2
N075;82;PositionalDecoderWithVehicleByPercentage;757,74;Alpha2
N075;82;TimeDecoderWithVehicleByPercentage;937,74;Alpha2
N075;82;TimeDecoderWithVehicleByPercentage;948,10;Alpha2
N075;82;TimeDecoderWithVehicleByPercentage;949,68;Alpha2
N075;82;TimeDecoderWithVehicleByPercentage;827,53;Alpha2
N075;82;TimeDecoderWithVehicleByPercentage;921,99;Alpha2
N075;86;PositionalDecoderWithVehicleByPercentage;982,44;Alpha2
N075;86;PositionalDecoderWithVehicleByPercentage;932,63;Alpha2
N075;86;PositionalDecoderWithVehicleByPercentage;804,61;Alpha2
N075;86;PositionalDecoderWithVehicleByPercentage;876,90;Alpha2
N075;86;PositionalDecoderWithVehicleByPercentage;736,77;Alpha2
N075;86;TimeDecoderWithVehicleByPercentage;839,76;Alpha2
N075;86;TimeDecoderWithVehicleByPercentage;916,29;Alpha2
N075;86;TimeDecoderWithVehicleByPercentage;784,42;Alpha2
N075;86;TimeDecoderWithVehicleByPercentage;1071,27;Alpha2
N075;86;TimeDecoderWithVehicleByPercentage;793,41;Alpha2
N075;88;PositionalDecoderWithVehicleByPercentage;1039,83;Alpha2
N075;88;PositionalDecoderWithVehicleByPercentage;954,98;Alpha2
N075;88;PositionalDecoderWithVehicleByPercentage;1084,77;Alpha2
N075;88;PositionalDecoderWithVehicleByPercentage;973,77;Alpha2
N075;88;PositionalDecoderWithVehicleByPercentage;1008,48;Alpha2
N075;88;TimeDecoderWithVehicleByPercentage;883,02;Alpha2
N075;88;TimeDecoderWithVehicleByPercentage;999,63;Alpha2
N075;88;TimeDecoderWithVehicleByPercentage;948,30;Alpha2
N075;88;TimeDecoderWithVehicleByPercentage;956,10;Alpha2
N075;88;TimeDecoderWithVehicleByPercentage;1113,42;Alpha2
N075;90;PositionalDecoderWithVehicleByPercentage;948,40;Alpha2
N075;90;PositionalDecoderWithVehicleByPercentage;858,26;Alpha2
N075;90;PositionalDecoderWithVehicleByPercentage;1089,05;Alpha2
N075;90;PositionalDecoderWithVehicleByPercentage;901,31;Alpha2
N075;90;PositionalDecoderWithVehicleByPercentage;925,60;Alpha2
N075;90;TimeDecoderWithVehicleByPercentage;980,66;Alpha2
N075;90;TimeDecoderWithVehicleByPercentage;898,01;Alpha2
N075;90;TimeDecoderWithVehicleByPercentage;724,79;Alpha2
N075;90;TimeDecoderWithVehicleByPercentage;874,35;Alpha2
N075;90;TimeDecoderWithVehicleByPercentage;859,26;Alpha2
N075;83;PositionalDecoderWithVehicleByPercentage;725,17;Alpha2
N075;83;PositionalDecoderWithVehicleByPercentage;827,97;Alpha2
N075;83;PositionalDecoderWithVehicleByPercentage;861,15;Alpha2
N075;83;PositionalDecoderWithVehicleByPercentage;890,46;Alpha2
N075;83;PositionalDecoderWithVehicleByPercentage;925,91;Alpha2
N075;83;TimeDecoderWithVehicleByPercentage;769,13;Alpha2
N075;83;TimeDecoderWithVehicleByPercentage;819,01;Alpha2
N075;83;TimeDecoderWithVehicleByPercentage;930,85;Alpha2
N075;83;TimeDecoderWithVehicleByPercentage;724,17;Alpha2
N075;83;TimeDecoderWithVehicleByPercentage;898,82;Alpha2
N075;84;PositionalDecoderWithVehicleByPercentage;900,91;Alpha2
N075;84;PositionalDecoderWithVehicleByPercentage;965,24;Alpha2
N075;84;PositionalDecoderWithVehicleByPercentage;926,39;Alpha2
N075;84;PositionalDecoderWithVehicleByPercentage;946,68;Alpha2
N075;84;PositionalDecoderWithVehicleByPercentage;923,09;Alpha2
N075;84;TimeDecoderWithVehicleByPercentage;942,42;Alpha2
N075;84;TimeDecoderWithVehicleByPercentage;907,97;Alpha2
N075;84;TimeDecoderWithVehicleByPercentage;790,27;Alpha2
N075;84;TimeDecoderWithVehicleByPercentage;797,91;Alpha2
N075;84;TimeDecoderWithVehicleByPercentage;864,00;Alpha2
N075;85;PositionalDecoderWithVehicleByPercentage;846,42;Alpha2
N075;85;PositionalDecoderWithVehicleByPercentage;893,94;Alpha2
N075;85;PositionalDecoderWithVehicleByPercentage;1061,44;Alpha2
N075;85;PositionalDecoderWithVehicleByPercentage;962,70;Alpha2
N075;85;PositionalDecoderWithVehicleByPercentage;1039,47;Alpha2
N075;85;TimeDecoderWithVehicleByPercentage;1030,31;Alpha2
N075;85;TimeDecoderWithVehicleByPercentage;995,14;Alpha2
N075;85;TimeDecoderWithVehicleByPercentage;973,31;Alpha2
N075;85;TimeDecoderWithVehicleByPercentage;918,30;Alpha2
N075;85;TimeDecoderWithVehicleByPercentage;784,20;Alpha2
N075;87;PositionalDecoderWithVehicleByPercentage;899,89;Alpha2
N075;87;PositionalDecoderWithVehicleByPercentage;813,00;Alpha2
N075;87;PositionalDecoderWithVehicleByPercentage;925,85;Alpha2
N075;87;PositionalDecoderWithVehicleByPercentage;989,46;Alpha2
N075;87;PositionalDecoderWithVehicleByPercentage;912,76;Alpha2
N075;87;TimeDecoderWithVehicleByPercentage;817,26;Alpha2
N075;87;TimeDecoderWithVehicleByPercentage;887,61;Alpha2
N075;87;TimeDecoderWithVehicleByPercentage;744,76;Alpha2
N075;87;TimeDecoderWithVehicleByPercentage;848,58;Alpha2
N075;87;TimeDecoderWithVehicleByPercentage;833,58;Alpha2
N075;89;PositionalDecoderWithVehicleByPercentage;913,11;Alpha2
N075;89;PositionalDecoderWithVehicleByPercentage;842,27;Alpha2
N075;89;PositionalDecoderWithVehicleByPercentage;887,58;Alpha2
N075;89;PositionalDecoderWithVehicleByPercentage;939,20;Alpha2
N075;89;PositionalDecoderWithVehicleByPercentage;814,37;Alpha2
N075;89;TimeDecoderWithVehicleByPercentage;739,36;Alpha2
N075;89;TimeDecoderWithVehicleByPercentage;845,26;Alpha2
N075;89;TimeDecoderWithVehicleByPercentage;807,69;Alpha2
N075;89;TimeDecoderWithVehicleByPercentage;833,30;Alpha2
N075;89;TimeDecoderWithVehicleByPercentage;896,29;Alpha2
N100;98;PositionalDecoderWithVehicleByPercentage;1303,54;Alpha2
N100;98;PositionalDecoderWithVehicleByPercentage;1273,40;Alpha2
N100;98;PositionalDecoderWithVehicleByPercentage;1226,16;Alpha2
N100;98;PositionalDecoderWithVehicleByPercentage;1253,48;Alpha2
N100;98;PositionalDecoderWithVehicleByPercentage;1182,81;Alpha2
N100;98;TimeDecoderWithVehicleByPercentage;1212,98;Alpha2
N100;98;TimeDecoderWithVehicleByPercentage;1146,51;Alpha2
N100;98;TimeDecoderWithVehicleByPercentage;1247,85;Alpha2
N100;98;TimeDecoderWithVehicleByPercentage;1234,03;Alpha2
N100;98;TimeDecoderWithVehicleByPercentage;1153,37;Alpha2
N100;91;PositionalDecoderWithVehicleByPercentage;1222,01;Alpha2
N100;91;PositionalDecoderWithVehicleByPercentage;1136,29;Alpha2
N100;91;PositionalDecoderWithVehicleByPercentage;1260,57;Alpha2
N100;91;PositionalDecoderWithVehicleByPercentage;1118,77;Alpha2
N100;91;PositionalDecoderWithVehicleByPercentage;1070,23;Alpha2
N100;91;TimeDecoderWithVehicleByPercentage;1252,54;Alpha2
N100;91;TimeDecoderWithVehicleByPercentage;1184,65;Alpha2
N100;91;TimeDecoderWithVehicleByPercentage;1016,93;Alpha2
N100;91;TimeDecoderWithVehicleByPercentage;1116,01;Alpha2
N100;91;TimeDecoderWithVehicleByPercentage;1137,33;Alpha2
N100;93;PositionalDecoderWithVehicleByPercentage;1079,19;Alpha2
N100;93;PositionalDecoderWithVehicleByPercentage;1202,31;Alpha2
N100;93;PositionalDecoderWithVehicleByPercentage;1166,95;Alpha2
N100;93;PositionalDecoderWithVehicleByPercentage;1153,30;Alpha2
N100;93;PositionalDecoderWithVehicleByPercentage;1136,28;Alpha2
N100;93;TimeDecoderWithVehicleByPercentage;1283,17;Alpha2
N100;93;TimeDecoderWithVehicleByPercentage;1173,24;Alpha2
N100;93;TimeDecoderWithVehicleByPercentage;1113,04;Alpha2
N100;93;TimeDecoderWithVehicleByPercentage;1204,93;Alpha2
N100;93;TimeDecoderWithVehicleByPercentage;1331,20;Alpha2
N100;94;PositionalDecoderWithVehicleByPercentage;1129,29;Alpha2
N100;94;PositionalDecoderWithVehicleByPercentage;1160,00;Alpha2
N100;94;PositionalDecoderWithVehicleByPercentage;1170,79;Alpha2
N100;94;PositionalDecoderWithVehicleByPercentage;1252,87;Alpha2
N100;94;PositionalDecoderWithVehicleByPercentage;1268,81;Alpha2
N100;94;TimeDecoderWithVehicleByPercentage;1224,79;Alpha2
N100;94;TimeDecoderWithVehicleByPercentage;1164,90;Alpha2
N100;94;TimeDecoderWithVehicleByPercentage;1319,12;Alpha2
N100;94;TimeDecoderWithVehicleByPercentage;1203,77;Alpha2
N100;94;TimeDecoderWithVehicleByPercentage;1232,87;Alpha2
N100;95;PositionalDecoderWithVehicleByPercentage;1212,87;Alpha2
N100;95;PositionalDecoderWithVehicleByPercentage;1411,20;Alpha2
N100;95;PositionalDecoderWithVehicleByPercentage;1411,95;Alpha2
N100;95;PositionalDecoderWithVehicleByPercentage;1241,07;Alpha2
N100;95;PositionalDecoderWithVehicleByPercentage;1267,31;Alpha2
N100;95;TimeDecoderWithVehicleByPercentage;1172,93;Alpha2
N100;95;TimeDecoderWithVehicleByPercentage;1320,46;Alpha2
N100;95;TimeDecoderWithVehicleByPercentage;1374,19;Alpha2
N100;95;TimeDecoderWithVehicleByPercentage;1191,00;Alpha2
N100;95;TimeDecoderWithVehicleByPercentage;1363,91;Alpha2
N100;96;PositionalDecoderWithVehicleByPercentage;1288,05;Alpha2
N100;96;PositionalDecoderWithVehicleByPercentage;1436,77;Alpha2
N100;96;PositionalDecoderWithVehicleByPercentage;1138,88;Alpha2
N100;96;PositionalDecoderWithVehicleByPercentage;1191,63;Alpha2
N100;96;PositionalDecoderWithVehicleByPercentage;1353,66;Alpha2
N100;96;TimeDecoderWithVehicleByPercentage;1333,98;Alpha2
N100;96;TimeDecoderWithVehicleByPercentage;1421,69;Alpha2
N100;96;TimeDecoderWithVehicleByPercentage;1219,90;Alpha2
N100;96;TimeDecoderWithVehicleByPercentage;1122,40;Alpha2
N100;96;TimeDecoderWithVehicleByPercentage;1101,51;Alpha2
N100;97;PositionalDecoderWithVehicleByPercentage;1212,55;Alpha2
N100;97;PositionalDecoderWithVehicleByPercentage;1200,82;Alpha2
N100;97;PositionalDecoderWithVehicleByPercentage;1064,05;Alpha2
N100;97;PositionalDecoderWithVehicleByPercentage;1398,78;Alpha2
N100;97;PositionalDecoderWithVehicleByPercentage;1192,28;Alpha2
N100;97;TimeDecoderWithVehicleByPercentage;1175,25;Alpha2
N100;97;TimeDecoderWithVehicleByPercentage;1275,97;Alpha2
N100;97;TimeDecoderWithVehicleByPercentage;1157,18;Alpha2
N100;97;TimeDecoderWithVehicleByPercentage;1352,70;Alpha2
N100;97;TimeDecoderWithVehicleByPercentage;1395,52;Alpha2
N100;99;PositionalDecoderWithVehicleByPercentage;1070,69;Alpha2
N100;99;PositionalDecoderWithVehicleByPercentage;1324,33;Alpha2
N100;99;PositionalDecoderWithVehicleByPercentage;1334,73;Alpha2
N100;99;PositionalDecoderWithVehicleByPercentage;1250,29;Alpha2
N100;99;PositionalDecoderWithVehicleByPercentage;1136,55;Alpha2
N100;99;TimeDecoderWithVehicleByPercentage;1245,36;Alpha2
N100;99;TimeDecoderWithVehicleByPercentage;1295,10;Alpha2
N100;99;TimeDecoderWithVehicleByPercentage;1368,34;Alpha2
N100;99;TimeDecoderWithVehicleByPercentage;1119,72;Alpha2
N100;99;TimeDecoderWithVehicleByPercentage;1167,79;Alpha2
N100;100;PositionalDecoderWithVehicleByPercentage;1290,12;Alpha2
N100;100;PositionalDecoderWithVehicleByPercentage;1254,65;Alpha2
N100;100;PositionalDecoderWithVehicleByPercentage;1224,83;Alpha2
N100;100;PositionalDecoderWithVehicleByPercentage;1140,24;Alpha2
N100;100;PositionalDecoderWithVehicleByPercentage;1449,09;Alpha2
N100;100;TimeDecoderWithVehicleByPercentage;1240,42;Alpha2
N100;100;TimeDecoderWithVehicleByPercentage;1207,04;Alpha2
N100;100;TimeDecoderWithVehicleByPercentage;1237,32;Alpha2
N100;100;TimeDecoderWithVehicleByPercentage;1053,05;Alpha2
N100;100;TimeDecoderWithVehicleByPercentage;997,96;Alpha2
N100;92;PositionalDecoderWithVehicleByPercentage;1193,30;Alpha2
N100;92;PositionalDecoderWithVehicleByPercentage;1160,32;Alpha2
N100;92;PositionalDecoderWithVehicleByPercentage;1203,36;Alpha2
N100;92;PositionalDecoderWithVehicleByPercentage;929,81;Alpha2
N100;92;PositionalDecoderWithVehicleByPercentage;1184,49;Alpha2
N100;92;TimeDecoderWithVehicleByPercentage;997,95;Alpha2
N100;92;TimeDecoderWithVehicleByPercentage;1083,90;Alpha2
N100;92;TimeDecoderWithVehicleByPercentage;1052,26;Alpha2
N100;92;TimeDecoderWithVehicleByPercentage;1146,58;Alpha2
N100;92;TimeDecoderWithVehicleByPercentage;989,80;Alpha2
N175;110;PositionalDecoderWithVehicleByPercentage;2285,92;Alpha2
N175;110;PositionalDecoderWithVehicleByPercentage;2267,70;Alpha2
N175;110;PositionalDecoderWithVehicleByPercentage;2213,60;Alpha2
N175;110;PositionalDecoderWithVehicleByPercentage;2064,10;Alpha2
N175;110;PositionalDecoderWithVehicleByPercentage;2127,24;Alpha2
N175;110;TimeDecoderWithVehicleByPercentage;2126,13;Alpha2
N175;110;TimeDecoderWithVehicleByPercentage;2063,00;Alpha2
N175;110;TimeDecoderWithVehicleByPercentage;2074,66;Alpha2
N175;110;TimeDecoderWithVehicleByPercentage;2208,50;Alpha2
N175;110;TimeDecoderWithVehicleByPercentage;1705,49;Alpha2
N175;101;PositionalDecoderWithVehicleByPercentage;2310,38;Alpha2
N175;101;PositionalDecoderWithVehicleByPercentage;2301,55;Alpha2
N175;101;PositionalDecoderWithVehicleByPercentage;2363,80;Alpha2
N175;101;PositionalDecoderWithVehicleByPercentage;2395,70;Alpha2
N175;101;PositionalDecoderWithVehicleByPercentage;2355,35;Alpha2
N175;101;TimeDecoderWithVehicleByPercentage;2164,16;Alpha2
N175;101;TimeDecoderWithVehicleByPercentage;1999,01;Alpha2
N175;101;TimeDecoderWithVehicleByPercentage;2409,53;Alpha2
N175;101;TimeDecoderWithVehicleByPercentage;2505,36;Alpha2
N175;101;TimeDecoderWithVehicleByPercentage;2274,89;Alpha2
N175;102;PositionalDecoderWithVehicleByPercentage;2143,65;Alpha2
N175;102;PositionalDecoderWithVehicleByPercentage;2425,92;Alpha2
N175;102;PositionalDecoderWithVehicleByPercentage;2129,37;Alpha2
N175;102;PositionalDecoderWithVehicleByPercentage;1903,83;Alpha2
N175;102;PositionalDecoderWithVehicleByPercentage;2042,26;Alpha2
N175;102;TimeDecoderWithVehicleByPercentage;2026,09;Alpha2
N175;102;TimeDecoderWithVehicleByPercentage;2156,74;Alpha2
N175;102;TimeDecoderWithVehicleByPercentage;2178,85;Alpha2
N175;102;TimeDecoderWithVehicleByPercentage;1916,75;Alpha2
N175;102;TimeDecoderWithVehicleByPercentage;2147,46;Alpha2
N175;103;PositionalDecoderWithVehicleByPercentage;2369,75;Alpha2
N175;103;PositionalDecoderWithVehicleByPercentage;1907,41;Alpha2
N175;103;PositionalDecoderWithVehicleByPercentage;2040,72;Alpha2
N175;103;PositionalDecoderWithVehicleByPercentage;2156,87;Alpha2
N175;103;PositionalDecoderWithVehicleByPercentage;2197,24;Alpha2
N175;103;TimeDecoderWithVehicleByPercentage;2277,59;Alpha2
N175;103;TimeDecoderWithVehicleByPercentage;1866,57;Alpha2
N175;103;TimeDecoderWithVehicleByPercentage;1955,61;Alpha2
N175;103;TimeDecoderWithVehicleByPercentage;2049,10;Alpha2
N175;103;TimeDecoderWithVehicleByPercentage;2155,01;Alpha2
N175;105;PositionalDecoderWithVehicleByPercentage;2492,25;Alpha2
N175;105;PositionalDecoderWithVehicleByPercentage;2336,52;Alpha2
N175;105;PositionalDecoderWithVehicleByPercentage;2191,03;Alpha2
N175;105;PositionalDecoderWithVehicleByPercentage;2230,77;Alpha2
N175;105;PositionalDecoderWithVehicleByPercentage;2237,16;Alpha2
N175;105;TimeDecoderWithVehicleByPercentage;2298,67;Alpha2
N175;105;TimeDecoderWithVehicleByPercentage;2116,09;Alpha2
N175;105;TimeDecoderWithVehicleByPercentage;2647,30;Alpha2
N175;105;TimeDecoderWithVehicleByPercentage;2141,62;Alpha2
N175;105;TimeDecoderWithVehicleByPercentage;2187,93;Alpha2
N175;106;PositionalDecoderWithVehicleByPercentage;2127,18;Alpha2
N175;106;PositionalDecoderWithVehicleByPercentage;2460,71;Alpha2
N175;106;PositionalDecoderWithVehicleByPercentage;2240,30;Alpha2
N175;106;PositionalDecoderWithVehicleByPercentage;2350,83;Alpha2
N175;106;PositionalDecoderWithVehicleByPercentage;2455,57;Alpha2
N175;106;TimeDecoderWithVehicleByPercentage;2423,73;Alpha2
N175;106;TimeDecoderWithVehicleByPercentage;2481,73;Alpha2
N175;106;TimeDecoderWithVehicleByPercentage;2208,48;Alpha2
N175;106;TimeDecoderWithVehicleByPercentage;2301,31;Alpha2
N175;106;TimeDecoderWithVehicleByPercentage;2163,98;Alpha2
N175;108;PositionalDecoderWithVehicleByPercentage;2093,17;Alpha2
N175;108;PositionalDecoderWithVehicleByPercentage;2185,93;Alpha2
N175;108;PositionalDecoderWithVehicleByPercentage;2275,37;Alpha2
N175;108;PositionalDecoderWithVehicleByPercentage;1936,45;Alpha2
N175;108;PositionalDecoderWithVehicleByPercentage;2107,90;Alpha2
N175;108;TimeDecoderWithVehicleByPercentage;2315,27;Alpha2
N175;108;TimeDecoderWithVehicleByPercentage;1966,02;Alpha2
N175;108;TimeDecoderWithVehicleByPercentage;2366,31;Alpha2
N175;108;TimeDecoderWithVehicleByPercentage;2106,43;Alpha2
N175;108;TimeDecoderWithVehicleByPercentage;2220,84;Alpha2
N175;104;PositionalDecoderWithVehicleByPercentage;2100,22;Alpha2
N175;104;PositionalDecoderWithVehicleByPercentage;2149,19;Alpha2
N175;104;PositionalDecoderWithVehicleByPercentage;2351,55;Alpha2
N175;104;PositionalDecoderWithVehicleByPercentage;1951,79;Alpha2
N175;104;PositionalDecoderWithVehicleByPercentage;1974,09;Alpha2
N175;104;TimeDecoderWithVehicleByPercentage;2162,45;Alpha2
N175;104;TimeDecoderWithVehicleByPercentage;2240,65;Alpha2
N175;104;TimeDecoderWithVehicleByPercentage;2017,02;Alpha2
N175;104;TimeDecoderWithVehicleByPercentage;2106,23;Alpha2
N175;104;TimeDecoderWithVehicleByPercentage;1959,30;Alpha2
N175;107;PositionalDecoderWithVehicleByPercentage;2163,45;Alpha2
N175;107;PositionalDecoderWithVehicleByPercentage;2183,85;Alpha2
N175;107;PositionalDecoderWithVehicleByPercentage;2399,10;Alpha2
N175;107;PositionalDecoderWithVehicleByPercentage;2199,26;Alpha2
N175;107;PositionalDecoderWithVehicleByPercentage;2334,05;Alpha2
N175;107;TimeDecoderWithVehicleByPercentage;2298,48;Alpha2
N175;107;TimeDecoderWithVehicleByPercentage;2179,58;Alpha2
N175;107;TimeDecoderWithVehicleByPercentage;2082,29;Alpha2
N175;107;TimeDecoderWithVehicleByPercentage;2274,70;Alpha2
N175;107;TimeDecoderWithVehicleByPercentage;2255,44;Alpha2
N175;109;PositionalDecoderWithVehicleByPercentage;2134,43;Alpha2
N175;109;PositionalDecoderWithVehicleByPercentage;2198,29;Alpha2
N175;109;PositionalDecoderWithVehicleByPercentage;2149,37;Alpha2
N175;109;PositionalDecoderWithVehicleByPercentage;2338,27;Alpha2
N175;109;PositionalDecoderWithVehicleByPercentage;2105,00;Alpha2
N175;109;TimeDecoderWithVehicleByPercentage;2291,51;Alpha2
N175;109;TimeDecoderWithVehicleByPercentage;2228,08;Alpha2
N175;109;TimeDecoderWithVehicleByPercentage;1946,05;Alpha2
N175;109;TimeDecoderWithVehicleByPercentage;2266,87;Alpha2
N175;109;TimeDecoderWithVehicleByPercentage;2152,30;Alpha2
N250;1;PositionalDecoderWithVehicleByPercentage;3343,98;Alpha2
N250;1;PositionalDecoderWithVehicleByPercentage;3361,83;Alpha2
N250;1;PositionalDecoderWithVehicleByPercentage;3220,69;Alpha2
N250;1;PositionalDecoderWithVehicleByPercentage;3446,24;Alpha2
N250;1;PositionalDecoderWithVehicleByPercentage;3473,34;Alpha2
N250;1;TimeDecoderWithVehicleByPercentage;3302,39;Alpha2
N250;1;TimeDecoderWithVehicleByPercentage;3287,87;Alpha2
N250;1;TimeDecoderWithVehicleByPercentage;3286,30;Alpha2
N250;1;TimeDecoderWithVehicleByPercentage;3503,99;Alpha2
N250;1;TimeDecoderWithVehicleByPercentage;3362,77;Alpha2
N250;4;PositionalDecoderWithVehicleByPercentage;3415,41;Alpha2
N250;4;PositionalDecoderWithVehicleByPercentage;3387,03;Alpha2
N250;4;PositionalDecoderWithVehicleByPercentage;3420,72;Alpha2
N250;4;PositionalDecoderWithVehicleByPercentage;3228,83;Alpha2
N250;4;PositionalDecoderWithVehicleByPercentage;3394,80;Alpha2
N250;4;TimeDecoderWithVehicleByPercentage;3438,58;Alpha2
N250;4;TimeDecoderWithVehicleByPercentage;3338,56;Alpha2
N250;4;TimeDecoderWithVehicleByPercentage;3621,47;Alpha2
N250;4;TimeDecoderWithVehicleByPercentage;3293,15;Alpha2
N250;4;TimeDecoderWithVehicleByPercentage;3250,22;Alpha2
N250;9;PositionalDecoderWithVehicleByPercentage;3402,02;Alpha2
N250;9;PositionalDecoderWithVehicleByPercentage;3395,77;Alpha2
N250;9;PositionalDecoderWithVehicleByPercentage;3261,45;Alpha2
N250;9;PositionalDecoderWithVehicleByPercentage;3156,75;Alpha2
N250;9;PositionalDecoderWithVehicleByPercentage;2903,94;Alpha2
N250;9;TimeDecoderWithVehicleByPercentage;3166,76;Alpha2
N250;9;TimeDecoderWithVehicleByPercentage;3181,76;Alpha2
N250;9;TimeDecoderWithVehicleByPercentage;3362,44;Alpha2
N250;9;TimeDecoderWithVehicleByPercentage;3344,91;Alpha2
N250;9;TimeDecoderWithVehicleByPercentage;3061,81;Alpha2
N250;114;PositionalDecoderWithVehicleByPercentage;3313,78;Alpha2
N250;114;PositionalDecoderWithVehicleByPercentage;3332,83;Alpha2
N250;114;PositionalDecoderWithVehicleByPercentage;3272,50;Alpha2
N250;114;PositionalDecoderWithVehicleByPercentage;3203,42;Alpha2
N250;114;PositionalDecoderWithVehicleByPercentage;3322,95;Alpha2
N250;114;TimeDecoderWithVehicleByPercentage;3084,35;Alpha2
N250;114;TimeDecoderWithVehicleByPercentage;3255,92;Alpha2
N250;114;TimeDecoderWithVehicleByPercentage;3246,85;Alpha2
N250;114;TimeDecoderWithVehicleByPercentage;3184,93;Alpha2
N250;114;TimeDecoderWithVehicleByPercentage;3146,27;Alpha2
N250;118;PositionalDecoderWithVehicleByPercentage;3326,19;Alpha2
N250;118;PositionalDecoderWithVehicleByPercentage;3335,46;Alpha2
N250;118;PositionalDecoderWithVehicleByPercentage;3681,50;Alpha2
N250;118;PositionalDecoderWithVehicleByPercentage;3557,39;Alpha2
N250;118;PositionalDecoderWithVehicleByPercentage;3356,34;Alpha2
N250;118;TimeDecoderWithVehicleByPercentage;3232,26;Alpha2
N250;118;TimeDecoderWithVehicleByPercentage;3303,27;Alpha2
N250;118;TimeDecoderWithVehicleByPercentage;3200,71;Alpha2
N250;118;TimeDecoderWithVehicleByPercentage;3377,65;Alpha2
N250;118;TimeDecoderWithVehicleByPercentage;3626,10;Alpha2
N250;2;PositionalDecoderWithVehicleByPercentage;3422,89;Alpha2
N250;2;PositionalDecoderWithVehicleByPercentage;3232,64;Alpha2
N250;2;PositionalDecoderWithVehicleByPercentage;3006,01;Alpha2
N250;2;PositionalDecoderWithVehicleByPercentage;3183,23;Alpha2
N250;2;PositionalDecoderWithVehicleByPercentage;3267,51;Alpha2
N250;2;TimeDecoderWithVehicleByPercentage;3568,75;Alpha2
N250;2;TimeDecoderWithVehicleByPercentage;3163,86;Alpha2
N250;2;TimeDecoderWithVehicleByPercentage;3398,15;Alpha2
N250;2;TimeDecoderWithVehicleByPercentage;3411,48;Alpha2
N250;2;TimeDecoderWithVehicleByPercentage;3089,72;Alpha2
N250;5;PositionalDecoderWithVehicleByPercentage;3334,58;Alpha2
N250;5;PositionalDecoderWithVehicleByPercentage;3050,67;Alpha2
N250;5;PositionalDecoderWithVehicleByPercentage;3367,07;Alpha2
N250;5;PositionalDecoderWithVehicleByPercentage;3211,99;Alpha2
N250;5;PositionalDecoderWithVehicleByPercentage;2986,65;Alpha2
N250;5;TimeDecoderWithVehicleByPercentage;3249,66;Alpha2
N250;5;TimeDecoderWithVehicleByPercentage;3369,06;Alpha2
N250;5;TimeDecoderWithVehicleByPercentage;3325,31;Alpha2
N250;5;TimeDecoderWithVehicleByPercentage;3276,40;Alpha2
N250;5;TimeDecoderWithVehicleByPercentage;3151,38;Alpha2
N250;111;PositionalDecoderWithVehicleByPercentage;3352,28;Alpha2
N250;111;PositionalDecoderWithVehicleByPercentage;3483,27;Alpha2
N250;111;PositionalDecoderWithVehicleByPercentage;3292,27;Alpha2
N250;111;PositionalDecoderWithVehicleByPercentage;3326,32;Alpha2
N250;111;PositionalDecoderWithVehicleByPercentage;3280,52;Alpha2
N250;111;TimeDecoderWithVehicleByPercentage;3207,05;Alpha2
N250;111;TimeDecoderWithVehicleByPercentage;3090,38;Alpha2
N250;111;TimeDecoderWithVehicleByPercentage;3178,84;Alpha2
N250;111;TimeDecoderWithVehicleByPercentage;3270,73;Alpha2
N250;111;TimeDecoderWithVehicleByPercentage;3068,07;Alpha2
N250;113;PositionalDecoderWithVehicleByPercentage;3452,36;Alpha2
N250;113;PositionalDecoderWithVehicleByPercentage;3196,85;Alpha2
N250;113;PositionalDecoderWithVehicleByPercentage;3112,27;Alpha2
N250;113;PositionalDecoderWithVehicleByPercentage;3370,28;Alpha2
N250;113;PositionalDecoderWithVehicleByPercentage;3203,73;Alpha2
N250;113;TimeDecoderWithVehicleByPercentage;3544,62;Alpha2
N250;113;TimeDecoderWithVehicleByPercentage;3085,00;Alpha2
N250;113;TimeDecoderWithVehicleByPercentage;3437,42;Alpha2
N250;113;TimeDecoderWithVehicleByPercentage;3452,53;Alpha2
N250;113;TimeDecoderWithVehicleByPercentage;3733,08;Alpha2
N250;115;PositionalDecoderWithVehicleByPercentage;3255,29;Alpha2
N250;115;PositionalDecoderWithVehicleByPercentage;3386,57;Alpha2
N250;115;PositionalDecoderWithVehicleByPercentage;3254,17;Alpha2
N250;115;PositionalDecoderWithVehicleByPercentage;3385,38;Alpha2
N250;115;PositionalDecoderWithVehicleByPercentage;3480,45;Alpha2
N250;115;TimeDecoderWithVehicleByPercentage;3112,87;Alpha2
N250;115;TimeDecoderWithVehicleByPercentage;3217,65;Alpha2
N250;115;TimeDecoderWithVehicleByPercentage;3304,21;Alpha2
N250;115;TimeDecoderWithVehicleByPercentage;3309,77;Alpha2
N250;115;TimeDecoderWithVehicleByPercentage;3190,78;Alpha2
N250;116;PositionalDecoderWithVehicleByPercentage;3274,28;Alpha2
N250;116;PositionalDecoderWithVehicleByPercentage;3333,03;Alpha2
N250;116;PositionalDecoderWithVehicleByPercentage;3253,60;Alpha2
N250;116;PositionalDecoderWithVehicleByPercentage;3194,39;Alpha2
N250;116;PositionalDecoderWithVehicleByPercentage;3053,83;Alpha2
N250;116;TimeDecoderWithVehicleByPercentage;3209,73;Alpha2
N250;116;TimeDecoderWithVehicleByPercentage;3260,40;Alpha2
N250;116;TimeDecoderWithVehicleByPercentage;3106,41;Alpha2
N250;116;TimeDecoderWithVehicleByPercentage;3293,19;Alpha2
N250;116;TimeDecoderWithVehicleByPercentage;3300,57;Alpha2
N250;120;PositionalDecoderWithVehicleByPercentage;3040,24;Alpha2
N250;120;PositionalDecoderWithVehicleByPercentage;3230,82;Alpha2
N250;120;PositionalDecoderWithVehicleByPercentage;3271,40;Alpha2
N250;120;PositionalDecoderWithVehicleByPercentage;3325,56;Alpha2
N250;120;PositionalDecoderWithVehicleByPercentage;3304,00;Alpha2
N250;120;TimeDecoderWithVehicleByPercentage;3580,66;Alpha2
N250;120;TimeDecoderWithVehicleByPercentage;2872,87;Alpha2
N250;120;TimeDecoderWithVehicleByPercentage;3577,23;Alpha2
N250;120;TimeDecoderWithVehicleByPercentage;3346,42;Alpha2
N250;120;TimeDecoderWithVehicleByPercentage;3249,31;Alpha2
N250;117;PositionalDecoderWithVehicleByPercentage;3686,56;Alpha2
N250;117;PositionalDecoderWithVehicleByPercentage;3280,82;Alpha2
N250;117;PositionalDecoderWithVehicleByPercentage;3260,15;Alpha2
N250;117;PositionalDecoderWithVehicleByPercentage;3438,41;Alpha2
N250;117;PositionalDecoderWithVehicleByPercentage;3469,61;Alpha2
N250;117;TimeDecoderWithVehicleByPercentage;3135,54;Alpha2
N250;117;TimeDecoderWithVehicleByPercentage;3303,53;Alpha2
N250;117;TimeDecoderWithVehicleByPercentage;3307,55;Alpha2
N250;117;TimeDecoderWithVehicleByPercentage;3380,30;Alpha2
N250;117;TimeDecoderWithVehicleByPercentage;3263,17;Alpha2
N250;3;PositionalDecoderWithVehicleByPercentage;3439,20;Alpha2
N250;3;PositionalDecoderWithVehicleByPercentage;3356,58;Alpha2
N250;3;PositionalDecoderWithVehicleByPercentage;3258,49;Alpha2
N250;3;PositionalDecoderWithVehicleByPercentage;3282,93;Alpha2
N250;3;PositionalDecoderWithVehicleByPercentage;3091,47;Alpha2
N250;3;TimeDecoderWithVehicleByPercentage;3248,48;Alpha2
N250;3;TimeDecoderWithVehicleByPercentage;3339,42;Alpha2
N250;3;TimeDecoderWithVehicleByPercentage;3338,30;Alpha2
N250;3;TimeDecoderWithVehicleByPercentage;3174,19;Alpha2
N250;3;TimeDecoderWithVehicleByPercentage;3264,36;Alpha2
N250;6;PositionalDecoderWithVehicleByPercentage;3299,31;Alpha2
N250;6;PositionalDecoderWithVehicleByPercentage;3184,55;Alpha2
N250;6;PositionalDecoderWithVehicleByPercentage;3254,44;Alpha2
N250;6;PositionalDecoderWithVehicleByPercentage;3252,64;Alpha2
N250;6;PositionalDecoderWithVehicleByPercentage;3239,95;Alpha2
N250;6;TimeDecoderWithVehicleByPercentage;3454,31;Alpha2
N250;6;TimeDecoderWithVehicleByPercentage;3343,22;Alpha2
N250;6;TimeDecoderWithVehicleByPercentage;3051,40;Alpha2
N250;6;TimeDecoderWithVehicleByPercentage;3387,60;Alpha2
N250;6;TimeDecoderWithVehicleByPercentage;3234,69;Alpha2
N250;7;PositionalDecoderWithVehicleByPercentage;3317,45;Alpha2
N250;7;PositionalDecoderWithVehicleByPercentage;3410,00;Alpha2
N250;7;PositionalDecoderWithVehicleByPercentage;3243,90;Alpha2
N250;7;PositionalDecoderWithVehicleByPercentage;3345,39;Alpha2
N250;7;PositionalDecoderWithVehicleByPercentage;3481,43;Alpha2
N250;7;TimeDecoderWithVehicleByPercentage;3228,91;Alpha2
N250;7;TimeDecoderWithVehicleByPercentage;3167,36;Alpha2
N250;7;TimeDecoderWithVehicleByPercentage;3279,14;Alpha2
N250;7;TimeDecoderWithVehicleByPercentage;3201,31;Alpha2
N250;7;TimeDecoderWithVehicleByPercentage;3436,98;Alpha2
N250;8;PositionalDecoderWithVehicleByPercentage;3581,01;Alpha2
N250;8;PositionalDecoderWithVehicleByPercentage;3191,19;Alpha2
N250;8;PositionalDecoderWithVehicleByPercentage;3369,63;Alpha2
N250;8;PositionalDecoderWithVehicleByPercentage;3286,87;Alpha2
N250;8;PositionalDecoderWithVehicleByPercentage;3126,24;Alpha2
N250;8;TimeDecoderWithVehicleByPercentage;3175,28;Alpha2
N250;8;TimeDecoderWithVehicleByPercentage;3465,17;Alpha2
N250;8;TimeDecoderWithVehicleByPercentage;3039,79;Alpha2
N250;8;TimeDecoderWithVehicleByPercentage;3158,69;Alpha2
N250;8;TimeDecoderWithVehicleByPercentage;3337,98;Alpha2
N250;10;PositionalDecoderWithVehicleByPercentage;3179,36;Alpha2
N250;10;PositionalDecoderWithVehicleByPercentage;3290,42;Alpha2
N250;10;PositionalDecoderWithVehicleByPercentage;3124,90;Alpha2
N250;10;PositionalDecoderWithVehicleByPercentage;3018,74;Alpha2
N250;10;PositionalDecoderWithVehicleByPercentage;3220,44;Alpha2
N250;10;TimeDecoderWithVehicleByPercentage;3249,90;Alpha2
N250;10;TimeDecoderWithVehicleByPercentage;3144,40;Alpha2
N250;10;TimeDecoderWithVehicleByPercentage;3084,23;Alpha2
N250;10;TimeDecoderWithVehicleByPercentage;3031,02;Alpha2
N250;10;TimeDecoderWithVehicleByPercentage;3321,76;Alpha2
N250;112;PositionalDecoderWithVehicleByPercentage;2999,06;Alpha2
N250;112;PositionalDecoderWithVehicleByPercentage;3188,41;Alpha2
N250;112;PositionalDecoderWithVehicleByPercentage;3131,74;Alpha2
N250;112;PositionalDecoderWithVehicleByPercentage;3375,24;Alpha2
N250;112;PositionalDecoderWithVehicleByPercentage;3316,22;Alpha2
N250;112;TimeDecoderWithVehicleByPercentage;3551,29;Alpha2
N250;112;TimeDecoderWithVehicleByPercentage;3563,06;Alpha2
N250;112;TimeDecoderWithVehicleByPercentage;2965,88;Alpha2
N250;112;TimeDecoderWithVehicleByPercentage;3348,02;Alpha2
N250;112;TimeDecoderWithVehicleByPercentage;3348,43;Alpha2
N250;119;PositionalDecoderWithVehicleByPercentage;3376,63;Alpha2
N250;119;PositionalDecoderWithVehicleByPercentage;3091,36;Alpha2
N250;119;PositionalDecoderWithVehicleByPercentage;3290,77;Alpha2
N250;119;PositionalDecoderWithVehicleByPercentage;3072,33;Alpha2
N250;119;PositionalDecoderWithVehicleByPercentage;3425,69;Alpha2
N250;119;TimeDecoderWithVehicleByPercentage;3522,29;Alpha2
N250;119;TimeDecoderWithVehicleByPercentage;3465,81;Alpha2
N250;119;TimeDecoderWithVehicleByPercentage;3194,59;Alpha2
N250;119;TimeDecoderWithVehicleByPercentage;3158,08;Alpha2
N250;119;TimeDecoderWithVehicleByPercentage;3180,81;Alpha2
N010;55;PositionalDecoderWithVehicleByPercentage;182,37;Alpha3
N010;55;PositionalDecoderWithVehicleByPercentage;240,85;Alpha3
N010;55;PositionalDecoderWithVehicleByPercentage;182,37;Alpha3
N010;55;PositionalDecoderWithVehicleByPercentage;182,37;Alpha3
N010;55;PositionalDecoderWithVehicleByPercentage;240,85;Alpha3
N010;55;TimeDecoderWithVehicleByPercentage;242,46;Alpha3
N010;55;TimeDecoderWithVehicleByPercentage;182,37;Alpha3
N010;55;TimeDecoderWithVehicleByPercentage;240,85;Alpha3
N010;55;TimeDecoderWithVehicleByPercentage;232,42;Alpha3
N010;55;TimeDecoderWithVehicleByPercentage;238,39;Alpha3
N010;56;PositionalDecoderWithVehicleByPercentage;171,29;Alpha3
N010;56;PositionalDecoderWithVehicleByPercentage;204,30;Alpha3
N010;56;PositionalDecoderWithVehicleByPercentage;171,29;Alpha3
N010;56;PositionalDecoderWithVehicleByPercentage;198,40;Alpha3
N010;56;PositionalDecoderWithVehicleByPercentage;171,29;Alpha3
N010;56;TimeDecoderWithVehicleByPercentage;171,29;Alpha3
N010;56;TimeDecoderWithVehicleByPercentage;215,52;Alpha3
N010;56;TimeDecoderWithVehicleByPercentage;198,40;Alpha3
N010;56;TimeDecoderWithVehicleByPercentage;171,29;Alpha3
N010;56;TimeDecoderWithVehicleByPercentage;171,29;Alpha3
N010;57;PositionalDecoderWithVehicleByPercentage;161,88;Alpha3
N010;57;PositionalDecoderWithVehicleByPercentage;66,81;Alpha3
N010;57;PositionalDecoderWithVehicleByPercentage;69,02;Alpha3
N010;57;PositionalDecoderWithVehicleByPercentage;66,81;Alpha3
N010;57;PositionalDecoderWithVehicleByPercentage;169,65;Alpha3
N010;57;TimeDecoderWithVehicleByPercentage;66,81;Alpha3
N010;57;TimeDecoderWithVehicleByPercentage;66,81;Alpha3
N010;57;TimeDecoderWithVehicleByPercentage;66,81;Alpha3
N010;57;TimeDecoderWithVehicleByPercentage;161,88;Alpha3
N010;57;TimeDecoderWithVehicleByPercentage;161,88;Alpha3
N010;60;PositionalDecoderWithVehicleByPercentage;164,92;Alpha3
N010;60;PositionalDecoderWithVehicleByPercentage;202,96;Alpha3
N010;60;PositionalDecoderWithVehicleByPercentage;164,92;Alpha3
N010;60;PositionalDecoderWithVehicleByPercentage;164,92;Alpha3
N010;60;PositionalDecoderWithVehicleByPercentage;164,92;Alpha3
N010;60;TimeDecoderWithVehicleByPercentage;164,92;Alpha3
N010;60;TimeDecoderWithVehicleByPercentage;164,92;Alpha3
N010;60;TimeDecoderWithVehicleByPercentage;164,92;Alpha3
N010;60;TimeDecoderWithVehicleByPercentage;164,92;Alpha3
N010;60;TimeDecoderWithVehicleByPercentage;164,92;Alpha3
N010;51;PositionalDecoderWithVehicleByPercentage;222,63;Alpha3
N010;51;PositionalDecoderWithVehicleByPercentage;204,23;Alpha3
N010;51;PositionalDecoderWithVehicleByPercentage;204,23;Alpha3
N010;51;PositionalDecoderWithVehicleByPercentage;230,71;Alpha3
N010;51;PositionalDecoderWithVehicleByPercentage;222,63;Alpha3
N010;51;TimeDecoderWithVehicleByPercentage;228,73;Alpha3
N010;51;TimeDecoderWithVehicleByPercentage;254,25;Alpha3
N010;51;TimeDecoderWithVehicleByPercentage;222,63;Alpha3
N010;51;TimeDecoderWithVehicleByPercentage;226,91;Alpha3
N010;51;TimeDecoderWithVehicleByPercentage;223,46;Alpha3
N010;53;PositionalDecoderWithVehicleByPercentage;80,83;Alpha3
N010;53;PositionalDecoderWithVehicleByPercentage;80,83;Alpha3
N010;53;PositionalDecoderWithVehicleByPercentage;80,83;Alpha3
N010;53;PositionalDecoderWithVehicleByPercentage;80,83;Alpha3
N010;53;PositionalDecoderWithVehicleByPercentage;80,83;Alpha3
N010;53;TimeDecoderWithVehicleByPercentage;80,83;Alpha3
N010;53;TimeDecoderWithVehicleByPercentage;101,47;Alpha3
N010;53;TimeDecoderWithVehicleByPercentage;80,83;Alpha3
N010;53;TimeDecoderWithVehicleByPercentage;93,56;Alpha3
N010;53;TimeDecoderWithVehicleByPercentage;80,83;Alpha3
N010;58;PositionalDecoderWithVehicleByPercentage;163,35;Alpha3
N010;58;PositionalDecoderWithVehicleByPercentage;163,35;Alpha3
N010;58;PositionalDecoderWithVehicleByPercentage;189,51;Alpha3
N010;58;PositionalDecoderWithVehicleByPercentage;163,35;Alpha3
N010;58;PositionalDecoderWithVehicleByPercentage;188,34;Alpha3
N010;58;TimeDecoderWithVehicleByPercentage;188,34;Alpha3
N010;58;TimeDecoderWithVehicleByPercentage;188,34;Alpha3
N010;58;TimeDecoderWithVehicleByPercentage;184,33;Alpha3
N010;58;TimeDecoderWithVehicleByPercentage;188,34;Alpha3
N010;58;TimeDecoderWithVehicleByPercentage;163,35;Alpha3
N010;59;PositionalDecoderWithVehicleByPercentage;199,99;Alpha3
N010;59;PositionalDecoderWithVehicleByPercentage;183,51;Alpha3
N010;59;PositionalDecoderWithVehicleByPercentage;115,86;Alpha3
N010;59;PositionalDecoderWithVehicleByPercentage;121,72;Alpha3
N010;59;PositionalDecoderWithVehicleByPercentage;115,86;Alpha3
N010;59;TimeDecoderWithVehicleByPercentage;115,86;Alpha3
N010;59;TimeDecoderWithVehicleByPercentage;115,86;Alpha3
N010;59;TimeDecoderWithVehicleByPercentage;115,86;Alpha3
N010;59;TimeDecoderWithVehicleByPercentage;115,86;Alpha3
N010;59;TimeDecoderWithVehicleByPercentage;115,86;Alpha3
N010;52;PositionalDecoderWithVehicleByPercentage;179,38;Alpha3
N010;52;PositionalDecoderWithVehicleByPercentage;142,21;Alpha3
N010;52;PositionalDecoderWithVehicleByPercentage;142,21;Alpha3
N010;52;PositionalDecoderWithVehicleByPercentage;142,21;Alpha3
N010;52;PositionalDecoderWithVehicleByPercentage;190,60;Alpha3
N010;52;TimeDecoderWithVehicleByPercentage;124,95;Alpha3
N010;52;TimeDecoderWithVehicleByPercentage;142,21;Alpha3
N010;52;TimeDecoderWithVehicleByPercentage;124,95;Alpha3
N010;52;TimeDecoderWithVehicleByPercentage;124,95;Alpha3
N010;52;TimeDecoderWithVehicleByPercentage;124,95;Alpha3
N010;54;PositionalDecoderWithVehicleByPercentage;136,31;Alpha3
N010;54;PositionalDecoderWithVehicleByPercentage;136,31;Alpha3
N010;54;PositionalDecoderWithVehicleByPercentage;136,31;Alpha3
N010;54;PositionalDecoderWithVehicleByPercentage;136,31;Alpha3
N010;54;PositionalDecoderWithVehicleByPercentage;136,31;Alpha3
N010;54;TimeDecoderWithVehicleByPercentage;166,44;Alpha3
N010;54;TimeDecoderWithVehicleByPercentage;136,31;Alpha3
N010;54;TimeDecoderWithVehicleByPercentage;136,31;Alpha3
N010;54;TimeDecoderWithVehicleByPercentage;136,31;Alpha3
N010;54;TimeDecoderWithVehicleByPercentage;136,31;Alpha3
N020;67;PositionalDecoderWithVehicleByPercentage;283,71;Alpha3
N020;67;PositionalDecoderWithVehicleByPercentage;310,51;Alpha3
N020;67;PositionalDecoderWithVehicleByPercentage;321,44;Alpha3
N020;67;PositionalDecoderWithVehicleByPercentage;307,23;Alpha3
N020;67;PositionalDecoderWithVehicleByPercentage;319,31;Alpha3
N020;67;TimeDecoderWithVehicleByPercentage;311,60;Alpha3
N020;67;TimeDecoderWithVehicleByPercentage;312,01;Alpha3
N020;67;TimeDecoderWithVehicleByPercentage;303,85;Alpha3
N020;67;TimeDecoderWithVehicleByPercentage;307,68;Alpha3
N020;67;TimeDecoderWithVehicleByPercentage;265,45;Alpha3
N020;68;PositionalDecoderWithVehicleByPercentage;281,91;Alpha3
N020;68;PositionalDecoderWithVehicleByPercentage;298,92;Alpha3
N020;68;PositionalDecoderWithVehicleByPercentage;282,14;Alpha3
N020;68;PositionalDecoderWithVehicleByPercentage;318,62;Alpha3
N020;68;PositionalDecoderWithVehicleByPercentage;323,15;Alpha3
N020;68;TimeDecoderWithVehicleByPercentage;384,25;Alpha3
N020;68;TimeDecoderWithVehicleByPercentage;306,72;Alpha3
N020;68;TimeDecoderWithVehicleByPercentage;357,95;Alpha3
N020;68;TimeDecoderWithVehicleByPercentage;378,34;Alpha3
N020;68;TimeDecoderWithVehicleByPercentage;317,18;Alpha3
N020;69;PositionalDecoderWithVehicleByPercentage;290,78;Alpha3
N020;69;PositionalDecoderWithVehicleByPercentage;276,36;Alpha3
N020;69;PositionalDecoderWithVehicleByPercentage;297,90;Alpha3
N020;69;PositionalDecoderWithVehicleByPercentage;268,85;Alpha3
N020;69;PositionalDecoderWithVehicleByPercentage;271,35;Alpha3
N020;69;TimeDecoderWithVehicleByPercentage;258,34;Alpha3
N020;69;TimeDecoderWithVehicleByPercentage;301,92;Alpha3
N020;69;TimeDecoderWithVehicleByPercentage;323,24;Alpha3
N020;69;TimeDecoderWithVehicleByPercentage;331,41;Alpha3
N020;69;TimeDecoderWithVehicleByPercentage;276,44;Alpha3
N020;63;PositionalDecoderWithVehicleByPercentage;317,02;Alpha3
N020;63;PositionalDecoderWithVehicleByPercentage;379,47;Alpha3
N020;63;PositionalDecoderWithVehicleByPercentage;332,26;Alpha3
N020;63;PositionalDecoderWithVehicleByPercentage;283,90;Alpha3
N020;63;PositionalDecoderWithVehicleByPercentage;277,11;Alpha3
N020;63;TimeDecoderWithVehicleByPercentage;273,36;Alpha3
N020;63;TimeDecoderWithVehicleByPercentage;281,82;Alpha3
N020;63;TimeDecoderWithVehicleByPercentage;322,51;Alpha3
N020;63;TimeDecoderWithVehicleByPercentage;292,46;Alpha3
N020;63;TimeDecoderWithVehicleByPercentage;236,16;Alpha3
N020;65;PositionalDecoderWithVehicleByPercentage;287,59;Alpha3
N020;65;PositionalDecoderWithVehicleByPercentage;325,43;Alpha3
N020;65;PositionalDecoderWithVehicleByPercentage;291,66;Alpha3
N020;65;PositionalDecoderWithVehicleByPercentage;305,67;Alpha3
N020;65;PositionalDecoderWithVehicleByPercentage;363,39;Alpha3
N020;65;TimeDecoderWithVehicleByPercentage;277,03;Alpha3
N020;65;TimeDecoderWithVehicleByPercentage;283,02;Alpha3
N020;65;TimeDecoderWithVehicleByPercentage;294,55;Alpha3
N020;65;TimeDecoderWithVehicleByPercentage;321,88;Alpha3
N020;65;TimeDecoderWithVehicleByPercentage;333,52;Alpha3
N020;64;PositionalDecoderWithVehicleByPercentage;226,00;Alpha3
N020;64;PositionalDecoderWithVehicleByPercentage;233,11;Alpha3
N020;64;PositionalDecoderWithVehicleByPercentage;232,38;Alpha3
N020;64;PositionalDecoderWithVehicleByPercentage;245,28;Alpha3
N020;64;PositionalDecoderWithVehicleByPercentage;247,50;Alpha3
N020;64;TimeDecoderWithVehicleByPercentage;246,96;Alpha3
N020;64;TimeDecoderWithVehicleByPercentage;229,18;Alpha3
N020;64;TimeDecoderWithVehicleByPercentage;247,53;Alpha3
N020;64;TimeDecoderWithVehicleByPercentage;254,26;Alpha3
N020;64;TimeDecoderWithVehicleByPercentage;241,35;Alpha3
N020;66;PositionalDecoderWithVehicleByPercentage;274,48;Alpha3
N020;66;PositionalDecoderWithVehicleByPercentage;282,03;Alpha3
N020;66;PositionalDecoderWithVehicleByPercentage;328,06;Alpha3
N020;66;PositionalDecoderWithVehicleByPercentage;292,13;Alpha3
N020;66;PositionalDecoderWithVehicleByPercentage;316,31;Alpha3
N020;66;TimeDecoderWithVehicleByPercentage;287,50;Alpha3
N020;66;TimeDecoderWithVehicleByPercentage;257,67;Alpha3
N020;66;TimeDecoderWithVehicleByPercentage;324,35;Alpha3
N020;66;TimeDecoderWithVehicleByPercentage;302,18;Alpha3
N020;66;TimeDecoderWithVehicleByPercentage;278,84;Alpha3
N020;70;PositionalDecoderWithVehicleByPercentage;294,95;Alpha3
N020;70;PositionalDecoderWithVehicleByPercentage;273,69;Alpha3
N020;70;PositionalDecoderWithVehicleByPercentage;227,86;Alpha3
N020;70;PositionalDecoderWithVehicleByPercentage;265,89;Alpha3
N020;70;PositionalDecoderWithVehicleByPercentage;246,39;Alpha3
N020;70;TimeDecoderWithVehicleByPercentage;305,20;Alpha3
N020;70;TimeDecoderWithVehicleByPercentage;258,08;Alpha3
N020;70;TimeDecoderWithVehicleByPercentage;257,37;Alpha3
N020;70;TimeDecoderWithVehicleByPercentage;300,61;Alpha3
N020;70;TimeDecoderWithVehicleByPercentage;296,09;Alpha3
N020;61;PositionalDecoderWithVehicleByPercentage;244,36;Alpha3
N020;61;PositionalDecoderWithVehicleByPercentage;191,86;Alpha3
N020;61;PositionalDecoderWithVehicleByPercentage;209,87;Alpha3
N020;61;PositionalDecoderWithVehicleByPercentage;228,50;Alpha3
N020;61;PositionalDecoderWithVehicleByPercentage;254,96;Alpha3
N020;61;TimeDecoderWithVehicleByPercentage;242,18;Alpha3
N020;61;TimeDecoderWithVehicleByPercentage;270,85;Alpha3
N020;61;TimeDecoderWithVehicleByPercentage;181,93;Alpha3
N020;61;TimeDecoderWithVehicleByPercentage;179,38;Alpha3
N020;61;TimeDecoderWithVehicleByPercentage;196,77;Alpha3
N020;62;PositionalDecoderWithVehicleByPercentage;262,83;Alpha3
N020;62;PositionalDecoderWithVehicleByPercentage;283,36;Alpha3
N020;62;PositionalDecoderWithVehicleByPercentage;243,37;Alpha3
N020;62;PositionalDecoderWithVehicleByPercentage;274,10;Alpha3
N020;62;PositionalDecoderWithVehicleByPercentage;311,87;Alpha3
N020;62;TimeDecoderWithVehicleByPercentage;317,53;Alpha3
N020;62;TimeDecoderWithVehicleByPercentage;308,36;Alpha3
N020;62;TimeDecoderWithVehicleByPercentage;323,24;Alpha3
N020;62;TimeDecoderWithVehicleByPercentage;253,75;Alpha3
N020;62;TimeDecoderWithVehicleByPercentage;313,61;Alpha3
N050;71;PositionalDecoderWithVehicleByPercentage;556,76;Alpha3
N050;71;PositionalDecoderWithVehicleByPercentage;582,14;Alpha3
N050;71;PositionalDecoderWithVehicleByPercentage;614,14;Alpha3
N050;71;PositionalDecoderWithVehicleByPercentage;570,96;Alpha3
N050;71;PositionalDecoderWithVehicleByPercentage;556,87;Alpha3
N050;71;TimeDecoderWithVehicleByPercentage;706,64;Alpha3
N050;71;TimeDecoderWithVehicleByPercentage;559,81;Alpha3
N050;71;TimeDecoderWithVehicleByPercentage;652,29;Alpha3
N050;71;TimeDecoderWithVehicleByPercentage;546,33;Alpha3
N050;71;TimeDecoderWithVehicleByPercentage;589,63;Alpha3
N050;72;PositionalDecoderWithVehicleByPercentage;576,81;Alpha3
N050;72;PositionalDecoderWithVehicleByPercentage;755,01;Alpha3
N050;72;PositionalDecoderWithVehicleByPercentage;647,41;Alpha3
N050;72;PositionalDecoderWithVehicleByPercentage;828,15;Alpha3
N050;72;PositionalDecoderWithVehicleByPercentage;643,79;Alpha3
N050;72;TimeDecoderWithVehicleByPercentage;647,23;Alpha3
N050;72;TimeDecoderWithVehicleByPercentage;611,04;Alpha3
N050;72;TimeDecoderWithVehicleByPercentage;781,59;Alpha3
N050;72;TimeDecoderWithVehicleByPercentage;719,37;Alpha3
N050;72;TimeDecoderWithVehicleByPercentage;648,48;Alpha3
N050;73;PositionalDecoderWithVehicleByPercentage;736,31;Alpha3
N050;73;PositionalDecoderWithVehicleByPercentage;584,96;Alpha3
N050;73;PositionalDecoderWithVehicleByPercentage;587,24;Alpha3
N050;73;PositionalDecoderWithVehicleByPercentage;614,38;Alpha3
N050;73;PositionalDecoderWithVehicleByPercentage;640,24;Alpha3
N050;73;TimeDecoderWithVehicleByPercentage;802,97;Alpha3
N050;73;TimeDecoderWithVehicleByPercentage;666,62;Alpha3
N050;73;TimeDecoderWithVehicleByPercentage;574,45;Alpha3
N050;73;TimeDecoderWithVehicleByPercentage;644,54;Alpha3
N050;73;TimeDecoderWithVehicleByPercentage;665,76;Alpha3
N050;76;PositionalDecoderWithVehicleByPercentage;683,02;Alpha3
N050;76;PositionalDecoderWithVehicleByPercentage;644,79;Alpha3
N050;76;PositionalDecoderWithVehicleByPercentage;653,88;Alpha3
N050;76;PositionalDecoderWithVehicleByPercentage;605,40;Alpha3
N050;76;PositionalDecoderWithVehicleByPercentage;605,55;Alpha3
N050;76;TimeDecoderWithVehicleByPercentage;658,18;Alpha3
N050;76;TimeDecoderWithVehicleByPercentage;549,75;Alpha3
N050;76;TimeDecoderWithVehicleByPercentage;677,28;Alpha3
N050;76;TimeDecoderWithVehicleByPercentage;535,34;Alpha3
N050;76;TimeDecoderWithVehicleByPercentage;652,41;Alpha3
N050;78;PositionalDecoderWithVehicleByPercentage;708,72;Alpha3
N050;78;PositionalDecoderWithVehicleByPercentage;588,55;Alpha3
N050;78;PositionalDecoderWithVehicleByPercentage;567,28;Alpha3
N050;78;PositionalDecoderWithVehicleByPercentage;642,57;Alpha3
N050;78;PositionalDecoderWithVehicleByPercentage;583,32;Alpha3
N050;78;TimeDecoderWithVehicleByPercentage;707,60;Alpha3
N050;78;TimeDecoderWithVehicleByPercentage;655,40;Alpha3
N050;78;TimeDecoderWithVehicleByPercentage;618,91;Alpha3
N050;78;TimeDecoderWithVehicleByPercentage;594,05;Alpha3
N050;78;TimeDecoderWithVehicleByPercentage;632,23;Alpha3
N050;79;PositionalDecoderWithVehicleByPercentage;512,01;Alpha3
N050;79;PositionalDecoderWithVehicleByPercentage;631,88;Alpha3
N050;79;PositionalDecoderWithVehicleByPercentage;619,23;Alpha3
N050;79;PositionalDecoderWithVehicleByPercentage;566,42;Alpha3
N050;79;PositionalDecoderWithVehicleByPercentage;566,77;Alpha3
N050;79;TimeDecoderWithVehicleByPercentage;618,78;Alpha3
N050;79;TimeDecoderWithVehicleByPercentage;687,20;Alpha3
N050;79;TimeDecoderWithVehicleByPercentage;643,42;Alpha3
N050;79;TimeDecoderWithVehicleByPercentage;569,37;Alpha3
N050;79;TimeDecoderWithVehicleByPercentage;628,43;Alpha3
N050;74;PositionalDecoderWithVehicleByPercentage;646,62;Alpha3
N050;74;PositionalDecoderWithVehicleByPercentage;499,55;Alpha3
N050;74;PositionalDecoderWithVehicleByPercentage;577,84;Alpha3
N050;74;PositionalDecoderWithVehicleByPercentage;609,63;Alpha3
N050;74;PositionalDecoderWithVehicleByPercentage;557,21;Alpha3
N050;74;TimeDecoderWithVehicleByPercentage;643,76;Alpha3
N050;74;TimeDecoderWithVehicleByPercentage;659,74;Alpha3
N050;74;TimeDecoderWithVehicleByPercentage;614,99;Alpha3
N050;74;TimeDecoderWithVehicleByPercentage;714,87;Alpha3
N050;74;TimeDecoderWithVehicleByPercentage;623,55;Alpha3
N050;75;PositionalDecoderWithVehicleByPercentage;656,75;Alpha3
N050;75;PositionalDecoderWithVehicleByPercentage;729,08;Alpha3
N050;75;PositionalDecoderWithVehicleByPercentage;597,06;Alpha3
N050;75;PositionalDecoderWithVehicleByPercentage;651,67;Alpha3
N050;75;PositionalDecoderWithVehicleByPercentage;683,72;Alpha3
N050;75;TimeDecoderWithVehicleByPercentage;642,97;Alpha3
N050;75;TimeDecoderWithVehicleByPercentage;611,15;Alpha3
N050;75;TimeDecoderWithVehicleByPercentage;624,82;Alpha3
N050;75;TimeDecoderWithVehicleByPercentage;516,86;Alpha3
N050;75;TimeDecoderWithVehicleByPercentage;571,64;Alpha3
N050;77;PositionalDecoderWithVehicleByPercentage;598,70;Alpha3
N050;77;PositionalDecoderWithVehicleByPercentage;690,31;Alpha3
N050;77;PositionalDecoderWithVehicleByPercentage;646,49;Alpha3
N050;77;PositionalDecoderWithVehicleByPercentage;697,28;Alpha3
N050;77;PositionalDecoderWithVehicleByPercentage;575,54;Alpha3
N050;77;TimeDecoderWithVehicleByPercentage;605,17;Alpha3
N050;77;TimeDecoderWithVehicleByPercentage;675,91;Alpha3
N050;77;TimeDecoderWithVehicleByPercentage;642,11;Alpha3
N050;77;TimeDecoderWithVehicleByPercentage;649,79;Alpha3
N050;77;TimeDecoderWithVehicleByPercentage;678,95;Alpha3
N050;80;PositionalDecoderWithVehicleByPercentage;514,79;Alpha3
N050;80;PositionalDecoderWithVehicleByPercentage;583,38;Alpha3
N050;80;PositionalDecoderWithVehicleByPercentage;523,36;Alpha3
N050;80;PositionalDecoderWithVehicleByPercentage;602,88;Alpha3
N050;80;PositionalDecoderWithVehicleByPercentage;522,66;Alpha3
N050;80;TimeDecoderWithVehicleByPercentage;571,84;Alpha3
N050;80;TimeDecoderWithVehicleByPercentage;604,73;Alpha3
N050;80;TimeDecoderWithVehicleByPercentage;579,98;Alpha3
N050;80;TimeDecoderWithVehicleByPercentage;526,98;Alpha3
N050;80;TimeDecoderWithVehicleByPercentage;605,91;Alpha3
N075;84;PositionalDecoderWithVehicleByPercentage;831,00;Alpha3
N075;84;PositionalDecoderWithVehicleByPercentage;1018,80;Alpha3
N075;84;PositionalDecoderWithVehicleByPercentage;1019,20;Alpha3
N075;84;PositionalDecoderWithVehicleByPercentage;870,24;Alpha3
N075;84;PositionalDecoderWithVehicleByPercentage;994,77;Alpha3
N075;84;TimeDecoderWithVehicleByPercentage;952,66;Alpha3
N075;84;TimeDecoderWithVehicleByPercentage;864,92;Alpha3
N075;84;TimeDecoderWithVehicleByPercentage;898,22;Alpha3
N075;84;TimeDecoderWithVehicleByPercentage;877,80;Alpha3
N075;84;TimeDecoderWithVehicleByPercentage;979,56;Alpha3
N075;85;PositionalDecoderWithVehicleByPercentage;1019,50;Alpha3
N075;85;PositionalDecoderWithVehicleByPercentage;987,40;Alpha3
N075;85;PositionalDecoderWithVehicleByPercentage;871,30;Alpha3
N075;85;PositionalDecoderWithVehicleByPercentage;983,61;Alpha3
N075;85;PositionalDecoderWithVehicleByPercentage;925,85;Alpha3
N075;85;TimeDecoderWithVehicleByPercentage;1009,01;Alpha3
N075;85;TimeDecoderWithVehicleByPercentage;922,13;Alpha3
N075;85;TimeDecoderWithVehicleByPercentage;983,42;Alpha3
N075;85;TimeDecoderWithVehicleByPercentage;815,99;Alpha3
N075;85;TimeDecoderWithVehicleByPercentage;838,25;Alpha3
N075;86;PositionalDecoderWithVehicleByPercentage;1022,93;Alpha3
N075;86;PositionalDecoderWithVehicleByPercentage;881,60;Alpha3
N075;86;PositionalDecoderWithVehicleByPercentage;805,08;Alpha3
N075;86;PositionalDecoderWithVehicleByPercentage;714,37;Alpha3
N075;86;PositionalDecoderWithVehicleByPercentage;936,43;Alpha3
N075;86;TimeDecoderWithVehicleByPercentage;1003,20;Alpha3
N075;86;TimeDecoderWithVehicleByPercentage;752,89;Alpha3
N075;86;TimeDecoderWithVehicleByPercentage;811,00;Alpha3
N075;86;TimeDecoderWithVehicleByPercentage;878,45;Alpha3
N075;86;TimeDecoderWithVehicleByPercentage;768,96;Alpha3
N075;87;PositionalDecoderWithVehicleByPercentage;805,82;Alpha3
N075;87;PositionalDecoderWithVehicleByPercentage;821,58;Alpha3
N075;87;PositionalDecoderWithVehicleByPercentage;813,85;Alpha3
N075;87;PositionalDecoderWithVehicleByPercentage;949,36;Alpha3
N075;87;PositionalDecoderWithVehicleByPercentage;818,64;Alpha3
N075;87;TimeDecoderWithVehicleByPercentage;978,04;Alpha3
N075;87;TimeDecoderWithVehicleByPercentage;826,84;Alpha3
N075;87;TimeDecoderWithVehicleByPercentage;960,32;Alpha3
N075;87;TimeDecoderWithVehicleByPercentage;821,38;Alpha3
N075;87;TimeDecoderWithVehicleByPercentage;858,28;Alpha3
N075;81;PositionalDecoderWithVehicleByPercentage;866,27;Alpha3
N075;81;PositionalDecoderWithVehicleByPercentage;987,99;Alpha3
N075;81;PositionalDecoderWithVehicleByPercentage;727,52;Alpha3
N075;81;PositionalDecoderWithVehicleByPercentage;955,21;Alpha3
N075;81;PositionalDecoderWithVehicleByPercentage;992,94;Alpha3
N075;81;TimeDecoderWithVehicleByPercentage;908,43;Alpha3
N075;81;TimeDecoderWithVehicleByPercentage;837,21;Alpha3
N075;81;TimeDecoderWithVehicleByPercentage;857,93;Alpha3
N075;81;TimeDecoderWithVehicleByPercentage;939,40;Alpha3
N075;81;TimeDecoderWithVehicleByPercentage;823,41;Alpha3
N075;82;PositionalDecoderWithVehicleByPercentage;817,72;Alpha3
N075;82;PositionalDecoderWithVehicleByPercentage;865,00;Alpha3
N075;82;PositionalDecoderWithVehicleByPercentage;899,94;Alpha3
N075;82;PositionalDecoderWithVehicleByPercentage;918,35;Alpha3
N075;82;PositionalDecoderWithVehicleByPercentage;918,66;Alpha3
N075;82;TimeDecoderWithVehicleByPercentage;909,42;Alpha3
N075;82;TimeDecoderWithVehicleByPercentage;970,54;Alpha3
N075;82;TimeDecoderWithVehicleByPercentage;941,26;Alpha3
N075;82;TimeDecoderWithVehicleByPercentage;836,78;Alpha3
N075;82;TimeDecoderWithVehicleByPercentage;872,61;Alpha3
N075;83;PositionalDecoderWithVehicleByPercentage;840,39;Alpha3
N075;83;PositionalDecoderWithVehicleByPercentage;910,38;Alpha3
N075;83;PositionalDecoderWithVehicleByPercentage;841,93;Alpha3
N075;83;PositionalDecoderWithVehicleByPercentage;796,14;Alpha3
N075;83;PositionalDecoderWithVehicleByPercentage;851,71;Alpha3
N075;83;TimeDecoderWithVehicleByPercentage;904,96;Alpha3
N075;83;TimeDecoderWithVehicleByPercentage;858,92;Alpha3
N075;83;TimeDecoderWithVehicleByPercentage;802,06;Alpha3
N075;83;TimeDecoderWithVehicleByPercentage;961,27;Alpha3
N075;83;TimeDecoderWithVehicleByPercentage;913,43;Alpha3
N075;88;PositionalDecoderWithVehicleByPercentage;1046,05;Alpha3
N075;88;PositionalDecoderWithVehicleByPercentage;840,11;Alpha3
N075;88;PositionalDecoderWithVehicleByPercentage;974,20;Alpha3
N075;88;PositionalDecoderWithVehicleByPercentage;849,68;Alpha3
N075;88;PositionalDecoderWithVehicleByPercentage;940,68;Alpha3
N075;88;TimeDecoderWithVehicleByPercentage;958,68;Alpha3
N075;88;TimeDecoderWithVehicleByPercentage;923,95;Alpha3
N075;88;TimeDecoderWithVehicleByPercentage;958,48;Alpha3
N075;88;TimeDecoderWithVehicleByPercentage;893,78;Alpha3
N075;88;TimeDecoderWithVehicleByPercentage;961,30;Alpha3
N075;89;PositionalDecoderWithVehicleByPercentage;752,18;Alpha3
N075;89;PositionalDecoderWithVehicleByPercentage;870,74;Alpha3
N075;89;PositionalDecoderWithVehicleByPercentage;874,04;Alpha3
N075;89;PositionalDecoderWithVehicleByPercentage;993,76;Alpha3
N075;89;PositionalDecoderWithVehicleByPercentage;939,85;Alpha3
N075;89;TimeDecoderWithVehicleByPercentage;907,51;Alpha3
N075;89;TimeDecoderWithVehicleByPercentage;1009,52;Alpha3
N075;89;TimeDecoderWithVehicleByPercentage;890,67;Alpha3
N075;89;TimeDecoderWithVehicleByPercentage;916,11;Alpha3
N075;89;TimeDecoderWithVehicleByPercentage;975,00;Alpha3
N075;90;PositionalDecoderWithVehicleByPercentage;870,72;Alpha3
N075;90;PositionalDecoderWithVehicleByPercentage;831,21;Alpha3
N075;90;PositionalDecoderWithVehicleByPercentage;947,99;Alpha3
N075;90;PositionalDecoderWithVehicleByPercentage;862,79;Alpha3
N075;90;PositionalDecoderWithVehicleByPercentage;924,53;Alpha3
N075;90;TimeDecoderWithVehicleByPercentage;765,69;Alpha3
N075;90;TimeDecoderWithVehicleByPercentage;935,20;Alpha3
N075;90;TimeDecoderWithVehicleByPercentage;872,36;Alpha3
N075;90;TimeDecoderWithVehicleByPercentage;974,04;Alpha3
N075;90;TimeDecoderWithVehicleByPercentage;962,65;Alpha3
N100;95;PositionalDecoderWithVehicleByPercentage;1254,94;Alpha3
N100;95;PositionalDecoderWithVehicleByPercentage;1125,12;Alpha3
N100;95;PositionalDecoderWithVehicleByPercentage;1285,08;Alpha3
N100;95;PositionalDecoderWithVehicleByPercentage;1226,71;Alpha3
N100;95;PositionalDecoderWithVehicleByPercentage;1243,14;Alpha3
N100;95;TimeDecoderWithVehicleByPercentage;1321,96;Alpha3
N100;95;TimeDecoderWithVehicleByPercentage;1191,98;Alpha3
N100;95;TimeDecoderWithVehicleByPercentage;1242,37;Alpha3
N100;95;TimeDecoderWithVehicleByPercentage;1320,30;Alpha3
N100;95;TimeDecoderWithVehicleByPercentage;1365,93;Alpha3
N100;96;PositionalDecoderWithVehicleByPercentage;1348,90;Alpha3
N100;96;PositionalDecoderWithVehicleByPercentage;1416,51;Alpha3
N100;96;PositionalDecoderWithVehicleByPercentage;1344,23;Alpha3
N100;96;PositionalDecoderWithVehicleByPercentage;1283,87;Alpha3
N100;96;PositionalDecoderWithVehicleByPercentage;1230,10;Alpha3
N100;96;TimeDecoderWithVehicleByPercentage;1243,61;Alpha3
N100;96;TimeDecoderWithVehicleByPercentage;1316,36;Alpha3
N100;96;TimeDecoderWithVehicleByPercentage;1285,87;Alpha3
N100;96;TimeDecoderWithVehicleByPercentage;1345,30;Alpha3
N100;96;TimeDecoderWithVehicleByPercentage;1427,63;Alpha3
N100;97;PositionalDecoderWithVehicleByPercentage;1295,50;Alpha3
N100;97;PositionalDecoderWithVehicleByPercentage;1223,09;Alpha3
N100;97;PositionalDecoderWithVehicleByPercentage;1144,40;Alpha3
N100;97;PositionalDecoderWithVehicleByPercentage;1240,13;Alpha3
N100;97;PositionalDecoderWithVehicleByPercentage;1358,00;Alpha3
N100;97;TimeDecoderWithVehicleByPercentage;1143,81;Alpha3
N100;97;TimeDecoderWithVehicleByPercentage;1291,86;Alpha3
N100;97;TimeDecoderWithVehicleByPercentage;1117,30;Alpha3
N100;97;TimeDecoderWithVehicleByPercentage;1107,85;Alpha3
N100;97;TimeDecoderWithVehicleByPercentage;1149,84;Alpha3
N100;98;PositionalDecoderWithVehicleByPercentage;1196,41;Alpha3
N100;98;PositionalDecoderWithVehicleByPercentage;1273,46;Alpha3
N100;98;PositionalDecoderWithVehicleByPercentage;1274,92;Alpha3
N100;98;PositionalDecoderWithVehicleByPercentage;1387,11;Alpha3
N100;98;PositionalDecoderWithVehicleByPercentage;1271,75;Alpha3
N100;98;TimeDecoderWithVehicleByPercentage;1304,31;Alpha3
N100;98;TimeDecoderWithVehicleByPercentage;1266,24;Alpha3
N100;98;TimeDecoderWithVehicleByPercentage;1358,71;Alpha3
N100;98;TimeDecoderWithVehicleByPercentage;1069,14;Alpha3
N100;98;TimeDecoderWithVehicleByPercentage;1177,28;Alpha3
N100;100;PositionalDecoderWithVehicleByPercentage;1150,35;Alpha3
N100;100;PositionalDecoderWithVehicleByPercentage;1372,98;Alpha3
N100;100;PositionalDecoderWithVehicleByPercentage;1198,87;Alpha3
N100;100;PositionalDecoderWithVehicleByPercentage;1321,13;Alpha3
N100;100;PositionalDecoderWithVehicleByPercentage;1356,87;Alpha3
N100;100;TimeDecoderWithVehicleByPercentage;1243,70;Alpha3
N100;100;TimeDecoderWithVehicleByPercentage;1209,45;Alpha3
N100;100;TimeDecoderWithVehicleByPercentage;1137,45;Alpha3
N100;100;TimeDecoderWithVehicleByPercentage;1379,58;Alpha3
N100;100;TimeDecoderWithVehicleByPercentage;1330,60;Alpha3
N100;91;PositionalDecoderWithVehicleByPercentage;1308,00;Alpha3
N100;91;PositionalDecoderWithVehicleByPercentage;1355,30;Alpha3
N100;91;PositionalDecoderWithVehicleByPercentage;1244,00;Alpha3
N100;91;PositionalDecoderWithVehicleByPercentage;1164,86;Alpha3
N100;91;PositionalDecoderWithVehicleByPercentage;1147,49;Alpha3
N100;91;TimeDecoderWithVehicleByPercentage;1050,32;Alpha3
N100;91;TimeDecoderWithVehicleByPercentage;1183,45;Alpha3
N100;91;TimeDecoderWithVehicleByPercentage;1242,47;Alpha3
N100;91;TimeDecoderWithVehicleByPercentage;1255,92;Alpha3
N100;91;TimeDecoderWithVehicleByPercentage;1172,22;Alpha3
N100;92;PositionalDecoderWithVehicleByPercentage;1374,44;Alpha3
N100;92;PositionalDecoderWithVehicleByPercentage;960,94;Alpha3
N100;92;PositionalDecoderWithVehicleByPercentage;1091,41;Alpha3
N100;92;PositionalDecoderWithVehicleByPercentage;1048,31;Alpha3
N100;92;PositionalDecoderWithVehicleByPercentage;1055,76;Alpha3
N100;92;TimeDecoderWithVehicleByPercentage;1066,28;Alpha3
N100;92;TimeDecoderWithVehicleByPercentage;1067,65;Alpha3
N100;92;TimeDecoderWithVehicleByPercentage;1228,81;Alpha3
N100;92;TimeDecoderWithVehicleByPercentage;1282,04;Alpha3
N100;92;TimeDecoderWithVehicleByPercentage;1166,02;Alpha3
N100;93;PositionalDecoderWithVehicleByPercentage;1243,67;Alpha3
N100;93;PositionalDecoderWithVehicleByPercentage;1152,08;Alpha3
N100;93;PositionalDecoderWithVehicleByPercentage;1081,32;Alpha3
N100;93;PositionalDecoderWithVehicleByPercentage;1183,00;Alpha3
N100;93;PositionalDecoderWithVehicleByPercentage;1173,08;Alpha3
N100;93;TimeDecoderWithVehicleByPercentage;1241,89;Alpha3
N100;93;TimeDecoderWithVehicleByPercentage;1150,29;Alpha3
N100;93;TimeDecoderWithVehicleByPercentage;1375,36;Alpha3
N100;93;TimeDecoderWithVehicleByPercentage;1083,76;Alpha3
N100;93;TimeDecoderWithVehicleByPercentage;1243,21;Alpha3
N100;94;PositionalDecoderWithVehicleByPercentage;1178,30;Alpha3
N100;94;PositionalDecoderWithVehicleByPercentage;988,88;Alpha3
N100;94;PositionalDecoderWithVehicleByPercentage;1267,01;Alpha3
N100;94;PositionalDecoderWithVehicleByPercentage;1323,22;Alpha3
N100;94;PositionalDecoderWithVehicleByPercentage;1246,37;Alpha3
N100;94;TimeDecoderWithVehicleByPercentage;1272,91;Alpha3
N100;94;TimeDecoderWithVehicleByPercentage;1132,43;Alpha3
N100;94;TimeDecoderWithVehicleByPercentage;1302,44;Alpha3
N100;94;TimeDecoderWithVehicleByPercentage;1190,97;Alpha3
N100;94;TimeDecoderWithVehicleByPercentage;1183,79;Alpha3
N100;99;PositionalDecoderWithVehicleByPercentage;1216,60;Alpha3
N100;99;PositionalDecoderWithVehicleByPercentage;1346,08;Alpha3
N100;99;PositionalDecoderWithVehicleByPercentage;1230,91;Alpha3
N100;99;PositionalDecoderWithVehicleByPercentage;1135,38;Alpha3
N100;99;PositionalDecoderWithVehicleByPercentage;1224,30;Alpha3
N100;99;TimeDecoderWithVehicleByPercentage;1292,15;Alpha3
N100;99;TimeDecoderWithVehicleByPercentage;1269,81;Alpha3
N100;99;TimeDecoderWithVehicleByPercentage;1362,95;Alpha3
N100;99;TimeDecoderWithVehicleByPercentage;1269,48;Alpha3
N100;99;TimeDecoderWithVehicleByPercentage;1129,34;Alpha3
N175;102;PositionalDecoderWithVehicleByPercentage;2210,23;Alpha3
N175;102;PositionalDecoderWithVehicleByPercentage;2166,06;Alpha3
N175;102;PositionalDecoderWithVehicleByPercentage;2178,32;Alpha3
N175;102;PositionalDecoderWithVehicleByPercentage;2028,35;Alpha3
N175;102;PositionalDecoderWithVehicleByPercentage;2128,82;Alpha3
N175;102;TimeDecoderWithVehicleByPercentage;1967,09;Alpha3
N175;102;TimeDecoderWithVehicleByPercentage;2027,23;Alpha3
N175;102;TimeDecoderWithVehicleByPercentage;2239,74;Alpha3
N175;102;TimeDecoderWithVehicleByPercentage;2241,83;Alpha3
N175;102;TimeDecoderWithVehicleByPercentage;2186,02;Alpha3
N175;104;PositionalDecoderWithVehicleByPercentage;2213,77;Alpha3
N175;104;PositionalDecoderWithVehicleByPercentage;2336,55;Alpha3
N175;104;PositionalDecoderWithVehicleByPercentage;2273,62;Alpha3
N175;104;PositionalDecoderWithVehicleByPercentage;2285,75;Alpha3
N175;104;PositionalDecoderWithVehicleByPercentage;2079,99;Alpha3
N175;104;TimeDecoderWithVehicleByPercentage;1942,52;Alpha3
N175;104;TimeDecoderWithVehicleByPercentage;1961,72;Alpha3
N175;104;TimeDecoderWithVehicleByPercentage;2037,46;Alpha3
N175;104;TimeDecoderWithVehicleByPercentage;2263,50;Alpha3
N175;104;TimeDecoderWithVehicleByPercentage;1948,77;Alpha3
N175;105;PositionalDecoderWithVehicleByPercentage;2217,47;Alpha3
N175;105;PositionalDecoderWithVehicleByPercentage;2137,46;Alpha3
N175;105;PositionalDecoderWithVehicleByPercentage;2503,93;Alpha3
N175;105;PositionalDecoderWithVehicleByPercentage;2280,68;Alpha3
N175;105;PositionalDecoderWithVehicleByPercentage;2083,99;Alpha3
N175;105;TimeDecoderWithVehicleByPercentage;2244,96;Alpha3
N175;105;TimeDecoderWithVehicleByPercentage;2326,69;Alpha3
N175;105;TimeDecoderWithVehicleByPercentage;2210,06;Alpha3
N175;105;TimeDecoderWithVehicleByPercentage;2195,39;Alpha3
N175;105;TimeDecoderWithVehicleByPercentage;2263,22;Alpha3
N175;106;PositionalDecoderWithVehicleByPercentage;1951,06;Alpha3
N175;106;PositionalDecoderWithVehicleByPercentage;2356,11;Alpha3
N175;106;PositionalDecoderWithVehicleByPercentage;2114,52;Alpha3
N175;106;PositionalDecoderWithVehicleByPercentage;2303,66;Alpha3
N175;106;PositionalDecoderWithVehicleByPercentage;2157,92;Alpha3
N175;106;TimeDecoderWithVehicleByPercentage;2087,02;Alpha3
N175;106;TimeDecoderWithVehicleByPercentage;2300,75;Alpha3
N175;106;TimeDecoderWithVehicleByPercentage;2326,49;Alpha3
N175;106;TimeDecoderWithVehicleByPercentage;2095,56;Alpha3
N175;106;TimeDecoderWithVehicleByPercentage;2040,64;Alpha3
N175;110;PositionalDecoderWithVehicleByPercentage;2024,68;Alpha3
N175;110;PositionalDecoderWithVehicleByPercentage;2259,71;Alpha3
N175;110;PositionalDecoderWithVehicleByPercentage;2094,14;Alpha3
N175;110;PositionalDecoderWithVehicleByPercentage;2103,20;Alpha3
N175;110;PositionalDecoderWithVehicleByPercentage;2267,89;Alpha3
N175;110;TimeDecoderWithVehicleByPercentage;2435,81;Alpha3
N175;110;TimeDecoderWithVehicleByPercentage;1997,53;Alpha3
N175;110;TimeDecoderWithVehicleByPercentage;2090,65;Alpha3
N175;110;TimeDecoderWithVehicleByPercentage;2095,62;Alpha3
N175;110;TimeDecoderWithVehicleByPercentage;1973,01;Alpha3
N175;101;PositionalDecoderWithVehicleByPercentage;2547,36;Alpha3
N175;101;PositionalDecoderWithVehicleByPercentage;2160,42;Alpha3
N175;101;PositionalDecoderWithVehicleByPercentage;2023,14;Alpha3
N175;101;PositionalDecoderWithVehicleByPercentage;2286,03;Alpha3
N175;101;PositionalDecoderWithVehicleByPercentage;2256,90;Alpha3
N175;101;TimeDecoderWithVehicleByPercentage;2020,27;Alpha3
N175;101;TimeDecoderWithVehicleByPercentage;2263,26;Alpha3
N175;101;TimeDecoderWithVehicleByPercentage;2134,49;Alpha3
N175;101;TimeDecoderWithVehicleByPercentage;2179,91;Alpha3
N175;101;TimeDecoderWithVehicleByPercentage;2364,66;Alpha3
N175;103;PositionalDecoderWithVehicleByPercentage;1983,16;Alpha3
N175;103;PositionalDecoderWithVehicleByPercentage;2184,78;Alpha3
N175;103;PositionalDecoderWithVehicleByPercentage;1920,25;Alpha3
N175;103;PositionalDecoderWithVehicleByPercentage;2157,05;Alpha3
N175;103;PositionalDecoderWithVehicleByPercentage;2387,20;Alpha3
N175;103;TimeDecoderWithVehicleByPercentage;2415,10;Alpha3
N175;103;TimeDecoderWithVehicleByPercentage;2359,90;Alpha3
N175;103;TimeDecoderWithVehicleByPercentage;2072,50;Alpha3
N175;103;TimeDecoderWithVehicleByPercentage;2065,73;Alpha3
N175;103;TimeDecoderWithVehicleByPercentage;2079,32;Alpha3
N175;107;PositionalDecoderWithVehicleByPercentage;2309,87;Alpha3
N175;107;PositionalDecoderWithVehicleByPercentage;2532,87;Alpha3
N175;107;PositionalDecoderWithVehicleByPercentage;2360,39;Alpha3
N175;107;PositionalDecoderWithVehicleByPercentage;2188,02;Alpha3
N175;107;PositionalDecoderWithVehicleByPercentage;2254,06;Alpha3
N175;107;TimeDecoderWithVehicleByPercentage;2166,61;Alpha3
N175;107;TimeDecoderWithVehicleByPercentage;2107,82;Alpha3
N175;107;TimeDecoderWithVehicleByPercentage;2082,47;Alpha3
N175;107;TimeDecoderWithVehicleByPercentage;2350,84;Alpha3
N175;107;TimeDecoderWithVehicleByPercentage;2419,29;Alpha3
N175;108;PositionalDecoderWithVehicleByPercentage;2193,23;Alpha3
N175;108;PositionalDecoderWithVehicleByPercentage;2158,76;Alpha3
N175;108;PositionalDecoderWithVehicleByPercentage;2155,49;Alpha3
N175;108;PositionalDecoderWithVehicleByPercentage;2076,58;Alpha3
N175;108;PositionalDecoderWithVehicleByPercentage;2187,35;Alpha3
N175;108;TimeDecoderWithVehicleByPercentage;2238,00;Alpha3
N175;108;TimeDecoderWithVehicleByPercentage;2161,45;Alpha3
N175;108;TimeDecoderWithVehicleByPercentage;2216,19;Alpha3
N175;108;TimeDecoderWithVehicleByPercentage;2049,16;Alpha3
N175;108;TimeDecoderWithVehicleByPercentage;2205,64;Alpha3
N175;109;PositionalDecoderWithVehicleByPercentage;2207,55;Alpha3
N175;109;PositionalDecoderWithVehicleByPercentage;2286,23;Alpha3
N175;109;PositionalDecoderWithVehicleByPercentage;2294,80;Alpha3
N175;109;PositionalDecoderWithVehicleByPercentage;2310,10;Alpha3
N175;109;PositionalDecoderWithVehicleByPercentage;1961,92;Alpha3
N175;109;TimeDecoderWithVehicleByPercentage;2115,04;Alpha3
N175;109;TimeDecoderWithVehicleByPercentage;1888,46;Alpha3
N175;109;TimeDecoderWithVehicleByPercentage;2206,87;Alpha3
N175;109;TimeDecoderWithVehicleByPercentage;2036,98;Alpha3
N175;109;TimeDecoderWithVehicleByPercentage;2156,79;Alpha3
N250;113;PositionalDecoderWithVehicleByPercentage;3397,02;Alpha3
N250;113;PositionalDecoderWithVehicleByPercentage;3197,49;Alpha3
N250;113;PositionalDecoderWithVehicleByPercentage;3181,18;Alpha3
N250;113;PositionalDecoderWithVehicleByPercentage;3415,14;Alpha3
N250;113;PositionalDecoderWithVehicleByPercentage;3505,48;Alpha3
N250;113;TimeDecoderWithVehicleByPercentage;3476,81;Alpha3
N250;113;TimeDecoderWithVehicleByPercentage;3676,12;Alpha3
N250;113;TimeDecoderWithVehicleByPercentage;3362,01;Alpha3
N250;113;TimeDecoderWithVehicleByPercentage;3390,39;Alpha3
N250;113;TimeDecoderWithVehicleByPercentage;2907,17;Alpha3
N250;114;PositionalDecoderWithVehicleByPercentage;3112,70;Alpha3
N250;114;PositionalDecoderWithVehicleByPercentage;3137,18;Alpha3
N250;114;PositionalDecoderWithVehicleByPercentage;3350,08;Alpha3
N250;114;PositionalDecoderWithVehicleByPercentage;3090,17;Alpha3
N250;114;PositionalDecoderWithVehicleByPercentage;3261,63;Alpha3
N250;114;TimeDecoderWithVehicleByPercentage;3274,01;Alpha3
N250;114;TimeDecoderWithVehicleByPercentage;3178,64;Alpha3
N250;114;TimeDecoderWithVehicleByPercentage;3260,26;Alpha3
N250;114;TimeDecoderWithVehicleByPercentage;3199,91;Alpha3
N250;114;TimeDecoderWithVehicleByPercentage;3332,19;Alpha3
N250;115;PositionalDecoderWithVehicleByPercentage;3247,24;Alpha3
N250;115;PositionalDecoderWithVehicleByPercentage;3156,34;Alpha3
N250;115;PositionalDecoderWithVehicleByPercentage;2945,57;Alpha3
N250;115;PositionalDecoderWithVehicleByPercentage;3246,24;Alpha3
N250;115;PositionalDecoderWithVehicleByPercentage;3342,37;Alpha3
N250;115;TimeDecoderWithVehicleByPercentage;3465,47;Alpha3
N250;115;TimeDecoderWithVehicleByPercentage;3215,24;Alpha3
N250;115;TimeDecoderWithVehicleByPercentage;3382,21;Alpha3
N250;115;TimeDecoderWithVehicleByPercentage;3235,95;Alpha3
N250;115;TimeDecoderWithVehicleByPercentage;3359,83;Alpha3
N250;117;PositionalDecoderWithVehicleByPercentage;3256,11;Alpha3
N250;117;PositionalDecoderWithVehicleByPercentage;3287,52;Alpha3
N250;117;PositionalDecoderWithVehicleByPercentage;3370,76;Alpha3
N250;117;PositionalDecoderWithVehicleByPercentage;3222,20;Alpha3
N250;117;PositionalDecoderWithVehicleByPercentage;3455,29;Alpha3
N250;117;TimeDecoderWithVehicleByPercentage;3463,34;Alpha3
N250;117;TimeDecoderWithVehicleByPercentage;3591,16;Alpha3
N250;117;TimeDecoderWithVehicleByPercentage;3299,51;Alpha3
N250;117;TimeDecoderWithVehicleByPercentage;3190,88;Alpha3
N250;117;TimeDecoderWithVehicleByPercentage;3437,75;Alpha3
N250;2;PositionalDecoderWithVehicleByPercentage;3637,65;Alpha3
N250;2;PositionalDecoderWithVehicleByPercentage;3344,68;Alpha3
N250;2;PositionalDecoderWithVehicleByPercentage;3145,92;Alpha3
N250;2;PositionalDecoderWithVehicleByPercentage;3385,25;Alpha3
N250;2;PositionalDecoderWithVehicleByPercentage;3766,78;Alpha3
N250;2;TimeDecoderWithVehicleByPercentage;3309,33;Alpha3
N250;2;TimeDecoderWithVehicleByPercentage;3110,76;Alpha3
N250;2;TimeDecoderWithVehicleByPercentage;3607,00;Alpha3
N250;2;TimeDecoderWithVehicleByPercentage;3165,66;Alpha3
N250;2;TimeDecoderWithVehicleByPercentage;3637,62;Alpha3
N250;3;PositionalDecoderWithVehicleByPercentage;3304,35;Alpha3
N250;3;PositionalDecoderWithVehicleByPercentage;3336,19;Alpha3
N250;3;PositionalDecoderWithVehicleByPercentage;3242,42;Alpha3
N250;3;PositionalDecoderWithVehicleByPercentage;3198,57;Alpha3
N250;3;PositionalDecoderWithVehicleByPercentage;3330,77;Alpha3
N250;3;TimeDecoderWithVehicleByPercentage;3469,82;Alpha3
N250;3;TimeDecoderWithVehicleByPercentage;3129,69;Alpha3
N250;3;TimeDecoderWithVehicleByPercentage;3373,70;Alpha3
N250;3;TimeDecoderWithVehicleByPercentage;3444,11;Alpha3
N250;3;TimeDecoderWithVehicleByPercentage;3353,49;Alpha3
N250;9;PositionalDecoderWithVehicleByPercentage;3129,75;Alpha3
N250;9;PositionalDecoderWithVehicleByPercentage;3233,96;Alpha3
N250;9;PositionalDecoderWithVehicleByPercentage;3114,71;Alpha3
N250;9;PositionalDecoderWithVehicleByPercentage;3160,96;Alpha3
N250;9;PositionalDecoderWithVehicleByPercentage;3420,70;Alpha3
N250;9;TimeDecoderWithVehicleByPercentage;3288,15;Alpha3
N250;9;TimeDecoderWithVehicleByPercentage;3238,53;Alpha3
N250;9;TimeDecoderWithVehicleByPercentage;3018,21;Alpha3
N250;9;TimeDecoderWithVehicleByPercentage;2951,21;Alpha3
N250;9;TimeDecoderWithVehicleByPercentage;3220,63;Alpha3
N250;111;PositionalDecoderWithVehicleByPercentage;3076,40;Alpha3
N250;111;PositionalDecoderWithVehicleByPercentage;3166,28;Alpha3
N250;111;PositionalDecoderWithVehicleByPercentage;3171,67;Alpha3
N250;111;PositionalDecoderWithVehicleByPercentage;2929,04;Alpha3
N250;111;PositionalDecoderWithVehicleByPercentage;3032,04;Alpha3
N250;111;TimeDecoderWithVehicleByPercentage;3104,61;Alpha3
N250;111;TimeDecoderWithVehicleByPercentage;3257,51;Alpha3
N250;111;TimeDecoderWithVehicleByPercentage;3304,26;Alpha3
N250;111;TimeDecoderWithVehicleByPercentage;3246,92;Alpha3
N250;111;TimeDecoderWithVehicleByPercentage;3218,31;Alpha3
N250;119;PositionalDecoderWithVehicleByPercentage;3320,05;Alpha3
N250;119;PositionalDecoderWithVehicleByPercentage;3236,69;Alpha3
N250;119;PositionalDecoderWithVehicleByPercentage;3292,34;Alpha3
N250;119;PositionalDecoderWithVehicleByPercentage;3267,26;Alpha3
N250;119;PositionalDecoderWithVehicleByPercentage;3096,38;Alpha3
N250;119;TimeDecoderWithVehicleByPercentage;2981,32;Alpha3
N250;119;TimeDecoderWithVehicleByPercentage;3307,13;Alpha3
N250;119;TimeDecoderWithVehicleByPercentage;3395,43;Alpha3
N250;119;TimeDecoderWithVehicleByPercentage;3095,00;Alpha3
N250;119;TimeDecoderWithVehicleByPercentage;3400,70;Alpha3
N250;7;PositionalDecoderWithVehicleByPercentage;3269,98;Alpha3
N250;7;PositionalDecoderWithVehicleByPercentage;3189,55;Alpha3
N250;7;PositionalDecoderWithVehicleByPercentage;3390,87;Alpha3
N250;7;PositionalDecoderWithVehicleByPercentage;3474,30;Alpha3
N250;7;PositionalDecoderWithVehicleByPercentage;3144,49;Alpha3
N250;7;TimeDecoderWithVehicleByPercentage;3513,21;Alpha3
N250;7;TimeDecoderWithVehicleByPercentage;3153,05;Alpha3
N250;7;TimeDecoderWithVehicleByPercentage;3269,38;Alpha3
N250;7;TimeDecoderWithVehicleByPercentage;3367,33;Alpha3
N250;7;TimeDecoderWithVehicleByPercentage;3292,35;Alpha3
N250;8;PositionalDecoderWithVehicleByPercentage;3227,06;Alpha3
N250;8;PositionalDecoderWithVehicleByPercentage;3509,52;Alpha3
N250;8;PositionalDecoderWithVehicleByPercentage;3386,56;Alpha3
N250;8;PositionalDecoderWithVehicleByPercentage;3648,60;Alpha3
N250;8;PositionalDecoderWithVehicleByPercentage;3346,02;Alpha3
N250;8;TimeDecoderWithVehicleByPercentage;3676,74;Alpha3
N250;8;TimeDecoderWithVehicleByPercentage;3173,13;Alpha3
N250;8;TimeDecoderWithVehicleByPercentage;3158,84;Alpha3
N250;8;TimeDecoderWithVehicleByPercentage;3453,73;Alpha3
N250;8;TimeDecoderWithVehicleByPercentage;3157,07;Alpha3
N250;116;PositionalDecoderWithVehicleByPercentage;3054,49;Alpha3
N250;116;PositionalDecoderWithVehicleByPercentage;3291,39;Alpha3
N250;116;PositionalDecoderWithVehicleByPercentage;3161,58;Alpha3
N250;116;PositionalDecoderWithVehicleByPercentage;3242,15;Alpha3
N250;116;PositionalDecoderWithVehicleByPercentage;3125,73;Alpha3
N250;116;TimeDecoderWithVehicleByPercentage;3315,49;Alpha3
N250;116;TimeDecoderWithVehicleByPercentage;3251,35;Alpha3
N250;116;TimeDecoderWithVehicleByPercentage;3402,25;Alpha3
N250;116;TimeDecoderWithVehicleByPercentage;3414,60;Alpha3
N250;116;TimeDecoderWithVehicleByPercentage;3116,06;Alpha3
N250;118;PositionalDecoderWithVehicleByPercentage;3386,50;Alpha3
N250;118;PositionalDecoderWithVehicleByPercentage;3271,29;Alpha3
N250;118;PositionalDecoderWithVehicleByPercentage;3495,51;Alpha3
N250;118;PositionalDecoderWithVehicleByPercentage;3496,82;Alpha3
N250;118;PositionalDecoderWithVehicleByPercentage;3243,47;Alpha3
N250;118;TimeDecoderWithVehicleByPercentage;3236,96;Alpha3
N250;118;TimeDecoderWithVehicleByPercentage;3649,10;Alpha3
N250;118;TimeDecoderWithVehicleByPercentage;3259,81;Alpha3
N250;118;TimeDecoderWithVehicleByPercentage;3531,93;Alpha3
N250;118;TimeDecoderWithVehicleByPercentage;3282,94;Alpha3
N250;4;PositionalDecoderWithVehicleByPercentage;3313,29;Alpha3
N250;4;PositionalDecoderWithVehicleByPercentage;3213,39;Alpha3
N250;4;PositionalDecoderWithVehicleByPercentage;3167,17;Alpha3
N250;4;PositionalDecoderWithVehicleByPercentage;3261,52;Alpha3
N250;4;PositionalDecoderWithVehicleByPercentage;3263,40;Alpha3
N250;4;TimeDecoderWithVehicleByPercentage;3192,52;Alpha3
N250;4;TimeDecoderWithVehicleByPercentage;3506,10;Alpha3
N250;4;TimeDecoderWithVehicleByPercentage;3382,06;Alpha3
N250;4;TimeDecoderWithVehicleByPercentage;3253,22;Alpha3
N250;4;TimeDecoderWithVehicleByPercentage;3436,46;Alpha3
N250;10;PositionalDecoderWithVehicleByPercentage;3263,87;Alpha3
N250;10;PositionalDecoderWithVehicleByPercentage;3180,14;Alpha3
N250;10;PositionalDecoderWithVehicleByPercentage;3367,56;Alpha3
N250;10;PositionalDecoderWithVehicleByPercentage;3230,26;Alpha3
N250;10;PositionalDecoderWithVehicleByPercentage;2996,75;Alpha3
N250;10;TimeDecoderWithVehicleByPercentage;3111,70;Alpha3
N250;10;TimeDecoderWithVehicleByPercentage;3247,04;Alpha3
N250;10;TimeDecoderWithVehicleByPercentage;3376,83;Alpha3
N250;10;TimeDecoderWithVehicleByPercentage;3085,34;Alpha3
N250;10;TimeDecoderWithVehicleByPercentage;3200,27;Alpha3
N250;120;PositionalDecoderWithVehicleByPercentage;3275,62;Alpha3
N250;120;PositionalDecoderWithVehicleByPercentage;2958,69;Alpha3
N250;120;PositionalDecoderWithVehicleByPercentage;3521,00;Alpha3
N250;120;PositionalDecoderWithVehicleByPercentage;3333,44;Alpha3
N250;120;PositionalDecoderWithVehicleByPercentage;3337,99;Alpha3
N250;120;TimeDecoderWithVehicleByPercentage;3304,17;Alpha3
N250;120;TimeDecoderWithVehicleByPercentage;3618,41;Alpha3
N250;120;TimeDecoderWithVehicleByPercentage;3412,75;Alpha3
N250;120;TimeDecoderWithVehicleByPercentage;3298,47;Alpha3
N250;120;TimeDecoderWithVehicleByPercentage;3531,75;Alpha3
N250;1;PositionalDecoderWithVehicleByPercentage;3438,27;Alpha3
N250;1;PositionalDecoderWithVehicleByPercentage;3282,12;Alpha3
N250;1;PositionalDecoderWithVehicleByPercentage;3170,54;Alpha3
N250;1;PositionalDecoderWithVehicleByPercentage;3645,09;Alpha3
N250;1;PositionalDecoderWithVehicleByPercentage;3401,03;Alpha3
N250;1;TimeDecoderWithVehicleByPercentage;3244,12;Alpha3
N250;1;TimeDecoderWithVehicleByPercentage;3375,33;Alpha3
N250;1;TimeDecoderWithVehicleByPercentage;3308,65;Alpha3
N250;1;TimeDecoderWithVehicleByPercentage;3256,22;Alpha3
N250;1;TimeDecoderWithVehicleByPercentage;3363,53;Alpha3
N250;5;PositionalDecoderWithVehicleByPercentage;3044,99;Alpha3
N250;5;PositionalDecoderWithVehicleByPercentage;3199,12;Alpha3
N250;5;PositionalDecoderWithVehicleByPercentage;3147,99;Alpha3
N250;5;PositionalDecoderWithVehicleByPercentage;3220,78;Alpha3
N250;5;PositionalDecoderWithVehicleByPercentage;3331,46;Alpha3
N250;5;TimeDecoderWithVehicleByPercentage;3298,32;Alpha3
N250;5;TimeDecoderWithVehicleByPercentage;3023,05;Alpha3
N250;5;TimeDecoderWithVehicleByPercentage;3544,40;Alpha3
N250;5;TimeDecoderWithVehicleByPercentage;3295,45;Alpha3
N250;5;TimeDecoderWithVehicleByPercentage;3212,41;Alpha3
N250;6;PositionalDecoderWithVehicleByPercentage;3334,42;Alpha3
N250;6;PositionalDecoderWithVehicleByPercentage;3610,39;Alpha3
N250;6;PositionalDecoderWithVehicleByPercentage;2865,31;Alpha3
N250;6;PositionalDecoderWithVehicleByPercentage;3356,31;Alpha3
N250;6;PositionalDecoderWithVehicleByPercentage;3330,77;Alpha3
N250;6;TimeDecoderWithVehicleByPercentage;3386,44;Alpha3
N250;6;TimeDecoderWithVehicleByPercentage;3223,95;Alpha3
N250;6;TimeDecoderWithVehicleByPercentage;3389,65;Alpha3
N250;6;TimeDecoderWithVehicleByPercentage;3281,28;Alpha3
N250;6;TimeDecoderWithVehicleByPercentage;3426,44;Alpha3
N250;112;PositionalDecoderWithVehicleByPercentage;3512,19;Alpha3
N250;112;PositionalDecoderWithVehicleByPercentage;3168,42;Alpha3
N250;112;PositionalDecoderWithVehicleByPercentage;2943,90;Alpha3
N250;112;PositionalDecoderWithVehicleByPercentage;3236,96;Alpha3
N250;112;PositionalDecoderWithVehicleByPercentage;3416,57;Alpha3
N250;112;TimeDecoderWithVehicleByPercentage;3566,34;Alpha3
N250;112;TimeDecoderWithVehicleByPercentage;3360,85;Alpha3
N250;112;TimeDecoderWithVehicleByPercentage;3079,72;Alpha3
N250;112;TimeDecoderWithVehicleByPercentage;3395,05;Alpha3
N250;112;TimeDecoderWithVehicleByPercentage;3680,92;Alpha3