N;Instance;Decoder;Time Spent;Alpha
N010;53;PositionalAgatzDecoderWithVehicleByPercentage;797,96;Alpha1
N010;53;PositionalAgatzDecoderWithVehicleByPercentage;817,70;Alpha1
N010;53;PositionalAgatzDecoderWithVehicleByPercentage;797,96;Alpha1
N010;53;PositionalAgatzDecoderWithVehicleByPercentage;797,96;Alpha1
N010;53;PositionalAgatzDecoderWithVehicleByPercentage;797,96;Alpha1
N010;53;PositionalAgatzDecoderWithVehicleByPercentage;797,96;Alpha1
N010;53;PositionalAgatzDecoderWithVehicleByPercentage;817,70;Alpha1
N010;53;PositionalAgatzDecoderWithVehicleByPercentage;797,96;Alpha1
N010;53;PositionalAgatzDecoderWithVehicleByPercentage;797,96;Alpha1
N010;53;PositionalAgatzDecoderWithVehicleByPercentage;797,96;Alpha1
N010;55;PositionalAgatzDecoderWithVehicleByPercentage;911,35;Alpha1
N010;55;PositionalAgatzDecoderWithVehicleByPercentage;911,35;Alpha1
N010;55;PositionalAgatzDecoderWithVehicleByPercentage;911,35;Alpha1
N010;55;PositionalAgatzDecoderWithVehicleByPercentage;911,35;Alpha1
N010;55;PositionalAgatzDecoderWithVehicleByPercentage;911,35;Alpha1
N010;55;PositionalAgatzDecoderWithVehicleByPercentage;911,35;Alpha1
N010;55;PositionalAgatzDecoderWithVehicleByPercentage;911,35;Alpha1
N010;55;PositionalAgatzDecoderWithVehicleByPercentage;911,35;Alpha1
N010;55;PositionalAgatzDecoderWithVehicleByPercentage;911,35;Alpha1
N010;55;PositionalAgatzDecoderWithVehicleByPercentage;911,35;Alpha1
N010;57;PositionalAgatzDecoderWithVehicleByPercentage;753,95;Alpha1
N010;57;PositionalAgatzDecoderWithVehicleByPercentage;753,95;Alpha1
N010;57;PositionalAgatzDecoderWithVehicleByPercentage;753,95;Alpha1
N010;57;PositionalAgatzDecoderWithVehicleByPercentage;787,30;Alpha1
N010;57;PositionalAgatzDecoderWithVehicleByPercentage;787,30;Alpha1
N010;57;PositionalAgatzDecoderWithVehicleByPercentage;789,58;Alpha1
N010;57;PositionalAgatzDecoderWithVehicleByPercentage;753,95;Alpha1
N010;57;PositionalAgatzDecoderWithVehicleByPercentage;753,95;Alpha1
N010;57;PositionalAgatzDecoderWithVehicleByPercentage;789,58;Alpha1
N010;57;PositionalAgatzDecoderWithVehicleByPercentage;753,95;Alpha1
N010;59;PositionalAgatzDecoderWithVehicleByPercentage;858,94;Alpha1
N010;59;PositionalAgatzDecoderWithVehicleByPercentage;842,20;Alpha1
N010;59;PositionalAgatzDecoderWithVehicleByPercentage;858,94;Alpha1
N010;59;PositionalAgatzDecoderWithVehicleByPercentage;842,20;Alpha1
N010;59;PositionalAgatzDecoderWithVehicleByPercentage;858,94;Alpha1
N010;59;PositionalAgatzDecoderWithVehicleByPercentage;858,94;Alpha1
N010;59;PositionalAgatzDecoderWithVehicleByPercentage;858,94;Alpha1
N010;59;PositionalAgatzDecoderWithVehicleByPercentage;842,20;Alpha1
N010;59;PositionalAgatzDecoderWithVehicleByPercentage;858,94;Alpha1
N010;59;PositionalAgatzDecoderWithVehicleByPercentage;842,20;Alpha1
N010;51;PositionalAgatzDecoderWithVehicleByPercentage;617,98;Alpha1
N010;51;PositionalAgatzDecoderWithVehicleByPercentage;617,98;Alpha1
N010;51;PositionalAgatzDecoderWithVehicleByPercentage;633,42;Alpha1
N010;51;PositionalAgatzDecoderWithVehicleByPercentage;633,42;Alpha1
N010;51;PositionalAgatzDecoderWithVehicleByPercentage;633,42;Alpha1
N010;51;PositionalAgatzDecoderWithVehicleByPercentage;617,98;Alpha1
N010;51;PositionalAgatzDecoderWithVehicleByPercentage;617,98;Alpha1
N010;51;PositionalAgatzDecoderWithVehicleByPercentage;633,42;Alpha1
N010;51;PositionalAgatzDecoderWithVehicleByPercentage;617,98;Alpha1
N010;51;PositionalAgatzDecoderWithVehicleByPercentage;617,98;Alpha1
N010;52;PositionalAgatzDecoderWithVehicleByPercentage;477,46;Alpha1
N010;52;PositionalAgatzDecoderWithVehicleByPercentage;480,48;Alpha1
N010;52;PositionalAgatzDecoderWithVehicleByPercentage;480,48;Alpha1
N010;52;PositionalAgatzDecoderWithVehicleByPercentage;474,15;Alpha1
N010;52;PositionalAgatzDecoderWithVehicleByPercentage;474,15;Alpha1
N010;52;PositionalAgatzDecoderWithVehicleByPercentage;477,46;Alpha1
N010;52;PositionalAgatzDecoderWithVehicleByPercentage;477,46;Alpha1
N010;52;PositionalAgatzDecoderWithVehicleByPercentage;474,15;Alpha1
N010;52;PositionalAgatzDecoderWithVehicleByPercentage;477,46;Alpha1
N010;52;PositionalAgatzDecoderWithVehicleByPercentage;474,15;Alpha1
N010;54;PositionalAgatzDecoderWithVehicleByPercentage;596,77;Alpha1
N010;54;PositionalAgatzDecoderWithVehicleByPercentage;596,77;Alpha1
N010;54;PositionalAgatzDecoderWithVehicleByPercentage;596,77;Alpha1
N010;54;PositionalAgatzDecoderWithVehicleByPercentage;596,77;Alpha1
N010;54;PositionalAgatzDecoderWithVehicleByPercentage;596,77;Alpha1
N010;54;PositionalAgatzDecoderWithVehicleByPercentage;596,77;Alpha1
N010;54;PositionalAgatzDecoderWithVehicleByPercentage;596,77;Alpha1
N010;54;PositionalAgatzDecoderWithVehicleByPercentage;596,77;Alpha1
N010;54;PositionalAgatzDecoderWithVehicleByPercentage;596,77;Alpha1
N010;54;PositionalAgatzDecoderWithVehicleByPercentage;596,77;Alpha1
N010;56;PositionalAgatzDecoderWithVehicleByPercentage;671,44;Alpha1
N010;56;PositionalAgatzDecoderWithVehicleByPercentage;671,44;Alpha1
N010;56;PositionalAgatzDecoderWithVehicleByPercentage;671,44;Alpha1
N010;56;PositionalAgatzDecoderWithVehicleByPercentage;671,44;Alpha1
N010;56;PositionalAgatzDecoderWithVehicleByPercentage;671,44;Alpha1
N010;56;PositionalAgatzDecoderWithVehicleByPercentage;671,44;Alpha1
N010;56;PositionalAgatzDecoderWithVehicleByPercentage;671,44;Alpha1
N010;56;PositionalAgatzDecoderWithVehicleByPercentage;671,44;Alpha1
N010;56;PositionalAgatzDecoderWithVehicleByPercentage;679,55;Alpha1
N010;56;PositionalAgatzDecoderWithVehicleByPercentage;671,44;Alpha1
N010;58;PositionalAgatzDecoderWithVehicleByPercentage;776,62;Alpha1
N010;58;PositionalAgatzDecoderWithVehicleByPercentage;776,62;Alpha1
N010;58;PositionalAgatzDecoderWithVehicleByPercentage;776,62;Alpha1
N010;58;PositionalAgatzDecoderWithVehicleByPercentage;776,62;Alpha1
N010;58;PositionalAgatzDecoderWithVehicleByPercentage;776,62;Alpha1
N010;58;PositionalAgatzDecoderWithVehicleByPercentage;776,62;Alpha1
N010;58;PositionalAgatzDecoderWithVehicleByPercentage;776,62;Alpha1
N010;58;PositionalAgatzDecoderWithVehicleByPercentage;776,62;Alpha1
N010;58;PositionalAgatzDecoderWithVehicleByPercentage;776,62;Alpha1
N010;58;PositionalAgatzDecoderWithVehicleByPercentage;776,62;Alpha1
N010;60;PositionalAgatzDecoderWithVehicleByPercentage;874,85;Alpha1
N010;60;PositionalAgatzDecoderWithVehicleByPercentage;874,85;Alpha1
N010;60;PositionalAgatzDecoderWithVehicleByPercentage;874,85;Alpha1
N010;60;PositionalAgatzDecoderWithVehicleByPercentage;874,87;Alpha1
N010;60;PositionalAgatzDecoderWithVehicleByPercentage;874,87;Alpha1
N010;60;PositionalAgatzDecoderWithVehicleByPercentage;874,85;Alpha1
N010;60;PositionalAgatzDecoderWithVehicleByPercentage;874,85;Alpha1
N010;60;PositionalAgatzDecoderWithVehicleByPercentage;874,85;Alpha1
N010;60;PositionalAgatzDecoderWithVehicleByPercentage;874,85;Alpha1
N010;60;PositionalAgatzDecoderWithVehicleByPercentage;909,39;Alpha1
N020;66;PositionalAgatzDecoderWithVehicleByPercentage;789,78;Alpha1
N020;66;PositionalAgatzDecoderWithVehicleByPercentage;788,10;Alpha1
N020;66;PositionalAgatzDecoderWithVehicleByPercentage;774,37;Alpha1
N020;66;PositionalAgatzDecoderWithVehicleByPercentage;756,62;Alpha1
N020;66;PositionalAgatzDecoderWithVehicleByPercentage;800,01;Alpha1
N020;66;PositionalAgatzDecoderWithVehicleByPercentage;774,37;Alpha1
N020;66;PositionalAgatzDecoderWithVehicleByPercentage;756,62;Alpha1
N020;66;PositionalAgatzDecoderWithVehicleByPercentage;774,23;Alpha1
N020;66;PositionalAgatzDecoderWithVehicleByPercentage;783,32;Alpha1
N020;66;PositionalAgatzDecoderWithVehicleByPercentage;770,36;Alpha1
N020;68;PositionalAgatzDecoderWithVehicleByPercentage;813,71;Alpha1
N020;68;PositionalAgatzDecoderWithVehicleByPercentage;785,60;Alpha1
N020;68;PositionalAgatzDecoderWithVehicleByPercentage;807,80;Alpha1
N020;68;PositionalAgatzDecoderWithVehicleByPercentage;780,01;Alpha1
N020;68;PositionalAgatzDecoderWithVehicleByPercentage;748,93;Alpha1
N020;68;PositionalAgatzDecoderWithVehicleByPercentage;823,93;Alpha1
N020;68;PositionalAgatzDecoderWithVehicleByPercentage;747,66;Alpha1
N020;68;PositionalAgatzDecoderWithVehicleByPercentage;793,98;Alpha1
N020;68;PositionalAgatzDecoderWithVehicleByPercentage;782,36;Alpha1
N020;68;PositionalAgatzDecoderWithVehicleByPercentage;748,93;Alpha1
N020;70;PositionalAgatzDecoderWithVehicleByPercentage;871,92;Alpha1
N020;70;PositionalAgatzDecoderWithVehicleByPercentage;876,86;Alpha1
N020;70;PositionalAgatzDecoderWithVehicleByPercentage;900,94;Alpha1
N020;70;PositionalAgatzDecoderWithVehicleByPercentage;895,49;Alpha1
N020;70;PositionalAgatzDecoderWithVehicleByPercentage;858,47;Alpha1
N020;70;PositionalAgatzDecoderWithVehicleByPercentage;1187,14;Alpha1
N020;70;PositionalAgatzDecoderWithVehicleByPercentage;886,12;Alpha1
N020;70;PositionalAgatzDecoderWithVehicleByPercentage;858,47;Alpha1
N020;70;PositionalAgatzDecoderWithVehicleByPercentage;871,37;Alpha1
N020;70;PositionalAgatzDecoderWithVehicleByPercentage;897,77;Alpha1
N020;61;PositionalAgatzDecoderWithVehicleByPercentage;940,97;Alpha1
N020;61;PositionalAgatzDecoderWithVehicleByPercentage;930,11;Alpha1
N020;61;PositionalAgatzDecoderWithVehicleByPercentage;906,38;Alpha1
N020;61;PositionalAgatzDecoderWithVehicleByPercentage;885,96;Alpha1
N020;61;PositionalAgatzDecoderWithVehicleByPercentage;894,91;Alpha1
N020;61;PositionalAgatzDecoderWithVehicleByPercentage;916,12;Alpha1
N020;61;PositionalAgatzDecoderWithVehicleByPercentage;894,91;Alpha1
N020;61;PositionalAgatzDecoderWithVehicleByPercentage;906,38;Alpha1
N020;61;PositionalAgatzDecoderWithVehicleByPercentage;885,96;Alpha1
N020;61;PositionalAgatzDecoderWithVehicleByPercentage;915,33;Alpha1
N020;63;PositionalAgatzDecoderWithVehicleByPercentage;1041,69;Alpha1
N020;63;PositionalAgatzDecoderWithVehicleByPercentage;1110,40;Alpha1
N020;63;PositionalAgatzDecoderWithVehicleByPercentage;1148,37;Alpha1
N020;63;PositionalAgatzDecoderWithVehicleByPercentage;981,29;Alpha1
N020;63;PositionalAgatzDecoderWithVehicleByPercentage;991,38;Alpha1
N020;63;PositionalAgatzDecoderWithVehicleByPercentage;1051,94;Alpha1
N020;63;PositionalAgatzDecoderWithVehicleByPercentage;1046,43;Alpha1
N020;63;PositionalAgatzDecoderWithVehicleByPercentage;1047,66;Alpha1
N020;63;PositionalAgatzDecoderWithVehicleByPercentage;1095,82;Alpha1
N020;63;PositionalAgatzDecoderWithVehicleByPercentage;1202,31;Alpha1
N020;65;PositionalAgatzDecoderWithVehicleByPercentage;770,42;Alpha1
N020;65;PositionalAgatzDecoderWithVehicleByPercentage;762,96;Alpha1
N020;65;PositionalAgatzDecoderWithVehicleByPercentage;770,42;Alpha1
N020;65;PositionalAgatzDecoderWithVehicleByPercentage;757,51;Alpha1
N020;65;PositionalAgatzDecoderWithVehicleByPercentage;828,43;Alpha1
N020;65;PositionalAgatzDecoderWithVehicleByPercentage;759,64;Alpha1
N020;65;PositionalAgatzDecoderWithVehicleByPercentage;762,96;Alpha1
N020;65;PositionalAgatzDecoderWithVehicleByPercentage;816,55;Alpha1
N020;65;PositionalAgatzDecoderWithVehicleByPercentage;952,34;Alpha1
N020;65;PositionalAgatzDecoderWithVehicleByPercentage;800,43;Alpha1
N020;69;PositionalAgatzDecoderWithVehicleByPercentage;808,56;Alpha1
N020;69;PositionalAgatzDecoderWithVehicleByPercentage;788,59;Alpha1
N020;69;PositionalAgatzDecoderWithVehicleByPercentage;785,44;Alpha1
N020;69;PositionalAgatzDecoderWithVehicleByPercentage;785,44;Alpha1
N020;69;PositionalAgatzDecoderWithVehicleByPercentage;787,91;Alpha1
N020;69;PositionalAgatzDecoderWithVehicleByPercentage;787,76;Alpha1
N020;69;PositionalAgatzDecoderWithVehicleByPercentage;791,85;Alpha1
N020;69;PositionalAgatzDecoderWithVehicleByPercentage;785,44;Alpha1
N020;69;PositionalAgatzDecoderWithVehicleByPercentage;799,86;Alpha1
N020;69;PositionalAgatzDecoderWithVehicleByPercentage;785,44;Alpha1
N020;62;PositionalAgatzDecoderWithVehicleByPercentage;847,63;Alpha1
N020;62;PositionalAgatzDecoderWithVehicleByPercentage;835,11;Alpha1
N020;62;PositionalAgatzDecoderWithVehicleByPercentage;882,07;Alpha1
N020;62;PositionalAgatzDecoderWithVehicleByPercentage;835,11;Alpha1
N020;62;PositionalAgatzDecoderWithVehicleByPercentage;851,02;Alpha1
N020;62;PositionalAgatzDecoderWithVehicleByPercentage;851,81;Alpha1
N020;62;PositionalAgatzDecoderWithVehicleByPercentage;845,90;Alpha1
N020;62;PositionalAgatzDecoderWithVehicleByPercentage;839,59;Alpha1
N020;62;PositionalAgatzDecoderWithVehicleByPercentage;849,63;Alpha1
N020;62;PositionalAgatzDecoderWithVehicleByPercentage;837,59;Alpha1
N020;64;PositionalAgatzDecoderWithVehicleByPercentage;1127,12;Alpha1
N020;64;PositionalAgatzDecoderWithVehicleByPercentage;1131,72;Alpha1
N020;64;PositionalAgatzDecoderWithVehicleByPercentage;1126,05;Alpha1
N020;64;PositionalAgatzDecoderWithVehicleByPercentage;1127,12;Alpha1
N020;64;PositionalAgatzDecoderWithVehicleByPercentage;1146,10;Alpha1
N020;64;PositionalAgatzDecoderWithVehicleByPercentage;1133,75;Alpha1
N020;64;PositionalAgatzDecoderWithVehicleByPercentage;1194,70;Alpha1
N020;64;PositionalAgatzDecoderWithVehicleByPercentage;1131,72;Alpha1
N020;64;PositionalAgatzDecoderWithVehicleByPercentage;1162,13;Alpha1
N020;64;PositionalAgatzDecoderWithVehicleByPercentage;1167,50;Alpha1
N020;67;PositionalAgatzDecoderWithVehicleByPercentage;833,00;Alpha1
N020;67;PositionalAgatzDecoderWithVehicleByPercentage;791,26;Alpha1
N020;67;PositionalAgatzDecoderWithVehicleByPercentage;863,16;Alpha1
N020;67;PositionalAgatzDecoderWithVehicleByPercentage;867,65;Alpha1
N020;67;PositionalAgatzDecoderWithVehicleByPercentage;791,26;Alpha1
N020;67;PositionalAgatzDecoderWithVehicleByPercentage;791,26;Alpha1
N020;67;PositionalAgatzDecoderWithVehicleByPercentage;852,34;Alpha1
N020;67;PositionalAgatzDecoderWithVehicleByPercentage;833,00;Alpha1
N020;67;PositionalAgatzDecoderWithVehicleByPercentage;880,84;Alpha1
N020;67;PositionalAgatzDecoderWithVehicleByPercentage;1103,54;Alpha1
N050;71;PositionalAgatzDecoderWithVehicleByPercentage;1971,42;Alpha1
N050;71;PositionalAgatzDecoderWithVehicleByPercentage;1770,72;Alpha1
N050;71;PositionalAgatzDecoderWithVehicleByPercentage;1810,33;Alpha1
N050;71;PositionalAgatzDecoderWithVehicleByPercentage;1854,33;Alpha1
N050;71;PositionalAgatzDecoderWithVehicleByPercentage;1868,73;Alpha1
N050;71;PositionalAgatzDecoderWithVehicleByPercentage;1957,77;Alpha1
N050;71;PositionalAgatzDecoderWithVehicleByPercentage;1968,80;Alpha1
N050;71;PositionalAgatzDecoderWithVehicleByPercentage;1904,46;Alpha1
N050;71;PositionalAgatzDecoderWithVehicleByPercentage;2013,25;Alpha1
N050;71;PositionalAgatzDecoderWithVehicleByPercentage;1776,86;Alpha1
N050;76;PositionalAgatzDecoderWithVehicleByPercentage;1923,95;Alpha1
N050;76;PositionalAgatzDecoderWithVehicleByPercentage;1890,04;Alpha1
N050;76;PositionalAgatzDecoderWithVehicleByPercentage;1878,36;Alpha1
N050;76;PositionalAgatzDecoderWithVehicleByPercentage;1829,78;Alpha1
N050;76;PositionalAgatzDecoderWithVehicleByPercentage;2104,25;Alpha1
N050;76;PositionalAgatzDecoderWithVehicleByPercentage;1956,63;Alpha1
N050;76;PositionalAgatzDecoderWithVehicleByPercentage;1884,52;Alpha1
N050;76;PositionalAgatzDecoderWithVehicleByPercentage;2080,83;Alpha1
N050;76;PositionalAgatzDecoderWithVehicleByPercentage;1756,14;Alpha1
N050;76;PositionalAgatzDecoderWithVehicleByPercentage;1852,82;Alpha1
N050;77;PositionalAgatzDecoderWithVehicleByPercentage;1485,78;Alpha1
N050;77;PositionalAgatzDecoderWithVehicleByPercentage;1623,42;Alpha1
N050;77;PositionalAgatzDecoderWithVehicleByPercentage;1638,23;Alpha1
N050;77;PositionalAgatzDecoderWithVehicleByPercentage;1374,27;Alpha1
N050;77;PositionalAgatzDecoderWithVehicleByPercentage;1663,09;Alpha1
N050;77;PositionalAgatzDecoderWithVehicleByPercentage;1452,80;Alpha1
N050;77;PositionalAgatzDecoderWithVehicleByPercentage;1602,54;Alpha1
N050;77;PositionalAgatzDecoderWithVehicleByPercentage;1632,14;Alpha1
N050;77;PositionalAgatzDecoderWithVehicleByPercentage;1691,83;Alpha1
N050;77;PositionalAgatzDecoderWithVehicleByPercentage;1722,59;Alpha1
N050;78;PositionalAgatzDecoderWithVehicleByPercentage;1683,59;Alpha1
N050;78;PositionalAgatzDecoderWithVehicleByPercentage;2048,11;Alpha1
N050;78;PositionalAgatzDecoderWithVehicleByPercentage;1486,83;Alpha1
N050;78;PositionalAgatzDecoderWithVehicleByPercentage;2034,09;Alpha1
N050;78;PositionalAgatzDecoderWithVehicleByPercentage;1613,74;Alpha1
N050;78;PositionalAgatzDecoderWithVehicleByPercentage;1670,86;Alpha1
N050;78;PositionalAgatzDecoderWithVehicleByPercentage;1713,59;Alpha1
N050;78;PositionalAgatzDecoderWithVehicleByPercentage;1497,34;Alpha1
N050;78;PositionalAgatzDecoderWithVehicleByPercentage;1685,94;Alpha1
N050;78;PositionalAgatzDecoderWithVehicleByPercentage;1716,16;Alpha1
N050;80;PositionalAgatzDecoderWithVehicleByPercentage;1823,79;Alpha1
N050;80;PositionalAgatzDecoderWithVehicleByPercentage;1817,51;Alpha1
N050;80;PositionalAgatzDecoderWithVehicleByPercentage;1931,77;Alpha1
N050;80;PositionalAgatzDecoderWithVehicleByPercentage;2013,09;Alpha1
N050;80;PositionalAgatzDecoderWithVehicleByPercentage;1772,57;Alpha1
N050;80;PositionalAgatzDecoderWithVehicleByPercentage;1896,43;Alpha1
N050;80;PositionalAgatzDecoderWithVehicleByPercentage;1817,97;Alpha1
N050;80;PositionalAgatzDecoderWithVehicleByPercentage;1942,48;Alpha1
N050;80;PositionalAgatzDecoderWithVehicleByPercentage;1959,48;Alpha1
N050;80;PositionalAgatzDecoderWithVehicleByPercentage;1813,14;Alpha1
N050;72;PositionalAgatzDecoderWithVehicleByPercentage;1834,85;Alpha1
N050;72;PositionalAgatzDecoderWithVehicleByPercentage;1742,27;Alpha1
N050;72;PositionalAgatzDecoderWithVehicleByPercentage;1716,21;Alpha1
N050;72;PositionalAgatzDecoderWithVehicleByPercentage;1482,73;Alpha1
N050;72;PositionalAgatzDecoderWithVehicleByPercentage;1639,34;Alpha1
N050;72;PositionalAgatzDecoderWithVehicleByPercentage;1721,87;Alpha1
N050;72;PositionalAgatzDecoderWithVehicleByPercentage;1950,37;Alpha1
N050;72;PositionalAgatzDecoderWithVehicleByPercentage;1788,60;Alpha1
N050;72;PositionalAgatzDecoderWithVehicleByPercentage;1660,29;Alpha1
N050;72;PositionalAgatzDecoderWithVehicleByPercentage;1797,86;Alpha1
N050;73;PositionalAgatzDecoderWithVehicleByPercentage;1606,20;Alpha1
N050;73;PositionalAgatzDecoderWithVehicleByPercentage;1667,76;Alpha1
N050;73;PositionalAgatzDecoderWithVehicleByPercentage;1655,74;Alpha1
N050;73;PositionalAgatzDecoderWithVehicleByPercentage;1673,09;Alpha1
N050;73;PositionalAgatzDecoderWithVehicleByPercentage;2040,19;Alpha1
N050;73;PositionalAgatzDecoderWithVehicleByPercentage;1433,01;Alpha1
N050;73;PositionalAgatzDecoderWithVehicleByPercentage;1930,93;Alpha1
N050;73;PositionalAgatzDecoderWithVehicleByPercentage;1452,32;Alpha1
N050;73;PositionalAgatzDecoderWithVehicleByPercentage;1960,26;Alpha1
N050;73;PositionalAgatzDecoderWithVehicleByPercentage;1534,34;Alpha1
N050;74;PositionalAgatzDecoderWithVehicleByPercentage;1682,39;Alpha1
N050;74;PositionalAgatzDecoderWithVehicleByPercentage;1402,96;Alpha1
N050;74;PositionalAgatzDecoderWithVehicleByPercentage;1928,27;Alpha1
N050;74;PositionalAgatzDecoderWithVehicleByPercentage;1550,33;Alpha1
N050;74;PositionalAgatzDecoderWithVehicleByPercentage;1546,84;Alpha1
N050;74;PositionalAgatzDecoderWithVehicleByPercentage;1738,53;Alpha1
N050;74;PositionalAgatzDecoderWithVehicleByPercentage;1656,48;Alpha1
N050;74;PositionalAgatzDecoderWithVehicleByPercentage;1437,35;Alpha1
N050;74;PositionalAgatzDecoderWithVehicleByPercentage;1624,59;Alpha1
N050;74;PositionalAgatzDecoderWithVehicleByPercentage;1559,60;Alpha1
N050;75;PositionalAgatzDecoderWithVehicleByPercentage;1490,93;Alpha1
N050;75;PositionalAgatzDecoderWithVehicleByPercentage;1758,81;Alpha1
N050;75;PositionalAgatzDecoderWithVehicleByPercentage;1799,12;Alpha1
N050;75;PositionalAgatzDecoderWithVehicleByPercentage;1826,80;Alpha1
N050;75;PositionalAgatzDecoderWithVehicleByPercentage;1870,24;Alpha1
N050;75;PositionalAgatzDecoderWithVehicleByPercentage;1607,63;Alpha1
N050;75;PositionalAgatzDecoderWithVehicleByPercentage;1752,24;Alpha1
N050;75;PositionalAgatzDecoderWithVehicleByPercentage;1851,67;Alpha1
N050;75;PositionalAgatzDecoderWithVehicleByPercentage;1758,15;Alpha1
N050;75;PositionalAgatzDecoderWithVehicleByPercentage;1777,32;Alpha1
N050;79;PositionalAgatzDecoderWithVehicleByPercentage;1377,95;Alpha1
N050;79;PositionalAgatzDecoderWithVehicleByPercentage;1743,68;Alpha1
N050;79;PositionalAgatzDecoderWithVehicleByPercentage;1738,96;Alpha1
N050;79;PositionalAgatzDecoderWithVehicleByPercentage;1527,84;Alpha1
N050;79;PositionalAgatzDecoderWithVehicleByPercentage;1694,48;Alpha1
N050;79;PositionalAgatzDecoderWithVehicleByPercentage;1758,77;Alpha1
N050;79;PositionalAgatzDecoderWithVehicleByPercentage;1618,99;Alpha1
N050;79;PositionalAgatzDecoderWithVehicleByPercentage;1736,98;Alpha1
N050;79;PositionalAgatzDecoderWithVehicleByPercentage;1345,32;Alpha1
N050;79;PositionalAgatzDecoderWithVehicleByPercentage;1624,75;Alpha1
N075;90;PositionalAgatzDecoderWithVehicleByPercentage;2834,29;Alpha1
N075;90;PositionalAgatzDecoderWithVehicleByPercentage;2205,65;Alpha1
N075;90;PositionalAgatzDecoderWithVehicleByPercentage;2464,02;Alpha1
N075;90;PositionalAgatzDecoderWithVehicleByPercentage;2795,49;Alpha1
N075;90;PositionalAgatzDecoderWithVehicleByPercentage;2416,54;Alpha1
N075;90;PositionalAgatzDecoderWithVehicleByPercentage;2514,28;Alpha1
N075;90;PositionalAgatzDecoderWithVehicleByPercentage;2167,70;Alpha1
N075;90;PositionalAgatzDecoderWithVehicleByPercentage;2373,58;Alpha1
N075;90;PositionalAgatzDecoderWithVehicleByPercentage;2248,23;Alpha1
N075;90;PositionalAgatzDecoderWithVehicleByPercentage;2453,27;Alpha1
N075;81;PositionalAgatzDecoderWithVehicleByPercentage;2378,59;Alpha1
N075;81;PositionalAgatzDecoderWithVehicleByPercentage;2427,09;Alpha1
N075;81;PositionalAgatzDecoderWithVehicleByPercentage;2513,26;Alpha1
N075;81;PositionalAgatzDecoderWithVehicleByPercentage;2535,08;Alpha1
N075;81;PositionalAgatzDecoderWithVehicleByPercentage;2487,84;Alpha1
N075;81;PositionalAgatzDecoderWithVehicleByPercentage;2729,08;Alpha1
N075;81;PositionalAgatzDecoderWithVehicleByPercentage;2417,74;Alpha1
N075;81;PositionalAgatzDecoderWithVehicleByPercentage;2168,94;Alpha1
N075;81;PositionalAgatzDecoderWithVehicleByPercentage;2060,02;Alpha1
N075;81;PositionalAgatzDecoderWithVehicleByPercentage;2505,28;Alpha1
N075;82;PositionalAgatzDecoderWithVehicleByPercentage;2385,90;Alpha1
N075;82;PositionalAgatzDecoderWithVehicleByPercentage;2934,87;Alpha1
N075;82;PositionalAgatzDecoderWithVehicleByPercentage;2668,25;Alpha1
N075;82;PositionalAgatzDecoderWithVehicleByPercentage;2872,92;Alpha1
N075;82;PositionalAgatzDecoderWithVehicleByPercentage;2611,63;Alpha1
N075;82;PositionalAgatzDecoderWithVehicleByPercentage;2598,45;Alpha1
N075;82;PositionalAgatzDecoderWithVehicleByPercentage;2526,38;Alpha1
N075;82;PositionalAgatzDecoderWithVehicleByPercentage;2619,06;Alpha1
N075;82;PositionalAgatzDecoderWithVehicleByPercentage;2548,20;Alpha1
N075;82;PositionalAgatzDecoderWithVehicleByPercentage;2360,25;Alpha1
N075;84;PositionalAgatzDecoderWithVehicleByPercentage;3026,20;Alpha1
N075;84;PositionalAgatzDecoderWithVehicleByPercentage;3120,55;Alpha1
N075;84;PositionalAgatzDecoderWithVehicleByPercentage;2869,36;Alpha1
N075;84;PositionalAgatzDecoderWithVehicleByPercentage;2685,10;Alpha1
N075;84;PositionalAgatzDecoderWithVehicleByPercentage;3458,60;Alpha1
N075;84;PositionalAgatzDecoderWithVehicleByPercentage;2781,54;Alpha1
N075;84;PositionalAgatzDecoderWithVehicleByPercentage;3139,05;Alpha1
N075;84;PositionalAgatzDecoderWithVehicleByPercentage;2830,55;Alpha1
N075;84;PositionalAgatzDecoderWithVehicleByPercentage;2751,06;Alpha1
N075;84;PositionalAgatzDecoderWithVehicleByPercentage;3142,82;Alpha1
N075;86;PositionalAgatzDecoderWithVehicleByPercentage;2301,66;Alpha1
N075;86;PositionalAgatzDecoderWithVehicleByPercentage;2829,31;Alpha1
N075;86;PositionalAgatzDecoderWithVehicleByPercentage;2784,19;Alpha1
N075;86;PositionalAgatzDecoderWithVehicleByPercentage;2451,53;Alpha1
N075;86;PositionalAgatzDecoderWithVehicleByPercentage;2670,20;Alpha1
N075;86;PositionalAgatzDecoderWithVehicleByPercentage;2313,05;Alpha1
N075;86;PositionalAgatzDecoderWithVehicleByPercentage;2231,47;Alpha1
N075;86;PositionalAgatzDecoderWithVehicleByPercentage;2369,87;Alpha1
N075;86;PositionalAgatzDecoderWithVehicleByPercentage;2166,82;Alpha1
N075;86;PositionalAgatzDecoderWithVehicleByPercentage;2577,82;Alpha1
N075;87;PositionalAgatzDecoderWithVehicleByPercentage;2539,79;Alpha1
N075;87;PositionalAgatzDecoderWithVehicleByPercentage;2608,39;Alpha1
N075;87;PositionalAgatzDecoderWithVehicleByPercentage;2633,87;Alpha1
N075;87;PositionalAgatzDecoderWithVehicleByPercentage;2271,43;Alpha1
N075;87;PositionalAgatzDecoderWithVehicleByPercentage;2233,79;Alpha1
N075;87;PositionalAgatzDecoderWithVehicleByPercentage;2833,56;Alpha1
N075;87;PositionalAgatzDecoderWithVehicleByPercentage;2609,03;Alpha1
N075;87;PositionalAgatzDecoderWithVehicleByPercentage;2777,60;Alpha1
N075;87;PositionalAgatzDecoderWithVehicleByPercentage;2988,84;Alpha1
N075;87;PositionalAgatzDecoderWithVehicleByPercentage;2252,06;Alpha1
N075;88;PositionalAgatzDecoderWithVehicleByPercentage;3005,42;Alpha1
N075;88;PositionalAgatzDecoderWithVehicleByPercentage;2875,30;Alpha1
N075;88;PositionalAgatzDecoderWithVehicleByPercentage;2774,82;Alpha1
N075;88;PositionalAgatzDecoderWithVehicleByPercentage;3218,43;Alpha1
N075;88;PositionalAgatzDecoderWithVehicleByPercentage;2935,97;Alpha1
N075;88;PositionalAgatzDecoderWithVehicleByPercentage;3126,73;Alpha1
N075;88;PositionalAgatzDecoderWithVehicleByPercentage;3344,27;Alpha1
N075;88;PositionalAgatzDecoderWithVehicleByPercentage;2762,49;Alpha1
N075;88;PositionalAgatzDecoderWithVehicleByPercentage;2858,64;Alpha1
N075;88;PositionalAgatzDecoderWithVehicleByPercentage;2467,52;Alpha1
N075;83;PositionalAgatzDecoderWithVehicleByPercentage;2532,91;Alpha1
N075;83;PositionalAgatzDecoderWithVehicleByPercentage;2548,12;Alpha1
N075;83;PositionalAgatzDecoderWithVehicleByPercentage;2577,07;Alpha1
N075;83;PositionalAgatzDecoderWithVehicleByPercentage;2307,92;Alpha1
N075;83;PositionalAgatzDecoderWithVehicleByPercentage;2233,20;Alpha1
N075;83;PositionalAgatzDecoderWithVehicleByPercentage;2763,70;Alpha1
N075;83;PositionalAgatzDecoderWithVehicleByPercentage;2563,31;Alpha1
N075;83;PositionalAgatzDecoderWithVehicleByPercentage;2669,74;Alpha1
N075;83;PositionalAgatzDecoderWithVehicleByPercentage;2193,61;Alpha1
N075;83;PositionalAgatzDecoderWithVehicleByPercentage;2717,31;Alpha1
N075;85;PositionalAgatzDecoderWithVehicleByPercentage;3078,91;Alpha1
N075;85;PositionalAgatzDecoderWithVehicleByPercentage;2968,70;Alpha1
N075;85;PositionalAgatzDecoderWithVehicleByPercentage;3063,94;Alpha1
N075;85;PositionalAgatzDecoderWithVehicleByPercentage;3356,96;Alpha1
N075;85;PositionalAgatzDecoderWithVehicleByPercentage;3012,38;Alpha1
N075;85;PositionalAgatzDecoderWithVehicleByPercentage;2900,14;Alpha1
N075;85;PositionalAgatzDecoderWithVehicleByPercentage;2627,04;Alpha1
N075;85;PositionalAgatzDecoderWithVehicleByPercentage;2641,78;Alpha1
N075;85;PositionalAgatzDecoderWithVehicleByPercentage;2909,22;Alpha1
N075;85;PositionalAgatzDecoderWithVehicleByPercentage;3211,94;Alpha1
N075;89;PositionalAgatzDecoderWithVehicleByPercentage;2834,36;Alpha1
N075;89;PositionalAgatzDecoderWithVehicleByPercentage;2276,76;Alpha1
N075;89;PositionalAgatzDecoderWithVehicleByPercentage;2271,12;Alpha1
N075;89;PositionalAgatzDecoderWithVehicleByPercentage;2267,77;Alpha1
N075;89;PositionalAgatzDecoderWithVehicleByPercentage;2540,45;Alpha1
N075;89;PositionalAgatzDecoderWithVehicleByPercentage;2294,82;Alpha1
N075;89;PositionalAgatzDecoderWithVehicleByPercentage;2601,58;Alpha1
N075;89;PositionalAgatzDecoderWithVehicleByPercentage;2559,87;Alpha1
N075;89;PositionalAgatzDecoderWithVehicleByPercentage;2464,59;Alpha1
N075;89;PositionalAgatzDecoderWithVehicleByPercentage;2510,88;Alpha1
N100;93;PositionalAgatzDecoderWithVehicleByPercentage;3516,64;Alpha1
N100;93;PositionalAgatzDecoderWithVehicleByPercentage;3742,92;Alpha1
N100;93;PositionalAgatzDecoderWithVehicleByPercentage;2986,03;Alpha1
N100;93;PositionalAgatzDecoderWithVehicleByPercentage;2820,75;Alpha1
N100;93;PositionalAgatzDecoderWithVehicleByPercentage;3501,26;Alpha1
N100;93;PositionalAgatzDecoderWithVehicleByPercentage;3343,18;Alpha1
N100;93;PositionalAgatzDecoderWithVehicleByPercentage;3608,21;Alpha1
N100;93;PositionalAgatzDecoderWithVehicleByPercentage;3372,58;Alpha1
N100;93;PositionalAgatzDecoderWithVehicleByPercentage;3663,61;Alpha1
N100;93;PositionalAgatzDecoderWithVehicleByPercentage;3128,72;Alpha1
N100;96;PositionalAgatzDecoderWithVehicleByPercentage;3335,65;Alpha1
N100;96;PositionalAgatzDecoderWithVehicleByPercentage;3740,28;Alpha1
N100;96;PositionalAgatzDecoderWithVehicleByPercentage;3839,77;Alpha1
N100;96;PositionalAgatzDecoderWithVehicleByPercentage;3859,63;Alpha1
N100;96;PositionalAgatzDecoderWithVehicleByPercentage;3626,86;Alpha1
N100;96;PositionalAgatzDecoderWithVehicleByPercentage;3630,71;Alpha1
N100;96;PositionalAgatzDecoderWithVehicleByPercentage;3371,69;Alpha1
N100;96;PositionalAgatzDecoderWithVehicleByPercentage;3264,92;Alpha1
N100;96;PositionalAgatzDecoderWithVehicleByPercentage;3873,18;Alpha1
N100;96;PositionalAgatzDecoderWithVehicleByPercentage;3067,36;Alpha1
N100;99;PositionalAgatzDecoderWithVehicleByPercentage;3377,58;Alpha1
N100;99;PositionalAgatzDecoderWithVehicleByPercentage;3264,06;Alpha1
N100;99;PositionalAgatzDecoderWithVehicleByPercentage;3638,52;Alpha1
N100;99;PositionalAgatzDecoderWithVehicleByPercentage;3704,23;Alpha1
N100;99;PositionalAgatzDecoderWithVehicleByPercentage;2947,34;Alpha1
N100;99;PositionalAgatzDecoderWithVehicleByPercentage;3221,54;Alpha1
N100;99;PositionalAgatzDecoderWithVehicleByPercentage;3595,04;Alpha1
N100;99;PositionalAgatzDecoderWithVehicleByPercentage;3652,83;Alpha1
N100;99;PositionalAgatzDecoderWithVehicleByPercentage;3343,25;Alpha1
N100;99;PositionalAgatzDecoderWithVehicleByPercentage;3727,07;Alpha1
N100;100;PositionalAgatzDecoderWithVehicleByPercentage;3715,34;Alpha1
N100;100;PositionalAgatzDecoderWithVehicleByPercentage;3839,09;Alpha1
N100;100;PositionalAgatzDecoderWithVehicleByPercentage;3765,84;Alpha1
N100;100;PositionalAgatzDecoderWithVehicleByPercentage;3190,90;Alpha1
N100;100;PositionalAgatzDecoderWithVehicleByPercentage;3915,25;Alpha1
N100;100;PositionalAgatzDecoderWithVehicleByPercentage;3609,43;Alpha1
N100;100;PositionalAgatzDecoderWithVehicleByPercentage;3645,15;Alpha1
N100;100;PositionalAgatzDecoderWithVehicleByPercentage;3370,53;Alpha1
N100;100;PositionalAgatzDecoderWithVehicleByPercentage;3799,95;Alpha1
N100;100;PositionalAgatzDecoderWithVehicleByPercentage;3433,37;Alpha1
N100;91;PositionalAgatzDecoderWithVehicleByPercentage;3067,02;Alpha1
N100;91;PositionalAgatzDecoderWithVehicleByPercentage;3756,93;Alpha1
N100;91;PositionalAgatzDecoderWithVehicleByPercentage;3100,78;Alpha1
N100;91;PositionalAgatzDecoderWithVehicleByPercentage;3332,33;Alpha1
N100;91;PositionalAgatzDecoderWithVehicleByPercentage;3262,02;Alpha1
N100;91;PositionalAgatzDecoderWithVehicleByPercentage;3423,53;Alpha1
N100;91;PositionalAgatzDecoderWithVehicleByPercentage;3342,91;Alpha1
N100;91;PositionalAgatzDecoderWithVehicleByPercentage;3401,80;Alpha1
N100;91;PositionalAgatzDecoderWithVehicleByPercentage;2905,60;Alpha1
N100;91;PositionalAgatzDecoderWithVehicleByPercentage;3582,13;Alpha1
N100;92;PositionalAgatzDecoderWithVehicleByPercentage;3025,89;Alpha1
N100;92;PositionalAgatzDecoderWithVehicleByPercentage;2976,01;Alpha1
N100;92;PositionalAgatzDecoderWithVehicleByPercentage;3608,45;Alpha1
N100;92;PositionalAgatzDecoderWithVehicleByPercentage;3172,66;Alpha1
N100;92;PositionalAgatzDecoderWithVehicleByPercentage;3637,36;Alpha1
N100;92;PositionalAgatzDecoderWithVehicleByPercentage;3135,40;Alpha1
N100;92;PositionalAgatzDecoderWithVehicleByPercentage;2761,50;Alpha1
N100;92;PositionalAgatzDecoderWithVehicleByPercentage;2967,35;Alpha1
N100;92;PositionalAgatzDecoderWithVehicleByPercentage;3402,89;Alpha1
N100;92;PositionalAgatzDecoderWithVehicleByPercentage;3671,31;Alpha1
N100;94;PositionalAgatzDecoderWithVehicleByPercentage;3681,39;Alpha1
N100;94;PositionalAgatzDecoderWithVehicleByPercentage;3683,72;Alpha1
N100;94;PositionalAgatzDecoderWithVehicleByPercentage;3552,87;Alpha1
N100;94;PositionalAgatzDecoderWithVehicleByPercentage;3499,10;Alpha1
N100;94;PositionalAgatzDecoderWithVehicleByPercentage;3845,86;Alpha1
N100;94;PositionalAgatzDecoderWithVehicleByPercentage;3146,70;Alpha1
N100;94;PositionalAgatzDecoderWithVehicleByPercentage;3556,55;Alpha1
N100;94;PositionalAgatzDecoderWithVehicleByPercentage;3559,28;Alpha1
N100;94;PositionalAgatzDecoderWithVehicleByPercentage;3629,42;Alpha1
N100;94;PositionalAgatzDecoderWithVehicleByPercentage;3356,58;Alpha1
N100;95;PositionalAgatzDecoderWithVehicleByPercentage;3151,21;Alpha1
N100;95;PositionalAgatzDecoderWithVehicleByPercentage;4009,97;Alpha1
N100;95;PositionalAgatzDecoderWithVehicleByPercentage;3946,61;Alpha1
N100;95;PositionalAgatzDecoderWithVehicleByPercentage;4107,93;Alpha1
N100;95;PositionalAgatzDecoderWithVehicleByPercentage;3975,90;Alpha1
N100;95;PositionalAgatzDecoderWithVehicleByPercentage;3015,67;Alpha1
N100;95;PositionalAgatzDecoderWithVehicleByPercentage;4149,48;Alpha1
N100;95;PositionalAgatzDecoderWithVehicleByPercentage;4063,92;Alpha1
N100;95;PositionalAgatzDecoderWithVehicleByPercentage;3982,65;Alpha1
N100;95;PositionalAgatzDecoderWithVehicleByPercentage;3504,35;Alpha1
N100;97;PositionalAgatzDecoderWithVehicleByPercentage;4024,72;Alpha1
N100;97;PositionalAgatzDecoderWithVehicleByPercentage;3983,08;Alpha1
N100;97;PositionalAgatzDecoderWithVehicleByPercentage;3870,48;Alpha1
N100;97;PositionalAgatzDecoderWithVehicleByPercentage;3566,49;Alpha1
N100;97;PositionalAgatzDecoderWithVehicleByPercentage;4338,08;Alpha1
N100;97;PositionalAgatzDecoderWithVehicleByPercentage;3989,73;Alpha1
N100;97;PositionalAgatzDecoderWithVehicleByPercentage;3900,35;Alpha1
N100;97;PositionalAgatzDecoderWithVehicleByPercentage;3900,47;Alpha1
N100;97;PositionalAgatzDecoderWithVehicleByPercentage;3948,78;Alpha1
N100;97;PositionalAgatzDecoderWithVehicleByPercentage;3951,44;Alpha1
N100;98;PositionalAgatzDecoderWithVehicleByPercentage;3960,95;Alpha1
N100;98;PositionalAgatzDecoderWithVehicleByPercentage;3949,35;Alpha1
N100;98;PositionalAgatzDecoderWithVehicleByPercentage;3518,39;Alpha1
N100;98;PositionalAgatzDecoderWithVehicleByPercentage;4209,17;Alpha1
N100;98;PositionalAgatzDecoderWithVehicleByPercentage;3586,82;Alpha1
N100;98;PositionalAgatzDecoderWithVehicleByPercentage;3577,26;Alpha1
N100;98;PositionalAgatzDecoderWithVehicleByPercentage;3247,01;Alpha1
N100;98;PositionalAgatzDecoderWithVehicleByPercentage;4119,47;Alpha1
N100;98;PositionalAgatzDecoderWithVehicleByPercentage;3479,84;Alpha1
N100;98;PositionalAgatzDecoderWithVehicleByPercentage;3654,65;Alpha1
N175;102;PositionalAgatzDecoderWithVehicleByPercentage;8364,23;Alpha1
N175;102;PositionalAgatzDecoderWithVehicleByPercentage;7241,85;Alpha1
N175;102;PositionalAgatzDecoderWithVehicleByPercentage;6943,31;Alpha1
N175;102;PositionalAgatzDecoderWithVehicleByPercentage;7649,10;Alpha1
N175;102;PositionalAgatzDecoderWithVehicleByPercentage;7435,58;Alpha1
N175;102;PositionalAgatzDecoderWithVehicleByPercentage;7495,26;Alpha1
N175;102;PositionalAgatzDecoderWithVehicleByPercentage;7198,52;Alpha1
N175;102;PositionalAgatzDecoderWithVehicleByPercentage;7330,88;Alpha1
N175;102;PositionalAgatzDecoderWithVehicleByPercentage;6989,55;Alpha1
N175;102;PositionalAgatzDecoderWithVehicleByPercentage;6785,71;Alpha1
N175;103;PositionalAgatzDecoderWithVehicleByPercentage;7690,75;Alpha1
N175;103;PositionalAgatzDecoderWithVehicleByPercentage;7311,38;Alpha1
N175;103;PositionalAgatzDecoderWithVehicleByPercentage;7210,86;Alpha1
N175;103;PositionalAgatzDecoderWithVehicleByPercentage;7329,31;Alpha1
N175;103;PositionalAgatzDecoderWithVehicleByPercentage;7146,59;Alpha1
N175;103;PositionalAgatzDecoderWithVehicleByPercentage;7841,24;Alpha1
N175;103;PositionalAgatzDecoderWithVehicleByPercentage;7170,48;Alpha1
N175;103;PositionalAgatzDecoderWithVehicleByPercentage;6817,57;Alpha1
N175;103;PositionalAgatzDecoderWithVehicleByPercentage;6681,20;Alpha1
N175;103;PositionalAgatzDecoderWithVehicleByPercentage;6587,23;Alpha1
N175;105;PositionalAgatzDecoderWithVehicleByPercentage;8337,70;Alpha1
N175;105;PositionalAgatzDecoderWithVehicleByPercentage;7307,82;Alpha1
N175;105;PositionalAgatzDecoderWithVehicleByPercentage;7733,65;Alpha1
N175;105;PositionalAgatzDecoderWithVehicleByPercentage;6317,53;Alpha1
N175;105;PositionalAgatzDecoderWithVehicleByPercentage;6935,75;Alpha1
N175;105;PositionalAgatzDecoderWithVehicleByPercentage;6675,03;Alpha1
N175;105;PositionalAgatzDecoderWithVehicleByPercentage;7441,71;Alpha1
N175;105;PositionalAgatzDecoderWithVehicleByPercentage;6323,00;Alpha1
N175;105;PositionalAgatzDecoderWithVehicleByPercentage;6943,68;Alpha1
N175;105;PositionalAgatzDecoderWithVehicleByPercentage;7271,71;Alpha1
N175;108;PositionalAgatzDecoderWithVehicleByPercentage;7537,22;Alpha1
N175;108;PositionalAgatzDecoderWithVehicleByPercentage;7497,66;Alpha1
N175;108;PositionalAgatzDecoderWithVehicleByPercentage;6862,63;Alpha1
N175;108;PositionalAgatzDecoderWithVehicleByPercentage;6477,37;Alpha1
N175;108;PositionalAgatzDecoderWithVehicleByPercentage;7323,17;Alpha1
N175;108;PositionalAgatzDecoderWithVehicleByPercentage;7610,44;Alpha1
N175;108;PositionalAgatzDecoderWithVehicleByPercentage;7354,63;Alpha1
N175;108;PositionalAgatzDecoderWithVehicleByPercentage;7038,82;Alpha1
N175;108;PositionalAgatzDecoderWithVehicleByPercentage;6938,10;Alpha1
N175;108;PositionalAgatzDecoderWithVehicleByPercentage;7189,81;Alpha1
N175;109;PositionalAgatzDecoderWithVehicleByPercentage;7608,43;Alpha1
N175;109;PositionalAgatzDecoderWithVehicleByPercentage;6973,01;Alpha1
N175;109;PositionalAgatzDecoderWithVehicleByPercentage;7248,62;Alpha1
N175;109;PositionalAgatzDecoderWithVehicleByPercentage;6714,67;Alpha1
N175;109;PositionalAgatzDecoderWithVehicleByPercentage;7262,05;Alpha1
N175;109;PositionalAgatzDecoderWithVehicleByPercentage;7364,92;Alpha1
N175;109;PositionalAgatzDecoderWithVehicleByPercentage;7309,14;Alpha1
N175;109;PositionalAgatzDecoderWithVehicleByPercentage;7221,55;Alpha1
N175;109;PositionalAgatzDecoderWithVehicleByPercentage;6841,72;Alpha1
N175;109;PositionalAgatzDecoderWithVehicleByPercentage;7803,97;Alpha1
N175;101;PositionalAgatzDecoderWithVehicleByPercentage;7300,96;Alpha1
N175;101;PositionalAgatzDecoderWithVehicleByPercentage;6806,08;Alpha1
N175;101;PositionalAgatzDecoderWithVehicleByPercentage;6123,25;Alpha1
N175;101;PositionalAgatzDecoderWithVehicleByPercentage;6797,83;Alpha1
N175;101;PositionalAgatzDecoderWithVehicleByPercentage;6287,18;Alpha1
N175;101;PositionalAgatzDecoderWithVehicleByPercentage;6560,81;Alpha1
N175;101;PositionalAgatzDecoderWithVehicleByPercentage;7132,65;Alpha1
N175;101;PositionalAgatzDecoderWithVehicleByPercentage;6170,04;Alpha1
N175;101;PositionalAgatzDecoderWithVehicleByPercentage;6818,43;Alpha1
N175;101;PositionalAgatzDecoderWithVehicleByPercentage;6559,99;Alpha1
N175;104;PositionalAgatzDecoderWithVehicleByPercentage;6148,28;Alpha1
N175;104;PositionalAgatzDecoderWithVehicleByPercentage;7201,10;Alpha1
N175;104;PositionalAgatzDecoderWithVehicleByPercentage;6348,74;Alpha1
N175;104;PositionalAgatzDecoderWithVehicleByPercentage;6503,53;Alpha1
N175;104;PositionalAgatzDecoderWithVehicleByPercentage;6526,38;Alpha1
N175;104;PositionalAgatzDecoderWithVehicleByPercentage;6795,57;Alpha1
N175;104;PositionalAgatzDecoderWithVehicleByPercentage;6858,44;Alpha1
N175;104;PositionalAgatzDecoderWithVehicleByPercentage;6739,99;Alpha1
N175;104;PositionalAgatzDecoderWithVehicleByPercentage;6632,78;Alpha1
N175;104;PositionalAgatzDecoderWithVehicleByPercentage;7388,34;Alpha1
N175;106;PositionalAgatzDecoderWithVehicleByPercentage;7275,79;Alpha1
N175;106;PositionalAgatzDecoderWithVehicleByPercentage;7446,06;Alpha1
N175;106;PositionalAgatzDecoderWithVehicleByPercentage;7119,46;Alpha1
N175;106;PositionalAgatzDecoderWithVehicleByPercentage;6843,19;Alpha1
N175;106;PositionalAgatzDecoderWithVehicleByPercentage;6981,23;Alpha1
N175;106;PositionalAgatzDecoderWithVehicleByPercentage;7035,96;Alpha1
N175;106;PositionalAgatzDecoderWithVehicleByPercentage;7265,02;Alpha1
N175;106;PositionalAgatzDecoderWithVehicleByPercentage;7758,98;Alpha1
N175;106;PositionalAgatzDecoderWithVehicleByPercentage;7359,68;Alpha1
N175;106;PositionalAgatzDecoderWithVehicleByPercentage;6642,78;Alpha1
N175;107;PositionalAgatzDecoderWithVehicleByPercentage;6786,41;Alpha1
N175;107;PositionalAgatzDecoderWithVehicleByPercentage;7259,97;Alpha1
N175;107;PositionalAgatzDecoderWithVehicleByPercentage;5869,66;Alpha1
N175;107;PositionalAgatzDecoderWithVehicleByPercentage;6136,41;Alpha1
N175;107;PositionalAgatzDecoderWithVehicleByPercentage;6421,18;Alpha1
N175;107;PositionalAgatzDecoderWithVehicleByPercentage;7196,23;Alpha1
N175;107;PositionalAgatzDecoderWithVehicleByPercentage;7138,27;Alpha1
N175;107;PositionalAgatzDecoderWithVehicleByPercentage;7313,72;Alpha1
N175;107;PositionalAgatzDecoderWithVehicleByPercentage;6560,53;Alpha1
N175;107;PositionalAgatzDecoderWithVehicleByPercentage;6684,58;Alpha1
N175;110;PositionalAgatzDecoderWithVehicleByPercentage;7543,23;Alpha1
N175;110;PositionalAgatzDecoderWithVehicleByPercentage;7482,93;Alpha1
N175;110;PositionalAgatzDecoderWithVehicleByPercentage;7646,84;Alpha1
N175;110;PositionalAgatzDecoderWithVehicleByPercentage;7604,80;Alpha1
N175;110;PositionalAgatzDecoderWithVehicleByPercentage;7306,81;Alpha1
N175;110;PositionalAgatzDecoderWithVehicleByPercentage;6896,20;Alpha1
N175;110;PositionalAgatzDecoderWithVehicleByPercentage;7327,56;Alpha1
N175;110;PositionalAgatzDecoderWithVehicleByPercentage;7802,34;Alpha1
N175;110;PositionalAgatzDecoderWithVehicleByPercentage;7868,33;Alpha1
N175;110;PositionalAgatzDecoderWithVehicleByPercentage;7257,96;Alpha1
N250;4;PositionalAgatzDecoderWithVehicleByPercentage;11457,49;Alpha1
N250;4;PositionalAgatzDecoderWithVehicleByPercentage;9833,86;Alpha1
N250;4;PositionalAgatzDecoderWithVehicleByPercentage;10310,74;Alpha1
N250;4;PositionalAgatzDecoderWithVehicleByPercentage;10320,61;Alpha1
N250;4;PositionalAgatzDecoderWithVehicleByPercentage;10790,54;Alpha1
N250;4;PositionalAgatzDecoderWithVehicleByPercentage;10290,80;Alpha1
N250;4;PositionalAgatzDecoderWithVehicleByPercentage;10341,76;Alpha1
N250;4;PositionalAgatzDecoderWithVehicleByPercentage;10825,66;Alpha1
N250;4;PositionalAgatzDecoderWithVehicleByPercentage;11107,91;Alpha1
N250;4;PositionalAgatzDecoderWithVehicleByPercentage;10877,06;Alpha1
N250;112;PositionalAgatzDecoderWithVehicleByPercentage;12026,39;Alpha1
N250;112;PositionalAgatzDecoderWithVehicleByPercentage;10279,58;Alpha1
N250;112;PositionalAgatzDecoderWithVehicleByPercentage;11367,82;Alpha1
N250;112;PositionalAgatzDecoderWithVehicleByPercentage;11607,22;Alpha1
N250;112;PositionalAgatzDecoderWithVehicleByPercentage;10116,65;Alpha1
N250;112;PositionalAgatzDecoderWithVehicleByPercentage;10744,80;Alpha1
N250;112;PositionalAgatzDecoderWithVehicleByPercentage;10534,96;Alpha1
N250;112;PositionalAgatzDecoderWithVehicleByPercentage;11023,35;Alpha1
N250;112;PositionalAgatzDecoderWithVehicleByPercentage;10582,96;Alpha1
N250;112;PositionalAgatzDecoderWithVehicleByPercentage;11537,39;Alpha1
N250;113;PositionalAgatzDecoderWithVehicleByPercentage;10981,42;Alpha1
N250;113;PositionalAgatzDecoderWithVehicleByPercentage;10089,07;Alpha1
N250;113;PositionalAgatzDecoderWithVehicleByPercentage;10369,55;Alpha1
N250;113;PositionalAgatzDecoderWithVehicleByPercentage;9629,41;Alpha1
N250;113;PositionalAgatzDecoderWithVehicleByPercentage;10595,98;Alpha1
N250;113;PositionalAgatzDecoderWithVehicleByPercentage;10188,37;Alpha1
N250;113;PositionalAgatzDecoderWithVehicleByPercentage;10291,15;Alpha1
N250;113;PositionalAgatzDecoderWithVehicleByPercentage;11627,82;Alpha1
N250;113;PositionalAgatzDecoderWithVehicleByPercentage;11186,49;Alpha1
N250;113;PositionalAgatzDecoderWithVehicleByPercentage;10587,14;Alpha1
N250;118;PositionalAgatzDecoderWithVehicleByPercentage;10586,24;Alpha1
N250;118;PositionalAgatzDecoderWithVehicleByPercentage;10427,25;Alpha1
N250;118;PositionalAgatzDecoderWithVehicleByPercentage;10381,86;Alpha1
N250;118;PositionalAgatzDecoderWithVehicleByPercentage;11676,03;Alpha1
N250;118;PositionalAgatzDecoderWithVehicleByPercentage;12220,16;Alpha1
N250;118;PositionalAgatzDecoderWithVehicleByPercentage;11054,26;Alpha1
N250;118;PositionalAgatzDecoderWithVehicleByPercentage;10849,77;Alpha1
N250;118;PositionalAgatzDecoderWithVehicleByPercentage;10787,72;Alpha1
N250;118;PositionalAgatzDecoderWithVehicleByPercentage;10969,56;Alpha1
N250;118;PositionalAgatzDecoderWithVehicleByPercentage;12948,98;Alpha1
N250;2;PositionalAgatzDecoderWithVehicleByPercentage;11324,63;Alpha1
N250;2;PositionalAgatzDecoderWithVehicleByPercentage;9508,57;Alpha1
N250;2;PositionalAgatzDecoderWithVehicleByPercentage;9564,86;Alpha1
N250;2;PositionalAgatzDecoderWithVehicleByPercentage;11350,51;Alpha1
N250;2;PositionalAgatzDecoderWithVehicleByPercentage;11028,60;Alpha1
N250;2;PositionalAgatzDecoderWithVehicleByPercentage;11208,79;Alpha1
N250;2;PositionalAgatzDecoderWithVehicleByPercentage;10119,53;Alpha1
N250;2;PositionalAgatzDecoderWithVehicleByPercentage;10292,57;Alpha1
N250;2;PositionalAgatzDecoderWithVehicleByPercentage;10154,32;Alpha1
N250;2;PositionalAgatzDecoderWithVehicleByPercentage;10292,20;Alpha1
N250;119;PositionalAgatzDecoderWithVehicleByPercentage;11195,99;Alpha1
N250;119;PositionalAgatzDecoderWithVehicleByPercentage;9562,73;Alpha1
N250;119;PositionalAgatzDecoderWithVehicleByPercentage;11202,10;Alpha1
N250;119;PositionalAgatzDecoderWithVehicleByPercentage;11046,23;Alpha1
N250;119;PositionalAgatzDecoderWithVehicleByPercentage;10645,47;Alpha1
N250;119;PositionalAgatzDecoderWithVehicleByPercentage;10066,65;Alpha1
N250;119;PositionalAgatzDecoderWithVehicleByPercentage;9684,46;Alpha1
N250;119;PositionalAgatzDecoderWithVehicleByPercentage;10605,51;Alpha1
N250;119;PositionalAgatzDecoderWithVehicleByPercentage;10373,90;Alpha1
N250;119;PositionalAgatzDecoderWithVehicleByPercentage;11283,08;Alpha1
N250;114;PositionalAgatzDecoderWithVehicleByPercentage;10153,34;Alpha1
N250;114;PositionalAgatzDecoderWithVehicleByPercentage;10636,09;Alpha1
N250;114;PositionalAgatzDecoderWithVehicleByPercentage;10164,60;Alpha1
N250;114;PositionalAgatzDecoderWithVehicleByPercentage;10942,22;Alpha1
N250;114;PositionalAgatzDecoderWithVehicleByPercentage;10627,04;Alpha1
N250;114;PositionalAgatzDecoderWithVehicleByPercentage;9559,34;Alpha1
N250;114;PositionalAgatzDecoderWithVehicleByPercentage;11278,68;Alpha1
N250;114;PositionalAgatzDecoderWithVehicleByPercentage;11046,08;Alpha1
N250;114;PositionalAgatzDecoderWithVehicleByPercentage;11277,22;Alpha1
N250;114;PositionalAgatzDecoderWithVehicleByPercentage;10427,88;Alpha1
N250;115;PositionalAgatzDecoderWithVehicleByPercentage;10458,96;Alpha1
N250;115;PositionalAgatzDecoderWithVehicleByPercentage;11190,84;Alpha1
N250;115;PositionalAgatzDecoderWithVehicleByPercentage;11045,61;Alpha1
N250;115;PositionalAgatzDecoderWithVehicleByPercentage;10773,23;Alpha1
N250;115;PositionalAgatzDecoderWithVehicleByPercentage;10615,49;Alpha1
N250;115;PositionalAgatzDecoderWithVehicleByPercentage;10442,87;Alpha1
N250;115;PositionalAgatzDecoderWithVehicleByPercentage;11347,36;Alpha1
N250;115;PositionalAgatzDecoderWithVehicleByPercentage;11492,25;Alpha1
N250;115;PositionalAgatzDecoderWithVehicleByPercentage;11529,09;Alpha1
N250;115;PositionalAgatzDecoderWithVehicleByPercentage;11107,18;Alpha1
N250;116;PositionalAgatzDecoderWithVehicleByPercentage;10889,54;Alpha1
N250;116;PositionalAgatzDecoderWithVehicleByPercentage;10870,40;Alpha1
N250;116;PositionalAgatzDecoderWithVehicleByPercentage;10404,93;Alpha1
N250;116;PositionalAgatzDecoderWithVehicleByPercentage;12150,76;Alpha1
N250;116;PositionalAgatzDecoderWithVehicleByPercentage;10571,04;Alpha1
N250;116;PositionalAgatzDecoderWithVehicleByPercentage;11240,31;Alpha1
N250;116;PositionalAgatzDecoderWithVehicleByPercentage;11245,87;Alpha1
N250;116;PositionalAgatzDecoderWithVehicleByPercentage;11107,00;Alpha1
N250;116;PositionalAgatzDecoderWithVehicleByPercentage;11984,59;Alpha1
N250;116;PositionalAgatzDecoderWithVehicleByPercentage;11245,76;Alpha1
N250;6;PositionalAgatzDecoderWithVehicleByPercentage;11360,97;Alpha1
N250;6;PositionalAgatzDecoderWithVehicleByPercentage;11016,24;Alpha1
N250;6;PositionalAgatzDecoderWithVehicleByPercentage;10937,29;Alpha1
N250;6;PositionalAgatzDecoderWithVehicleByPercentage;11047,21;Alpha1
N250;6;PositionalAgatzDecoderWithVehicleByPercentage;10508,85;Alpha1
N250;6;PositionalAgatzDecoderWithVehicleByPercentage;10477,04;Alpha1
N250;6;PositionalAgatzDecoderWithVehicleByPercentage;10474,23;Alpha1
N250;6;PositionalAgatzDecoderWithVehicleByPercentage;11642,35;Alpha1
N250;6;PositionalAgatzDecoderWithVehicleByPercentage;11094,08;Alpha1
N250;6;PositionalAgatzDecoderWithVehicleByPercentage;10552,87;Alpha1
N250;7;PositionalAgatzDecoderWithVehicleByPercentage;11222,62;Alpha1
N250;7;PositionalAgatzDecoderWithVehicleByPercentage;11342,32;Alpha1
N250;7;PositionalAgatzDecoderWithVehicleByPercentage;10727,00;Alpha1
N250;7;PositionalAgatzDecoderWithVehicleByPercentage;11448,52;Alpha1
N250;7;PositionalAgatzDecoderWithVehicleByPercentage;10540,53;Alpha1
N250;7;PositionalAgatzDecoderWithVehicleByPercentage;11343,23;Alpha1
N250;7;PositionalAgatzDecoderWithVehicleByPercentage;11590,05;Alpha1
N250;7;PositionalAgatzDecoderWithVehicleByPercentage;12056,07;Alpha1
N250;7;PositionalAgatzDecoderWithVehicleByPercentage;10877,55;Alpha1
N250;7;PositionalAgatzDecoderWithVehicleByPercentage;11510,79;Alpha1
N250;10;PositionalAgatzDecoderWithVehicleByPercentage;11038,71;Alpha1
N250;10;PositionalAgatzDecoderWithVehicleByPercentage;11159,76;Alpha1
N250;10;PositionalAgatzDecoderWithVehicleByPercentage;11233,66;Alpha1
N250;10;PositionalAgatzDecoderWithVehicleByPercentage;11933,95;Alpha1
N250;10;PositionalAgatzDecoderWithVehicleByPercentage;11349,32;Alpha1
N250;10;PositionalAgatzDecoderWithVehicleByPercentage;13186,86;Alpha1
N250;10;PositionalAgatzDecoderWithVehicleByPercentage;11439,81;Alpha1
N250;10;PositionalAgatzDecoderWithVehicleByPercentage;11028,51;Alpha1
N250;10;PositionalAgatzDecoderWithVehicleByPercentage;11860,90;Alpha1
N250;10;PositionalAgatzDecoderWithVehicleByPercentage;11864,08;Alpha1
N250;111;PositionalAgatzDecoderWithVehicleByPercentage;11593,80;Alpha1
N250;111;PositionalAgatzDecoderWithVehicleByPercentage;10158,04;Alpha1
N250;111;PositionalAgatzDecoderWithVehicleByPercentage;10875,81;Alpha1
N250;111;PositionalAgatzDecoderWithVehicleByPercentage;11021,55;Alpha1
N250;111;PositionalAgatzDecoderWithVehicleByPercentage;10912,39;Alpha1
N250;111;PositionalAgatzDecoderWithVehicleByPercentage;11191,30;Alpha1
N250;111;PositionalAgatzDecoderWithVehicleByPercentage;10528,07;Alpha1
N250;111;PositionalAgatzDecoderWithVehicleByPercentage;10902,86;Alpha1
N250;111;PositionalAgatzDecoderWithVehicleByPercentage;12080,89;Alpha1
N250;111;PositionalAgatzDecoderWithVehicleByPercentage;10210,60;Alpha1
N250;9;PositionalAgatzDecoderWithVehicleByPercentage;11034,97;Alpha1
N250;9;PositionalAgatzDecoderWithVehicleByPercentage;10620,54;Alpha1
N250;9;PositionalAgatzDecoderWithVehicleByPercentage;11346,84;Alpha1
N250;9;PositionalAgatzDecoderWithVehicleByPercentage;11221,48;Alpha1
N250;9;PositionalAgatzDecoderWithVehicleByPercentage;11536,47;Alpha1
N250;9;PositionalAgatzDecoderWithVehicleByPercentage;12045,45;Alpha1
N250;9;PositionalAgatzDecoderWithVehicleByPercentage;11270,72;Alpha1
N250;9;PositionalAgatzDecoderWithVehicleByPercentage;12602,77;Alpha1
N250;9;PositionalAgatzDecoderWithVehicleByPercentage;11615,24;Alpha1
N250;9;PositionalAgatzDecoderWithVehicleByPercentage;11557,72;Alpha1
N250;117;PositionalAgatzDecoderWithVehicleByPercentage;11613,14;Alpha1
N250;117;PositionalAgatzDecoderWithVehicleByPercentage;11227,79;Alpha1
N250;117;PositionalAgatzDecoderWithVehicleByPercentage;11553,75;Alpha1
N250;117;PositionalAgatzDecoderWithVehicleByPercentage;11650,94;Alpha1
N250;117;PositionalAgatzDecoderWithVehicleByPercentage;11687,38;Alpha1
N250;117;PositionalAgatzDecoderWithVehicleByPercentage;10786,88;Alpha1
N250;117;PositionalAgatzDecoderWithVehicleByPercentage;12658,12;Alpha1
N250;117;PositionalAgatzDecoderWithVehicleByPercentage;11521,88;Alpha1
N250;117;PositionalAgatzDecoderWithVehicleByPercentage;11059,09;Alpha1
N250;117;PositionalAgatzDecoderWithVehicleByPercentage;10407,10;Alpha1
N250;120;PositionalAgatzDecoderWithVehicleByPercentage;10736,72;Alpha1
N250;120;PositionalAgatzDecoderWithVehicleByPercentage;10522,96;Alpha1
N250;120;PositionalAgatzDecoderWithVehicleByPercentage;10629,37;Alpha1
N250;120;PositionalAgatzDecoderWithVehicleByPercentage;11766,39;Alpha1
N250;120;PositionalAgatzDecoderWithVehicleByPercentage;10919,12;Alpha1
N250;120;PositionalAgatzDecoderWithVehicleByPercentage;11676,80;Alpha1
N250;120;PositionalAgatzDecoderWithVehicleByPercentage;10922,06;Alpha1
N250;120;PositionalAgatzDecoderWithVehicleByPercentage;11399,51;Alpha1
N250;120;PositionalAgatzDecoderWithVehicleByPercentage;10651,38;Alpha1
N250;120;PositionalAgatzDecoderWithVehicleByPercentage;10750,11;Alpha1
N250;1;PositionalAgatzDecoderWithVehicleByPercentage;11071,40;Alpha1
N250;1;PositionalAgatzDecoderWithVehicleByPercentage;10958,26;Alpha1
N250;1;PositionalAgatzDecoderWithVehicleByPercentage;11123,49;Alpha1
N250;1;PositionalAgatzDecoderWithVehicleByPercentage;10743,92;Alpha1
N250;1;PositionalAgatzDecoderWithVehicleByPercentage;11219,67;Alpha1
N250;1;PositionalAgatzDecoderWithVehicleByPercentage;11164,34;Alpha1
N250;1;PositionalAgatzDecoderWithVehicleByPercentage;10870,55;Alpha1
N250;1;PositionalAgatzDecoderWithVehicleByPercentage;10116,41;Alpha1
N250;1;PositionalAgatzDecoderWithVehicleByPercentage;10508,65;Alpha1
N250;1;PositionalAgatzDecoderWithVehicleByPercentage;10214,99;Alpha1
N250;3;PositionalAgatzDecoderWithVehicleByPercentage;9971,08;Alpha1
N250;3;PositionalAgatzDecoderWithVehicleByPercentage;10836,51;Alpha1
N250;3;PositionalAgatzDecoderWithVehicleByPercentage;9389,66;Alpha1
N250;3;PositionalAgatzDecoderWithVehicleByPercentage;10110,72;Alpha1
N250;3;PositionalAgatzDecoderWithVehicleByPercentage;9473,05;Alpha1
N250;3;PositionalAgatzDecoderWithVehicleByPercentage;9601,68;Alpha1
N250;3;PositionalAgatzDecoderWithVehicleByPercentage;9403,80;Alpha1
N250;3;PositionalAgatzDecoderWithVehicleByPercentage;9767,68;Alpha1
N250;3;PositionalAgatzDecoderWithVehicleByPercentage;10479,11;Alpha1
N250;3;PositionalAgatzDecoderWithVehicleByPercentage;10726,87;Alpha1
N250;5;PositionalAgatzDecoderWithVehicleByPercentage;10706,60;Alpha1
N250;5;PositionalAgatzDecoderWithVehicleByPercentage;12171,89;Alpha1
N250;5;PositionalAgatzDecoderWithVehicleByPercentage;11489,15;Alpha1
N250;5;PositionalAgatzDecoderWithVehicleByPercentage;11704,74;Alpha1
N250;5;PositionalAgatzDecoderWithVehicleByPercentage;11202,83;Alpha1
N250;5;PositionalAgatzDecoderWithVehicleByPercentage;10694,65;Alpha1
N250;5;PositionalAgatzDecoderWithVehicleByPercentage;10801,41;Alpha1
N250;5;PositionalAgatzDecoderWithVehicleByPercentage;11145,80;Alpha1
N250;5;PositionalAgatzDecoderWithVehicleByPercentage;11458,50;Alpha1
N250;5;PositionalAgatzDecoderWithVehicleByPercentage;10765,14;Alpha1
N250;8;PositionalAgatzDecoderWithVehicleByPercentage;11496,93;Alpha1
N250;8;PositionalAgatzDecoderWithVehicleByPercentage;11223,99;Alpha1
N250;8;PositionalAgatzDecoderWithVehicleByPercentage;10085,55;Alpha1
N250;8;PositionalAgatzDecoderWithVehicleByPercentage;8663,69;Alpha1
N250;8;PositionalAgatzDecoderWithVehicleByPercentage;10522,04;Alpha1
N250;8;PositionalAgatzDecoderWithVehicleByPercentage;10824,57;Alpha1
N250;8;PositionalAgatzDecoderWithVehicleByPercentage;11017,23;Alpha1
N250;8;PositionalAgatzDecoderWithVehicleByPercentage;10677,38;Alpha1
N250;8;PositionalAgatzDecoderWithVehicleByPercentage;10393,68;Alpha1
N250;8;PositionalAgatzDecoderWithVehicleByPercentage;11054,87;Alpha1
N010;52;PositionalAgatzDecoderWithVehicleByPercentage;423,42;Alpha3
N010;52;PositionalAgatzDecoderWithVehicleByPercentage;428,25;Alpha3
N010;52;PositionalAgatzDecoderWithVehicleByPercentage;423,42;Alpha3
N010;52;PositionalAgatzDecoderWithVehicleByPercentage;423,42;Alpha3
N010;52;PositionalAgatzDecoderWithVehicleByPercentage;423,42;Alpha3
N010;52;PositionalAgatzDecoderWithVehicleByPercentage;428,25;Alpha3
N010;52;PositionalAgatzDecoderWithVehicleByPercentage;423,42;Alpha3
N010;52;PositionalAgatzDecoderWithVehicleByPercentage;423,42;Alpha3
N010;52;PositionalAgatzDecoderWithVehicleByPercentage;423,42;Alpha3
N010;52;PositionalAgatzDecoderWithVehicleByPercentage;423,42;Alpha3
N010;53;PositionalAgatzDecoderWithVehicleByPercentage;580,87;Alpha3
N010;53;PositionalAgatzDecoderWithVehicleByPercentage;580,87;Alpha3
N010;53;PositionalAgatzDecoderWithVehicleByPercentage;580,87;Alpha3
N010;53;PositionalAgatzDecoderWithVehicleByPercentage;580,87;Alpha3
N010;53;PositionalAgatzDecoderWithVehicleByPercentage;580,87;Alpha3
N010;53;PositionalAgatzDecoderWithVehicleByPercentage;580,87;Alpha3
N010;53;PositionalAgatzDecoderWithVehicleByPercentage;580,87;Alpha3
N010;53;PositionalAgatzDecoderWithVehicleByPercentage;580,87;Alpha3
N010;53;PositionalAgatzDecoderWithVehicleByPercentage;580,87;Alpha3
N010;53;PositionalAgatzDecoderWithVehicleByPercentage;580,87;Alpha3
N010;55;PositionalAgatzDecoderWithVehicleByPercentage;668,91;Alpha3
N010;55;PositionalAgatzDecoderWithVehicleByPercentage;690,21;Alpha3
N010;55;PositionalAgatzDecoderWithVehicleByPercentage;668,91;Alpha3
N010;55;PositionalAgatzDecoderWithVehicleByPercentage;668,91;Alpha3
N010;55;PositionalAgatzDecoderWithVehicleByPercentage;668,91;Alpha3
N010;55;PositionalAgatzDecoderWithVehicleByPercentage;668,91;Alpha3
N010;55;PositionalAgatzDecoderWithVehicleByPercentage;668,91;Alpha3
N010;55;PositionalAgatzDecoderWithVehicleByPercentage;668,91;Alpha3
N010;55;PositionalAgatzDecoderWithVehicleByPercentage;690,21;Alpha3
N010;55;PositionalAgatzDecoderWithVehicleByPercentage;690,21;Alpha3
N010;57;PositionalAgatzDecoderWithVehicleByPercentage;464,71;Alpha3
N010;57;PositionalAgatzDecoderWithVehicleByPercentage;464,71;Alpha3
N010;57;PositionalAgatzDecoderWithVehicleByPercentage;464,71;Alpha3
N010;57;PositionalAgatzDecoderWithVehicleByPercentage;464,07;Alpha3
N010;57;PositionalAgatzDecoderWithVehicleByPercentage;464,07;Alpha3
N010;57;PositionalAgatzDecoderWithVehicleByPercentage;464,71;Alpha3
N010;57;PositionalAgatzDecoderWithVehicleByPercentage;464,07;Alpha3
N010;57;PositionalAgatzDecoderWithVehicleByPercentage;464,71;Alpha3
N010;57;PositionalAgatzDecoderWithVehicleByPercentage;464,07;Alpha3
N010;57;PositionalAgatzDecoderWithVehicleByPercentage;464,07;Alpha3
N010;58;PositionalAgatzDecoderWithVehicleByPercentage;560,90;Alpha3
N010;58;PositionalAgatzDecoderWithVehicleByPercentage;560,90;Alpha3
N010;58;PositionalAgatzDecoderWithVehicleByPercentage;560,90;Alpha3
N010;58;PositionalAgatzDecoderWithVehicleByPercentage;560,90;Alpha3
N010;58;PositionalAgatzDecoderWithVehicleByPercentage;560,90;Alpha3
N010;58;PositionalAgatzDecoderWithVehicleByPercentage;560,90;Alpha3
N010;58;PositionalAgatzDecoderWithVehicleByPercentage;560,90;Alpha3
N010;58;PositionalAgatzDecoderWithVehicleByPercentage;560,90;Alpha3
N010;58;PositionalAgatzDecoderWithVehicleByPercentage;560,90;Alpha3
N010;58;PositionalAgatzDecoderWithVehicleByPercentage;560,90;Alpha3
N010;60;PositionalAgatzDecoderWithVehicleByPercentage;762,51;Alpha3
N010;60;PositionalAgatzDecoderWithVehicleByPercentage;762,51;Alpha3
N010;60;PositionalAgatzDecoderWithVehicleByPercentage;764,85;Alpha3
N010;60;PositionalAgatzDecoderWithVehicleByPercentage;762,51;Alpha3
N010;60;PositionalAgatzDecoderWithVehicleByPercentage;758,42;Alpha3
N010;60;PositionalAgatzDecoderWithVehicleByPercentage;762,51;Alpha3
N010;60;PositionalAgatzDecoderWithVehicleByPercentage;762,51;Alpha3
N010;60;PositionalAgatzDecoderWithVehicleByPercentage;758,42;Alpha3
N010;60;PositionalAgatzDecoderWithVehicleByPercentage;758,42;Alpha3
N010;60;PositionalAgatzDecoderWithVehicleByPercentage;764,85;Alpha3
N010;51;PositionalAgatzDecoderWithVehicleByPercentage;469,85;Alpha3
N010;51;PositionalAgatzDecoderWithVehicleByPercentage;469,85;Alpha3
N010;51;PositionalAgatzDecoderWithVehicleByPercentage;469,85;Alpha3
N010;51;PositionalAgatzDecoderWithVehicleByPercentage;469,85;Alpha3
N010;51;PositionalAgatzDecoderWithVehicleByPercentage;469,85;Alpha3
N010;51;PositionalAgatzDecoderWithVehicleByPercentage;470,04;Alpha3
N010;51;PositionalAgatzDecoderWithVehicleByPercentage;469,85;Alpha3
N010;51;PositionalAgatzDecoderWithVehicleByPercentage;470,04;Alpha3
N010;51;PositionalAgatzDecoderWithVehicleByPercentage;469,85;Alpha3
N010;51;PositionalAgatzDecoderWithVehicleByPercentage;469,85;Alpha3
N010;54;PositionalAgatzDecoderWithVehicleByPercentage;505,00;Alpha3
N010;54;PositionalAgatzDecoderWithVehicleByPercentage;505,00;Alpha3
N010;54;PositionalAgatzDecoderWithVehicleByPercentage;524,41;Alpha3
N010;54;PositionalAgatzDecoderWithVehicleByPercentage;524,41;Alpha3
N010;54;PositionalAgatzDecoderWithVehicleByPercentage;509,14;Alpha3
N010;54;PositionalAgatzDecoderWithVehicleByPercentage;505,00;Alpha3
N010;54;PositionalAgatzDecoderWithVehicleByPercentage;505,00;Alpha3
N010;54;PositionalAgatzDecoderWithVehicleByPercentage;505,00;Alpha3
N010;54;PositionalAgatzDecoderWithVehicleByPercentage;507,86;Alpha3
N010;54;PositionalAgatzDecoderWithVehicleByPercentage;505,00;Alpha3
N010;56;PositionalAgatzDecoderWithVehicleByPercentage;562,99;Alpha3
N010;56;PositionalAgatzDecoderWithVehicleByPercentage;562,99;Alpha3
N010;56;PositionalAgatzDecoderWithVehicleByPercentage;562,99;Alpha3
N010;56;PositionalAgatzDecoderWithVehicleByPercentage;568,26;Alpha3
N010;56;PositionalAgatzDecoderWithVehicleByPercentage;562,99;Alpha3
N010;56;PositionalAgatzDecoderWithVehicleByPercentage;562,99;Alpha3
N010;56;PositionalAgatzDecoderWithVehicleByPercentage;568,26;Alpha3
N010;56;PositionalAgatzDecoderWithVehicleByPercentage;568,26;Alpha3
N010;56;PositionalAgatzDecoderWithVehicleByPercentage;562,99;Alpha3
N010;56;PositionalAgatzDecoderWithVehicleByPercentage;562,99;Alpha3
N010;59;PositionalAgatzDecoderWithVehicleByPercentage;712,57;Alpha3
N010;59;PositionalAgatzDecoderWithVehicleByPercentage;712,57;Alpha3
N010;59;PositionalAgatzDecoderWithVehicleByPercentage;712,57;Alpha3
N010;59;PositionalAgatzDecoderWithVehicleByPercentage;712,57;Alpha3
N010;59;PositionalAgatzDecoderWithVehicleByPercentage;712,57;Alpha3
N010;59;PositionalAgatzDecoderWithVehicleByPercentage;712,57;Alpha3
N010;59;PositionalAgatzDecoderWithVehicleByPercentage;712,57;Alpha3
N010;59;PositionalAgatzDecoderWithVehicleByPercentage;712,57;Alpha3
N010;59;PositionalAgatzDecoderWithVehicleByPercentage;712,57;Alpha3
N010;59;PositionalAgatzDecoderWithVehicleByPercentage;712,57;Alpha3
N020;61;PositionalAgatzDecoderWithVehicleByPercentage;780,17;Alpha3
N020;61;PositionalAgatzDecoderWithVehicleByPercentage;810,14;Alpha3
N020;61;PositionalAgatzDecoderWithVehicleByPercentage;801,85;Alpha3
N020;61;PositionalAgatzDecoderWithVehicleByPercentage;792,94;Alpha3
N020;61;PositionalAgatzDecoderWithVehicleByPercentage;827,09;Alpha3
N020;61;PositionalAgatzDecoderWithVehicleByPercentage;793,46;Alpha3
N020;61;PositionalAgatzDecoderWithVehicleByPercentage;785,61;Alpha3
N020;61;PositionalAgatzDecoderWithVehicleByPercentage;827,09;Alpha3
N020;61;PositionalAgatzDecoderWithVehicleByPercentage;785,61;Alpha3
N020;61;PositionalAgatzDecoderWithVehicleByPercentage;780,17;Alpha3
N020;63;PositionalAgatzDecoderWithVehicleByPercentage;832,68;Alpha3
N020;63;PositionalAgatzDecoderWithVehicleByPercentage;832,59;Alpha3
N020;63;PositionalAgatzDecoderWithVehicleByPercentage;837,85;Alpha3
N020;63;PositionalAgatzDecoderWithVehicleByPercentage;884,09;Alpha3
N020;63;PositionalAgatzDecoderWithVehicleByPercentage;848,72;Alpha3
N020;63;PositionalAgatzDecoderWithVehicleByPercentage;837,99;Alpha3
N020;63;PositionalAgatzDecoderWithVehicleByPercentage;894,57;Alpha3
N020;63;PositionalAgatzDecoderWithVehicleByPercentage;853,98;Alpha3
N020;63;PositionalAgatzDecoderWithVehicleByPercentage;836,21;Alpha3
N020;63;PositionalAgatzDecoderWithVehicleByPercentage;836,44;Alpha3
N020;64;PositionalAgatzDecoderWithVehicleByPercentage;1026,31;Alpha3
N020;64;PositionalAgatzDecoderWithVehicleByPercentage;957,84;Alpha3
N020;64;PositionalAgatzDecoderWithVehicleByPercentage;952,81;Alpha3
N020;64;PositionalAgatzDecoderWithVehicleByPercentage;949,09;Alpha3
N020;64;PositionalAgatzDecoderWithVehicleByPercentage;1035,22;Alpha3
N020;64;PositionalAgatzDecoderWithVehicleByPercentage;946,82;Alpha3
N020;64;PositionalAgatzDecoderWithVehicleByPercentage;952,47;Alpha3
N020;64;PositionalAgatzDecoderWithVehicleByPercentage;951,51;Alpha3
N020;64;PositionalAgatzDecoderWithVehicleByPercentage;960,05;Alpha3
N020;64;PositionalAgatzDecoderWithVehicleByPercentage;952,35;Alpha3
N020;65;PositionalAgatzDecoderWithVehicleByPercentage;644,46;Alpha3
N020;65;PositionalAgatzDecoderWithVehicleByPercentage;644,83;Alpha3
N020;65;PositionalAgatzDecoderWithVehicleByPercentage;645,80;Alpha3
N020;65;PositionalAgatzDecoderWithVehicleByPercentage;647,63;Alpha3
N020;65;PositionalAgatzDecoderWithVehicleByPercentage;645,42;Alpha3
N020;65;PositionalAgatzDecoderWithVehicleByPercentage;660,71;Alpha3
N020;65;PositionalAgatzDecoderWithVehicleByPercentage;645,72;Alpha3
N020;65;PositionalAgatzDecoderWithVehicleByPercentage;648,87;Alpha3
N020;65;PositionalAgatzDecoderWithVehicleByPercentage;643,91;Alpha3
N020;65;PositionalAgatzDecoderWithVehicleByPercentage;646,84;Alpha3
N020;70;PositionalAgatzDecoderWithVehicleByPercentage;728,69;Alpha3
N020;70;PositionalAgatzDecoderWithVehicleByPercentage;735,49;Alpha3
N020;70;PositionalAgatzDecoderWithVehicleByPercentage;728,07;Alpha3
N020;70;PositionalAgatzDecoderWithVehicleByPercentage;735,49;Alpha3
N020;70;PositionalAgatzDecoderWithVehicleByPercentage;740,57;Alpha3
N020;70;PositionalAgatzDecoderWithVehicleByPercentage;742,11;Alpha3
N020;70;PositionalAgatzDecoderWithVehicleByPercentage;746,04;Alpha3
N020;70;PositionalAgatzDecoderWithVehicleByPercentage;738,17;Alpha3
N020;70;PositionalAgatzDecoderWithVehicleByPercentage;731,01;Alpha3
N020;70;PositionalAgatzDecoderWithVehicleByPercentage;730,47;Alpha3
N020;62;PositionalAgatzDecoderWithVehicleByPercentage;691,32;Alpha3
N020;62;PositionalAgatzDecoderWithVehicleByPercentage;694,75;Alpha3
N020;62;PositionalAgatzDecoderWithVehicleByPercentage;694,06;Alpha3
N020;62;PositionalAgatzDecoderWithVehicleByPercentage;700,79;Alpha3
N020;62;PositionalAgatzDecoderWithVehicleByPercentage;691,30;Alpha3
N020;62;PositionalAgatzDecoderWithVehicleByPercentage;713,11;Alpha3
N020;62;PositionalAgatzDecoderWithVehicleByPercentage;691,30;Alpha3
N020;62;PositionalAgatzDecoderWithVehicleByPercentage;691,30;Alpha3
N020;62;PositionalAgatzDecoderWithVehicleByPercentage;691,30;Alpha3
N020;62;PositionalAgatzDecoderWithVehicleByPercentage;691,30;Alpha3
N020;66;PositionalAgatzDecoderWithVehicleByPercentage;692,28;Alpha3
N020;66;PositionalAgatzDecoderWithVehicleByPercentage;690,54;Alpha3
N020;66;PositionalAgatzDecoderWithVehicleByPercentage;700,77;Alpha3
N020;66;PositionalAgatzDecoderWithVehicleByPercentage;703,85;Alpha3
N020;66;PositionalAgatzDecoderWithVehicleByPercentage;725,16;Alpha3
N020;66;PositionalAgatzDecoderWithVehicleByPercentage;711,73;Alpha3
N020;66;PositionalAgatzDecoderWithVehicleByPercentage;701,72;Alpha3
N020;66;PositionalAgatzDecoderWithVehicleByPercentage;722,03;Alpha3
N020;66;PositionalAgatzDecoderWithVehicleByPercentage;705,63;Alpha3
N020;66;PositionalAgatzDecoderWithVehicleByPercentage;687,42;Alpha3
N020;67;PositionalAgatzDecoderWithVehicleByPercentage;671,84;Alpha3
N020;67;PositionalAgatzDecoderWithVehicleByPercentage;672,23;Alpha3
N020;67;PositionalAgatzDecoderWithVehicleByPercentage;674,69;Alpha3
N020;67;PositionalAgatzDecoderWithVehicleByPercentage;717,49;Alpha3
N020;67;PositionalAgatzDecoderWithVehicleByPercentage;668,30;Alpha3
N020;67;PositionalAgatzDecoderWithVehicleByPercentage;668,38;Alpha3
N020;67;PositionalAgatzDecoderWithVehicleByPercentage;668,38;Alpha3
N020;67;PositionalAgatzDecoderWithVehicleByPercentage;674,71;Alpha3
N020;67;PositionalAgatzDecoderWithVehicleByPercentage;663,88;Alpha3
N020;67;PositionalAgatzDecoderWithVehicleByPercentage;668,38;Alpha3
N020;68;PositionalAgatzDecoderWithVehicleByPercentage;704,16;Alpha3
N020;68;PositionalAgatzDecoderWithVehicleByPercentage;677,44;Alpha3
N020;68;PositionalAgatzDecoderWithVehicleByPercentage;652,53;Alpha3
N020;68;PositionalAgatzDecoderWithVehicleByPercentage;670,86;Alpha3
N020;68;PositionalAgatzDecoderWithVehicleByPercentage;655,37;Alpha3
N020;68;PositionalAgatzDecoderWithVehicleByPercentage;695,76;Alpha3
N020;68;PositionalAgatzDecoderWithVehicleByPercentage;651,02;Alpha3
N020;68;PositionalAgatzDecoderWithVehicleByPercentage;706,65;Alpha3
N020;68;PositionalAgatzDecoderWithVehicleByPercentage;659,27;Alpha3
N020;68;PositionalAgatzDecoderWithVehicleByPercentage;727,72;Alpha3
N020;69;PositionalAgatzDecoderWithVehicleByPercentage;724,60;Alpha3
N020;69;PositionalAgatzDecoderWithVehicleByPercentage;740,65;Alpha3
N020;69;PositionalAgatzDecoderWithVehicleByPercentage;735,08;Alpha3
N020;69;PositionalAgatzDecoderWithVehicleByPercentage;720,91;Alpha3
N020;69;PositionalAgatzDecoderWithVehicleByPercentage;746,57;Alpha3
N020;69;PositionalAgatzDecoderWithVehicleByPercentage;720,35;Alpha3
N020;69;PositionalAgatzDecoderWithVehicleByPercentage;733,19;Alpha3
N020;69;PositionalAgatzDecoderWithVehicleByPercentage;717,19;Alpha3
N020;69;PositionalAgatzDecoderWithVehicleByPercentage;734,58;Alpha3
N020;69;PositionalAgatzDecoderWithVehicleByPercentage;735,61;Alpha3
N050;76;PositionalAgatzDecoderWithVehicleByPercentage;1276,36;Alpha3
N050;76;PositionalAgatzDecoderWithVehicleByPercentage;1234,89;Alpha3
N050;76;PositionalAgatzDecoderWithVehicleByPercentage;1477,06;Alpha3
N050;76;PositionalAgatzDecoderWithVehicleByPercentage;1300,84;Alpha3
N050;76;PositionalAgatzDecoderWithVehicleByPercentage;1442,43;Alpha3
N050;76;PositionalAgatzDecoderWithVehicleByPercentage;1245,42;Alpha3
N050;76;PositionalAgatzDecoderWithVehicleByPercentage;1359,09;Alpha3
N050;76;PositionalAgatzDecoderWithVehicleByPercentage;1213,12;Alpha3
N050;76;PositionalAgatzDecoderWithVehicleByPercentage;1328,56;Alpha3
N050;76;PositionalAgatzDecoderWithVehicleByPercentage;1317,01;Alpha3
N050;77;PositionalAgatzDecoderWithVehicleByPercentage;1073,62;Alpha3
N050;77;PositionalAgatzDecoderWithVehicleByPercentage;1418,21;Alpha3
N050;77;PositionalAgatzDecoderWithVehicleByPercentage;1412,46;Alpha3
N050;77;PositionalAgatzDecoderWithVehicleByPercentage;1044,55;Alpha3
N050;77;PositionalAgatzDecoderWithVehicleByPercentage;1135,39;Alpha3
N050;77;PositionalAgatzDecoderWithVehicleByPercentage;1062,26;Alpha3
N050;77;PositionalAgatzDecoderWithVehicleByPercentage;1153,53;Alpha3
N050;77;PositionalAgatzDecoderWithVehicleByPercentage;1053,43;Alpha3
N050;77;PositionalAgatzDecoderWithVehicleByPercentage;1120,48;Alpha3
N050;77;PositionalAgatzDecoderWithVehicleByPercentage;1125,12;Alpha3
N050;80;PositionalAgatzDecoderWithVehicleByPercentage;1355,09;Alpha3
N050;80;PositionalAgatzDecoderWithVehicleByPercentage;1410,51;Alpha3
N050;80;PositionalAgatzDecoderWithVehicleByPercentage;1711,37;Alpha3
N050;80;PositionalAgatzDecoderWithVehicleByPercentage;1283,84;Alpha3
N050;80;PositionalAgatzDecoderWithVehicleByPercentage;1654,51;Alpha3
N050;80;PositionalAgatzDecoderWithVehicleByPercentage;1279,23;Alpha3
N050;80;PositionalAgatzDecoderWithVehicleByPercentage;1250,55;Alpha3
N050;80;PositionalAgatzDecoderWithVehicleByPercentage;1291,10;Alpha3
N050;80;PositionalAgatzDecoderWithVehicleByPercentage;1505,05;Alpha3
N050;80;PositionalAgatzDecoderWithVehicleByPercentage;1325,46;Alpha3
N050;71;PositionalAgatzDecoderWithVehicleByPercentage;1672,53;Alpha3
N050;71;PositionalAgatzDecoderWithVehicleByPercentage;1201,29;Alpha3
N050;71;PositionalAgatzDecoderWithVehicleByPercentage;1570,32;Alpha3
N050;71;PositionalAgatzDecoderWithVehicleByPercentage;1324,28;Alpha3
N050;71;PositionalAgatzDecoderWithVehicleByPercentage;1206,77;Alpha3
N050;71;PositionalAgatzDecoderWithVehicleByPercentage;1323,11;Alpha3
N050;71;PositionalAgatzDecoderWithVehicleByPercentage;1571,56;Alpha3
N050;71;PositionalAgatzDecoderWithVehicleByPercentage;1266,93;Alpha3
N050;71;PositionalAgatzDecoderWithVehicleByPercentage;1270,44;Alpha3
N050;71;PositionalAgatzDecoderWithVehicleByPercentage;1264,79;Alpha3
N050;72;PositionalAgatzDecoderWithVehicleByPercentage;1160,51;Alpha3
N050;72;PositionalAgatzDecoderWithVehicleByPercentage;1176,16;Alpha3
N050;72;PositionalAgatzDecoderWithVehicleByPercentage;1369,81;Alpha3
N050;72;PositionalAgatzDecoderWithVehicleByPercentage;1178,22;Alpha3
N050;72;PositionalAgatzDecoderWithVehicleByPercentage;1147,39;Alpha3
N050;72;PositionalAgatzDecoderWithVehicleByPercentage;1436,27;Alpha3
N050;72;PositionalAgatzDecoderWithVehicleByPercentage;1169,87;Alpha3
N050;72;PositionalAgatzDecoderWithVehicleByPercentage;1242,88;Alpha3
N050;72;PositionalAgatzDecoderWithVehicleByPercentage;1456,92;Alpha3
N050;72;PositionalAgatzDecoderWithVehicleByPercentage;1513,68;Alpha3
N050;75;PositionalAgatzDecoderWithVehicleByPercentage;1218,81;Alpha3
N050;75;PositionalAgatzDecoderWithVehicleByPercentage;1572,42;Alpha3
N050;75;PositionalAgatzDecoderWithVehicleByPercentage;1518,09;Alpha3
N050;75;PositionalAgatzDecoderWithVehicleByPercentage;1262,33;Alpha3
N050;75;PositionalAgatzDecoderWithVehicleByPercentage;1528,60;Alpha3
N050;75;PositionalAgatzDecoderWithVehicleByPercentage;1279,45;Alpha3
N050;75;PositionalAgatzDecoderWithVehicleByPercentage;1560,07;Alpha3
N050;75;PositionalAgatzDecoderWithVehicleByPercentage;1260,04;Alpha3
N050;75;PositionalAgatzDecoderWithVehicleByPercentage;1338,44;Alpha3
N050;75;PositionalAgatzDecoderWithVehicleByPercentage;1306,14;Alpha3
N050;79;PositionalAgatzDecoderWithVehicleByPercentage;1243,19;Alpha3
N050;79;PositionalAgatzDecoderWithVehicleByPercentage;1180,81;Alpha3
N050;79;PositionalAgatzDecoderWithVehicleByPercentage;1152,30;Alpha3
N050;79;PositionalAgatzDecoderWithVehicleByPercentage;1150,28;Alpha3
N050;79;PositionalAgatzDecoderWithVehicleByPercentage;1507,45;Alpha3
N050;79;PositionalAgatzDecoderWithVehicleByPercentage;1291,10;Alpha3
N050;79;PositionalAgatzDecoderWithVehicleByPercentage;1326,15;Alpha3
N050;79;PositionalAgatzDecoderWithVehicleByPercentage;1147,19;Alpha3
N050;79;PositionalAgatzDecoderWithVehicleByPercentage;1227,88;Alpha3
N050;79;PositionalAgatzDecoderWithVehicleByPercentage;1457,56;Alpha3
N050;73;PositionalAgatzDecoderWithVehicleByPercentage;1105,48;Alpha3
N050;73;PositionalAgatzDecoderWithVehicleByPercentage;1061,58;Alpha3
N050;73;PositionalAgatzDecoderWithVehicleByPercentage;1078,09;Alpha3
N050;73;PositionalAgatzDecoderWithVehicleByPercentage;1169,15;Alpha3
N050;73;PositionalAgatzDecoderWithVehicleByPercentage;1048,72;Alpha3
N050;73;PositionalAgatzDecoderWithVehicleByPercentage;1057,32;Alpha3
N050;73;PositionalAgatzDecoderWithVehicleByPercentage;1390,67;Alpha3
N050;73;PositionalAgatzDecoderWithVehicleByPercentage;1083,74;Alpha3
N050;73;PositionalAgatzDecoderWithVehicleByPercentage;1434,81;Alpha3
N050;73;PositionalAgatzDecoderWithVehicleByPercentage;1076,19;Alpha3
N050;74;PositionalAgatzDecoderWithVehicleByPercentage;1322,49;Alpha3
N050;74;PositionalAgatzDecoderWithVehicleByPercentage;986,58;Alpha3
N050;74;PositionalAgatzDecoderWithVehicleByPercentage;1297,01;Alpha3
N050;74;PositionalAgatzDecoderWithVehicleByPercentage;1316,30;Alpha3
N050;74;PositionalAgatzDecoderWithVehicleByPercentage;999,00;Alpha3
N050;74;PositionalAgatzDecoderWithVehicleByPercentage;1122,37;Alpha3
N050;74;PositionalAgatzDecoderWithVehicleByPercentage;1161,91;Alpha3
N050;74;PositionalAgatzDecoderWithVehicleByPercentage;1123,47;Alpha3
N050;74;PositionalAgatzDecoderWithVehicleByPercentage;1009,22;Alpha3
N050;74;PositionalAgatzDecoderWithVehicleByPercentage;1017,77;Alpha3
N050;78;PositionalAgatzDecoderWithVehicleByPercentage;1101,31;Alpha3
N050;78;PositionalAgatzDecoderWithVehicleByPercentage;1122,48;Alpha3
N050;78;PositionalAgatzDecoderWithVehicleByPercentage;1130,80;Alpha3
N050;78;PositionalAgatzDecoderWithVehicleByPercentage;1225,55;Alpha3
N050;78;PositionalAgatzDecoderWithVehicleByPercentage;1178,95;Alpha3
N050;78;PositionalAgatzDecoderWithVehicleByPercentage;1445,63;Alpha3
N050;78;PositionalAgatzDecoderWithVehicleByPercentage;1169,79;Alpha3
N050;78;PositionalAgatzDecoderWithVehicleByPercentage;1145,99;Alpha3
N050;78;PositionalAgatzDecoderWithVehicleByPercentage;1090,19;Alpha3
N050;78;PositionalAgatzDecoderWithVehicleByPercentage;1491,98;Alpha3
N075;81;PositionalAgatzDecoderWithVehicleByPercentage;1569,64;Alpha3
N075;81;PositionalAgatzDecoderWithVehicleByPercentage;1403,65;Alpha3
N075;81;PositionalAgatzDecoderWithVehicleByPercentage;1772,71;Alpha3
N075;81;PositionalAgatzDecoderWithVehicleByPercentage;1870,04;Alpha3
N075;81;PositionalAgatzDecoderWithVehicleByPercentage;1514,89;Alpha3
N075;81;PositionalAgatzDecoderWithVehicleByPercentage;1416,13;Alpha3
N075;81;PositionalAgatzDecoderWithVehicleByPercentage;1754,78;Alpha3
N075;81;PositionalAgatzDecoderWithVehicleByPercentage;1768,16;Alpha3
N075;81;PositionalAgatzDecoderWithVehicleByPercentage;1383,13;Alpha3
N075;81;PositionalAgatzDecoderWithVehicleByPercentage;1725,73;Alpha3
N075;82;PositionalAgatzDecoderWithVehicleByPercentage;1435,12;Alpha3
N075;82;PositionalAgatzDecoderWithVehicleByPercentage;1597,67;Alpha3
N075;82;PositionalAgatzDecoderWithVehicleByPercentage;1721,56;Alpha3
N075;82;PositionalAgatzDecoderWithVehicleByPercentage;1699,90;Alpha3
N075;82;PositionalAgatzDecoderWithVehicleByPercentage;1486,98;Alpha3
N075;82;PositionalAgatzDecoderWithVehicleByPercentage;1852,11;Alpha3
N075;82;PositionalAgatzDecoderWithVehicleByPercentage;1771,96;Alpha3
N075;82;PositionalAgatzDecoderWithVehicleByPercentage;1853,99;Alpha3
N075;82;PositionalAgatzDecoderWithVehicleByPercentage;1490,91;Alpha3
N075;82;PositionalAgatzDecoderWithVehicleByPercentage;1511,20;Alpha3
N075;84;PositionalAgatzDecoderWithVehicleByPercentage;2169,07;Alpha3
N075;84;PositionalAgatzDecoderWithVehicleByPercentage;2221,63;Alpha3
N075;84;PositionalAgatzDecoderWithVehicleByPercentage;1823,48;Alpha3
N075;84;PositionalAgatzDecoderWithVehicleByPercentage;2143,90;Alpha3
N075;84;PositionalAgatzDecoderWithVehicleByPercentage;2206,13;Alpha3
N075;84;PositionalAgatzDecoderWithVehicleByPercentage;2146,25;Alpha3
N075;84;PositionalAgatzDecoderWithVehicleByPercentage;2342,85;Alpha3
N075;84;PositionalAgatzDecoderWithVehicleByPercentage;1838,35;Alpha3
N075;84;PositionalAgatzDecoderWithVehicleByPercentage;2280,83;Alpha3
N075;84;PositionalAgatzDecoderWithVehicleByPercentage;2191,86;Alpha3
N075;86;PositionalAgatzDecoderWithVehicleByPercentage;2077,32;Alpha3
N075;86;PositionalAgatzDecoderWithVehicleByPercentage;1783,85;Alpha3
N075;86;PositionalAgatzDecoderWithVehicleByPercentage;1497,97;Alpha3
N075;86;PositionalAgatzDecoderWithVehicleByPercentage;1756,23;Alpha3
N075;86;PositionalAgatzDecoderWithVehicleByPercentage;2162,14;Alpha3
N075;86;PositionalAgatzDecoderWithVehicleByPercentage;2140,39;Alpha3
N075;86;PositionalAgatzDecoderWithVehicleByPercentage;1826,39;Alpha3
N075;86;PositionalAgatzDecoderWithVehicleByPercentage;2073,40;Alpha3
N075;86;PositionalAgatzDecoderWithVehicleByPercentage;1735,67;Alpha3
N075;86;PositionalAgatzDecoderWithVehicleByPercentage;1502,56;Alpha3
N075;90;PositionalAgatzDecoderWithVehicleByPercentage;1732,83;Alpha3
N075;90;PositionalAgatzDecoderWithVehicleByPercentage;1434,65;Alpha3
N075;90;PositionalAgatzDecoderWithVehicleByPercentage;1680,38;Alpha3
N075;90;PositionalAgatzDecoderWithVehicleByPercentage;1443,04;Alpha3
N075;90;PositionalAgatzDecoderWithVehicleByPercentage;1342,78;Alpha3
N075;90;PositionalAgatzDecoderWithVehicleByPercentage;2029,36;Alpha3
N075;90;PositionalAgatzDecoderWithVehicleByPercentage;1525,51;Alpha3
N075;90;PositionalAgatzDecoderWithVehicleByPercentage;2009,97;Alpha3
N075;90;PositionalAgatzDecoderWithVehicleByPercentage;1519,06;Alpha3
N075;90;PositionalAgatzDecoderWithVehicleByPercentage;1737,49;Alpha3
N075;83;PositionalAgatzDecoderWithVehicleByPercentage;1753,91;Alpha3
N075;83;PositionalAgatzDecoderWithVehicleByPercentage;1824,89;Alpha3
N075;83;PositionalAgatzDecoderWithVehicleByPercentage;1697,62;Alpha3
N075;83;PositionalAgatzDecoderWithVehicleByPercentage;1523,86;Alpha3
N075;83;PositionalAgatzDecoderWithVehicleByPercentage;1484,52;Alpha3
N075;83;PositionalAgatzDecoderWithVehicleByPercentage;1476,05;Alpha3
N075;83;PositionalAgatzDecoderWithVehicleByPercentage;1645,31;Alpha3
N075;83;PositionalAgatzDecoderWithVehicleByPercentage;2108,94;Alpha3
N075;83;PositionalAgatzDecoderWithVehicleByPercentage;1811,47;Alpha3
N075;83;PositionalAgatzDecoderWithVehicleByPercentage;1709,74;Alpha3
N075;85;PositionalAgatzDecoderWithVehicleByPercentage;1756,47;Alpha3
N075;85;PositionalAgatzDecoderWithVehicleByPercentage;2243,22;Alpha3
N075;85;PositionalAgatzDecoderWithVehicleByPercentage;1790,23;Alpha3
N075;85;PositionalAgatzDecoderWithVehicleByPercentage;2046,34;Alpha3
N075;85;PositionalAgatzDecoderWithVehicleByPercentage;2026,52;Alpha3
N075;85;PositionalAgatzDecoderWithVehicleByPercentage;1967,51;Alpha3
N075;85;PositionalAgatzDecoderWithVehicleByPercentage;1784,31;Alpha3
N075;85;PositionalAgatzDecoderWithVehicleByPercentage;2038,05;Alpha3
N075;85;PositionalAgatzDecoderWithVehicleByPercentage;2344,47;Alpha3
N075;85;PositionalAgatzDecoderWithVehicleByPercentage;1801,95;Alpha3
N075;87;PositionalAgatzDecoderWithVehicleByPercentage;1804,42;Alpha3
N075;87;PositionalAgatzDecoderWithVehicleByPercentage;1807,81;Alpha3
N075;87;PositionalAgatzDecoderWithVehicleByPercentage;1571,98;Alpha3
N075;87;PositionalAgatzDecoderWithVehicleByPercentage;1783,99;Alpha3
N075;87;PositionalAgatzDecoderWithVehicleByPercentage;1797,85;Alpha3
N075;87;PositionalAgatzDecoderWithVehicleByPercentage;1538,61;Alpha3
N075;87;PositionalAgatzDecoderWithVehicleByPercentage;1863,66;Alpha3
N075;87;PositionalAgatzDecoderWithVehicleByPercentage;1824,98;Alpha3
N075;87;PositionalAgatzDecoderWithVehicleByPercentage;1537,47;Alpha3
N075;87;PositionalAgatzDecoderWithVehicleByPercentage;1806,44;Alpha3
N075;88;PositionalAgatzDecoderWithVehicleByPercentage;2260,28;Alpha3
N075;88;PositionalAgatzDecoderWithVehicleByPercentage;2378,11;Alpha3
N075;88;PositionalAgatzDecoderWithVehicleByPercentage;2038,84;Alpha3
N075;88;PositionalAgatzDecoderWithVehicleByPercentage;1922,23;Alpha3
N075;88;PositionalAgatzDecoderWithVehicleByPercentage;1922,10;Alpha3
N075;88;PositionalAgatzDecoderWithVehicleByPercentage;2242,47;Alpha3
N075;88;PositionalAgatzDecoderWithVehicleByPercentage;2022,21;Alpha3
N075;88;PositionalAgatzDecoderWithVehicleByPercentage;2101,94;Alpha3
N075;88;PositionalAgatzDecoderWithVehicleByPercentage;1693,44;Alpha3
N075;88;PositionalAgatzDecoderWithVehicleByPercentage;1761,07;Alpha3
N075;89;PositionalAgatzDecoderWithVehicleByPercentage;1731,95;Alpha3
N075;89;PositionalAgatzDecoderWithVehicleByPercentage;1615,69;Alpha3
N075;89;PositionalAgatzDecoderWithVehicleByPercentage;1868,60;Alpha3
N075;89;PositionalAgatzDecoderWithVehicleByPercentage;1809,61;Alpha3
N075;89;PositionalAgatzDecoderWithVehicleByPercentage;1480,67;Alpha3
N075;89;PositionalAgatzDecoderWithVehicleByPercentage;1823,89;Alpha3
N075;89;PositionalAgatzDecoderWithVehicleByPercentage;2074,02;Alpha3
N075;89;PositionalAgatzDecoderWithVehicleByPercentage;1709,94;Alpha3
N075;89;PositionalAgatzDecoderWithVehicleByPercentage;1715,16;Alpha3
N075;89;PositionalAgatzDecoderWithVehicleByPercentage;1831,74;Alpha3
N100;99;PositionalAgatzDecoderWithVehicleByPercentage;2510,13;Alpha3
N100;99;PositionalAgatzDecoderWithVehicleByPercentage;2587,03;Alpha3
N100;99;PositionalAgatzDecoderWithVehicleByPercentage;2269,82;Alpha3
N100;99;PositionalAgatzDecoderWithVehicleByPercentage;2100,10;Alpha3
N100;99;PositionalAgatzDecoderWithVehicleByPercentage;2466,18;Alpha3
N100;99;PositionalAgatzDecoderWithVehicleByPercentage;2480,47;Alpha3
N100;99;PositionalAgatzDecoderWithVehicleByPercentage;2324,66;Alpha3
N100;99;PositionalAgatzDecoderWithVehicleByPercentage;2220,35;Alpha3
N100;99;PositionalAgatzDecoderWithVehicleByPercentage;2385,26;Alpha3
N100;99;PositionalAgatzDecoderWithVehicleByPercentage;2733,11;Alpha3
N100;100;PositionalAgatzDecoderWithVehicleByPercentage;2406,20;Alpha3
N100;100;PositionalAgatzDecoderWithVehicleByPercentage;2386,69;Alpha3
N100;100;PositionalAgatzDecoderWithVehicleByPercentage;2338,56;Alpha3
N100;100;PositionalAgatzDecoderWithVehicleByPercentage;2981,04;Alpha3
N100;100;PositionalAgatzDecoderWithVehicleByPercentage;2674,12;Alpha3
N100;100;PositionalAgatzDecoderWithVehicleByPercentage;2438,68;Alpha3
N100;100;PositionalAgatzDecoderWithVehicleByPercentage;2635,05;Alpha3
N100;100;PositionalAgatzDecoderWithVehicleByPercentage;2866,78;Alpha3
N100;100;PositionalAgatzDecoderWithVehicleByPercentage;2559,82;Alpha3
N100;100;PositionalAgatzDecoderWithVehicleByPercentage;3216,74;Alpha3
N100;91;PositionalAgatzDecoderWithVehicleByPercentage;2035,88;Alpha3
N100;91;PositionalAgatzDecoderWithVehicleByPercentage;2493,24;Alpha3
N100;91;PositionalAgatzDecoderWithVehicleByPercentage;2550,33;Alpha3
N100;91;PositionalAgatzDecoderWithVehicleByPercentage;1939,90;Alpha3
N100;91;PositionalAgatzDecoderWithVehicleByPercentage;2329,55;Alpha3
N100;91;PositionalAgatzDecoderWithVehicleByPercentage;2135,14;Alpha3
N100;91;PositionalAgatzDecoderWithVehicleByPercentage;2222,44;Alpha3
N100;91;PositionalAgatzDecoderWithVehicleByPercentage;2591,01;Alpha3
N100;91;PositionalAgatzDecoderWithVehicleByPercentage;2653,10;Alpha3
N100;91;PositionalAgatzDecoderWithVehicleByPercentage;2345,56;Alpha3
N100;93;PositionalAgatzDecoderWithVehicleByPercentage;2173,43;Alpha3
N100;93;PositionalAgatzDecoderWithVehicleByPercentage;2363,21;Alpha3
N100;93;PositionalAgatzDecoderWithVehicleByPercentage;2768,59;Alpha3
N100;93;PositionalAgatzDecoderWithVehicleByPercentage;2231,84;Alpha3
N100;93;PositionalAgatzDecoderWithVehicleByPercentage;1999,64;Alpha3
N100;93;PositionalAgatzDecoderWithVehicleByPercentage;2182,85;Alpha3
N100;93;PositionalAgatzDecoderWithVehicleByPercentage;2077,93;Alpha3
N100;93;PositionalAgatzDecoderWithVehicleByPercentage;2348,22;Alpha3
N100;93;PositionalAgatzDecoderWithVehicleByPercentage;1788,86;Alpha3
N100;93;PositionalAgatzDecoderWithVehicleByPercentage;2001,99;Alpha3
N100;94;PositionalAgatzDecoderWithVehicleByPercentage;2120,58;Alpha3
N100;94;PositionalAgatzDecoderWithVehicleByPercentage;2317,74;Alpha3
N100;94;PositionalAgatzDecoderWithVehicleByPercentage;2040,91;Alpha3
N100;94;PositionalAgatzDecoderWithVehicleByPercentage;2513,78;Alpha3
N100;94;PositionalAgatzDecoderWithVehicleByPercentage;2540,27;Alpha3
N100;94;PositionalAgatzDecoderWithVehicleByPercentage;1876,58;Alpha3
N100;94;PositionalAgatzDecoderWithVehicleByPercentage;2328,29;Alpha3
N100;94;PositionalAgatzDecoderWithVehicleByPercentage;2127,70;Alpha3
N100;94;PositionalAgatzDecoderWithVehicleByPercentage;2625,02;Alpha3
N100;94;PositionalAgatzDecoderWithVehicleByPercentage;2517,39;Alpha3
N100;96;PositionalAgatzDecoderWithVehicleByPercentage;2316,69;Alpha3
N100;96;PositionalAgatzDecoderWithVehicleByPercentage;2148,84;Alpha3
N100;96;PositionalAgatzDecoderWithVehicleByPercentage;2635,98;Alpha3
N100;96;PositionalAgatzDecoderWithVehicleByPercentage;2604,48;Alpha3
N100;96;PositionalAgatzDecoderWithVehicleByPercentage;2659,44;Alpha3
N100;96;PositionalAgatzDecoderWithVehicleByPercentage;2576,20;Alpha3
N100;96;PositionalAgatzDecoderWithVehicleByPercentage;2501,81;Alpha3
N100;96;PositionalAgatzDecoderWithVehicleByPercentage;2373,48;Alpha3
N100;96;PositionalAgatzDecoderWithVehicleByPercentage;2367,29;Alpha3
N100;96;PositionalAgatzDecoderWithVehicleByPercentage;2282,40;Alpha3
N100;97;PositionalAgatzDecoderWithVehicleByPercentage;2252,88;Alpha3
N100;97;PositionalAgatzDecoderWithVehicleByPercentage;2386,88;Alpha3
N100;97;PositionalAgatzDecoderWithVehicleByPercentage;2446,64;Alpha3
N100;97;PositionalAgatzDecoderWithVehicleByPercentage;2677,48;Alpha3
N100;97;PositionalAgatzDecoderWithVehicleByPercentage;2840,62;Alpha3
N100;97;PositionalAgatzDecoderWithVehicleByPercentage;2566,74;Alpha3
N100;97;PositionalAgatzDecoderWithVehicleByPercentage;2471,62;Alpha3
N100;97;PositionalAgatzDecoderWithVehicleByPercentage;2230,02;Alpha3
N100;97;PositionalAgatzDecoderWithVehicleByPercentage;2762,65;Alpha3
N100;97;PositionalAgatzDecoderWithVehicleByPercentage;2506,62;Alpha3
N100;98;PositionalAgatzDecoderWithVehicleByPercentage;2415,71;Alpha3
N100;98;PositionalAgatzDecoderWithVehicleByPercentage;2383,66;Alpha3
N100;98;PositionalAgatzDecoderWithVehicleByPercentage;2406,57;Alpha3
N100;98;PositionalAgatzDecoderWithVehicleByPercentage;2700,15;Alpha3
N100;98;PositionalAgatzDecoderWithVehicleByPercentage;2000,57;Alpha3
N100;98;PositionalAgatzDecoderWithVehicleByPercentage;2555,42;Alpha3
N100;98;PositionalAgatzDecoderWithVehicleByPercentage;2661,89;Alpha3
N100;98;PositionalAgatzDecoderWithVehicleByPercentage;2246,67;Alpha3
N100;98;PositionalAgatzDecoderWithVehicleByPercentage;2301,41;Alpha3
N100;98;PositionalAgatzDecoderWithVehicleByPercentage;2106,76;Alpha3
N100;92;PositionalAgatzDecoderWithVehicleByPercentage;1691,60;Alpha3
N100;92;PositionalAgatzDecoderWithVehicleByPercentage;2246,70;Alpha3
N100;92;PositionalAgatzDecoderWithVehicleByPercentage;2206,15;Alpha3
N100;92;PositionalAgatzDecoderWithVehicleByPercentage;2298,75;Alpha3
N100;92;PositionalAgatzDecoderWithVehicleByPercentage;2263,12;Alpha3
N100;92;PositionalAgatzDecoderWithVehicleByPercentage;1933,05;Alpha3
N100;92;PositionalAgatzDecoderWithVehicleByPercentage;2309,69;Alpha3
N100;92;PositionalAgatzDecoderWithVehicleByPercentage;1990,16;Alpha3
N100;92;PositionalAgatzDecoderWithVehicleByPercentage;2050,47;Alpha3
N100;92;PositionalAgatzDecoderWithVehicleByPercentage;2424,09;Alpha3
N100;95;PositionalAgatzDecoderWithVehicleByPercentage;2897,38;Alpha3
N100;95;PositionalAgatzDecoderWithVehicleByPercentage;2166,31;Alpha3
N100;95;PositionalAgatzDecoderWithVehicleByPercentage;2342,53;Alpha3
N100;95;PositionalAgatzDecoderWithVehicleByPercentage;2778,12;Alpha3
N100;95;PositionalAgatzDecoderWithVehicleByPercentage;2553,23;Alpha3
N100;95;PositionalAgatzDecoderWithVehicleByPercentage;2551,72;Alpha3
N100;95;PositionalAgatzDecoderWithVehicleByPercentage;2754,71;Alpha3
N100;95;PositionalAgatzDecoderWithVehicleByPercentage;2179,04;Alpha3
N100;95;PositionalAgatzDecoderWithVehicleByPercentage;2606,43;Alpha3
N100;95;PositionalAgatzDecoderWithVehicleByPercentage;2605,80;Alpha3
N175;102;PositionalAgatzDecoderWithVehicleByPercentage;4466,36;Alpha3
N175;102;PositionalAgatzDecoderWithVehicleByPercentage;4271,01;Alpha3
N175;102;PositionalAgatzDecoderWithVehicleByPercentage;4944,25;Alpha3
N175;102;PositionalAgatzDecoderWithVehicleByPercentage;4445,45;Alpha3
N175;102;PositionalAgatzDecoderWithVehicleByPercentage;5305,86;Alpha3
N175;102;PositionalAgatzDecoderWithVehicleByPercentage;4694,06;Alpha3
N175;102;PositionalAgatzDecoderWithVehicleByPercentage;4647,08;Alpha3
N175;102;PositionalAgatzDecoderWithVehicleByPercentage;4690,53;Alpha3
N175;102;PositionalAgatzDecoderWithVehicleByPercentage;4857,42;Alpha3
N175;102;PositionalAgatzDecoderWithVehicleByPercentage;5364,32;Alpha3
N175;103;PositionalAgatzDecoderWithVehicleByPercentage;4601,04;Alpha3
N175;103;PositionalAgatzDecoderWithVehicleByPercentage;4793,98;Alpha3
N175;103;PositionalAgatzDecoderWithVehicleByPercentage;4866,87;Alpha3
N175;103;PositionalAgatzDecoderWithVehicleByPercentage;4648,37;Alpha3
N175;103;PositionalAgatzDecoderWithVehicleByPercentage;4439,13;Alpha3
N175;103;PositionalAgatzDecoderWithVehicleByPercentage;4589,66;Alpha3
N175;103;PositionalAgatzDecoderWithVehicleByPercentage;4525,61;Alpha3
N175;103;PositionalAgatzDecoderWithVehicleByPercentage;4431,66;Alpha3
N175;103;PositionalAgatzDecoderWithVehicleByPercentage;4858,16;Alpha3
N175;103;PositionalAgatzDecoderWithVehicleByPercentage;4281,09;Alpha3
N175;104;PositionalAgatzDecoderWithVehicleByPercentage;4442,91;Alpha3
N175;104;PositionalAgatzDecoderWithVehicleByPercentage;4208,33;Alpha3
N175;104;PositionalAgatzDecoderWithVehicleByPercentage;4246,08;Alpha3
N175;104;PositionalAgatzDecoderWithVehicleByPercentage;4340,28;Alpha3
N175;104;PositionalAgatzDecoderWithVehicleByPercentage;3759,78;Alpha3
N175;104;PositionalAgatzDecoderWithVehicleByPercentage;4559,63;Alpha3
N175;104;PositionalAgatzDecoderWithVehicleByPercentage;3913,94;Alpha3
N175;104;PositionalAgatzDecoderWithVehicleByPercentage;4549,40;Alpha3
N175;104;PositionalAgatzDecoderWithVehicleByPercentage;4203,58;Alpha3
N175;104;PositionalAgatzDecoderWithVehicleByPercentage;4349,40;Alpha3
N175;105;PositionalAgatzDecoderWithVehicleByPercentage;4899,56;Alpha3
N175;105;PositionalAgatzDecoderWithVehicleByPercentage;4643,75;Alpha3
N175;105;PositionalAgatzDecoderWithVehicleByPercentage;4731,34;Alpha3
N175;105;PositionalAgatzDecoderWithVehicleByPercentage;4520,16;Alpha3
N175;105;PositionalAgatzDecoderWithVehicleByPercentage;4802,13;Alpha3
N175;105;PositionalAgatzDecoderWithVehicleByPercentage;4308,11;Alpha3
N175;105;PositionalAgatzDecoderWithVehicleByPercentage;4343,32;Alpha3
N175;105;PositionalAgatzDecoderWithVehicleByPercentage;4374,00;Alpha3
N175;105;PositionalAgatzDecoderWithVehicleByPercentage;3838,28;Alpha3
N175;105;PositionalAgatzDecoderWithVehicleByPercentage;4534,52;Alpha3
N175;108;PositionalAgatzDecoderWithVehicleByPercentage;4103,58;Alpha3
N175;108;PositionalAgatzDecoderWithVehicleByPercentage;4612,59;Alpha3
N175;108;PositionalAgatzDecoderWithVehicleByPercentage;3990,00;Alpha3
N175;108;PositionalAgatzDecoderWithVehicleByPercentage;4195,65;Alpha3
N175;108;PositionalAgatzDecoderWithVehicleByPercentage;4739,13;Alpha3
N175;108;PositionalAgatzDecoderWithVehicleByPercentage;4683,89;Alpha3
N175;108;PositionalAgatzDecoderWithVehicleByPercentage;4408,39;Alpha3
N175;108;PositionalAgatzDecoderWithVehicleByPercentage;4662,29;Alpha3
N175;108;PositionalAgatzDecoderWithVehicleByPercentage;4455,21;Alpha3
N175;108;PositionalAgatzDecoderWithVehicleByPercentage;4547,88;Alpha3
N175;101;PositionalAgatzDecoderWithVehicleByPercentage;4620,95;Alpha3
N175;101;PositionalAgatzDecoderWithVehicleByPercentage;4519,21;Alpha3
N175;101;PositionalAgatzDecoderWithVehicleByPercentage;4412,81;Alpha3
N175;101;PositionalAgatzDecoderWithVehicleByPercentage;4494,79;Alpha3
N175;101;PositionalAgatzDecoderWithVehicleByPercentage;4440,76;Alpha3
N175;101;PositionalAgatzDecoderWithVehicleByPercentage;4520,13;Alpha3
N175;101;PositionalAgatzDecoderWithVehicleByPercentage;3814,85;Alpha3
N175;101;PositionalAgatzDecoderWithVehicleByPercentage;3898,45;Alpha3
N175;101;PositionalAgatzDecoderWithVehicleByPercentage;4428,80;Alpha3
N175;101;PositionalAgatzDecoderWithVehicleByPercentage;4411,43;Alpha3
N175;106;PositionalAgatzDecoderWithVehicleByPercentage;4933,93;Alpha3
N175;106;PositionalAgatzDecoderWithVehicleByPercentage;4304,83;Alpha3
N175;106;PositionalAgatzDecoderWithVehicleByPercentage;4021,84;Alpha3
N175;106;PositionalAgatzDecoderWithVehicleByPercentage;4650,22;Alpha3
N175;106;PositionalAgatzDecoderWithVehicleByPercentage;4407,47;Alpha3
N175;106;PositionalAgatzDecoderWithVehicleByPercentage;4742,54;Alpha3
N175;106;PositionalAgatzDecoderWithVehicleByPercentage;4277,70;Alpha3
N175;106;PositionalAgatzDecoderWithVehicleByPercentage;4772,53;Alpha3
N175;106;PositionalAgatzDecoderWithVehicleByPercentage;5264,16;Alpha3
N175;106;PositionalAgatzDecoderWithVehicleByPercentage;3946,60;Alpha3
N175;107;PositionalAgatzDecoderWithVehicleByPercentage;4084,62;Alpha3
N175;107;PositionalAgatzDecoderWithVehicleByPercentage;4536,13;Alpha3
N175;107;PositionalAgatzDecoderWithVehicleByPercentage;4414,18;Alpha3
N175;107;PositionalAgatzDecoderWithVehicleByPercentage;4547,25;Alpha3
N175;107;PositionalAgatzDecoderWithVehicleByPercentage;3781,81;Alpha3
N175;107;PositionalAgatzDecoderWithVehicleByPercentage;4457,13;Alpha3
N175;107;PositionalAgatzDecoderWithVehicleByPercentage;4906,00;Alpha3
N175;107;PositionalAgatzDecoderWithVehicleByPercentage;4213,09;Alpha3
N175;107;PositionalAgatzDecoderWithVehicleByPercentage;5383,07;Alpha3
N175;107;PositionalAgatzDecoderWithVehicleByPercentage;4117,87;Alpha3
N175;109;PositionalAgatzDecoderWithVehicleByPercentage;4167,75;Alpha3
N175;109;PositionalAgatzDecoderWithVehicleByPercentage;4546,82;Alpha3
N175;109;PositionalAgatzDecoderWithVehicleByPercentage;4444,73;Alpha3
N175;109;PositionalAgatzDecoderWithVehicleByPercentage;4293,17;Alpha3
N175;109;PositionalAgatzDecoderWithVehicleByPercentage;3890,20;Alpha3
N175;109;PositionalAgatzDecoderWithVehicleByPercentage;4954,52;Alpha3
N175;109;PositionalAgatzDecoderWithVehicleByPercentage;4635,71;Alpha3
N175;109;PositionalAgatzDecoderWithVehicleByPercentage;3944,51;Alpha3
N175;109;PositionalAgatzDecoderWithVehicleByPercentage;4757,56;Alpha3
N175;109;PositionalAgatzDecoderWithVehicleByPercentage;4814,52;Alpha3
N175;110;PositionalAgatzDecoderWithVehicleByPercentage;4940,78;Alpha3
N175;110;PositionalAgatzDecoderWithVehicleByPercentage;4856,38;Alpha3
N175;110;PositionalAgatzDecoderWithVehicleByPercentage;4885,17;Alpha3
N175;110;PositionalAgatzDecoderWithVehicleByPercentage;4667,01;Alpha3
N175;110;PositionalAgatzDecoderWithVehicleByPercentage;4283,10;Alpha3
N175;110;PositionalAgatzDecoderWithVehicleByPercentage;4988,34;Alpha3
N175;110;PositionalAgatzDecoderWithVehicleByPercentage;4959,03;Alpha3
N175;110;PositionalAgatzDecoderWithVehicleByPercentage;4892,38;Alpha3
N175;110;PositionalAgatzDecoderWithVehicleByPercentage;4552,64;Alpha3
N175;110;PositionalAgatzDecoderWithVehicleByPercentage;4588,32;Alpha3
N250;113;PositionalAgatzDecoderWithVehicleByPercentage;5902,16;Alpha3
N250;113;PositionalAgatzDecoderWithVehicleByPercentage;6824,13;Alpha3
N250;113;PositionalAgatzDecoderWithVehicleByPercentage;6951,91;Alpha3
N250;113;PositionalAgatzDecoderWithVehicleByPercentage;6091,63;Alpha3
N250;113;PositionalAgatzDecoderWithVehicleByPercentage;7192,81;Alpha3
N250;113;PositionalAgatzDecoderWithVehicleByPercentage;6522,83;Alpha3
N250;113;PositionalAgatzDecoderWithVehicleByPercentage;5862,33;Alpha3
N250;113;PositionalAgatzDecoderWithVehicleByPercentage;5285,99;Alpha3
N250;113;PositionalAgatzDecoderWithVehicleByPercentage;5867,91;Alpha3
N250;113;PositionalAgatzDecoderWithVehicleByPercentage;7103,52;Alpha3
N250;118;PositionalAgatzDecoderWithVehicleByPercentage;7054,27;Alpha3
N250;118;PositionalAgatzDecoderWithVehicleByPercentage;6713,30;Alpha3
N250;118;PositionalAgatzDecoderWithVehicleByPercentage;6901,57;Alpha3
N250;118;PositionalAgatzDecoderWithVehicleByPercentage;7075,29;Alpha3
N250;118;PositionalAgatzDecoderWithVehicleByPercentage;6907,02;Alpha3
N250;118;PositionalAgatzDecoderWithVehicleByPercentage;6910,63;Alpha3
N250;118;PositionalAgatzDecoderWithVehicleByPercentage;6156,09;Alpha3
N250;118;PositionalAgatzDecoderWithVehicleByPercentage;7041,88;Alpha3
N250;118;PositionalAgatzDecoderWithVehicleByPercentage;6973,87;Alpha3
N250;118;PositionalAgatzDecoderWithVehicleByPercentage;7628,03;Alpha3
N250;111;PositionalAgatzDecoderWithVehicleByPercentage;6035,44;Alpha3
N250;111;PositionalAgatzDecoderWithVehicleByPercentage;6530,65;Alpha3
N250;111;PositionalAgatzDecoderWithVehicleByPercentage;6798,09;Alpha3
N250;111;PositionalAgatzDecoderWithVehicleByPercentage;6445,28;Alpha3
N250;111;PositionalAgatzDecoderWithVehicleByPercentage;6765,60;Alpha3
N250;111;PositionalAgatzDecoderWithVehicleByPercentage;6856,21;Alpha3
N250;111;PositionalAgatzDecoderWithVehicleByPercentage;6681,30;Alpha3
N250;111;PositionalAgatzDecoderWithVehicleByPercentage;6073,35;Alpha3
N250;111;PositionalAgatzDecoderWithVehicleByPercentage;5999,51;Alpha3
N250;111;PositionalAgatzDecoderWithVehicleByPercentage;6106,14;Alpha3
N250;115;PositionalAgatzDecoderWithVehicleByPercentage;7602,55;Alpha3
N250;115;PositionalAgatzDecoderWithVehicleByPercentage;6880,93;Alpha3
N250;115;PositionalAgatzDecoderWithVehicleByPercentage;7796,58;Alpha3
N250;115;PositionalAgatzDecoderWithVehicleByPercentage;6884,55;Alpha3
N250;115;PositionalAgatzDecoderWithVehicleByPercentage;6940,46;Alpha3
N250;115;PositionalAgatzDecoderWithVehicleByPercentage;7477,60;Alpha3
N250;115;PositionalAgatzDecoderWithVehicleByPercentage;6056,99;Alpha3
N250;115;PositionalAgatzDecoderWithVehicleByPercentage;6951,46;Alpha3
N250;115;PositionalAgatzDecoderWithVehicleByPercentage;7785,69;Alpha3
N250;115;PositionalAgatzDecoderWithVehicleByPercentage;7079,19;Alpha3
N250;116;PositionalAgatzDecoderWithVehicleByPercentage;7392,68;Alpha3
N250;116;PositionalAgatzDecoderWithVehicleByPercentage;6752,92;Alpha3
N250;116;PositionalAgatzDecoderWithVehicleByPercentage;6848,02;Alpha3
N250;116;PositionalAgatzDecoderWithVehicleByPercentage;7441,23;Alpha3
N250;116;PositionalAgatzDecoderWithVehicleByPercentage;7114,48;Alpha3
N250;116;PositionalAgatzDecoderWithVehicleByPercentage;7708,79;Alpha3
N250;116;PositionalAgatzDecoderWithVehicleByPercentage;7256,58;Alpha3
N250;116;PositionalAgatzDecoderWithVehicleByPercentage;7485,31;Alpha3
N250;116;PositionalAgatzDecoderWithVehicleByPercentage;6827,71;Alpha3
N250;116;PositionalAgatzDecoderWithVehicleByPercentage;6550,57;Alpha3
N250;6;PositionalAgatzDecoderWithVehicleByPercentage;6373,52;Alpha3
N250;6;PositionalAgatzDecoderWithVehicleByPercentage;7015,06;Alpha3
N250;6;PositionalAgatzDecoderWithVehicleByPercentage;7182,15;Alpha3
N250;6;PositionalAgatzDecoderWithVehicleByPercentage;7001,18;Alpha3
N250;6;PositionalAgatzDecoderWithVehicleByPercentage;7239,24;Alpha3
N250;6;PositionalAgatzDecoderWithVehicleByPercentage;6404,61;Alpha3
N250;6;PositionalAgatzDecoderWithVehicleByPercentage;6755,33;Alpha3
N250;6;PositionalAgatzDecoderWithVehicleByPercentage;7197,72;Alpha3
N250;6;PositionalAgatzDecoderWithVehicleByPercentage;7178,67;Alpha3
N250;6;PositionalAgatzDecoderWithVehicleByPercentage;6605,05;Alpha3
N250;9;PositionalAgatzDecoderWithVehicleByPercentage;7162,33;Alpha3
N250;9;PositionalAgatzDecoderWithVehicleByPercentage;7336,33;Alpha3
N250;9;PositionalAgatzDecoderWithVehicleByPercentage;7226,66;Alpha3
N250;9;PositionalAgatzDecoderWithVehicleByPercentage;6890,84;Alpha3
N250;9;PositionalAgatzDecoderWithVehicleByPercentage;6498,01;Alpha3
N250;9;PositionalAgatzDecoderWithVehicleByPercentage;7225,56;Alpha3
N250;9;PositionalAgatzDecoderWithVehicleByPercentage;6889,92;Alpha3
N250;9;PositionalAgatzDecoderWithVehicleByPercentage;7507,16;Alpha3
N250;9;PositionalAgatzDecoderWithVehicleByPercentage;6905,16;Alpha3
N250;9;PositionalAgatzDecoderWithVehicleByPercentage;6617,19;Alpha3
N250;10;PositionalAgatzDecoderWithVehicleByPercentage;6635,42;Alpha3
N250;10;PositionalAgatzDecoderWithVehicleByPercentage;7504,64;Alpha3
N250;10;PositionalAgatzDecoderWithVehicleByPercentage;6622,44;Alpha3
N250;10;PositionalAgatzDecoderWithVehicleByPercentage;7370,32;Alpha3
N250;10;PositionalAgatzDecoderWithVehicleByPercentage;7768,34;Alpha3
N250;10;PositionalAgatzDecoderWithVehicleByPercentage;7278,95;Alpha3
N250;10;PositionalAgatzDecoderWithVehicleByPercentage;7184,97;Alpha3
N250;10;PositionalAgatzDecoderWithVehicleByPercentage;7532,07;Alpha3
N250;10;PositionalAgatzDecoderWithVehicleByPercentage;6781,60;Alpha3
N250;10;PositionalAgatzDecoderWithVehicleByPercentage;7711,56;Alpha3
N250;112;PositionalAgatzDecoderWithVehicleByPercentage;6249,38;Alpha3
N250;112;PositionalAgatzDecoderWithVehicleByPercentage;7456,90;Alpha3
N250;112;PositionalAgatzDecoderWithVehicleByPercentage;6444,89;Alpha3
N250;112;PositionalAgatzDecoderWithVehicleByPercentage;6943,38;Alpha3
N250;112;PositionalAgatzDecoderWithVehicleByPercentage;6379,26;Alpha3
N250;112;PositionalAgatzDecoderWithVehicleByPercentage;6470,66;Alpha3
N250;112;PositionalAgatzDecoderWithVehicleByPercentage;6314,94;Alpha3
N250;112;PositionalAgatzDecoderWithVehicleByPercentage;6381,94;Alpha3
N250;112;PositionalAgatzDecoderWithVehicleByPercentage;7126,90;Alpha3
N250;112;PositionalAgatzDecoderWithVehicleByPercentage;6252,17;Alpha3
N250;114;PositionalAgatzDecoderWithVehicleByPercentage;6550,03;Alpha3
N250;114;PositionalAgatzDecoderWithVehicleByPercentage;6131,42;Alpha3
N250;114;PositionalAgatzDecoderWithVehicleByPercentage;7358,61;Alpha3
N250;114;PositionalAgatzDecoderWithVehicleByPercentage;6522,03;Alpha3
N250;114;PositionalAgatzDecoderWithVehicleByPercentage;6957,44;Alpha3
N250;114;PositionalAgatzDecoderWithVehicleByPercentage;6500,20;Alpha3
N250;114;PositionalAgatzDecoderWithVehicleByPercentage;6096,57;Alpha3
N250;114;PositionalAgatzDecoderWithVehicleByPercentage;6571,29;Alpha3
N250;114;PositionalAgatzDecoderWithVehicleByPercentage;7647,59;Alpha3
N250;114;PositionalAgatzDecoderWithVehicleByPercentage;7191,91;Alpha3
N250;120;PositionalAgatzDecoderWithVehicleByPercentage;6947,73;Alpha3
N250;120;PositionalAgatzDecoderWithVehicleByPercentage;6657,23;Alpha3
N250;120;PositionalAgatzDecoderWithVehicleByPercentage;6716,68;Alpha3
N250;120;PositionalAgatzDecoderWithVehicleByPercentage;6685,23;Alpha3
N250;120;PositionalAgatzDecoderWithVehicleByPercentage;6711,36;Alpha3
N250;120;PositionalAgatzDecoderWithVehicleByPercentage;7142,79;Alpha3
N250;120;PositionalAgatzDecoderWithVehicleByPercentage;6302,91;Alpha3
N250;120;PositionalAgatzDecoderWithVehicleByPercentage;6880,76;Alpha3
N250;120;PositionalAgatzDecoderWithVehicleByPercentage;6359,08;Alpha3
N250;120;PositionalAgatzDecoderWithVehicleByPercentage;6793,57;Alpha3
N250;1;PositionalAgatzDecoderWithVehicleByPercentage;6459,71;Alpha3
N250;1;PositionalAgatzDecoderWithVehicleByPercentage;7496,20;Alpha3
N250;1;PositionalAgatzDecoderWithVehicleByPercentage;6965,86;Alpha3
N250;1;PositionalAgatzDecoderWithVehicleByPercentage;7748,10;Alpha3
N250;1;PositionalAgatzDecoderWithVehicleByPercentage;6352,85;Alpha3
N250;1;PositionalAgatzDecoderWithVehicleByPercentage;6681,46;Alpha3
N250;1;PositionalAgatzDecoderWithVehicleByPercentage;7228,89;Alpha3
N250;1;PositionalAgatzDecoderWithVehicleByPercentage;6974,08;Alpha3
N250;1;PositionalAgatzDecoderWithVehicleByPercentage;6287,02;Alpha3
N250;1;PositionalAgatzDecoderWithVehicleByPercentage;6593,26;Alpha3
N250;2;PositionalAgatzDecoderWithVehicleByPercentage;6437,47;Alpha3
N250;2;PositionalAgatzDecoderWithVehicleByPercentage;6778,72;Alpha3
N250;2;PositionalAgatzDecoderWithVehicleByPercentage;6959,27;Alpha3
N250;2;PositionalAgatzDecoderWithVehicleByPercentage;6567,03;Alpha3
N250;2;PositionalAgatzDecoderWithVehicleByPercentage;6648,66;Alpha3
N250;2;PositionalAgatzDecoderWithVehicleByPercentage;6773,76;Alpha3
N250;2;PositionalAgatzDecoderWithVehicleByPercentage;6200,41;Alpha3
N250;2;PositionalAgatzDecoderWithVehicleByPercentage;6153,76;Alpha3
N250;2;PositionalAgatzDecoderWithVehicleByPercentage;7491,04;Alpha3
N250;2;PositionalAgatzDecoderWithVehicleByPercentage;7293,72;Alpha3
N250;5;PositionalAgatzDecoderWithVehicleByPercentage;6835,75;Alpha3
N250;5;PositionalAgatzDecoderWithVehicleByPercentage;7042,23;Alpha3
N250;5;PositionalAgatzDecoderWithVehicleByPercentage;6428,95;Alpha3
N250;5;PositionalAgatzDecoderWithVehicleByPercentage;6902,15;Alpha3
N250;5;PositionalAgatzDecoderWithVehicleByPercentage;6581,80;Alpha3
N250;5;PositionalAgatzDecoderWithVehicleByPercentage;6814,09;Alpha3
N250;5;PositionalAgatzDecoderWithVehicleByPercentage;7738,24;Alpha3
N250;5;PositionalAgatzDecoderWithVehicleByPercentage;6625,55;Alpha3
N250;5;PositionalAgatzDecoderWithVehicleByPercentage;7450,35;Alpha3
N250;5;PositionalAgatzDecoderWithVehicleByPercentage;6906,12;Alpha3
N250;8;PositionalAgatzDecoderWithVehicleByPercentage;6155,18;Alpha3
N250;8;PositionalAgatzDecoderWithVehicleByPercentage;7101,81;Alpha3
N250;8;PositionalAgatzDecoderWithVehicleByPercentage;6457,49;Alpha3
N250;8;PositionalAgatzDecoderWithVehicleByPercentage;7080,27;Alpha3
N250;8;PositionalAgatzDecoderWithVehicleByPercentage;6526,09;Alpha3
N250;8;PositionalAgatzDecoderWithVehicleByPercentage;6824,99;Alpha3
N250;8;PositionalAgatzDecoderWithVehicleByPercentage;7241,50;Alpha3
N250;8;PositionalAgatzDecoderWithVehicleByPercentage;6607,62;Alpha3
N250;8;PositionalAgatzDecoderWithVehicleByPercentage;6549,40;Alpha3
N250;8;PositionalAgatzDecoderWithVehicleByPercentage;7215,13;Alpha3
N250;117;PositionalAgatzDecoderWithVehicleByPercentage;7447,87;Alpha3
N250;117;PositionalAgatzDecoderWithVehicleByPercentage;6851,35;Alpha3
N250;117;PositionalAgatzDecoderWithVehicleByPercentage;7674,49;Alpha3
N250;117;PositionalAgatzDecoderWithVehicleByPercentage;7750,83;Alpha3
N250;117;PositionalAgatzDecoderWithVehicleByPercentage;6830,24;Alpha3
N250;117;PositionalAgatzDecoderWithVehicleByPercentage;7003,05;Alpha3
N250;117;PositionalAgatzDecoderWithVehicleByPercentage;6621,91;Alpha3
N250;117;PositionalAgatzDecoderWithVehicleByPercentage;6526,98;Alpha3
N250;117;PositionalAgatzDecoderWithVehicleByPercentage;7115,73;Alpha3
N250;117;PositionalAgatzDecoderWithVehicleByPercentage;7270,88;Alpha3
N250;119;PositionalAgatzDecoderWithVehicleByPercentage;6348,57;Alpha3
N250;119;PositionalAgatzDecoderWithVehicleByPercentage;6082,88;Alpha3
N250;119;PositionalAgatzDecoderWithVehicleByPercentage;6950,92;Alpha3
N250;119;PositionalAgatzDecoderWithVehicleByPercentage;7219,84;Alpha3
N250;119;PositionalAgatzDecoderWithVehicleByPercentage;7062,13;Alpha3
N250;119;PositionalAgatzDecoderWithVehicleByPercentage;6230,27;Alpha3
N250;119;PositionalAgatzDecoderWithVehicleByPercentage;6517,90;Alpha3
N250;119;PositionalAgatzDecoderWithVehicleByPercentage;6732,38;Alpha3
N250;119;PositionalAgatzDecoderWithVehicleByPercentage;7031,93;Alpha3
N250;119;PositionalAgatzDecoderWithVehicleByPercentage;6996,31;Alpha3
N250;3;PositionalAgatzDecoderWithVehicleByPercentage;6492,17;Alpha3
N250;3;PositionalAgatzDecoderWithVehicleByPercentage;5855,88;Alpha3
N250;3;PositionalAgatzDecoderWithVehicleByPercentage;6746,44;Alpha3
N250;3;PositionalAgatzDecoderWithVehicleByPercentage;6479,94;Alpha3
N250;3;PositionalAgatzDecoderWithVehicleByPercentage;6540,45;Alpha3
N250;3;PositionalAgatzDecoderWithVehicleByPercentage;6371,95;Alpha3
N250;3;PositionalAgatzDecoderWithVehicleByPercentage;6735,36;Alpha3
N250;3;PositionalAgatzDecoderWithVehicleByPercentage;6414,96;Alpha3
N250;3;PositionalAgatzDecoderWithVehicleByPercentage;6011,86;Alpha3
N250;3;PositionalAgatzDecoderWithVehicleByPercentage;6210,78;Alpha3
N250;4;PositionalAgatzDecoderWithVehicleByPercentage;6965,68;Alpha3
N250;4;PositionalAgatzDecoderWithVehicleByPercentage;7228,76;Alpha3
N250;4;PositionalAgatzDecoderWithVehicleByPercentage;6377,22;Alpha3
N250;4;PositionalAgatzDecoderWithVehicleByPercentage;6151,63;Alpha3
N250;4;PositionalAgatzDecoderWithVehicleByPercentage;6594,05;Alpha3
N250;4;PositionalAgatzDecoderWithVehicleByPercentage;7164,60;Alpha3
N250;4;PositionalAgatzDecoderWithVehicleByPercentage;6824,44;Alpha3
N250;4;PositionalAgatzDecoderWithVehicleByPercentage;6063,23;Alpha3
N250;4;PositionalAgatzDecoderWithVehicleByPercentage;7079,34;Alpha3
N250;4;PositionalAgatzDecoderWithVehicleByPercentage;6955,48;Alpha3
N250;7;PositionalAgatzDecoderWithVehicleByPercentage;6543,31;Alpha3
N250;7;PositionalAgatzDecoderWithVehicleByPercentage;7010,34;Alpha3
N250;7;PositionalAgatzDecoderWithVehicleByPercentage;7007,78;Alpha3
N250;7;PositionalAgatzDecoderWithVehicleByPercentage;7624,55;Alpha3
N250;7;PositionalAgatzDecoderWithVehicleByPercentage;6783,37;Alpha3
N250;7;PositionalAgatzDecoderWithVehicleByPercentage;6311,98;Alpha3
N250;7;PositionalAgatzDecoderWithVehicleByPercentage;7130,23;Alpha3
N250;7;PositionalAgatzDecoderWithVehicleByPercentage;6442,97;Alpha3
N250;7;PositionalAgatzDecoderWithVehicleByPercentage;7017,10;Alpha3
N250;7;PositionalAgatzDecoderWithVehicleByPercentage;7264,54;Alpha3
N010;51;PositionalAgatzDecoderWithVehicleByPercentage;527,88;Alpha2
N010;51;PositionalAgatzDecoderWithVehicleByPercentage;529,17;Alpha2
N010;51;PositionalAgatzDecoderWithVehicleByPercentage;527,88;Alpha2
N010;51;PositionalAgatzDecoderWithVehicleByPercentage;527,88;Alpha2
N010;51;PositionalAgatzDecoderWithVehicleByPercentage;529,17;Alpha2
N010;51;PositionalAgatzDecoderWithVehicleByPercentage;529,17;Alpha2
N010;51;PositionalAgatzDecoderWithVehicleByPercentage;527,88;Alpha2
N010;51;PositionalAgatzDecoderWithVehicleByPercentage;529,17;Alpha2
N010;51;PositionalAgatzDecoderWithVehicleByPercentage;529,17;Alpha2
N010;51;PositionalAgatzDecoderWithVehicleByPercentage;529,17;Alpha2
N010;52;PositionalAgatzDecoderWithVehicleByPercentage;449,11;Alpha2
N010;52;PositionalAgatzDecoderWithVehicleByPercentage;457,22;Alpha2
N010;52;PositionalAgatzDecoderWithVehicleByPercentage;452,13;Alpha2
N010;52;PositionalAgatzDecoderWithVehicleByPercentage;452,13;Alpha2
N010;52;PositionalAgatzDecoderWithVehicleByPercentage;449,11;Alpha2
N010;52;PositionalAgatzDecoderWithVehicleByPercentage;449,11;Alpha2
N010;52;PositionalAgatzDecoderWithVehicleByPercentage;449,11;Alpha2
N010;52;PositionalAgatzDecoderWithVehicleByPercentage;452,13;Alpha2
N010;52;PositionalAgatzDecoderWithVehicleByPercentage;457,19;Alpha2
N010;52;PositionalAgatzDecoderWithVehicleByPercentage;452,13;Alpha2
N010;53;PositionalAgatzDecoderWithVehicleByPercentage;743,72;Alpha2
N010;53;PositionalAgatzDecoderWithVehicleByPercentage;719,65;Alpha2
N010;53;PositionalAgatzDecoderWithVehicleByPercentage;719,65;Alpha2
N010;53;PositionalAgatzDecoderWithVehicleByPercentage;757,60;Alpha2
N010;53;PositionalAgatzDecoderWithVehicleByPercentage;719,65;Alpha2
N010;53;PositionalAgatzDecoderWithVehicleByPercentage;757,60;Alpha2
N010;53;PositionalAgatzDecoderWithVehicleByPercentage;719,65;Alpha2
N010;53;PositionalAgatzDecoderWithVehicleByPercentage;719,65;Alpha2
N010;53;PositionalAgatzDecoderWithVehicleByPercentage;719,65;Alpha2
N010;53;PositionalAgatzDecoderWithVehicleByPercentage;719,65;Alpha2
N010;55;PositionalAgatzDecoderWithVehicleByPercentage;758,58;Alpha2
N010;55;PositionalAgatzDecoderWithVehicleByPercentage;758,58;Alpha2
N010;55;PositionalAgatzDecoderWithVehicleByPercentage;758,58;Alpha2
N010;55;PositionalAgatzDecoderWithVehicleByPercentage;758,58;Alpha2
N010;55;PositionalAgatzDecoderWithVehicleByPercentage;758,58;Alpha2
N010;55;PositionalAgatzDecoderWithVehicleByPercentage;758,58;Alpha2
N010;55;PositionalAgatzDecoderWithVehicleByPercentage;758,58;Alpha2
N010;55;PositionalAgatzDecoderWithVehicleByPercentage;758,58;Alpha2
N010;55;PositionalAgatzDecoderWithVehicleByPercentage;758,58;Alpha2
N010;55;PositionalAgatzDecoderWithVehicleByPercentage;758,58;Alpha2
N010;57;PositionalAgatzDecoderWithVehicleByPercentage;656,51;Alpha2
N010;57;PositionalAgatzDecoderWithVehicleByPercentage;658,79;Alpha2
N010;57;PositionalAgatzDecoderWithVehicleByPercentage;658,79;Alpha2
N010;57;PositionalAgatzDecoderWithVehicleByPercentage;656,51;Alpha2
N010;57;PositionalAgatzDecoderWithVehicleByPercentage;656,51;Alpha2
N010;57;PositionalAgatzDecoderWithVehicleByPercentage;656,51;Alpha2
N010;57;PositionalAgatzDecoderWithVehicleByPercentage;658,79;Alpha2
N010;57;PositionalAgatzDecoderWithVehicleByPercentage;656,51;Alpha2
N010;57;PositionalAgatzDecoderWithVehicleByPercentage;656,52;Alpha2
N010;57;PositionalAgatzDecoderWithVehicleByPercentage;656,52;Alpha2
N010;59;PositionalAgatzDecoderWithVehicleByPercentage;785,69;Alpha2
N010;59;PositionalAgatzDecoderWithVehicleByPercentage;785,69;Alpha2
N010;59;PositionalAgatzDecoderWithVehicleByPercentage;785,69;Alpha2
N010;59;PositionalAgatzDecoderWithVehicleByPercentage;785,69;Alpha2
N010;59;PositionalAgatzDecoderWithVehicleByPercentage;785,69;Alpha2
N010;59;PositionalAgatzDecoderWithVehicleByPercentage;785,69;Alpha2
N010;59;PositionalAgatzDecoderWithVehicleByPercentage;785,69;Alpha2
N010;59;PositionalAgatzDecoderWithVehicleByPercentage;822,64;Alpha2
N010;59;PositionalAgatzDecoderWithVehicleByPercentage;791,19;Alpha2
N010;59;PositionalAgatzDecoderWithVehicleByPercentage;785,69;Alpha2
N010;54;PositionalAgatzDecoderWithVehicleByPercentage;541,29;Alpha2
N010;54;PositionalAgatzDecoderWithVehicleByPercentage;541,29;Alpha2
N010;54;PositionalAgatzDecoderWithVehicleByPercentage;541,29;Alpha2
N010;54;PositionalAgatzDecoderWithVehicleByPercentage;541,29;Alpha2
N010;54;PositionalAgatzDecoderWithVehicleByPercentage;541,29;Alpha2
N010;54;PositionalAgatzDecoderWithVehicleByPercentage;541,29;Alpha2
N010;54;PositionalAgatzDecoderWithVehicleByPercentage;541,29;Alpha2
N010;54;PositionalAgatzDecoderWithVehicleByPercentage;541,29;Alpha2
N010;54;PositionalAgatzDecoderWithVehicleByPercentage;541,29;Alpha2
N010;54;PositionalAgatzDecoderWithVehicleByPercentage;541,29;Alpha2
N010;56;PositionalAgatzDecoderWithVehicleByPercentage;620,25;Alpha2
N010;56;PositionalAgatzDecoderWithVehicleByPercentage;620,25;Alpha2
N010;56;PositionalAgatzDecoderWithVehicleByPercentage;620,25;Alpha2
N010;56;PositionalAgatzDecoderWithVehicleByPercentage;620,25;Alpha2
N010;56;PositionalAgatzDecoderWithVehicleByPercentage;620,25;Alpha2
N010;56;PositionalAgatzDecoderWithVehicleByPercentage;620,25;Alpha2
N010;56;PositionalAgatzDecoderWithVehicleByPercentage;622,31;Alpha2
N010;56;PositionalAgatzDecoderWithVehicleByPercentage;620,25;Alpha2
N010;56;PositionalAgatzDecoderWithVehicleByPercentage;620,25;Alpha2
N010;56;PositionalAgatzDecoderWithVehicleByPercentage;620,25;Alpha2
N010;58;PositionalAgatzDecoderWithVehicleByPercentage;689,06;Alpha2
N010;58;PositionalAgatzDecoderWithVehicleByPercentage;689,06;Alpha2
N010;58;PositionalAgatzDecoderWithVehicleByPercentage;689,06;Alpha2
N010;58;PositionalAgatzDecoderWithVehicleByPercentage;689,06;Alpha2
N010;58;PositionalAgatzDecoderWithVehicleByPercentage;689,06;Alpha2
N010;58;PositionalAgatzDecoderWithVehicleByPercentage;689,06;Alpha2
N010;58;PositionalAgatzDecoderWithVehicleByPercentage;689,06;Alpha2
N010;58;PositionalAgatzDecoderWithVehicleByPercentage;689,06;Alpha2
N010;58;PositionalAgatzDecoderWithVehicleByPercentage;689,06;Alpha2
N010;58;PositionalAgatzDecoderWithVehicleByPercentage;703,32;Alpha2
N010;60;PositionalAgatzDecoderWithVehicleByPercentage;814,05;Alpha2
N010;60;PositionalAgatzDecoderWithVehicleByPercentage;814,05;Alpha2
N010;60;PositionalAgatzDecoderWithVehicleByPercentage;814,05;Alpha2
N010;60;PositionalAgatzDecoderWithVehicleByPercentage;835,68;Alpha2
N010;60;PositionalAgatzDecoderWithVehicleByPercentage;814,05;Alpha2
N010;60;PositionalAgatzDecoderWithVehicleByPercentage;814,05;Alpha2
N010;60;PositionalAgatzDecoderWithVehicleByPercentage;814,05;Alpha2
N010;60;PositionalAgatzDecoderWithVehicleByPercentage;814,05;Alpha2
N010;60;PositionalAgatzDecoderWithVehicleByPercentage;835,68;Alpha2
N010;60;PositionalAgatzDecoderWithVehicleByPercentage;814,05;Alpha2
N020;67;PositionalAgatzDecoderWithVehicleByPercentage;755,10;Alpha2
N020;67;PositionalAgatzDecoderWithVehicleByPercentage;755,10;Alpha2
N020;67;PositionalAgatzDecoderWithVehicleByPercentage;750,61;Alpha2
N020;67;PositionalAgatzDecoderWithVehicleByPercentage;760,31;Alpha2
N020;67;PositionalAgatzDecoderWithVehicleByPercentage;755,10;Alpha2
N020;67;PositionalAgatzDecoderWithVehicleByPercentage;750,61;Alpha2
N020;67;PositionalAgatzDecoderWithVehicleByPercentage;778,48;Alpha2
N020;67;PositionalAgatzDecoderWithVehicleByPercentage;750,61;Alpha2
N020;67;PositionalAgatzDecoderWithVehicleByPercentage;749,86;Alpha2
N020;67;PositionalAgatzDecoderWithVehicleByPercentage;749,86;Alpha2
N020;69;PositionalAgatzDecoderWithVehicleByPercentage;767,04;Alpha2
N020;69;PositionalAgatzDecoderWithVehicleByPercentage;810,29;Alpha2
N020;69;PositionalAgatzDecoderWithVehicleByPercentage;779,81;Alpha2
N020;69;PositionalAgatzDecoderWithVehicleByPercentage;792,38;Alpha2
N020;69;PositionalAgatzDecoderWithVehicleByPercentage;756,14;Alpha2
N020;69;PositionalAgatzDecoderWithVehicleByPercentage;813,74;Alpha2
N020;69;PositionalAgatzDecoderWithVehicleByPercentage;766,04;Alpha2
N020;69;PositionalAgatzDecoderWithVehicleByPercentage;784,89;Alpha2
N020;69;PositionalAgatzDecoderWithVehicleByPercentage;792,63;Alpha2
N020;69;PositionalAgatzDecoderWithVehicleByPercentage;765,77;Alpha2
N020;70;PositionalAgatzDecoderWithVehicleByPercentage;818,62;Alpha2
N020;70;PositionalAgatzDecoderWithVehicleByPercentage;846,82;Alpha2
N020;70;PositionalAgatzDecoderWithVehicleByPercentage;821,83;Alpha2
N020;70;PositionalAgatzDecoderWithVehicleByPercentage;841,18;Alpha2
N020;70;PositionalAgatzDecoderWithVehicleByPercentage;806,62;Alpha2
N020;70;PositionalAgatzDecoderWithVehicleByPercentage;831,26;Alpha2
N020;70;PositionalAgatzDecoderWithVehicleByPercentage;806,62;Alpha2
N020;70;PositionalAgatzDecoderWithVehicleByPercentage;852,73;Alpha2
N020;70;PositionalAgatzDecoderWithVehicleByPercentage;849,39;Alpha2
N020;70;PositionalAgatzDecoderWithVehicleByPercentage;841,21;Alpha2
N020;62;PositionalAgatzDecoderWithVehicleByPercentage;761,00;Alpha2
N020;62;PositionalAgatzDecoderWithVehicleByPercentage;766,28;Alpha2
N020;62;PositionalAgatzDecoderWithVehicleByPercentage;758,60;Alpha2
N020;62;PositionalAgatzDecoderWithVehicleByPercentage;761,00;Alpha2
N020;62;PositionalAgatzDecoderWithVehicleByPercentage;758,49;Alpha2
N020;62;PositionalAgatzDecoderWithVehicleByPercentage;766,09;Alpha2
N020;62;PositionalAgatzDecoderWithVehicleByPercentage;767,70;Alpha2
N020;62;PositionalAgatzDecoderWithVehicleByPercentage;761,54;Alpha2
N020;62;PositionalAgatzDecoderWithVehicleByPercentage;761,54;Alpha2
N020;62;PositionalAgatzDecoderWithVehicleByPercentage;773,72;Alpha2
N020;63;PositionalAgatzDecoderWithVehicleByPercentage;1011,38;Alpha2
N020;63;PositionalAgatzDecoderWithVehicleByPercentage;979,38;Alpha2
N020;63;PositionalAgatzDecoderWithVehicleByPercentage;951,78;Alpha2
N020;63;PositionalAgatzDecoderWithVehicleByPercentage;989,53;Alpha2
N020;63;PositionalAgatzDecoderWithVehicleByPercentage;951,88;Alpha2
N020;63;PositionalAgatzDecoderWithVehicleByPercentage;918,98;Alpha2
N020;63;PositionalAgatzDecoderWithVehicleByPercentage;984,53;Alpha2
N020;63;PositionalAgatzDecoderWithVehicleByPercentage;939,56;Alpha2
N020;63;PositionalAgatzDecoderWithVehicleByPercentage;987,01;Alpha2
N020;63;PositionalAgatzDecoderWithVehicleByPercentage;913,01;Alpha2
N020;64;PositionalAgatzDecoderWithVehicleByPercentage;1036,19;Alpha2
N020;64;PositionalAgatzDecoderWithVehicleByPercentage;1073,74;Alpha2
N020;64;PositionalAgatzDecoderWithVehicleByPercentage;1037,40;Alpha2
N020;64;PositionalAgatzDecoderWithVehicleByPercentage;1068,71;Alpha2
N020;64;PositionalAgatzDecoderWithVehicleByPercentage;1051,21;Alpha2
N020;64;PositionalAgatzDecoderWithVehicleByPercentage;1126,71;Alpha2
N020;64;PositionalAgatzDecoderWithVehicleByPercentage;1069,47;Alpha2
N020;64;PositionalAgatzDecoderWithVehicleByPercentage;1052,19;Alpha2
N020;64;PositionalAgatzDecoderWithVehicleByPercentage;1052,25;Alpha2
N020;64;PositionalAgatzDecoderWithVehicleByPercentage;1032,43;Alpha2
N020;65;PositionalAgatzDecoderWithVehicleByPercentage;721,58;Alpha2
N020;65;PositionalAgatzDecoderWithVehicleByPercentage;712,22;Alpha2
N020;65;PositionalAgatzDecoderWithVehicleByPercentage;733,69;Alpha2
N020;65;PositionalAgatzDecoderWithVehicleByPercentage;794,40;Alpha2
N020;65;PositionalAgatzDecoderWithVehicleByPercentage;709,46;Alpha2
N020;65;PositionalAgatzDecoderWithVehicleByPercentage;737,09;Alpha2
N020;65;PositionalAgatzDecoderWithVehicleByPercentage;716,67;Alpha2
N020;65;PositionalAgatzDecoderWithVehicleByPercentage;738,30;Alpha2
N020;65;PositionalAgatzDecoderWithVehicleByPercentage;728,34;Alpha2
N020;65;PositionalAgatzDecoderWithVehicleByPercentage;738,30;Alpha2
N020;61;PositionalAgatzDecoderWithVehicleByPercentage;840,37;Alpha2
N020;61;PositionalAgatzDecoderWithVehicleByPercentage;840,37;Alpha2
N020;61;PositionalAgatzDecoderWithVehicleByPercentage;863,09;Alpha2
N020;61;PositionalAgatzDecoderWithVehicleByPercentage;851,14;Alpha2
N020;61;PositionalAgatzDecoderWithVehicleByPercentage;881,99;Alpha2
N020;61;PositionalAgatzDecoderWithVehicleByPercentage;849,08;Alpha2
N020;61;PositionalAgatzDecoderWithVehicleByPercentage;830,72;Alpha2
N020;61;PositionalAgatzDecoderWithVehicleByPercentage;832,93;Alpha2
N020;61;PositionalAgatzDecoderWithVehicleByPercentage;869,86;Alpha2
N020;61;PositionalAgatzDecoderWithVehicleByPercentage;884,05;Alpha2
N020;66;PositionalAgatzDecoderWithVehicleByPercentage;738,12;Alpha2
N020;66;PositionalAgatzDecoderWithVehicleByPercentage;765,38;Alpha2
N020;66;PositionalAgatzDecoderWithVehicleByPercentage;750,23;Alpha2
N020;66;PositionalAgatzDecoderWithVehicleByPercentage;746,09;Alpha2
N020;66;PositionalAgatzDecoderWithVehicleByPercentage;746,41;Alpha2
N020;66;PositionalAgatzDecoderWithVehicleByPercentage;731,28;Alpha2
N020;66;PositionalAgatzDecoderWithVehicleByPercentage;763,88;Alpha2
N020;66;PositionalAgatzDecoderWithVehicleByPercentage;729,55;Alpha2
N020;66;PositionalAgatzDecoderWithVehicleByPercentage;750,68;Alpha2
N020;66;PositionalAgatzDecoderWithVehicleByPercentage;729,55;Alpha2
N020;68;PositionalAgatzDecoderWithVehicleByPercentage;769,08;Alpha2
N020;68;PositionalAgatzDecoderWithVehicleByPercentage;693,88;Alpha2
N020;68;PositionalAgatzDecoderWithVehicleByPercentage;766,97;Alpha2
N020;68;PositionalAgatzDecoderWithVehicleByPercentage;704,01;Alpha2
N020;68;PositionalAgatzDecoderWithVehicleByPercentage;711,06;Alpha2
N020;68;PositionalAgatzDecoderWithVehicleByPercentage;822,71;Alpha2
N020;68;PositionalAgatzDecoderWithVehicleByPercentage;693,88;Alpha2
N020;68;PositionalAgatzDecoderWithVehicleByPercentage;761,82;Alpha2
N020;68;PositionalAgatzDecoderWithVehicleByPercentage;755,67;Alpha2
N020;68;PositionalAgatzDecoderWithVehicleByPercentage;746,42;Alpha2
N050;71;PositionalAgatzDecoderWithVehicleByPercentage;1490,14;Alpha2
N050;71;PositionalAgatzDecoderWithVehicleByPercentage;1686,33;Alpha2
N050;71;PositionalAgatzDecoderWithVehicleByPercentage;1738,16;Alpha2
N050;71;PositionalAgatzDecoderWithVehicleByPercentage;1700,16;Alpha2
N050;71;PositionalAgatzDecoderWithVehicleByPercentage;1406,22;Alpha2
N050;71;PositionalAgatzDecoderWithVehicleByPercentage;1743,90;Alpha2
N050;71;PositionalAgatzDecoderWithVehicleByPercentage;1602,90;Alpha2
N050;71;PositionalAgatzDecoderWithVehicleByPercentage;1564,57;Alpha2
N050;71;PositionalAgatzDecoderWithVehicleByPercentage;1759,49;Alpha2
N050;71;PositionalAgatzDecoderWithVehicleByPercentage;1585,82;Alpha2
N050;72;PositionalAgatzDecoderWithVehicleByPercentage;1350,98;Alpha2
N050;72;PositionalAgatzDecoderWithVehicleByPercentage;1555,28;Alpha2
N050;72;PositionalAgatzDecoderWithVehicleByPercentage;1766,36;Alpha2
N050;72;PositionalAgatzDecoderWithVehicleByPercentage;1416,07;Alpha2
N050;72;PositionalAgatzDecoderWithVehicleByPercentage;1249,42;Alpha2
N050;72;PositionalAgatzDecoderWithVehicleByPercentage;1303,61;Alpha2
N050;72;PositionalAgatzDecoderWithVehicleByPercentage;1615,55;Alpha2
N050;72;PositionalAgatzDecoderWithVehicleByPercentage;1359,69;Alpha2
N050;72;PositionalAgatzDecoderWithVehicleByPercentage;1554,18;Alpha2
N050;72;PositionalAgatzDecoderWithVehicleByPercentage;1607,04;Alpha2
N050;73;PositionalAgatzDecoderWithVehicleByPercentage;1532,50;Alpha2
N050;73;PositionalAgatzDecoderWithVehicleByPercentage;1251,17;Alpha2
N050;73;PositionalAgatzDecoderWithVehicleByPercentage;1251,84;Alpha2
N050;73;PositionalAgatzDecoderWithVehicleByPercentage;1314,58;Alpha2
N050;73;PositionalAgatzDecoderWithVehicleByPercentage;1384,23;Alpha2
N050;73;PositionalAgatzDecoderWithVehicleByPercentage;1475,94;Alpha2
N050;73;PositionalAgatzDecoderWithVehicleByPercentage;1321,26;Alpha2
N050;73;PositionalAgatzDecoderWithVehicleByPercentage;1373,92;Alpha2
N050;73;PositionalAgatzDecoderWithVehicleByPercentage;1399,11;Alpha2
N050;73;PositionalAgatzDecoderWithVehicleByPercentage;1275,50;Alpha2
N050;74;PositionalAgatzDecoderWithVehicleByPercentage;1312,68;Alpha2
N050;74;PositionalAgatzDecoderWithVehicleByPercentage;1272,61;Alpha2
N050;74;PositionalAgatzDecoderWithVehicleByPercentage;1193,53;Alpha2
N050;74;PositionalAgatzDecoderWithVehicleByPercentage;1272,62;Alpha2
N050;74;PositionalAgatzDecoderWithVehicleByPercentage;1254,64;Alpha2
N050;74;PositionalAgatzDecoderWithVehicleByPercentage;1218,13;Alpha2
N050;74;PositionalAgatzDecoderWithVehicleByPercentage;1497,02;Alpha2
N050;74;PositionalAgatzDecoderWithVehicleByPercentage;1409,11;Alpha2
N050;74;PositionalAgatzDecoderWithVehicleByPercentage;1250,58;Alpha2
N050;74;PositionalAgatzDecoderWithVehicleByPercentage;1174,09;Alpha2
N050;77;PositionalAgatzDecoderWithVehicleByPercentage;1471,89;Alpha2
N050;77;PositionalAgatzDecoderWithVehicleByPercentage;1220,02;Alpha2
N050;77;PositionalAgatzDecoderWithVehicleByPercentage;1269,69;Alpha2
N050;77;PositionalAgatzDecoderWithVehicleByPercentage;1619,11;Alpha2
N050;77;PositionalAgatzDecoderWithVehicleByPercentage;1321,84;Alpha2
N050;77;PositionalAgatzDecoderWithVehicleByPercentage;1541,69;Alpha2
N050;77;PositionalAgatzDecoderWithVehicleByPercentage;1598,35;Alpha2
N050;77;PositionalAgatzDecoderWithVehicleByPercentage;1286,55;Alpha2
N050;77;PositionalAgatzDecoderWithVehicleByPercentage;1267,22;Alpha2
N050;77;PositionalAgatzDecoderWithVehicleByPercentage;1604,86;Alpha2
N050;80;PositionalAgatzDecoderWithVehicleByPercentage;1771,11;Alpha2
N050;80;PositionalAgatzDecoderWithVehicleByPercentage;1755,46;Alpha2
N050;80;PositionalAgatzDecoderWithVehicleByPercentage;1865,61;Alpha2
N050;80;PositionalAgatzDecoderWithVehicleByPercentage;1628,02;Alpha2
N050;80;PositionalAgatzDecoderWithVehicleByPercentage;1615,16;Alpha2
N050;80;PositionalAgatzDecoderWithVehicleByPercentage;1627,36;Alpha2
N050;80;PositionalAgatzDecoderWithVehicleByPercentage;1481,65;Alpha2
N050;80;PositionalAgatzDecoderWithVehicleByPercentage;1764,65;Alpha2
N050;80;PositionalAgatzDecoderWithVehicleByPercentage;2045,84;Alpha2
N050;80;PositionalAgatzDecoderWithVehicleByPercentage;1483,64;Alpha2
N050;75;PositionalAgatzDecoderWithVehicleByPercentage;1516,23;Alpha2
N050;75;PositionalAgatzDecoderWithVehicleByPercentage;1506,42;Alpha2
N050;75;PositionalAgatzDecoderWithVehicleByPercentage;1588,89;Alpha2
N050;75;PositionalAgatzDecoderWithVehicleByPercentage;1613,09;Alpha2
N050;75;PositionalAgatzDecoderWithVehicleByPercentage;1384,55;Alpha2
N050;75;PositionalAgatzDecoderWithVehicleByPercentage;1713,93;Alpha2
N050;75;PositionalAgatzDecoderWithVehicleByPercentage;1538,91;Alpha2
N050;75;PositionalAgatzDecoderWithVehicleByPercentage;1698,37;Alpha2
N050;75;PositionalAgatzDecoderWithVehicleByPercentage;1670,58;Alpha2
N050;75;PositionalAgatzDecoderWithVehicleByPercentage;1339,99;Alpha2
N050;76;PositionalAgatzDecoderWithVehicleByPercentage;1718,63;Alpha2
N050;76;PositionalAgatzDecoderWithVehicleByPercentage;1603,34;Alpha2
N050;76;PositionalAgatzDecoderWithVehicleByPercentage;1609,57;Alpha2
N050;76;PositionalAgatzDecoderWithVehicleByPercentage;1521,32;Alpha2
N050;76;PositionalAgatzDecoderWithVehicleByPercentage;1485,08;Alpha2
N050;76;PositionalAgatzDecoderWithVehicleByPercentage;1634,32;Alpha2
N050;76;PositionalAgatzDecoderWithVehicleByPercentage;1608,08;Alpha2
N050;76;PositionalAgatzDecoderWithVehicleByPercentage;1422,19;Alpha2
N050;76;PositionalAgatzDecoderWithVehicleByPercentage;1731,37;Alpha2
N050;76;PositionalAgatzDecoderWithVehicleByPercentage;1666,79;Alpha2
N050;78;PositionalAgatzDecoderWithVehicleByPercentage;1554,30;Alpha2
N050;78;PositionalAgatzDecoderWithVehicleByPercentage;1291,12;Alpha2
N050;78;PositionalAgatzDecoderWithVehicleByPercentage;1591,39;Alpha2
N050;78;PositionalAgatzDecoderWithVehicleByPercentage;1733,85;Alpha2
N050;78;PositionalAgatzDecoderWithVehicleByPercentage;1676,49;Alpha2
N050;78;PositionalAgatzDecoderWithVehicleByPercentage;1348,11;Alpha2
N050;78;PositionalAgatzDecoderWithVehicleByPercentage;1385,98;Alpha2
N050;78;PositionalAgatzDecoderWithVehicleByPercentage;1616,79;Alpha2
N050;78;PositionalAgatzDecoderWithVehicleByPercentage;1445,64;Alpha2
N050;78;PositionalAgatzDecoderWithVehicleByPercentage;1646,37;Alpha2
N050;79;PositionalAgatzDecoderWithVehicleByPercentage;1622,11;Alpha2
N050;79;PositionalAgatzDecoderWithVehicleByPercentage;1702,76;Alpha2
N050;79;PositionalAgatzDecoderWithVehicleByPercentage;1278,88;Alpha2
N050;79;PositionalAgatzDecoderWithVehicleByPercentage;1307,43;Alpha2
N050;79;PositionalAgatzDecoderWithVehicleByPercentage;1398,01;Alpha2
N050;79;PositionalAgatzDecoderWithVehicleByPercentage;1406,65;Alpha2
N050;79;PositionalAgatzDecoderWithVehicleByPercentage;1346,47;Alpha2
N050;79;PositionalAgatzDecoderWithVehicleByPercentage;1313,52;Alpha2
N050;79;PositionalAgatzDecoderWithVehicleByPercentage;1379,57;Alpha2
N050;79;PositionalAgatzDecoderWithVehicleByPercentage;1542,23;Alpha2
N075;82;PositionalAgatzDecoderWithVehicleByPercentage;1842,23;Alpha2
N075;82;PositionalAgatzDecoderWithVehicleByPercentage;2432,89;Alpha2
N075;82;PositionalAgatzDecoderWithVehicleByPercentage;2388,63;Alpha2
N075;82;PositionalAgatzDecoderWithVehicleByPercentage;2288,86;Alpha2
N075;82;PositionalAgatzDecoderWithVehicleByPercentage;2199,00;Alpha2
N075;82;PositionalAgatzDecoderWithVehicleByPercentage;2037,74;Alpha2
N075;82;PositionalAgatzDecoderWithVehicleByPercentage;1898,55;Alpha2
N075;82;PositionalAgatzDecoderWithVehicleByPercentage;2038,70;Alpha2
N075;82;PositionalAgatzDecoderWithVehicleByPercentage;2020,40;Alpha2
N075;82;PositionalAgatzDecoderWithVehicleByPercentage;1982,92;Alpha2
N075;85;PositionalAgatzDecoderWithVehicleByPercentage;2343,49;Alpha2
N075;85;PositionalAgatzDecoderWithVehicleByPercentage;2634,85;Alpha2
N075;85;PositionalAgatzDecoderWithVehicleByPercentage;2142,05;Alpha2
N075;85;PositionalAgatzDecoderWithVehicleByPercentage;2407,23;Alpha2
N075;85;PositionalAgatzDecoderWithVehicleByPercentage;2614,02;Alpha2
N075;85;PositionalAgatzDecoderWithVehicleByPercentage;2241,38;Alpha2
N075;85;PositionalAgatzDecoderWithVehicleByPercentage;2327,97;Alpha2
N075;85;PositionalAgatzDecoderWithVehicleByPercentage;2152,31;Alpha2
N075;85;PositionalAgatzDecoderWithVehicleByPercentage;2378,88;Alpha2
N075;85;PositionalAgatzDecoderWithVehicleByPercentage;2383,57;Alpha2
N075;86;PositionalAgatzDecoderWithVehicleByPercentage;1999,22;Alpha2
N075;86;PositionalAgatzDecoderWithVehicleByPercentage;2063,91;Alpha2
N075;86;PositionalAgatzDecoderWithVehicleByPercentage;2370,95;Alpha2
N075;86;PositionalAgatzDecoderWithVehicleByPercentage;2008,99;Alpha2
N075;86;PositionalAgatzDecoderWithVehicleByPercentage;2005,21;Alpha2
N075;86;PositionalAgatzDecoderWithVehicleByPercentage;1661,14;Alpha2
N075;86;PositionalAgatzDecoderWithVehicleByPercentage;1746,18;Alpha2
N075;86;PositionalAgatzDecoderWithVehicleByPercentage;2083,48;Alpha2
N075;86;PositionalAgatzDecoderWithVehicleByPercentage;1871,75;Alpha2
N075;86;PositionalAgatzDecoderWithVehicleByPercentage;1680,48;Alpha2
N075;87;PositionalAgatzDecoderWithVehicleByPercentage;2151,67;Alpha2
N075;87;PositionalAgatzDecoderWithVehicleByPercentage;2385,21;Alpha2
N075;87;PositionalAgatzDecoderWithVehicleByPercentage;2091,86;Alpha2
N075;87;PositionalAgatzDecoderWithVehicleByPercentage;2022,92;Alpha2
N075;87;PositionalAgatzDecoderWithVehicleByPercentage;2341,24;Alpha2
N075;87;PositionalAgatzDecoderWithVehicleByPercentage;2424,08;Alpha2
N075;87;PositionalAgatzDecoderWithVehicleByPercentage;2074,16;Alpha2
N075;87;PositionalAgatzDecoderWithVehicleByPercentage;2372,74;Alpha2
N075;87;PositionalAgatzDecoderWithVehicleByPercentage;2057,68;Alpha2
N075;87;PositionalAgatzDecoderWithVehicleByPercentage;2371,19;Alpha2
N075;89;PositionalAgatzDecoderWithVehicleByPercentage;1789,50;Alpha2
N075;89;PositionalAgatzDecoderWithVehicleByPercentage;2082,44;Alpha2
N075;89;PositionalAgatzDecoderWithVehicleByPercentage;2352,01;Alpha2
N075;89;PositionalAgatzDecoderWithVehicleByPercentage;1949,44;Alpha2
N075;89;PositionalAgatzDecoderWithVehicleByPercentage;2288,17;Alpha2
N075;89;PositionalAgatzDecoderWithVehicleByPercentage;1936,70;Alpha2
N075;89;PositionalAgatzDecoderWithVehicleByPercentage;1833,32;Alpha2
N075;89;PositionalAgatzDecoderWithVehicleByPercentage;2161,56;Alpha2
N075;89;PositionalAgatzDecoderWithVehicleByPercentage;2003,05;Alpha2
N075;89;PositionalAgatzDecoderWithVehicleByPercentage;2136,09;Alpha2
N075;90;PositionalAgatzDecoderWithVehicleByPercentage;1905,18;Alpha2
N075;90;PositionalAgatzDecoderWithVehicleByPercentage;1528,87;Alpha2
N075;90;PositionalAgatzDecoderWithVehicleByPercentage;1877,64;Alpha2
N075;90;PositionalAgatzDecoderWithVehicleByPercentage;2052,92;Alpha2
N075;90;PositionalAgatzDecoderWithVehicleByPercentage;2104,25;Alpha2
N075;90;PositionalAgatzDecoderWithVehicleByPercentage;1920,38;Alpha2
N075;90;PositionalAgatzDecoderWithVehicleByPercentage;2214,33;Alpha2
N075;90;PositionalAgatzDecoderWithVehicleByPercentage;1787,78;Alpha2
N075;90;PositionalAgatzDecoderWithVehicleByPercentage;2286,31;Alpha2
N075;90;PositionalAgatzDecoderWithVehicleByPercentage;1974,31;Alpha2
N075;81;PositionalAgatzDecoderWithVehicleByPercentage;1986,28;Alpha2
N075;81;PositionalAgatzDecoderWithVehicleByPercentage;2085,59;Alpha2
N075;81;PositionalAgatzDecoderWithVehicleByPercentage;2537,66;Alpha2
N075;81;PositionalAgatzDecoderWithVehicleByPercentage;2139,30;Alpha2
N075;81;PositionalAgatzDecoderWithVehicleByPercentage;2094,10;Alpha2
N075;81;PositionalAgatzDecoderWithVehicleByPercentage;1908,18;Alpha2
N075;81;PositionalAgatzDecoderWithVehicleByPercentage;2077,83;Alpha2
N075;81;PositionalAgatzDecoderWithVehicleByPercentage;2102,41;Alpha2
N075;81;PositionalAgatzDecoderWithVehicleByPercentage;2144,29;Alpha2
N075;81;PositionalAgatzDecoderWithVehicleByPercentage;1948,06;Alpha2
N075;83;PositionalAgatzDecoderWithVehicleByPercentage;1893,70;Alpha2
N075;83;PositionalAgatzDecoderWithVehicleByPercentage;2013,57;Alpha2
N075;83;PositionalAgatzDecoderWithVehicleByPercentage;2315,44;Alpha2
N075;83;PositionalAgatzDecoderWithVehicleByPercentage;2211,25;Alpha2
N075;83;PositionalAgatzDecoderWithVehicleByPercentage;1847,65;Alpha2
N075;83;PositionalAgatzDecoderWithVehicleByPercentage;2344,82;Alpha2
N075;83;PositionalAgatzDecoderWithVehicleByPercentage;1923,07;Alpha2
N075;83;PositionalAgatzDecoderWithVehicleByPercentage;2123,35;Alpha2
N075;83;PositionalAgatzDecoderWithVehicleByPercentage;2021,63;Alpha2
N075;83;PositionalAgatzDecoderWithVehicleByPercentage;1970,01;Alpha2
N075;84;PositionalAgatzDecoderWithVehicleByPercentage;2669,84;Alpha2
N075;84;PositionalAgatzDecoderWithVehicleByPercentage;2180,51;Alpha2
N075;84;PositionalAgatzDecoderWithVehicleByPercentage;2464,73;Alpha2
N075;84;PositionalAgatzDecoderWithVehicleByPercentage;2432,60;Alpha2
N075;84;PositionalAgatzDecoderWithVehicleByPercentage;2348,02;Alpha2
N075;84;PositionalAgatzDecoderWithVehicleByPercentage;2735,54;Alpha2
N075;84;PositionalAgatzDecoderWithVehicleByPercentage;2359,19;Alpha2
N075;84;PositionalAgatzDecoderWithVehicleByPercentage;2508,87;Alpha2
N075;84;PositionalAgatzDecoderWithVehicleByPercentage;2692,24;Alpha2
N075;84;PositionalAgatzDecoderWithVehicleByPercentage;2616,93;Alpha2
N075;88;PositionalAgatzDecoderWithVehicleByPercentage;2599,60;Alpha2
N075;88;PositionalAgatzDecoderWithVehicleByPercentage;2338,13;Alpha2
N075;88;PositionalAgatzDecoderWithVehicleByPercentage;2381,16;Alpha2
N075;88;PositionalAgatzDecoderWithVehicleByPercentage;2338,71;Alpha2
N075;88;PositionalAgatzDecoderWithVehicleByPercentage;2701,92;Alpha2
N075;88;PositionalAgatzDecoderWithVehicleByPercentage;2393,77;Alpha2
N075;88;PositionalAgatzDecoderWithVehicleByPercentage;2307,40;Alpha2
N075;88;PositionalAgatzDecoderWithVehicleByPercentage;2363,03;Alpha2
N075;88;PositionalAgatzDecoderWithVehicleByPercentage;2227,17;Alpha2
N075;88;PositionalAgatzDecoderWithVehicleByPercentage;2264,22;Alpha2
N100;100;PositionalAgatzDecoderWithVehicleByPercentage;3262,08;Alpha2
N100;100;PositionalAgatzDecoderWithVehicleByPercentage;3203,12;Alpha2
N100;100;PositionalAgatzDecoderWithVehicleByPercentage;2695,67;Alpha2
N100;100;PositionalAgatzDecoderWithVehicleByPercentage;3322,31;Alpha2
N100;100;PositionalAgatzDecoderWithVehicleByPercentage;2573,02;Alpha2
N100;100;PositionalAgatzDecoderWithVehicleByPercentage;3018,75;Alpha2
N100;100;PositionalAgatzDecoderWithVehicleByPercentage;3512,23;Alpha2
N100;100;PositionalAgatzDecoderWithVehicleByPercentage;3165,66;Alpha2
N100;100;PositionalAgatzDecoderWithVehicleByPercentage;2710,04;Alpha2
N100;100;PositionalAgatzDecoderWithVehicleByPercentage;2834,44;Alpha2
N100;95;PositionalAgatzDecoderWithVehicleByPercentage;2967,37;Alpha2
N100;95;PositionalAgatzDecoderWithVehicleByPercentage;3456,19;Alpha2
N100;95;PositionalAgatzDecoderWithVehicleByPercentage;2808,41;Alpha2
N100;95;PositionalAgatzDecoderWithVehicleByPercentage;3331,80;Alpha2
N100;95;PositionalAgatzDecoderWithVehicleByPercentage;3309,23;Alpha2
N100;95;PositionalAgatzDecoderWithVehicleByPercentage;2982,98;Alpha2
N100;95;PositionalAgatzDecoderWithVehicleByPercentage;2989,56;Alpha2
N100;95;PositionalAgatzDecoderWithVehicleByPercentage;2773,58;Alpha2
N100;95;PositionalAgatzDecoderWithVehicleByPercentage;2883,13;Alpha2
N100;95;PositionalAgatzDecoderWithVehicleByPercentage;2994,50;Alpha2
N100;96;PositionalAgatzDecoderWithVehicleByPercentage;2878,87;Alpha2
N100;96;PositionalAgatzDecoderWithVehicleByPercentage;3553,74;Alpha2
N100;96;PositionalAgatzDecoderWithVehicleByPercentage;2955,26;Alpha2
N100;96;PositionalAgatzDecoderWithVehicleByPercentage;3221,46;Alpha2
N100;96;PositionalAgatzDecoderWithVehicleByPercentage;2966,09;Alpha2
N100;96;PositionalAgatzDecoderWithVehicleByPercentage;2696,63;Alpha2
N100;96;PositionalAgatzDecoderWithVehicleByPercentage;2868,46;Alpha2
N100;96;PositionalAgatzDecoderWithVehicleByPercentage;2628,53;Alpha2
N100;96;PositionalAgatzDecoderWithVehicleByPercentage;3347,90;Alpha2
N100;96;PositionalAgatzDecoderWithVehicleByPercentage;2894,14;Alpha2
N100;98;PositionalAgatzDecoderWithVehicleByPercentage;3403,36;Alpha2
N100;98;PositionalAgatzDecoderWithVehicleByPercentage;2817,23;Alpha2
N100;98;PositionalAgatzDecoderWithVehicleByPercentage;3501,35;Alpha2
N100;98;PositionalAgatzDecoderWithVehicleByPercentage;3035,49;Alpha2
N100;98;PositionalAgatzDecoderWithVehicleByPercentage;3197,66;Alpha2
N100;98;PositionalAgatzDecoderWithVehicleByPercentage;2959,62;Alpha2
N100;98;PositionalAgatzDecoderWithVehicleByPercentage;3421,57;Alpha2
N100;98;PositionalAgatzDecoderWithVehicleByPercentage;2855,40;Alpha2
N100;98;PositionalAgatzDecoderWithVehicleByPercentage;3042,52;Alpha2
N100;98;PositionalAgatzDecoderWithVehicleByPercentage;2687,09;Alpha2
N100;94;PositionalAgatzDecoderWithVehicleByPercentage;3129,26;Alpha2
N100;94;PositionalAgatzDecoderWithVehicleByPercentage;2690,87;Alpha2
N100;94;PositionalAgatzDecoderWithVehicleByPercentage;2906,05;Alpha2
N100;94;PositionalAgatzDecoderWithVehicleByPercentage;3229,56;Alpha2
N100;94;PositionalAgatzDecoderWithVehicleByPercentage;2520,46;Alpha2
N100;94;PositionalAgatzDecoderWithVehicleByPercentage;3044,09;Alpha2
N100;94;PositionalAgatzDecoderWithVehicleByPercentage;2979,22;Alpha2
N100;94;PositionalAgatzDecoderWithVehicleByPercentage;3182,17;Alpha2
N100;94;PositionalAgatzDecoderWithVehicleByPercentage;3249,40;Alpha2
N100;94;PositionalAgatzDecoderWithVehicleByPercentage;3295,78;Alpha2
N100;97;PositionalAgatzDecoderWithVehicleByPercentage;2790,53;Alpha2
N100;97;PositionalAgatzDecoderWithVehicleByPercentage;2799,67;Alpha2
N100;97;PositionalAgatzDecoderWithVehicleByPercentage;3506,37;Alpha2
N100;97;PositionalAgatzDecoderWithVehicleByPercentage;3636,51;Alpha2
N100;97;PositionalAgatzDecoderWithVehicleByPercentage;3509,15;Alpha2
N100;97;PositionalAgatzDecoderWithVehicleByPercentage;3966,24;Alpha2
N100;97;PositionalAgatzDecoderWithVehicleByPercentage;3256,56;Alpha2
N100;97;PositionalAgatzDecoderWithVehicleByPercentage;3281,60;Alpha2
N100;97;PositionalAgatzDecoderWithVehicleByPercentage;3401,96;Alpha2
N100;97;PositionalAgatzDecoderWithVehicleByPercentage;3185,37;Alpha2
N100;99;PositionalAgatzDecoderWithVehicleByPercentage;2849,20;Alpha2
N100;99;PositionalAgatzDecoderWithVehicleByPercentage;3259,42;Alpha2
N100;99;PositionalAgatzDecoderWithVehicleByPercentage;2709,42;Alpha2
N100;99;PositionalAgatzDecoderWithVehicleByPercentage;2610,71;Alpha2
N100;99;PositionalAgatzDecoderWithVehicleByPercentage;3346,31;Alpha2
N100;99;PositionalAgatzDecoderWithVehicleByPercentage;2817,44;Alpha2
N100;99;PositionalAgatzDecoderWithVehicleByPercentage;3083,42;Alpha2
N100;99;PositionalAgatzDecoderWithVehicleByPercentage;3297,41;Alpha2
N100;99;PositionalAgatzDecoderWithVehicleByPercentage;2846,84;Alpha2
N100;99;PositionalAgatzDecoderWithVehicleByPercentage;2675,94;Alpha2
N100;91;PositionalAgatzDecoderWithVehicleByPercentage;2929,99;Alpha2
N100;91;PositionalAgatzDecoderWithVehicleByPercentage;3181,30;Alpha2
N100;91;PositionalAgatzDecoderWithVehicleByPercentage;2868,05;Alpha2
N100;91;PositionalAgatzDecoderWithVehicleByPercentage;3127,52;Alpha2
N100;91;PositionalAgatzDecoderWithVehicleByPercentage;2933,58;Alpha2
N100;91;PositionalAgatzDecoderWithVehicleByPercentage;2872,23;Alpha2
N100;91;PositionalAgatzDecoderWithVehicleByPercentage;2793,39;Alpha2
N100;91;PositionalAgatzDecoderWithVehicleByPercentage;2741,93;Alpha2
N100;91;PositionalAgatzDecoderWithVehicleByPercentage;2833,76;Alpha2
N100;91;PositionalAgatzDecoderWithVehicleByPercentage;2894,44;Alpha2
N100;92;PositionalAgatzDecoderWithVehicleByPercentage;2745,86;Alpha2
N100;92;PositionalAgatzDecoderWithVehicleByPercentage;2381,47;Alpha2
N100;92;PositionalAgatzDecoderWithVehicleByPercentage;2531,68;Alpha2
N100;92;PositionalAgatzDecoderWithVehicleByPercentage;2592,41;Alpha2
N100;92;PositionalAgatzDecoderWithVehicleByPercentage;2902,31;Alpha2
N100;92;PositionalAgatzDecoderWithVehicleByPercentage;2787,75;Alpha2
N100;92;PositionalAgatzDecoderWithVehicleByPercentage;2390,46;Alpha2
N100;92;PositionalAgatzDecoderWithVehicleByPercentage;3072,50;Alpha2
N100;92;PositionalAgatzDecoderWithVehicleByPercentage;2292,50;Alpha2
N100;92;PositionalAgatzDecoderWithVehicleByPercentage;3273,01;Alpha2
N100;93;PositionalAgatzDecoderWithVehicleByPercentage;2710,79;Alpha2
N100;93;PositionalAgatzDecoderWithVehicleByPercentage;2813,26;Alpha2
N100;93;PositionalAgatzDecoderWithVehicleByPercentage;2383,90;Alpha2
N100;93;PositionalAgatzDecoderWithVehicleByPercentage;2353,65;Alpha2
N100;93;PositionalAgatzDecoderWithVehicleByPercentage;2344,31;Alpha2
N100;93;PositionalAgatzDecoderWithVehicleByPercentage;2539,19;Alpha2
N100;93;PositionalAgatzDecoderWithVehicleByPercentage;2759,04;Alpha2
N100;93;PositionalAgatzDecoderWithVehicleByPercentage;2837,91;Alpha2
N100;93;PositionalAgatzDecoderWithVehicleByPercentage;2831,27;Alpha2
N100;93;PositionalAgatzDecoderWithVehicleByPercentage;3016,94;Alpha2
N175;110;PositionalAgatzDecoderWithVehicleByPercentage;5810,10;Alpha2
N175;110;PositionalAgatzDecoderWithVehicleByPercentage;6631,55;Alpha2
N175;110;PositionalAgatzDecoderWithVehicleByPercentage;5913,58;Alpha2
N175;110;PositionalAgatzDecoderWithVehicleByPercentage;5592,21;Alpha2
N175;110;PositionalAgatzDecoderWithVehicleByPercentage;6247,14;Alpha2
N175;110;PositionalAgatzDecoderWithVehicleByPercentage;5913,01;Alpha2
N175;110;PositionalAgatzDecoderWithVehicleByPercentage;6124,86;Alpha2
N175;110;PositionalAgatzDecoderWithVehicleByPercentage;5934,33;Alpha2
N175;110;PositionalAgatzDecoderWithVehicleByPercentage;6661,60;Alpha2
N175;110;PositionalAgatzDecoderWithVehicleByPercentage;5999,04;Alpha2
N175;105;PositionalAgatzDecoderWithVehicleByPercentage;4983,37;Alpha2
N175;105;PositionalAgatzDecoderWithVehicleByPercentage;5384,95;Alpha2
N175;105;PositionalAgatzDecoderWithVehicleByPercentage;5485,51;Alpha2
N175;105;PositionalAgatzDecoderWithVehicleByPercentage;5790,02;Alpha2
N175;105;PositionalAgatzDecoderWithVehicleByPercentage;5226,31;Alpha2
N175;105;PositionalAgatzDecoderWithVehicleByPercentage;5984,65;Alpha2
N175;105;PositionalAgatzDecoderWithVehicleByPercentage;5891,44;Alpha2
N175;105;PositionalAgatzDecoderWithVehicleByPercentage;5684,17;Alpha2
N175;105;PositionalAgatzDecoderWithVehicleByPercentage;5228,68;Alpha2
N175;105;PositionalAgatzDecoderWithVehicleByPercentage;5207,46;Alpha2
N175;108;PositionalAgatzDecoderWithVehicleByPercentage;5483,82;Alpha2
N175;108;PositionalAgatzDecoderWithVehicleByPercentage;5615,50;Alpha2
N175;108;PositionalAgatzDecoderWithVehicleByPercentage;5581,34;Alpha2
N175;108;PositionalAgatzDecoderWithVehicleByPercentage;5606,46;Alpha2
N175;108;PositionalAgatzDecoderWithVehicleByPercentage;5834,95;Alpha2
N175;108;PositionalAgatzDecoderWithVehicleByPercentage;6379,19;Alpha2
N175;108;PositionalAgatzDecoderWithVehicleByPercentage;4775,97;Alpha2
N175;108;PositionalAgatzDecoderWithVehicleByPercentage;6074,41;Alpha2
N175;108;PositionalAgatzDecoderWithVehicleByPercentage;5361,78;Alpha2
N175;108;PositionalAgatzDecoderWithVehicleByPercentage;5491,89;Alpha2
N175;103;PositionalAgatzDecoderWithVehicleByPercentage;5511,14;Alpha2
N175;103;PositionalAgatzDecoderWithVehicleByPercentage;5880,79;Alpha2
N175;103;PositionalAgatzDecoderWithVehicleByPercentage;5769,93;Alpha2
N175;103;PositionalAgatzDecoderWithVehicleByPercentage;5515,58;Alpha2
N175;103;PositionalAgatzDecoderWithVehicleByPercentage;5398,05;Alpha2
N175;103;PositionalAgatzDecoderWithVehicleByPercentage;5141,86;Alpha2
N175;103;PositionalAgatzDecoderWithVehicleByPercentage;5428,37;Alpha2
N175;103;PositionalAgatzDecoderWithVehicleByPercentage;6055,61;Alpha2
N175;103;PositionalAgatzDecoderWithVehicleByPercentage;5804,12;Alpha2
N175;103;PositionalAgatzDecoderWithVehicleByPercentage;5899,53;Alpha2
N175;104;PositionalAgatzDecoderWithVehicleByPercentage;5532,33;Alpha2
N175;104;PositionalAgatzDecoderWithVehicleByPercentage;5688,72;Alpha2
N175;104;PositionalAgatzDecoderWithVehicleByPercentage;5528,05;Alpha2
N175;104;PositionalAgatzDecoderWithVehicleByPercentage;5317,17;Alpha2
N175;104;PositionalAgatzDecoderWithVehicleByPercentage;5827,60;Alpha2
N175;104;PositionalAgatzDecoderWithVehicleByPercentage;5259,19;Alpha2
N175;104;PositionalAgatzDecoderWithVehicleByPercentage;4751,54;Alpha2
N175;104;PositionalAgatzDecoderWithVehicleByPercentage;4955,36;Alpha2
N175;104;PositionalAgatzDecoderWithVehicleByPercentage;5182,20;Alpha2
N175;104;PositionalAgatzDecoderWithVehicleByPercentage;5253,06;Alpha2
N175;106;PositionalAgatzDecoderWithVehicleByPercentage;5142,07;Alpha2
N175;106;PositionalAgatzDecoderWithVehicleByPercentage;5137,36;Alpha2
N175;106;PositionalAgatzDecoderWithVehicleByPercentage;5063,63;Alpha2
N175;106;PositionalAgatzDecoderWithVehicleByPercentage;5995,10;Alpha2
N175;106;PositionalAgatzDecoderWithVehicleByPercentage;5605,44;Alpha2
N175;106;PositionalAgatzDecoderWithVehicleByPercentage;6185,84;Alpha2
N175;106;PositionalAgatzDecoderWithVehicleByPercentage;5191,11;Alpha2
N175;106;PositionalAgatzDecoderWithVehicleByPercentage;6291,94;Alpha2
N175;106;PositionalAgatzDecoderWithVehicleByPercentage;5774,44;Alpha2
N175;106;PositionalAgatzDecoderWithVehicleByPercentage;5971,35;Alpha2
N175;107;PositionalAgatzDecoderWithVehicleByPercentage;5613,47;Alpha2
N175;107;PositionalAgatzDecoderWithVehicleByPercentage;5411,09;Alpha2
N175;107;PositionalAgatzDecoderWithVehicleByPercentage;5433,93;Alpha2
N175;107;PositionalAgatzDecoderWithVehicleByPercentage;5565,54;Alpha2
N175;107;PositionalAgatzDecoderWithVehicleByPercentage;5268,44;Alpha2
N175;107;PositionalAgatzDecoderWithVehicleByPercentage;5630,32;Alpha2
N175;107;PositionalAgatzDecoderWithVehicleByPercentage;5524,37;Alpha2
N175;107;PositionalAgatzDecoderWithVehicleByPercentage;5091,48;Alpha2
N175;107;PositionalAgatzDecoderWithVehicleByPercentage;5344,40;Alpha2
N175;107;PositionalAgatzDecoderWithVehicleByPercentage;5188,44;Alpha2
N175;109;PositionalAgatzDecoderWithVehicleByPercentage;5264,78;Alpha2
N175;109;PositionalAgatzDecoderWithVehicleByPercentage;5585,03;Alpha2
N175;109;PositionalAgatzDecoderWithVehicleByPercentage;5515,66;Alpha2
N175;109;PositionalAgatzDecoderWithVehicleByPercentage;5486,09;Alpha2
N175;109;PositionalAgatzDecoderWithVehicleByPercentage;6011,40;Alpha2
N175;109;PositionalAgatzDecoderWithVehicleByPercentage;5910,47;Alpha2
N175;109;PositionalAgatzDecoderWithVehicleByPercentage;6166,14;Alpha2
N175;109;PositionalAgatzDecoderWithVehicleByPercentage;5269,82;Alpha2
N175;109;PositionalAgatzDecoderWithVehicleByPercentage;5619,89;Alpha2
N175;109;PositionalAgatzDecoderWithVehicleByPercentage;5956,62;Alpha2
N175;101;PositionalAgatzDecoderWithVehicleByPercentage;5541,59;Alpha2
N175;101;PositionalAgatzDecoderWithVehicleByPercentage;5307,45;Alpha2
N175;101;PositionalAgatzDecoderWithVehicleByPercentage;5341,27;Alpha2
N175;101;PositionalAgatzDecoderWithVehicleByPercentage;5043,39;Alpha2
N175;101;PositionalAgatzDecoderWithVehicleByPercentage;5702,40;Alpha2
N175;101;PositionalAgatzDecoderWithVehicleByPercentage;5470,20;Alpha2
N175;101;PositionalAgatzDecoderWithVehicleByPercentage;4986,23;Alpha2
N175;101;PositionalAgatzDecoderWithVehicleByPercentage;4871,57;Alpha2
N175;101;PositionalAgatzDecoderWithVehicleByPercentage;4934,94;Alpha2
N175;101;PositionalAgatzDecoderWithVehicleByPercentage;4956,39;Alpha2
N175;102;PositionalAgatzDecoderWithVehicleByPercentage;5493,32;Alpha2
N175;102;PositionalAgatzDecoderWithVehicleByPercentage;6727,87;Alpha2
N175;102;PositionalAgatzDecoderWithVehicleByPercentage;5710,59;Alpha2
N175;102;PositionalAgatzDecoderWithVehicleByPercentage;5778,41;Alpha2
N175;102;PositionalAgatzDecoderWithVehicleByPercentage;5644,38;Alpha2
N175;102;PositionalAgatzDecoderWithVehicleByPercentage;5505,35;Alpha2
N175;102;PositionalAgatzDecoderWithVehicleByPercentage;5816,82;Alpha2
N175;102;PositionalAgatzDecoderWithVehicleByPercentage;5595,46;Alpha2
N175;102;PositionalAgatzDecoderWithVehicleByPercentage;5741,59;Alpha2
N175;102;PositionalAgatzDecoderWithVehicleByPercentage;6381,72;Alpha2
N250;111;PositionalAgatzDecoderWithVehicleByPercentage;8906,70;Alpha2
N250;111;PositionalAgatzDecoderWithVehicleByPercentage;8276,33;Alpha2
N250;111;PositionalAgatzDecoderWithVehicleByPercentage;8106,63;Alpha2
N250;111;PositionalAgatzDecoderWithVehicleByPercentage;7933,84;Alpha2
N250;111;PositionalAgatzDecoderWithVehicleByPercentage;8106,52;Alpha2
N250;111;PositionalAgatzDecoderWithVehicleByPercentage;9050,02;Alpha2
N250;111;PositionalAgatzDecoderWithVehicleByPercentage;7803,59;Alpha2
N250;111;PositionalAgatzDecoderWithVehicleByPercentage;7980,77;Alpha2
N250;111;PositionalAgatzDecoderWithVehicleByPercentage;8199,09;Alpha2
N250;111;PositionalAgatzDecoderWithVehicleByPercentage;8405,02;Alpha2
N250;114;PositionalAgatzDecoderWithVehicleByPercentage;8986,44;Alpha2
N250;114;PositionalAgatzDecoderWithVehicleByPercentage;8753,01;Alpha2
N250;114;PositionalAgatzDecoderWithVehicleByPercentage;8901,08;Alpha2
N250;114;PositionalAgatzDecoderWithVehicleByPercentage;8651,15;Alpha2
N250;114;PositionalAgatzDecoderWithVehicleByPercentage;9542,95;Alpha2
N250;114;PositionalAgatzDecoderWithVehicleByPercentage;8257,09;Alpha2
N250;114;PositionalAgatzDecoderWithVehicleByPercentage;8266,51;Alpha2
N250;114;PositionalAgatzDecoderWithVehicleByPercentage;8235,13;Alpha2
N250;114;PositionalAgatzDecoderWithVehicleByPercentage;8598,08;Alpha2
N250;114;PositionalAgatzDecoderWithVehicleByPercentage;9345,90;Alpha2
N250;119;PositionalAgatzDecoderWithVehicleByPercentage;8376,65;Alpha2
N250;119;PositionalAgatzDecoderWithVehicleByPercentage;8689,61;Alpha2
N250;119;PositionalAgatzDecoderWithVehicleByPercentage;8510,35;Alpha2
N250;119;PositionalAgatzDecoderWithVehicleByPercentage;8130,94;Alpha2
N250;119;PositionalAgatzDecoderWithVehicleByPercentage;8669,32;Alpha2
N250;119;PositionalAgatzDecoderWithVehicleByPercentage;8752,73;Alpha2
N250;119;PositionalAgatzDecoderWithVehicleByPercentage;7883,17;Alpha2
N250;119;PositionalAgatzDecoderWithVehicleByPercentage;8853,70;Alpha2
N250;119;PositionalAgatzDecoderWithVehicleByPercentage;9553,08;Alpha2
N250;119;PositionalAgatzDecoderWithVehicleByPercentage;8344,27;Alpha2
N250;120;PositionalAgatzDecoderWithVehicleByPercentage;8637,47;Alpha2
N250;120;PositionalAgatzDecoderWithVehicleByPercentage;8624,57;Alpha2
N250;120;PositionalAgatzDecoderWithVehicleByPercentage;8569,15;Alpha2
N250;120;PositionalAgatzDecoderWithVehicleByPercentage;8441,49;Alpha2
N250;120;PositionalAgatzDecoderWithVehicleByPercentage;8380,94;Alpha2
N250;120;PositionalAgatzDecoderWithVehicleByPercentage;8283,99;Alpha2
N250;120;PositionalAgatzDecoderWithVehicleByPercentage;8454,73;Alpha2
N250;120;PositionalAgatzDecoderWithVehicleByPercentage;8586,24;Alpha2
N250;120;PositionalAgatzDecoderWithVehicleByPercentage;8939,15;Alpha2
N250;120;PositionalAgatzDecoderWithVehicleByPercentage;8750,80;Alpha2
N250;2;PositionalAgatzDecoderWithVehicleByPercentage;8402,92;Alpha2
N250;2;PositionalAgatzDecoderWithVehicleByPercentage;8184,94;Alpha2
N250;2;PositionalAgatzDecoderWithVehicleByPercentage;7936,58;Alpha2
N250;2;PositionalAgatzDecoderWithVehicleByPercentage;8649,88;Alpha2
N250;2;PositionalAgatzDecoderWithVehicleByPercentage;8757,64;Alpha2
N250;2;PositionalAgatzDecoderWithVehicleByPercentage;8338,87;Alpha2
N250;2;PositionalAgatzDecoderWithVehicleByPercentage;8523,36;Alpha2
N250;2;PositionalAgatzDecoderWithVehicleByPercentage;8651,88;Alpha2
N250;2;PositionalAgatzDecoderWithVehicleByPercentage;8880,46;Alpha2
N250;2;PositionalAgatzDecoderWithVehicleByPercentage;9017,32;Alpha2
N250;10;PositionalAgatzDecoderWithVehicleByPercentage;9569,65;Alpha2
N250;10;PositionalAgatzDecoderWithVehicleByPercentage;8494,68;Alpha2
N250;10;PositionalAgatzDecoderWithVehicleByPercentage;9535,03;Alpha2
N250;10;PositionalAgatzDecoderWithVehicleByPercentage;8727,05;Alpha2
N250;10;PositionalAgatzDecoderWithVehicleByPercentage;7939,54;Alpha2
N250;10;PositionalAgatzDecoderWithVehicleByPercentage;8430,98;Alpha2
N250;10;PositionalAgatzDecoderWithVehicleByPercentage;8911,72;Alpha2
N250;10;PositionalAgatzDecoderWithVehicleByPercentage;9306,06;Alpha2
N250;10;PositionalAgatzDecoderWithVehicleByPercentage;8986,06;Alpha2
N250;10;PositionalAgatzDecoderWithVehicleByPercentage;9164,50;Alpha2
N250;113;PositionalAgatzDecoderWithVehicleByPercentage;7960,39;Alpha2
N250;113;PositionalAgatzDecoderWithVehicleByPercentage;8463,76;Alpha2
N250;113;PositionalAgatzDecoderWithVehicleByPercentage;8250,47;Alpha2
N250;113;PositionalAgatzDecoderWithVehicleByPercentage;8414,47;Alpha2
N250;113;PositionalAgatzDecoderWithVehicleByPercentage;8431,63;Alpha2
N250;113;PositionalAgatzDecoderWithVehicleByPercentage;8954,94;Alpha2
N250;113;PositionalAgatzDecoderWithVehicleByPercentage;9066,96;Alpha2
N250;113;PositionalAgatzDecoderWithVehicleByPercentage;7815,10;Alpha2
N250;113;PositionalAgatzDecoderWithVehicleByPercentage;7728,33;Alpha2
N250;113;PositionalAgatzDecoderWithVehicleByPercentage;7454,60;Alpha2
N250;118;PositionalAgatzDecoderWithVehicleByPercentage;9716,49;Alpha2
N250;118;PositionalAgatzDecoderWithVehicleByPercentage;9155,13;Alpha2
N250;118;PositionalAgatzDecoderWithVehicleByPercentage;8599,03;Alpha2
N250;118;PositionalAgatzDecoderWithVehicleByPercentage;9155,16;Alpha2
N250;118;PositionalAgatzDecoderWithVehicleByPercentage;8510,80;Alpha2
N250;118;PositionalAgatzDecoderWithVehicleByPercentage;8042,08;Alpha2
N250;118;PositionalAgatzDecoderWithVehicleByPercentage;8203,55;Alpha2
N250;118;PositionalAgatzDecoderWithVehicleByPercentage;9137,66;Alpha2
N250;118;PositionalAgatzDecoderWithVehicleByPercentage;9007,11;Alpha2
N250;118;PositionalAgatzDecoderWithVehicleByPercentage;9483,48;Alpha2
N250;4;PositionalAgatzDecoderWithVehicleByPercentage;7895,95;Alpha2
N250;4;PositionalAgatzDecoderWithVehicleByPercentage;8022,03;Alpha2
N250;4;PositionalAgatzDecoderWithVehicleByPercentage;8697,17;Alpha2
N250;4;PositionalAgatzDecoderWithVehicleByPercentage;8109,80;Alpha2
N250;4;PositionalAgatzDecoderWithVehicleByPercentage;7329,30;Alpha2
N250;4;PositionalAgatzDecoderWithVehicleByPercentage;7871,15;Alpha2
N250;4;PositionalAgatzDecoderWithVehicleByPercentage;8621,82;Alpha2
N250;4;PositionalAgatzDecoderWithVehicleByPercentage;8666,99;Alpha2
N250;4;PositionalAgatzDecoderWithVehicleByPercentage;8518,39;Alpha2
N250;4;PositionalAgatzDecoderWithVehicleByPercentage;8431,32;Alpha2
N250;112;PositionalAgatzDecoderWithVehicleByPercentage;8384,59;Alpha2
N250;112;PositionalAgatzDecoderWithVehicleByPercentage;8636,59;Alpha2
N250;112;PositionalAgatzDecoderWithVehicleByPercentage;8677,34;Alpha2
N250;112;PositionalAgatzDecoderWithVehicleByPercentage;9412,03;Alpha2
N250;112;PositionalAgatzDecoderWithVehicleByPercentage;9173,03;Alpha2
N250;112;PositionalAgatzDecoderWithVehicleByPercentage;9097,07;Alpha2
N250;112;PositionalAgatzDecoderWithVehicleByPercentage;8975,76;Alpha2
N250;112;PositionalAgatzDecoderWithVehicleByPercentage;8516,83;Alpha2
N250;112;PositionalAgatzDecoderWithVehicleByPercentage;8158,43;Alpha2
N250;112;PositionalAgatzDecoderWithVehicleByPercentage;8168,30;Alpha2
N250;116;PositionalAgatzDecoderWithVehicleByPercentage;8529,03;Alpha2
N250;116;PositionalAgatzDecoderWithVehicleByPercentage;8917,38;Alpha2
N250;116;PositionalAgatzDecoderWithVehicleByPercentage;8001,09;Alpha2
N250;116;PositionalAgatzDecoderWithVehicleByPercentage;8700,45;Alpha2
N250;116;PositionalAgatzDecoderWithVehicleByPercentage;9467,35;Alpha2
N250;116;PositionalAgatzDecoderWithVehicleByPercentage;8615,47;Alpha2
N250;116;PositionalAgatzDecoderWithVehicleByPercentage;8807,31;Alpha2
N250;116;PositionalAgatzDecoderWithVehicleByPercentage;8824,65;Alpha2
N250;116;PositionalAgatzDecoderWithVehicleByPercentage;8468,15;Alpha2
N250;116;PositionalAgatzDecoderWithVehicleByPercentage;9005,57;Alpha2
N250;3;PositionalAgatzDecoderWithVehicleByPercentage;7638,34;Alpha2
N250;3;PositionalAgatzDecoderWithVehicleByPercentage;7626,86;Alpha2
N250;3;PositionalAgatzDecoderWithVehicleByPercentage;7898,94;Alpha2
N250;3;PositionalAgatzDecoderWithVehicleByPercentage;7347,38;Alpha2
N250;3;PositionalAgatzDecoderWithVehicleByPercentage;7760,40;Alpha2
N250;3;PositionalAgatzDecoderWithVehicleByPercentage;7618,62;Alpha2
N250;3;PositionalAgatzDecoderWithVehicleByPercentage;8064,06;Alpha2
N250;3;PositionalAgatzDecoderWithVehicleByPercentage;8487,46;Alpha2
N250;3;PositionalAgatzDecoderWithVehicleByPercentage;8334,49;Alpha2
N250;3;PositionalAgatzDecoderWithVehicleByPercentage;8344,43;Alpha2
N250;7;PositionalAgatzDecoderWithVehicleByPercentage;8629,25;Alpha2
N250;7;PositionalAgatzDecoderWithVehicleByPercentage;9302,73;Alpha2
N250;7;PositionalAgatzDecoderWithVehicleByPercentage;8624,95;Alpha2
N250;7;PositionalAgatzDecoderWithVehicleByPercentage;8467,68;Alpha2
N250;7;PositionalAgatzDecoderWithVehicleByPercentage;8910,95;Alpha2
N250;7;PositionalAgatzDecoderWithVehicleByPercentage;8367,92;Alpha2
N250;7;PositionalAgatzDecoderWithVehicleByPercentage;8560,93;Alpha2
N250;7;PositionalAgatzDecoderWithVehicleByPercentage;8472,77;Alpha2
N250;7;PositionalAgatzDecoderWithVehicleByPercentage;9099,96;Alpha2
N250;7;PositionalAgatzDecoderWithVehicleByPercentage;8134,56;Alpha2
N250;6;PositionalAgatzDecoderWithVehicleByPercentage;8965,60;Alpha2
N250;6;PositionalAgatzDecoderWithVehicleByPercentage;8863,92;Alpha2
N250;6;PositionalAgatzDecoderWithVehicleByPercentage;9296,02;Alpha2
N250;6;PositionalAgatzDecoderWithVehicleByPercentage;8568,32;Alpha2
N250;6;PositionalAgatzDecoderWithVehicleByPercentage;8497,55;Alpha2
N250;6;PositionalAgatzDecoderWithVehicleByPercentage;8845,76;Alpha2
N250;6;PositionalAgatzDecoderWithVehicleByPercentage;8430,24;Alpha2
N250;6;PositionalAgatzDecoderWithVehicleByPercentage;8213,93;Alpha2
N250;6;PositionalAgatzDecoderWithVehicleByPercentage;9147,61;Alpha2
N250;6;PositionalAgatzDecoderWithVehicleByPercentage;8554,71;Alpha2
N250;8;PositionalAgatzDecoderWithVehicleByPercentage;8011,53;Alpha2
N250;8;PositionalAgatzDecoderWithVehicleByPercentage;8097,38;Alpha2
N250;8;PositionalAgatzDecoderWithVehicleByPercentage;8363,63;Alpha2
N250;8;PositionalAgatzDecoderWithVehicleByPercentage;8677,37;Alpha2
N250;8;PositionalAgatzDecoderWithVehicleByPercentage;8272,98;Alpha2
N250;8;PositionalAgatzDecoderWithVehicleByPercentage;8770,52;Alpha2
N250;8;PositionalAgatzDecoderWithVehicleByPercentage;9296,45;Alpha2
N250;8;PositionalAgatzDecoderWithVehicleByPercentage;8930,65;Alpha2
N250;8;PositionalAgatzDecoderWithVehicleByPercentage;8257,88;Alpha2
N250;8;PositionalAgatzDecoderWithVehicleByPercentage;9094,53;Alpha2
N250;9;PositionalAgatzDecoderWithVehicleByPercentage;9013,49;Alpha2
N250;9;PositionalAgatzDecoderWithVehicleByPercentage;8738,92;Alpha2
N250;9;PositionalAgatzDecoderWithVehicleByPercentage;10105,89;Alpha2
N250;9;PositionalAgatzDecoderWithVehicleByPercentage;8729,13;Alpha2
N250;9;PositionalAgatzDecoderWithVehicleByPercentage;8122,79;Alpha2
N250;9;PositionalAgatzDecoderWithVehicleByPercentage;8479,27;Alpha2
N250;9;PositionalAgatzDecoderWithVehicleByPercentage;10297,86;Alpha2
N250;9;PositionalAgatzDecoderWithVehicleByPercentage;9248,13;Alpha2
N250;9;PositionalAgatzDecoderWithVehicleByPercentage;9550,17;Alpha2
N250;9;PositionalAgatzDecoderWithVehicleByPercentage;8954,13;Alpha2
N250;115;PositionalAgatzDecoderWithVehicleByPercentage;8427,96;Alpha2
N250;115;PositionalAgatzDecoderWithVehicleByPercentage;8408,25;Alpha2
N250;115;PositionalAgatzDecoderWithVehicleByPercentage;8479,03;Alpha2
N250;115;PositionalAgatzDecoderWithVehicleByPercentage;8485,92;Alpha2
N250;115;PositionalAgatzDecoderWithVehicleByPercentage;8997,86;Alpha2
N250;115;PositionalAgatzDecoderWithVehicleByPercentage;8649,00;Alpha2
N250;115;PositionalAgatzDecoderWithVehicleByPercentage;9870,93;Alpha2
N250;115;PositionalAgatzDecoderWithVehicleByPercentage;8628,84;Alpha2
N250;115;PositionalAgatzDecoderWithVehicleByPercentage;9314,70;Alpha2
N250;115;PositionalAgatzDecoderWithVehicleByPercentage;9765,09;Alpha2
N250;117;PositionalAgatzDecoderWithVehicleByPercentage;8835,30;Alpha2
N250;117;PositionalAgatzDecoderWithVehicleByPercentage;8713,73;Alpha2
N250;117;PositionalAgatzDecoderWithVehicleByPercentage;8613,74;Alpha2
N250;117;PositionalAgatzDecoderWithVehicleByPercentage;8786,56;Alpha2
N250;117;PositionalAgatzDecoderWithVehicleByPercentage;8827,90;Alpha2
N250;117;PositionalAgatzDecoderWithVehicleByPercentage;8583,59;Alpha2
N250;117;PositionalAgatzDecoderWithVehicleByPercentage;8565,02;Alpha2
N250;117;PositionalAgatzDecoderWithVehicleByPercentage;9136,50;Alpha2
N250;117;PositionalAgatzDecoderWithVehicleByPercentage;9765,91;Alpha2
N250;117;PositionalAgatzDecoderWithVehicleByPercentage;9072,17;Alpha2
N250;1;PositionalAgatzDecoderWithVehicleByPercentage;8490,97;Alpha2
N250;1;PositionalAgatzDecoderWithVehicleByPercentage;8768,39;Alpha2
N250;1;PositionalAgatzDecoderWithVehicleByPercentage;8450,88;Alpha2
N250;1;PositionalAgatzDecoderWithVehicleByPercentage;9395,59;Alpha2
N250;1;PositionalAgatzDecoderWithVehicleByPercentage;8722,47;Alpha2
N250;1;PositionalAgatzDecoderWithVehicleByPercentage;8418,57;Alpha2
N250;1;PositionalAgatzDecoderWithVehicleByPercentage;8780,48;Alpha2
N250;1;PositionalAgatzDecoderWithVehicleByPercentage;8659,25;Alpha2
N250;1;PositionalAgatzDecoderWithVehicleByPercentage;8988,37;Alpha2
N250;1;PositionalAgatzDecoderWithVehicleByPercentage;8217,39;Alpha2
N250;5;PositionalAgatzDecoderWithVehicleByPercentage;9533,96;Alpha2
N250;5;PositionalAgatzDecoderWithVehicleByPercentage;8730,73;Alpha2
N250;5;PositionalAgatzDecoderWithVehicleByPercentage;8478,25;Alpha2
N250;5;PositionalAgatzDecoderWithVehicleByPercentage;9152,52;Alpha2
N250;5;PositionalAgatzDecoderWithVehicleByPercentage;8942,62;Alpha2
N250;5;PositionalAgatzDecoderWithVehicleByPercentage;7843,73;Alpha2
N250;5;PositionalAgatzDecoderWithVehicleByPercentage;8342,14;Alpha2
N250;5;PositionalAgatzDecoderWithVehicleByPercentage;8656,44;Alpha2
N250;5;PositionalAgatzDecoderWithVehicleByPercentage;8556,81;Alpha2
N250;5;PositionalAgatzDecoderWithVehicleByPercentage;9510,46;Alpha2
