N;Instance;Decoder;Time Spent;Alpha
N010;57;PositionalAgatzDecoderWithVehicleByPercentage;753,95;Alpha1
N010;57;PositionalAgatzDecoderWithVehicleByPercentage;753,95;Alpha1
N010;57;PositionalAgatzDecoderWithVehicleByPercentage;753,95;Alpha1
N010;57;PositionalAgatzDecoderWithVehicleByPercentage;753,95;Alpha1
N010;57;PositionalAgatzDecoderWithVehicleByPercentage;753,95;Alpha1
N010;57;PositionalAgatzDecoderWithVehicleByPercentage;753,95;Alpha1
N010;57;PositionalAgatzDecoderWithVehicleByPercentage;753,95;Alpha1
N010;57;PositionalAgatzDecoderWithVehicleByPercentage;753,95;Alpha1
N010;57;PositionalAgatzDecoderWithVehicleByPercentage;753,95;Alpha1
N010;57;PositionalAgatzDecoderWithVehicleByPercentage;753,95;Alpha1
N010;58;PositionalAgatzDecoderWithVehicleByPercentage;776,62;Alpha1
N010;58;PositionalAgatzDecoderWithVehicleByPercentage;776,62;Alpha1
N010;58;PositionalAgatzDecoderWithVehicleByPercentage;776,62;Alpha1
N010;58;PositionalAgatzDecoderWithVehicleByPercentage;776,62;Alpha1
N010;58;PositionalAgatzDecoderWithVehicleByPercentage;776,62;Alpha1
N010;58;PositionalAgatzDecoderWithVehicleByPercentage;776,62;Alpha1
N010;58;PositionalAgatzDecoderWithVehicleByPercentage;776,62;Alpha1
N010;58;PositionalAgatzDecoderWithVehicleByPercentage;776,62;Alpha1
N010;58;PositionalAgatzDecoderWithVehicleByPercentage;776,62;Alpha1
N010;58;PositionalAgatzDecoderWithVehicleByPercentage;776,62;Alpha1
N010;52;PositionalAgatzDecoderWithVehicleByPercentage;477,46;Alpha1
N010;52;PositionalAgatzDecoderWithVehicleByPercentage;474,15;Alpha1
N010;52;PositionalAgatzDecoderWithVehicleByPercentage;474,15;Alpha1
N010;52;PositionalAgatzDecoderWithVehicleByPercentage;474,15;Alpha1
N010;52;PositionalAgatzDecoderWithVehicleByPercentage;480,48;Alpha1
N010;52;PositionalAgatzDecoderWithVehicleByPercentage;474,15;Alpha1
N010;52;PositionalAgatzDecoderWithVehicleByPercentage;474,15;Alpha1
N010;52;PositionalAgatzDecoderWithVehicleByPercentage;480,48;Alpha1
N010;52;PositionalAgatzDecoderWithVehicleByPercentage;474,15;Alpha1
N010;52;PositionalAgatzDecoderWithVehicleByPercentage;474,15;Alpha1
N010;53;PositionalAgatzDecoderWithVehicleByPercentage;797,96;Alpha1
N010;53;PositionalAgatzDecoderWithVehicleByPercentage;797,96;Alpha1
N010;53;PositionalAgatzDecoderWithVehicleByPercentage;817,70;Alpha1
N010;53;PositionalAgatzDecoderWithVehicleByPercentage;797,96;Alpha1
N010;53;PositionalAgatzDecoderWithVehicleByPercentage;797,96;Alpha1
N010;53;PositionalAgatzDecoderWithVehicleByPercentage;797,96;Alpha1
N010;53;PositionalAgatzDecoderWithVehicleByPercentage;797,96;Alpha1
N010;53;PositionalAgatzDecoderWithVehicleByPercentage;797,96;Alpha1
N010;53;PositionalAgatzDecoderWithVehicleByPercentage;817,70;Alpha1
N010;53;PositionalAgatzDecoderWithVehicleByPercentage;797,96;Alpha1
N010;55;PositionalAgatzDecoderWithVehicleByPercentage;911,35;Alpha1
N010;55;PositionalAgatzDecoderWithVehicleByPercentage;911,35;Alpha1
N010;55;PositionalAgatzDecoderWithVehicleByPercentage;911,35;Alpha1
N010;55;PositionalAgatzDecoderWithVehicleByPercentage;911,35;Alpha1
N010;55;PositionalAgatzDecoderWithVehicleByPercentage;911,35;Alpha1
N010;55;PositionalAgatzDecoderWithVehicleByPercentage;911,35;Alpha1
N010;55;PositionalAgatzDecoderWithVehicleByPercentage;911,35;Alpha1
N010;55;PositionalAgatzDecoderWithVehicleByPercentage;911,35;Alpha1
N010;55;PositionalAgatzDecoderWithVehicleByPercentage;911,35;Alpha1
N010;55;PositionalAgatzDecoderWithVehicleByPercentage;911,35;Alpha1
N010;56;PositionalAgatzDecoderWithVehicleByPercentage;671,44;Alpha1
N010;56;PositionalAgatzDecoderWithVehicleByPercentage;671,44;Alpha1
N010;56;PositionalAgatzDecoderWithVehicleByPercentage;671,44;Alpha1
N010;56;PositionalAgatzDecoderWithVehicleByPercentage;671,44;Alpha1
N010;56;PositionalAgatzDecoderWithVehicleByPercentage;671,44;Alpha1
N010;56;PositionalAgatzDecoderWithVehicleByPercentage;671,44;Alpha1
N010;56;PositionalAgatzDecoderWithVehicleByPercentage;671,44;Alpha1
N010;56;PositionalAgatzDecoderWithVehicleByPercentage;671,44;Alpha1
N010;56;PositionalAgatzDecoderWithVehicleByPercentage;671,44;Alpha1
N010;56;PositionalAgatzDecoderWithVehicleByPercentage;671,44;Alpha1
N010;59;PositionalAgatzDecoderWithVehicleByPercentage;842,20;Alpha1
N010;59;PositionalAgatzDecoderWithVehicleByPercentage;842,20;Alpha1
N010;59;PositionalAgatzDecoderWithVehicleByPercentage;842,20;Alpha1
N010;59;PositionalAgatzDecoderWithVehicleByPercentage;842,20;Alpha1
N010;59;PositionalAgatzDecoderWithVehicleByPercentage;842,20;Alpha1
N010;59;PositionalAgatzDecoderWithVehicleByPercentage;842,20;Alpha1
N010;59;PositionalAgatzDecoderWithVehicleByPercentage;842,20;Alpha1
N010;59;PositionalAgatzDecoderWithVehicleByPercentage;842,20;Alpha1
N010;59;PositionalAgatzDecoderWithVehicleByPercentage;842,20;Alpha1
N010;59;PositionalAgatzDecoderWithVehicleByPercentage;842,20;Alpha1
N010;60;PositionalAgatzDecoderWithVehicleByPercentage;874,85;Alpha1
N010;60;PositionalAgatzDecoderWithVehicleByPercentage;874,85;Alpha1
N010;60;PositionalAgatzDecoderWithVehicleByPercentage;874,85;Alpha1
N010;60;PositionalAgatzDecoderWithVehicleByPercentage;874,85;Alpha1
N010;60;PositionalAgatzDecoderWithVehicleByPercentage;874,85;Alpha1
N010;60;PositionalAgatzDecoderWithVehicleByPercentage;874,85;Alpha1
N010;60;PositionalAgatzDecoderWithVehicleByPercentage;874,85;Alpha1
N010;60;PositionalAgatzDecoderWithVehicleByPercentage;874,85;Alpha1
N010;60;PositionalAgatzDecoderWithVehicleByPercentage;874,85;Alpha1
N010;60;PositionalAgatzDecoderWithVehicleByPercentage;874,85;Alpha1
N010;51;PositionalAgatzDecoderWithVehicleByPercentage;617,98;Alpha1
N010;51;PositionalAgatzDecoderWithVehicleByPercentage;617,98;Alpha1
N010;51;PositionalAgatzDecoderWithVehicleByPercentage;617,98;Alpha1
N010;51;PositionalAgatzDecoderWithVehicleByPercentage;617,98;Alpha1
N010;51;PositionalAgatzDecoderWithVehicleByPercentage;617,98;Alpha1
N010;51;PositionalAgatzDecoderWithVehicleByPercentage;617,98;Alpha1
N010;51;PositionalAgatzDecoderWithVehicleByPercentage;617,98;Alpha1
N010;51;PositionalAgatzDecoderWithVehicleByPercentage;617,98;Alpha1
N010;51;PositionalAgatzDecoderWithVehicleByPercentage;617,98;Alpha1
N010;51;PositionalAgatzDecoderWithVehicleByPercentage;617,98;Alpha1
N010;54;PositionalAgatzDecoderWithVehicleByPercentage;596,77;Alpha1
N010;54;PositionalAgatzDecoderWithVehicleByPercentage;596,77;Alpha1
N010;54;PositionalAgatzDecoderWithVehicleByPercentage;596,77;Alpha1
N010;54;PositionalAgatzDecoderWithVehicleByPercentage;596,77;Alpha1
N010;54;PositionalAgatzDecoderWithVehicleByPercentage;596,77;Alpha1
N010;54;PositionalAgatzDecoderWithVehicleByPercentage;596,77;Alpha1
N010;54;PositionalAgatzDecoderWithVehicleByPercentage;596,77;Alpha1
N010;54;PositionalAgatzDecoderWithVehicleByPercentage;596,77;Alpha1
N010;54;PositionalAgatzDecoderWithVehicleByPercentage;596,77;Alpha1
N010;54;PositionalAgatzDecoderWithVehicleByPercentage;596,77;Alpha1
N020;65;PositionalAgatzDecoderWithVehicleByPercentage;799,72;Alpha1
N020;65;PositionalAgatzDecoderWithVehicleByPercentage;829,97;Alpha1
N020;65;PositionalAgatzDecoderWithVehicleByPercentage;762,26;Alpha1
N020;65;PositionalAgatzDecoderWithVehicleByPercentage;812,59;Alpha1
N020;65;PositionalAgatzDecoderWithVehicleByPercentage;769,90;Alpha1
N020;65;PositionalAgatzDecoderWithVehicleByPercentage;757,51;Alpha1
N020;65;PositionalAgatzDecoderWithVehicleByPercentage;959,96;Alpha1
N020;65;PositionalAgatzDecoderWithVehicleByPercentage;798,97;Alpha1
N020;65;PositionalAgatzDecoderWithVehicleByPercentage;758,22;Alpha1
N020;65;PositionalAgatzDecoderWithVehicleByPercentage;757,51;Alpha1
N020;67;PositionalAgatzDecoderWithVehicleByPercentage;837,01;Alpha1
N020;67;PositionalAgatzDecoderWithVehicleByPercentage;791,26;Alpha1
N020;67;PositionalAgatzDecoderWithVehicleByPercentage;791,26;Alpha1
N020;67;PositionalAgatzDecoderWithVehicleByPercentage;911,37;Alpha1
N020;67;PositionalAgatzDecoderWithVehicleByPercentage;835,07;Alpha1
N020;67;PositionalAgatzDecoderWithVehicleByPercentage;791,26;Alpha1
N020;67;PositionalAgatzDecoderWithVehicleByPercentage;791,26;Alpha1
N020;67;PositionalAgatzDecoderWithVehicleByPercentage;791,26;Alpha1
N020;67;PositionalAgatzDecoderWithVehicleByPercentage;831,31;Alpha1
N020;67;PositionalAgatzDecoderWithVehicleByPercentage;831,31;Alpha1
N020;68;PositionalAgatzDecoderWithVehicleByPercentage;803,30;Alpha1
N020;68;PositionalAgatzDecoderWithVehicleByPercentage;747,66;Alpha1
N020;68;PositionalAgatzDecoderWithVehicleByPercentage;803,30;Alpha1
N020;68;PositionalAgatzDecoderWithVehicleByPercentage;769,30;Alpha1
N020;68;PositionalAgatzDecoderWithVehicleByPercentage;771,20;Alpha1
N020;68;PositionalAgatzDecoderWithVehicleByPercentage;785,60;Alpha1
N020;68;PositionalAgatzDecoderWithVehicleByPercentage;794,52;Alpha1
N020;68;PositionalAgatzDecoderWithVehicleByPercentage;798,30;Alpha1
N020;68;PositionalAgatzDecoderWithVehicleByPercentage;801,93;Alpha1
N020;68;PositionalAgatzDecoderWithVehicleByPercentage;790,23;Alpha1
N020;69;PositionalAgatzDecoderWithVehicleByPercentage;785,44;Alpha1
N020;69;PositionalAgatzDecoderWithVehicleByPercentage;788,59;Alpha1
N020;69;PositionalAgatzDecoderWithVehicleByPercentage;791,85;Alpha1
N020;69;PositionalAgatzDecoderWithVehicleByPercentage;785,44;Alpha1
N020;69;PositionalAgatzDecoderWithVehicleByPercentage;785,44;Alpha1
N020;69;PositionalAgatzDecoderWithVehicleByPercentage;791,85;Alpha1
N020;69;PositionalAgatzDecoderWithVehicleByPercentage;800,74;Alpha1
N020;69;PositionalAgatzDecoderWithVehicleByPercentage;799,86;Alpha1
N020;69;PositionalAgatzDecoderWithVehicleByPercentage;785,44;Alpha1
N020;69;PositionalAgatzDecoderWithVehicleByPercentage;787,91;Alpha1
N020;63;PositionalAgatzDecoderWithVehicleByPercentage;981,29;Alpha1
N020;63;PositionalAgatzDecoderWithVehicleByPercentage;1063,95;Alpha1
N020;63;PositionalAgatzDecoderWithVehicleByPercentage;1110,40;Alpha1
N020;63;PositionalAgatzDecoderWithVehicleByPercentage;1057,76;Alpha1
N020;63;PositionalAgatzDecoderWithVehicleByPercentage;986,25;Alpha1
N020;63;PositionalAgatzDecoderWithVehicleByPercentage;991,38;Alpha1
N020;63;PositionalAgatzDecoderWithVehicleByPercentage;981,29;Alpha1
N020;63;PositionalAgatzDecoderWithVehicleByPercentage;1051,78;Alpha1
N020;63;PositionalAgatzDecoderWithVehicleByPercentage;1071,05;Alpha1
N020;63;PositionalAgatzDecoderWithVehicleByPercentage;981,29;Alpha1
N020;62;PositionalAgatzDecoderWithVehicleByPercentage;844,11;Alpha1
N020;62;PositionalAgatzDecoderWithVehicleByPercentage;840,72;Alpha1
N020;62;PositionalAgatzDecoderWithVehicleByPercentage;850,67;Alpha1
N020;62;PositionalAgatzDecoderWithVehicleByPercentage;845,38;Alpha1
N020;62;PositionalAgatzDecoderWithVehicleByPercentage;842,02;Alpha1
N020;62;PositionalAgatzDecoderWithVehicleByPercentage;845,38;Alpha1
N020;62;PositionalAgatzDecoderWithVehicleByPercentage;844,11;Alpha1
N020;62;PositionalAgatzDecoderWithVehicleByPercentage;842,08;Alpha1
N020;62;PositionalAgatzDecoderWithVehicleByPercentage;840,72;Alpha1
N020;62;PositionalAgatzDecoderWithVehicleByPercentage;846,59;Alpha1
N020;64;PositionalAgatzDecoderWithVehicleByPercentage;1131,73;Alpha1
N020;64;PositionalAgatzDecoderWithVehicleByPercentage;1167,50;Alpha1
N020;64;PositionalAgatzDecoderWithVehicleByPercentage;1142,86;Alpha1
N020;64;PositionalAgatzDecoderWithVehicleByPercentage;1126,05;Alpha1
N020;64;PositionalAgatzDecoderWithVehicleByPercentage;1127,12;Alpha1
N020;64;PositionalAgatzDecoderWithVehicleByPercentage;1127,12;Alpha1
N020;64;PositionalAgatzDecoderWithVehicleByPercentage;1139,08;Alpha1
N020;64;PositionalAgatzDecoderWithVehicleByPercentage;1193,36;Alpha1
N020;64;PositionalAgatzDecoderWithVehicleByPercentage;1131,72;Alpha1
N020;64;PositionalAgatzDecoderWithVehicleByPercentage;1121,14;Alpha1
N020;66;PositionalAgatzDecoderWithVehicleByPercentage;799,02;Alpha1
N020;66;PositionalAgatzDecoderWithVehicleByPercentage;784,38;Alpha1
N020;66;PositionalAgatzDecoderWithVehicleByPercentage;770,36;Alpha1
N020;66;PositionalAgatzDecoderWithVehicleByPercentage;791,31;Alpha1
N020;66;PositionalAgatzDecoderWithVehicleByPercentage;774,23;Alpha1
N020;66;PositionalAgatzDecoderWithVehicleByPercentage;787,97;Alpha1
N020;66;PositionalAgatzDecoderWithVehicleByPercentage;794,00;Alpha1
N020;66;PositionalAgatzDecoderWithVehicleByPercentage;778,45;Alpha1
N020;66;PositionalAgatzDecoderWithVehicleByPercentage;774,23;Alpha1
N020;66;PositionalAgatzDecoderWithVehicleByPercentage;799,02;Alpha1
N020;70;PositionalAgatzDecoderWithVehicleByPercentage;852,41;Alpha1
N020;70;PositionalAgatzDecoderWithVehicleByPercentage;861,81;Alpha1
N020;70;PositionalAgatzDecoderWithVehicleByPercentage;881,03;Alpha1
N020;70;PositionalAgatzDecoderWithVehicleByPercentage;913,92;Alpha1
N020;70;PositionalAgatzDecoderWithVehicleByPercentage;869,33;Alpha1
N020;70;PositionalAgatzDecoderWithVehicleByPercentage;881,69;Alpha1
N020;70;PositionalAgatzDecoderWithVehicleByPercentage;858,47;Alpha1
N020;70;PositionalAgatzDecoderWithVehicleByPercentage;897,10;Alpha1
N020;70;PositionalAgatzDecoderWithVehicleByPercentage;901,43;Alpha1
N020;70;PositionalAgatzDecoderWithVehicleByPercentage;881,69;Alpha1
N020;61;PositionalAgatzDecoderWithVehicleByPercentage;906,38;Alpha1
N020;61;PositionalAgatzDecoderWithVehicleByPercentage;906,38;Alpha1
N020;61;PositionalAgatzDecoderWithVehicleByPercentage;885,96;Alpha1
N020;61;PositionalAgatzDecoderWithVehicleByPercentage;909,58;Alpha1
N020;61;PositionalAgatzDecoderWithVehicleByPercentage;894,91;Alpha1
N020;61;PositionalAgatzDecoderWithVehicleByPercentage;921,94;Alpha1
N020;61;PositionalAgatzDecoderWithVehicleByPercentage;921,94;Alpha1
N020;61;PositionalAgatzDecoderWithVehicleByPercentage;885,96;Alpha1
N020;61;PositionalAgatzDecoderWithVehicleByPercentage;885,96;Alpha1
N020;61;PositionalAgatzDecoderWithVehicleByPercentage;916,12;Alpha1
N050;77;PositionalAgatzDecoderWithVehicleByPercentage;1454,03;Alpha1
N050;77;PositionalAgatzDecoderWithVehicleByPercentage;1646,91;Alpha1
N050;77;PositionalAgatzDecoderWithVehicleByPercentage;1580,52;Alpha1
N050;77;PositionalAgatzDecoderWithVehicleByPercentage;1621,13;Alpha1
N050;77;PositionalAgatzDecoderWithVehicleByPercentage;1580,30;Alpha1
N050;77;PositionalAgatzDecoderWithVehicleByPercentage;1438,81;Alpha1
N050;77;PositionalAgatzDecoderWithVehicleByPercentage;1660,43;Alpha1
N050;77;PositionalAgatzDecoderWithVehicleByPercentage;1685,63;Alpha1
N050;77;PositionalAgatzDecoderWithVehicleByPercentage;1293,37;Alpha1
N050;77;PositionalAgatzDecoderWithVehicleByPercentage;1679,69;Alpha1
N050;80;PositionalAgatzDecoderWithVehicleByPercentage;1744,10;Alpha1
N050;80;PositionalAgatzDecoderWithVehicleByPercentage;1561,95;Alpha1
N050;80;PositionalAgatzDecoderWithVehicleByPercentage;1701,49;Alpha1
N050;80;PositionalAgatzDecoderWithVehicleByPercentage;1932,81;Alpha1
N050;80;PositionalAgatzDecoderWithVehicleByPercentage;1849,18;Alpha1
N050;80;PositionalAgatzDecoderWithVehicleByPercentage;1955,14;Alpha1
N050;80;PositionalAgatzDecoderWithVehicleByPercentage;1831,87;Alpha1
N050;80;PositionalAgatzDecoderWithVehicleByPercentage;1653,01;Alpha1
N050;80;PositionalAgatzDecoderWithVehicleByPercentage;1795,24;Alpha1
N050;80;PositionalAgatzDecoderWithVehicleByPercentage;1821,16;Alpha1
N050;71;PositionalAgatzDecoderWithVehicleByPercentage;1607,50;Alpha1
N050;71;PositionalAgatzDecoderWithVehicleByPercentage;1850,10;Alpha1
N050;71;PositionalAgatzDecoderWithVehicleByPercentage;1627,34;Alpha1
N050;71;PositionalAgatzDecoderWithVehicleByPercentage;1826,20;Alpha1
N050;71;PositionalAgatzDecoderWithVehicleByPercentage;1858,12;Alpha1
N050;71;PositionalAgatzDecoderWithVehicleByPercentage;1776,48;Alpha1
N050;71;PositionalAgatzDecoderWithVehicleByPercentage;1848,37;Alpha1
N050;71;PositionalAgatzDecoderWithVehicleByPercentage;1844,04;Alpha1
N050;71;PositionalAgatzDecoderWithVehicleByPercentage;1597,35;Alpha1
N050;71;PositionalAgatzDecoderWithVehicleByPercentage;2016,95;Alpha1
N050;73;PositionalAgatzDecoderWithVehicleByPercentage;1889,78;Alpha1
N050;73;PositionalAgatzDecoderWithVehicleByPercentage;1539,20;Alpha1
N050;73;PositionalAgatzDecoderWithVehicleByPercentage;1588,00;Alpha1
N050;73;PositionalAgatzDecoderWithVehicleByPercentage;1596,63;Alpha1
N050;73;PositionalAgatzDecoderWithVehicleByPercentage;1509,68;Alpha1
N050;73;PositionalAgatzDecoderWithVehicleByPercentage;1551,39;Alpha1
N050;73;PositionalAgatzDecoderWithVehicleByPercentage;1685,15;Alpha1
N050;73;PositionalAgatzDecoderWithVehicleByPercentage;1582,65;Alpha1
N050;73;PositionalAgatzDecoderWithVehicleByPercentage;1307,00;Alpha1
N050;73;PositionalAgatzDecoderWithVehicleByPercentage;1870,93;Alpha1
N050;75;PositionalAgatzDecoderWithVehicleByPercentage;1949,94;Alpha1
N050;75;PositionalAgatzDecoderWithVehicleByPercentage;1650,38;Alpha1
N050;75;PositionalAgatzDecoderWithVehicleByPercentage;1467,39;Alpha1
N050;75;PositionalAgatzDecoderWithVehicleByPercentage;1407,71;Alpha1
N050;75;PositionalAgatzDecoderWithVehicleByPercentage;1704,30;Alpha1
N050;75;PositionalAgatzDecoderWithVehicleByPercentage;2007,41;Alpha1
N050;75;PositionalAgatzDecoderWithVehicleByPercentage;1548,08;Alpha1
N050;75;PositionalAgatzDecoderWithVehicleByPercentage;1756,39;Alpha1
N050;75;PositionalAgatzDecoderWithVehicleByPercentage;1765,14;Alpha1
N050;75;PositionalAgatzDecoderWithVehicleByPercentage;1650,31;Alpha1
N050;76;PositionalAgatzDecoderWithVehicleByPercentage;1852,39;Alpha1
N050;76;PositionalAgatzDecoderWithVehicleByPercentage;1728,02;Alpha1
N050;76;PositionalAgatzDecoderWithVehicleByPercentage;1734,27;Alpha1
N050;76;PositionalAgatzDecoderWithVehicleByPercentage;1801,82;Alpha1
N050;76;PositionalAgatzDecoderWithVehicleByPercentage;1674,76;Alpha1
N050;76;PositionalAgatzDecoderWithVehicleByPercentage;1799,48;Alpha1
N050;76;PositionalAgatzDecoderWithVehicleByPercentage;1742,73;Alpha1
N050;76;PositionalAgatzDecoderWithVehicleByPercentage;1932,79;Alpha1
N050;76;PositionalAgatzDecoderWithVehicleByPercentage;1697,62;Alpha1
N050;76;PositionalAgatzDecoderWithVehicleByPercentage;1950,13;Alpha1
N050;78;PositionalAgatzDecoderWithVehicleByPercentage;1954,96;Alpha1
N050;78;PositionalAgatzDecoderWithVehicleByPercentage;1693,07;Alpha1
N050;78;PositionalAgatzDecoderWithVehicleByPercentage;1636,94;Alpha1
N050;78;PositionalAgatzDecoderWithVehicleByPercentage;1872,07;Alpha1
N050;78;PositionalAgatzDecoderWithVehicleByPercentage;1614,01;Alpha1
N050;78;PositionalAgatzDecoderWithVehicleByPercentage;1840,24;Alpha1
N050;78;PositionalAgatzDecoderWithVehicleByPercentage;1920,36;Alpha1
N050;78;PositionalAgatzDecoderWithVehicleByPercentage;1634,93;Alpha1
N050;78;PositionalAgatzDecoderWithVehicleByPercentage;1755,99;Alpha1
N050;78;PositionalAgatzDecoderWithVehicleByPercentage;1924,69;Alpha1
N050;79;PositionalAgatzDecoderWithVehicleByPercentage;1412,28;Alpha1
N050;79;PositionalAgatzDecoderWithVehicleByPercentage;1637,32;Alpha1
N050;79;PositionalAgatzDecoderWithVehicleByPercentage;1520,82;Alpha1
N050;79;PositionalAgatzDecoderWithVehicleByPercentage;1665,37;Alpha1
N050;79;PositionalAgatzDecoderWithVehicleByPercentage;1646,58;Alpha1
N050;79;PositionalAgatzDecoderWithVehicleByPercentage;1927,56;Alpha1
N050;79;PositionalAgatzDecoderWithVehicleByPercentage;1698,26;Alpha1
N050;79;PositionalAgatzDecoderWithVehicleByPercentage;1567,01;Alpha1
N050;79;PositionalAgatzDecoderWithVehicleByPercentage;1570,07;Alpha1
N050;79;PositionalAgatzDecoderWithVehicleByPercentage;1496,04;Alpha1
N050;72;PositionalAgatzDecoderWithVehicleByPercentage;1567,08;Alpha1
N050;72;PositionalAgatzDecoderWithVehicleByPercentage;1703,46;Alpha1
N050;72;PositionalAgatzDecoderWithVehicleByPercentage;1740,11;Alpha1
N050;72;PositionalAgatzDecoderWithVehicleByPercentage;1709,10;Alpha1
N050;72;PositionalAgatzDecoderWithVehicleByPercentage;1712,28;Alpha1
N050;72;PositionalAgatzDecoderWithVehicleByPercentage;1708,84;Alpha1
N050;72;PositionalAgatzDecoderWithVehicleByPercentage;1529,35;Alpha1
N050;72;PositionalAgatzDecoderWithVehicleByPercentage;1729,46;Alpha1
N050;72;PositionalAgatzDecoderWithVehicleByPercentage;1825,08;Alpha1
N050;72;PositionalAgatzDecoderWithVehicleByPercentage;1696,32;Alpha1
N050;74;PositionalAgatzDecoderWithVehicleByPercentage;1669,33;Alpha1
N050;74;PositionalAgatzDecoderWithVehicleByPercentage;1551,91;Alpha1
N050;74;PositionalAgatzDecoderWithVehicleByPercentage;1332,89;Alpha1
N050;74;PositionalAgatzDecoderWithVehicleByPercentage;2016,84;Alpha1
N050;74;PositionalAgatzDecoderWithVehicleByPercentage;1319,84;Alpha1
N050;74;PositionalAgatzDecoderWithVehicleByPercentage;1601,06;Alpha1
N050;74;PositionalAgatzDecoderWithVehicleByPercentage;1601,42;Alpha1
N050;74;PositionalAgatzDecoderWithVehicleByPercentage;1937,17;Alpha1
N050;74;PositionalAgatzDecoderWithVehicleByPercentage;1595,03;Alpha1
N050;74;PositionalAgatzDecoderWithVehicleByPercentage;1551,45;Alpha1
N075;87;PositionalAgatzDecoderWithVehicleByPercentage;2523,65;Alpha1
N075;87;PositionalAgatzDecoderWithVehicleByPercentage;2442,25;Alpha1
N075;87;PositionalAgatzDecoderWithVehicleByPercentage;2886,73;Alpha1
N075;87;PositionalAgatzDecoderWithVehicleByPercentage;2454,25;Alpha1
N075;87;PositionalAgatzDecoderWithVehicleByPercentage;2762,16;Alpha1
N075;87;PositionalAgatzDecoderWithVehicleByPercentage;2200,76;Alpha1
N075;87;PositionalAgatzDecoderWithVehicleByPercentage;2402,69;Alpha1
N075;87;PositionalAgatzDecoderWithVehicleByPercentage;2110,99;Alpha1
N075;87;PositionalAgatzDecoderWithVehicleByPercentage;2408,95;Alpha1
N075;87;PositionalAgatzDecoderWithVehicleByPercentage;2312,44;Alpha1
N075;90;PositionalAgatzDecoderWithVehicleByPercentage;2634,29;Alpha1
N075;90;PositionalAgatzDecoderWithVehicleByPercentage;2617,00;Alpha1
N075;90;PositionalAgatzDecoderWithVehicleByPercentage;2335,46;Alpha1
N075;90;PositionalAgatzDecoderWithVehicleByPercentage;1976,70;Alpha1
N075;90;PositionalAgatzDecoderWithVehicleByPercentage;1973,36;Alpha1
N075;90;PositionalAgatzDecoderWithVehicleByPercentage;2641,11;Alpha1
N075;90;PositionalAgatzDecoderWithVehicleByPercentage;2071,69;Alpha1
N075;90;PositionalAgatzDecoderWithVehicleByPercentage;2102,98;Alpha1
N075;90;PositionalAgatzDecoderWithVehicleByPercentage;2419,10;Alpha1
N075;90;PositionalAgatzDecoderWithVehicleByPercentage;2152,96;Alpha1
N075;85;PositionalAgatzDecoderWithVehicleByPercentage;3121,58;Alpha1
N075;85;PositionalAgatzDecoderWithVehicleByPercentage;2725,63;Alpha1
N075;85;PositionalAgatzDecoderWithVehicleByPercentage;2834,97;Alpha1
N075;85;PositionalAgatzDecoderWithVehicleByPercentage;2546,83;Alpha1
N075;85;PositionalAgatzDecoderWithVehicleByPercentage;2603,49;Alpha1
N075;85;PositionalAgatzDecoderWithVehicleByPercentage;2465,81;Alpha1
N075;85;PositionalAgatzDecoderWithVehicleByPercentage;2480,55;Alpha1
N075;85;PositionalAgatzDecoderWithVehicleByPercentage;3034,60;Alpha1
N075;85;PositionalAgatzDecoderWithVehicleByPercentage;2582,78;Alpha1
N075;85;PositionalAgatzDecoderWithVehicleByPercentage;2540,46;Alpha1
N075;86;PositionalAgatzDecoderWithVehicleByPercentage;2143,27;Alpha1
N075;86;PositionalAgatzDecoderWithVehicleByPercentage;2058,94;Alpha1
N075;86;PositionalAgatzDecoderWithVehicleByPercentage;2064,86;Alpha1
N075;86;PositionalAgatzDecoderWithVehicleByPercentage;2379,21;Alpha1
N075;86;PositionalAgatzDecoderWithVehicleByPercentage;2094,30;Alpha1
N075;86;PositionalAgatzDecoderWithVehicleByPercentage;2445,66;Alpha1
N075;86;PositionalAgatzDecoderWithVehicleByPercentage;2373,84;Alpha1
N075;86;PositionalAgatzDecoderWithVehicleByPercentage;2692,92;Alpha1
N075;86;PositionalAgatzDecoderWithVehicleByPercentage;2010,98;Alpha1
N075;86;PositionalAgatzDecoderWithVehicleByPercentage;2417,31;Alpha1
N075;88;PositionalAgatzDecoderWithVehicleByPercentage;2731,67;Alpha1
N075;88;PositionalAgatzDecoderWithVehicleByPercentage;3020,89;Alpha1
N075;88;PositionalAgatzDecoderWithVehicleByPercentage;2912,80;Alpha1
N075;88;PositionalAgatzDecoderWithVehicleByPercentage;2749,86;Alpha1
N075;88;PositionalAgatzDecoderWithVehicleByPercentage;2623,80;Alpha1
N075;88;PositionalAgatzDecoderWithVehicleByPercentage;2747,98;Alpha1
N075;88;PositionalAgatzDecoderWithVehicleByPercentage;3285,53;Alpha1
N075;88;PositionalAgatzDecoderWithVehicleByPercentage;2578,92;Alpha1
N075;88;PositionalAgatzDecoderWithVehicleByPercentage;2820,85;Alpha1
N075;88;PositionalAgatzDecoderWithVehicleByPercentage;3048,10;Alpha1
N075;89;PositionalAgatzDecoderWithVehicleByPercentage;2316,87;Alpha1
N075;89;PositionalAgatzDecoderWithVehicleByPercentage;2562,37;Alpha1
N075;89;PositionalAgatzDecoderWithVehicleByPercentage;2538,41;Alpha1
N075;89;PositionalAgatzDecoderWithVehicleByPercentage;2429,80;Alpha1
N075;89;PositionalAgatzDecoderWithVehicleByPercentage;2280,61;Alpha1
N075;89;PositionalAgatzDecoderWithVehicleByPercentage;2435,03;Alpha1
N075;89;PositionalAgatzDecoderWithVehicleByPercentage;2447,66;Alpha1
N075;89;PositionalAgatzDecoderWithVehicleByPercentage;2191,40;Alpha1
N075;89;PositionalAgatzDecoderWithVehicleByPercentage;2660,54;Alpha1
N075;89;PositionalAgatzDecoderWithVehicleByPercentage;2070,90;Alpha1
N075;81;PositionalAgatzDecoderWithVehicleByPercentage;2260,28;Alpha1
N075;81;PositionalAgatzDecoderWithVehicleByPercentage;2256,82;Alpha1
N075;81;PositionalAgatzDecoderWithVehicleByPercentage;2192,86;Alpha1
N075;81;PositionalAgatzDecoderWithVehicleByPercentage;2261,55;Alpha1
N075;81;PositionalAgatzDecoderWithVehicleByPercentage;2288,92;Alpha1
N075;81;PositionalAgatzDecoderWithVehicleByPercentage;2265,06;Alpha1
N075;81;PositionalAgatzDecoderWithVehicleByPercentage;2413,66;Alpha1
N075;81;PositionalAgatzDecoderWithVehicleByPercentage;2239,33;Alpha1
N075;81;PositionalAgatzDecoderWithVehicleByPercentage;2179,63;Alpha1
N075;81;PositionalAgatzDecoderWithVehicleByPercentage;2359,07;Alpha1
N075;82;PositionalAgatzDecoderWithVehicleByPercentage;2602,93;Alpha1
N075;82;PositionalAgatzDecoderWithVehicleByPercentage;2422,49;Alpha1
N075;82;PositionalAgatzDecoderWithVehicleByPercentage;2597,27;Alpha1
N075;82;PositionalAgatzDecoderWithVehicleByPercentage;2704,97;Alpha1
N075;82;PositionalAgatzDecoderWithVehicleByPercentage;2441,67;Alpha1
N075;82;PositionalAgatzDecoderWithVehicleByPercentage;2217,47;Alpha1
N075;82;PositionalAgatzDecoderWithVehicleByPercentage;2290,73;Alpha1
N075;82;PositionalAgatzDecoderWithVehicleByPercentage;2227,01;Alpha1
N075;82;PositionalAgatzDecoderWithVehicleByPercentage;2283,22;Alpha1
N075;82;PositionalAgatzDecoderWithVehicleByPercentage;2373,83;Alpha1
N075;83;PositionalAgatzDecoderWithVehicleByPercentage;2490,38;Alpha1
N075;83;PositionalAgatzDecoderWithVehicleByPercentage;2052,41;Alpha1
N075;83;PositionalAgatzDecoderWithVehicleByPercentage;2345,54;Alpha1
N075;83;PositionalAgatzDecoderWithVehicleByPercentage;2127,42;Alpha1
N075;83;PositionalAgatzDecoderWithVehicleByPercentage;2761,12;Alpha1
N075;83;PositionalAgatzDecoderWithVehicleByPercentage;2761,10;Alpha1
N075;83;PositionalAgatzDecoderWithVehicleByPercentage;2410,87;Alpha1
N075;83;PositionalAgatzDecoderWithVehicleByPercentage;2582,56;Alpha1
N075;83;PositionalAgatzDecoderWithVehicleByPercentage;2917,77;Alpha1
N075;83;PositionalAgatzDecoderWithVehicleByPercentage;2769,98;Alpha1
N075;84;PositionalAgatzDecoderWithVehicleByPercentage;2911,98;Alpha1
N075;84;PositionalAgatzDecoderWithVehicleByPercentage;2482,59;Alpha1
N075;84;PositionalAgatzDecoderWithVehicleByPercentage;2688,46;Alpha1
N075;84;PositionalAgatzDecoderWithVehicleByPercentage;2790,91;Alpha1
N075;84;PositionalAgatzDecoderWithVehicleByPercentage;2949,85;Alpha1
N075;84;PositionalAgatzDecoderWithVehicleByPercentage;2806,37;Alpha1
N075;84;PositionalAgatzDecoderWithVehicleByPercentage;2969,67;Alpha1
N075;84;PositionalAgatzDecoderWithVehicleByPercentage;2756,34;Alpha1
N075;84;PositionalAgatzDecoderWithVehicleByPercentage;2911,01;Alpha1
N075;84;PositionalAgatzDecoderWithVehicleByPercentage;3339,47;Alpha1
N100;97;PositionalAgatzDecoderWithVehicleByPercentage;3252,34;Alpha1
N100;97;PositionalAgatzDecoderWithVehicleByPercentage;3693,95;Alpha1
N100;97;PositionalAgatzDecoderWithVehicleByPercentage;3707,75;Alpha1
N100;97;PositionalAgatzDecoderWithVehicleByPercentage;3703,78;Alpha1
N100;97;PositionalAgatzDecoderWithVehicleByPercentage;3340,21;Alpha1
N100;97;PositionalAgatzDecoderWithVehicleByPercentage;3654,26;Alpha1
N100;97;PositionalAgatzDecoderWithVehicleByPercentage;3486,73;Alpha1
N100;97;PositionalAgatzDecoderWithVehicleByPercentage;3546,02;Alpha1
N100;97;PositionalAgatzDecoderWithVehicleByPercentage;3001,96;Alpha1
N100;97;PositionalAgatzDecoderWithVehicleByPercentage;3619,57;Alpha1
N100;98;PositionalAgatzDecoderWithVehicleByPercentage;3526,75;Alpha1
N100;98;PositionalAgatzDecoderWithVehicleByPercentage;3094,33;Alpha1
N100;98;PositionalAgatzDecoderWithVehicleByPercentage;3367,64;Alpha1
N100;98;PositionalAgatzDecoderWithVehicleByPercentage;3383,89;Alpha1
N100;98;PositionalAgatzDecoderWithVehicleByPercentage;3163,28;Alpha1
N100;98;PositionalAgatzDecoderWithVehicleByPercentage;3060,14;Alpha1
N100;98;PositionalAgatzDecoderWithVehicleByPercentage;3063,59;Alpha1
N100;98;PositionalAgatzDecoderWithVehicleByPercentage;2799,42;Alpha1
N100;98;PositionalAgatzDecoderWithVehicleByPercentage;3451,75;Alpha1
N100;98;PositionalAgatzDecoderWithVehicleByPercentage;3623,56;Alpha1
N100;100;PositionalAgatzDecoderWithVehicleByPercentage;3304,01;Alpha1
N100;100;PositionalAgatzDecoderWithVehicleByPercentage;3802,02;Alpha1
N100;100;PositionalAgatzDecoderWithVehicleByPercentage;3723,96;Alpha1
N100;100;PositionalAgatzDecoderWithVehicleByPercentage;3399,60;Alpha1
N100;100;PositionalAgatzDecoderWithVehicleByPercentage;3079,03;Alpha1
N100;100;PositionalAgatzDecoderWithVehicleByPercentage;3706,88;Alpha1
N100;100;PositionalAgatzDecoderWithVehicleByPercentage;3322,34;Alpha1
N100;100;PositionalAgatzDecoderWithVehicleByPercentage;3117,70;Alpha1
N100;100;PositionalAgatzDecoderWithVehicleByPercentage;3928,29;Alpha1
N100;100;PositionalAgatzDecoderWithVehicleByPercentage;2950,75;Alpha1
N100;91;PositionalAgatzDecoderWithVehicleByPercentage;3493,11;Alpha1
N100;91;PositionalAgatzDecoderWithVehicleByPercentage;3276,87;Alpha1
N100;91;PositionalAgatzDecoderWithVehicleByPercentage;3284,00;Alpha1
N100;91;PositionalAgatzDecoderWithVehicleByPercentage;3103,65;Alpha1
N100;91;PositionalAgatzDecoderWithVehicleByPercentage;3500,18;Alpha1
N100;91;PositionalAgatzDecoderWithVehicleByPercentage;2909,43;Alpha1
N100;91;PositionalAgatzDecoderWithVehicleByPercentage;3212,57;Alpha1
N100;91;PositionalAgatzDecoderWithVehicleByPercentage;3447,42;Alpha1
N100;91;PositionalAgatzDecoderWithVehicleByPercentage;3193,24;Alpha1
N100;91;PositionalAgatzDecoderWithVehicleByPercentage;3267,73;Alpha1
N100;93;PositionalAgatzDecoderWithVehicleByPercentage;3253,27;Alpha1
N100;93;PositionalAgatzDecoderWithVehicleByPercentage;3421,30;Alpha1
N100;93;PositionalAgatzDecoderWithVehicleByPercentage;2923,32;Alpha1
N100;93;PositionalAgatzDecoderWithVehicleByPercentage;3038,84;Alpha1
N100;93;PositionalAgatzDecoderWithVehicleByPercentage;3445,41;Alpha1
N100;93;PositionalAgatzDecoderWithVehicleByPercentage;3194,99;Alpha1
N100;93;PositionalAgatzDecoderWithVehicleByPercentage;3180,79;Alpha1
N100;93;PositionalAgatzDecoderWithVehicleByPercentage;2649,18;Alpha1
N100;93;PositionalAgatzDecoderWithVehicleByPercentage;3204,40;Alpha1
N100;93;PositionalAgatzDecoderWithVehicleByPercentage;2904,41;Alpha1
N100;95;PositionalAgatzDecoderWithVehicleByPercentage;3370,74;Alpha1
N100;95;PositionalAgatzDecoderWithVehicleByPercentage;3381,13;Alpha1
N100;95;PositionalAgatzDecoderWithVehicleByPercentage;3658,82;Alpha1
N100;95;PositionalAgatzDecoderWithVehicleByPercentage;4032,59;Alpha1
N100;95;PositionalAgatzDecoderWithVehicleByPercentage;3347,29;Alpha1
N100;95;PositionalAgatzDecoderWithVehicleByPercentage;3454,93;Alpha1
N100;95;PositionalAgatzDecoderWithVehicleByPercentage;3100,67;Alpha1
N100;95;PositionalAgatzDecoderWithVehicleByPercentage;3207,28;Alpha1
N100;95;PositionalAgatzDecoderWithVehicleByPercentage;3318,20;Alpha1
N100;95;PositionalAgatzDecoderWithVehicleByPercentage;3478,12;Alpha1
N100;96;PositionalAgatzDecoderWithVehicleByPercentage;3302,26;Alpha1
N100;96;PositionalAgatzDecoderWithVehicleByPercentage;3000,51;Alpha1
N100;96;PositionalAgatzDecoderWithVehicleByPercentage;3667,21;Alpha1
N100;96;PositionalAgatzDecoderWithVehicleByPercentage;3902,43;Alpha1
N100;96;PositionalAgatzDecoderWithVehicleByPercentage;3343,42;Alpha1
N100;96;PositionalAgatzDecoderWithVehicleByPercentage;3126,30;Alpha1
N100;96;PositionalAgatzDecoderWithVehicleByPercentage;3416,97;Alpha1
N100;96;PositionalAgatzDecoderWithVehicleByPercentage;3138,58;Alpha1
N100;96;PositionalAgatzDecoderWithVehicleByPercentage;3468,55;Alpha1
N100;96;PositionalAgatzDecoderWithVehicleByPercentage;3335,11;Alpha1
N100;92;PositionalAgatzDecoderWithVehicleByPercentage;3082,93;Alpha1
N100;92;PositionalAgatzDecoderWithVehicleByPercentage;3144,99;Alpha1
N100;92;PositionalAgatzDecoderWithVehicleByPercentage;3710,53;Alpha1
N100;92;PositionalAgatzDecoderWithVehicleByPercentage;3210,07;Alpha1
N100;92;PositionalAgatzDecoderWithVehicleByPercentage;2907,58;Alpha1
N100;92;PositionalAgatzDecoderWithVehicleByPercentage;3002,34;Alpha1
N100;92;PositionalAgatzDecoderWithVehicleByPercentage;3462,90;Alpha1
N100;92;PositionalAgatzDecoderWithVehicleByPercentage;2586,49;Alpha1
N100;92;PositionalAgatzDecoderWithVehicleByPercentage;3181,94;Alpha1
N100;92;PositionalAgatzDecoderWithVehicleByPercentage;2934,31;Alpha1
N100;94;PositionalAgatzDecoderWithVehicleByPercentage;3602,44;Alpha1
N100;94;PositionalAgatzDecoderWithVehicleByPercentage;3429,03;Alpha1
N100;94;PositionalAgatzDecoderWithVehicleByPercentage;3603,49;Alpha1
N100;94;PositionalAgatzDecoderWithVehicleByPercentage;3577,54;Alpha1
N100;94;PositionalAgatzDecoderWithVehicleByPercentage;3034,18;Alpha1
N100;94;PositionalAgatzDecoderWithVehicleByPercentage;3286,05;Alpha1
N100;94;PositionalAgatzDecoderWithVehicleByPercentage;3836,82;Alpha1
N100;94;PositionalAgatzDecoderWithVehicleByPercentage;3170,76;Alpha1
N100;94;PositionalAgatzDecoderWithVehicleByPercentage;3152,70;Alpha1
N100;94;PositionalAgatzDecoderWithVehicleByPercentage;3262,32;Alpha1
N100;99;PositionalAgatzDecoderWithVehicleByPercentage;3139,56;Alpha1
N100;99;PositionalAgatzDecoderWithVehicleByPercentage;3401,39;Alpha1
N100;99;PositionalAgatzDecoderWithVehicleByPercentage;2993,43;Alpha1
N100;99;PositionalAgatzDecoderWithVehicleByPercentage;2894,52;Alpha1
N100;99;PositionalAgatzDecoderWithVehicleByPercentage;2548,13;Alpha1
N100;99;PositionalAgatzDecoderWithVehicleByPercentage;3066,52;Alpha1
N100;99;PositionalAgatzDecoderWithVehicleByPercentage;3365,60;Alpha1
N100;99;PositionalAgatzDecoderWithVehicleByPercentage;3760,19;Alpha1
N100;99;PositionalAgatzDecoderWithVehicleByPercentage;3366,44;Alpha1
N100;99;PositionalAgatzDecoderWithVehicleByPercentage;2773,49;Alpha1
N175;103;PositionalAgatzDecoderWithVehicleByPercentage;6265,97;Alpha1
N175;103;PositionalAgatzDecoderWithVehicleByPercentage;6810,54;Alpha1
N175;103;PositionalAgatzDecoderWithVehicleByPercentage;6523,90;Alpha1
N175;103;PositionalAgatzDecoderWithVehicleByPercentage;6594,65;Alpha1
N175;103;PositionalAgatzDecoderWithVehicleByPercentage;6176,11;Alpha1
N175;103;PositionalAgatzDecoderWithVehicleByPercentage;6611,48;Alpha1
N175;103;PositionalAgatzDecoderWithVehicleByPercentage;6038,50;Alpha1
N175;103;PositionalAgatzDecoderWithVehicleByPercentage;6043,29;Alpha1
N175;103;PositionalAgatzDecoderWithVehicleByPercentage;7103,32;Alpha1
N175;103;PositionalAgatzDecoderWithVehicleByPercentage;6027,01;Alpha1
N175;104;PositionalAgatzDecoderWithVehicleByPercentage;6242,36;Alpha1
N175;104;PositionalAgatzDecoderWithVehicleByPercentage;6103,91;Alpha1
N175;104;PositionalAgatzDecoderWithVehicleByPercentage;6054,30;Alpha1
N175;104;PositionalAgatzDecoderWithVehicleByPercentage;5751,92;Alpha1
N175;104;PositionalAgatzDecoderWithVehicleByPercentage;6767,85;Alpha1
N175;104;PositionalAgatzDecoderWithVehicleByPercentage;5736,62;Alpha1
N175;104;PositionalAgatzDecoderWithVehicleByPercentage;6167,95;Alpha1
N175;104;PositionalAgatzDecoderWithVehicleByPercentage;6724,70;Alpha1
N175;104;PositionalAgatzDecoderWithVehicleByPercentage;6589,32;Alpha1
N175;104;PositionalAgatzDecoderWithVehicleByPercentage;6063,33;Alpha1
N175;108;PositionalAgatzDecoderWithVehicleByPercentage;6367,90;Alpha1
N175;108;PositionalAgatzDecoderWithVehicleByPercentage;7018,68;Alpha1
N175;108;PositionalAgatzDecoderWithVehicleByPercentage;6533,80;Alpha1
N175;108;PositionalAgatzDecoderWithVehicleByPercentage;6548,53;Alpha1
N175;108;PositionalAgatzDecoderWithVehicleByPercentage;6995,11;Alpha1
N175;108;PositionalAgatzDecoderWithVehicleByPercentage;6415,60;Alpha1
N175;108;PositionalAgatzDecoderWithVehicleByPercentage;6631,88;Alpha1
N175;108;PositionalAgatzDecoderWithVehicleByPercentage;6126,97;Alpha1
N175;108;PositionalAgatzDecoderWithVehicleByPercentage;6800,36;Alpha1
N175;108;PositionalAgatzDecoderWithVehicleByPercentage;6281,10;Alpha1
N175;101;PositionalAgatzDecoderWithVehicleByPercentage;5378,34;Alpha1
N175;101;PositionalAgatzDecoderWithVehicleByPercentage;5614,07;Alpha1
N175;101;PositionalAgatzDecoderWithVehicleByPercentage;6098,16;Alpha1
N175;101;PositionalAgatzDecoderWithVehicleByPercentage;5817,28;Alpha1
N175;101;PositionalAgatzDecoderWithVehicleByPercentage;5640,59;Alpha1
N175;101;PositionalAgatzDecoderWithVehicleByPercentage;5428,54;Alpha1
N175;101;PositionalAgatzDecoderWithVehicleByPercentage;5863,38;Alpha1
N175;101;PositionalAgatzDecoderWithVehicleByPercentage;6124,49;Alpha1
N175;101;PositionalAgatzDecoderWithVehicleByPercentage;6868,39;Alpha1
N175;101;PositionalAgatzDecoderWithVehicleByPercentage;6069,59;Alpha1
N175;102;PositionalAgatzDecoderWithVehicleByPercentage;7380,84;Alpha1
N175;102;PositionalAgatzDecoderWithVehicleByPercentage;6447,14;Alpha1
N175;102;PositionalAgatzDecoderWithVehicleByPercentage;6603,74;Alpha1
N175;102;PositionalAgatzDecoderWithVehicleByPercentage;6965,93;Alpha1
N175;102;PositionalAgatzDecoderWithVehicleByPercentage;6594,16;Alpha1
N175;102;PositionalAgatzDecoderWithVehicleByPercentage;7339,52;Alpha1
N175;102;PositionalAgatzDecoderWithVehicleByPercentage;6246,82;Alpha1
N175;102;PositionalAgatzDecoderWithVehicleByPercentage;6055,99;Alpha1
N175;102;PositionalAgatzDecoderWithVehicleByPercentage;6588,82;Alpha1
N175;102;PositionalAgatzDecoderWithVehicleByPercentage;6579,28;Alpha1
N175;105;PositionalAgatzDecoderWithVehicleByPercentage;6341,15;Alpha1
N175;105;PositionalAgatzDecoderWithVehicleByPercentage;6584,68;Alpha1
N175;105;PositionalAgatzDecoderWithVehicleByPercentage;6154,32;Alpha1
N175;105;PositionalAgatzDecoderWithVehicleByPercentage;6429,96;Alpha1
N175;105;PositionalAgatzDecoderWithVehicleByPercentage;6224,50;Alpha1
N175;105;PositionalAgatzDecoderWithVehicleByPercentage;6056,07;Alpha1
N175;105;PositionalAgatzDecoderWithVehicleByPercentage;6157,85;Alpha1
N175;105;PositionalAgatzDecoderWithVehicleByPercentage;6079,30;Alpha1
N175;105;PositionalAgatzDecoderWithVehicleByPercentage;7086,67;Alpha1
N175;105;PositionalAgatzDecoderWithVehicleByPercentage;6827,28;Alpha1
N175;106;PositionalAgatzDecoderWithVehicleByPercentage;7427,31;Alpha1
N175;106;PositionalAgatzDecoderWithVehicleByPercentage;6634,77;Alpha1
N175;106;PositionalAgatzDecoderWithVehicleByPercentage;5903,05;Alpha1
N175;106;PositionalAgatzDecoderWithVehicleByPercentage;7104,91;Alpha1
N175;106;PositionalAgatzDecoderWithVehicleByPercentage;6097,53;Alpha1
N175;106;PositionalAgatzDecoderWithVehicleByPercentage;6284,49;Alpha1
N175;106;PositionalAgatzDecoderWithVehicleByPercentage;6690,73;Alpha1
N175;106;PositionalAgatzDecoderWithVehicleByPercentage;6708,06;Alpha1
N175;106;PositionalAgatzDecoderWithVehicleByPercentage;6477,99;Alpha1
N175;106;PositionalAgatzDecoderWithVehicleByPercentage;6605,31;Alpha1
N175;107;PositionalAgatzDecoderWithVehicleByPercentage;7256,94;Alpha1
N175;107;PositionalAgatzDecoderWithVehicleByPercentage;6358,54;Alpha1
N175;107;PositionalAgatzDecoderWithVehicleByPercentage;6130,64;Alpha1
N175;107;PositionalAgatzDecoderWithVehicleByPercentage;6038,00;Alpha1
N175;107;PositionalAgatzDecoderWithVehicleByPercentage;6314,98;Alpha1
N175;107;PositionalAgatzDecoderWithVehicleByPercentage;6467,66;Alpha1
N175;107;PositionalAgatzDecoderWithVehicleByPercentage;6982,28;Alpha1
N175;107;PositionalAgatzDecoderWithVehicleByPercentage;5964,83;Alpha1
N175;107;PositionalAgatzDecoderWithVehicleByPercentage;7432,99;Alpha1
N175;107;PositionalAgatzDecoderWithVehicleByPercentage;6773,16;Alpha1
N175;109;PositionalAgatzDecoderWithVehicleByPercentage;5823,37;Alpha1
N175;109;PositionalAgatzDecoderWithVehicleByPercentage;7118,42;Alpha1
N175;109;PositionalAgatzDecoderWithVehicleByPercentage;6276,93;Alpha1
N175;109;PositionalAgatzDecoderWithVehicleByPercentage;6100,33;Alpha1
N175;109;PositionalAgatzDecoderWithVehicleByPercentage;6026,78;Alpha1
N175;109;PositionalAgatzDecoderWithVehicleByPercentage;6690,04;Alpha1
N175;109;PositionalAgatzDecoderWithVehicleByPercentage;6618,02;Alpha1
N175;109;PositionalAgatzDecoderWithVehicleByPercentage;6421,54;Alpha1
N175;109;PositionalAgatzDecoderWithVehicleByPercentage;6914,85;Alpha1
N175;109;PositionalAgatzDecoderWithVehicleByPercentage;6570,96;Alpha1
N175;110;PositionalAgatzDecoderWithVehicleByPercentage;5873,96;Alpha1
N175;110;PositionalAgatzDecoderWithVehicleByPercentage;6371,79;Alpha1
N175;110;PositionalAgatzDecoderWithVehicleByPercentage;6202,37;Alpha1
N175;110;PositionalAgatzDecoderWithVehicleByPercentage;6128,18;Alpha1
N175;110;PositionalAgatzDecoderWithVehicleByPercentage;7040,75;Alpha1
N175;110;PositionalAgatzDecoderWithVehicleByPercentage;6158,93;Alpha1
N175;110;PositionalAgatzDecoderWithVehicleByPercentage;6725,02;Alpha1
N175;110;PositionalAgatzDecoderWithVehicleByPercentage;7053,82;Alpha1
N175;110;PositionalAgatzDecoderWithVehicleByPercentage;6937,01;Alpha1
N175;110;PositionalAgatzDecoderWithVehicleByPercentage;7316,97;Alpha1
N250;1;PositionalAgatzDecoderWithVehicleByPercentage;10312,56;Alpha1
N250;1;PositionalAgatzDecoderWithVehicleByPercentage;8854,21;Alpha1
N250;1;PositionalAgatzDecoderWithVehicleByPercentage;10719,88;Alpha1
N250;1;PositionalAgatzDecoderWithVehicleByPercentage;10810,41;Alpha1
N250;1;PositionalAgatzDecoderWithVehicleByPercentage;10478,20;Alpha1
N250;1;PositionalAgatzDecoderWithVehicleByPercentage;9392,58;Alpha1
N250;1;PositionalAgatzDecoderWithVehicleByPercentage;9313,15;Alpha1
N250;1;PositionalAgatzDecoderWithVehicleByPercentage;10759,42;Alpha1
N250;1;PositionalAgatzDecoderWithVehicleByPercentage;10137,92;Alpha1
N250;1;PositionalAgatzDecoderWithVehicleByPercentage;8932,22;Alpha1
N250;5;PositionalAgatzDecoderWithVehicleByPercentage;10499,26;Alpha1
N250;5;PositionalAgatzDecoderWithVehicleByPercentage;9548,80;Alpha1
N250;5;PositionalAgatzDecoderWithVehicleByPercentage;10119,38;Alpha1
N250;5;PositionalAgatzDecoderWithVehicleByPercentage;10013,69;Alpha1
N250;5;PositionalAgatzDecoderWithVehicleByPercentage;9972,98;Alpha1
N250;5;PositionalAgatzDecoderWithVehicleByPercentage;10518,70;Alpha1
N250;5;PositionalAgatzDecoderWithVehicleByPercentage;9723,61;Alpha1
N250;5;PositionalAgatzDecoderWithVehicleByPercentage;9415,34;Alpha1
N250;5;PositionalAgatzDecoderWithVehicleByPercentage;11468,98;Alpha1
N250;5;PositionalAgatzDecoderWithVehicleByPercentage;10176,49;Alpha1
N250;113;PositionalAgatzDecoderWithVehicleByPercentage;9145,77;Alpha1
N250;113;PositionalAgatzDecoderWithVehicleByPercentage;9512,36;Alpha1
N250;113;PositionalAgatzDecoderWithVehicleByPercentage;8926,92;Alpha1
N250;113;PositionalAgatzDecoderWithVehicleByPercentage;9465,55;Alpha1
N250;113;PositionalAgatzDecoderWithVehicleByPercentage;9129,98;Alpha1
N250;113;PositionalAgatzDecoderWithVehicleByPercentage;8899,04;Alpha1
N250;113;PositionalAgatzDecoderWithVehicleByPercentage;9303,57;Alpha1
N250;113;PositionalAgatzDecoderWithVehicleByPercentage;9320,76;Alpha1
N250;113;PositionalAgatzDecoderWithVehicleByPercentage;9346,99;Alpha1
N250;113;PositionalAgatzDecoderWithVehicleByPercentage;9074,18;Alpha1
N250;118;PositionalAgatzDecoderWithVehicleByPercentage;9719,92;Alpha1
N250;118;PositionalAgatzDecoderWithVehicleByPercentage;10874,14;Alpha1
N250;118;PositionalAgatzDecoderWithVehicleByPercentage;10496,29;Alpha1
N250;118;PositionalAgatzDecoderWithVehicleByPercentage;10623,74;Alpha1
N250;118;PositionalAgatzDecoderWithVehicleByPercentage;10471,36;Alpha1
N250;118;PositionalAgatzDecoderWithVehicleByPercentage;8918,46;Alpha1
N250;118;PositionalAgatzDecoderWithVehicleByPercentage;9666,04;Alpha1
N250;118;PositionalAgatzDecoderWithVehicleByPercentage;9863,94;Alpha1
N250;118;PositionalAgatzDecoderWithVehicleByPercentage;10025,38;Alpha1
N250;118;PositionalAgatzDecoderWithVehicleByPercentage;10567,34;Alpha1
N250;114;PositionalAgatzDecoderWithVehicleByPercentage;9290,43;Alpha1
N250;114;PositionalAgatzDecoderWithVehicleByPercentage;9838,53;Alpha1
N250;114;PositionalAgatzDecoderWithVehicleByPercentage;9512,26;Alpha1
N250;114;PositionalAgatzDecoderWithVehicleByPercentage;9758,60;Alpha1
N250;114;PositionalAgatzDecoderWithVehicleByPercentage;9559,91;Alpha1
N250;114;PositionalAgatzDecoderWithVehicleByPercentage;9808,08;Alpha1
N250;114;PositionalAgatzDecoderWithVehicleByPercentage;9718,79;Alpha1
N250;114;PositionalAgatzDecoderWithVehicleByPercentage;9964,61;Alpha1
N250;114;PositionalAgatzDecoderWithVehicleByPercentage;8788,73;Alpha1
N250;114;PositionalAgatzDecoderWithVehicleByPercentage;9213,44;Alpha1
N250;115;PositionalAgatzDecoderWithVehicleByPercentage;10444,80;Alpha1
N250;115;PositionalAgatzDecoderWithVehicleByPercentage;9760,37;Alpha1
N250;115;PositionalAgatzDecoderWithVehicleByPercentage;10373,32;Alpha1
N250;115;PositionalAgatzDecoderWithVehicleByPercentage;9601,87;Alpha1
N250;115;PositionalAgatzDecoderWithVehicleByPercentage;10791,19;Alpha1
N250;115;PositionalAgatzDecoderWithVehicleByPercentage;10328,06;Alpha1
N250;115;PositionalAgatzDecoderWithVehicleByPercentage;9289,54;Alpha1
N250;115;PositionalAgatzDecoderWithVehicleByPercentage;10160,94;Alpha1
N250;115;PositionalAgatzDecoderWithVehicleByPercentage;9995,13;Alpha1
N250;115;PositionalAgatzDecoderWithVehicleByPercentage;10955,96;Alpha1
N250;116;PositionalAgatzDecoderWithVehicleByPercentage;9715,61;Alpha1
N250;116;PositionalAgatzDecoderWithVehicleByPercentage;9766,69;Alpha1
N250;116;PositionalAgatzDecoderWithVehicleByPercentage;10064,35;Alpha1
N250;116;PositionalAgatzDecoderWithVehicleByPercentage;10533,62;Alpha1
N250;116;PositionalAgatzDecoderWithVehicleByPercentage;10218,38;Alpha1
N250;116;PositionalAgatzDecoderWithVehicleByPercentage;10757,57;Alpha1
N250;116;PositionalAgatzDecoderWithVehicleByPercentage;10267,21;Alpha1
N250;116;PositionalAgatzDecoderWithVehicleByPercentage;11052,46;Alpha1
N250;116;PositionalAgatzDecoderWithVehicleByPercentage;10251,48;Alpha1
N250;116;PositionalAgatzDecoderWithVehicleByPercentage;9979,12;Alpha1
N250;119;PositionalAgatzDecoderWithVehicleByPercentage;10500,36;Alpha1
N250;119;PositionalAgatzDecoderWithVehicleByPercentage;10477,78;Alpha1
N250;119;PositionalAgatzDecoderWithVehicleByPercentage;9014,48;Alpha1
N250;119;PositionalAgatzDecoderWithVehicleByPercentage;10112,00;Alpha1
N250;119;PositionalAgatzDecoderWithVehicleByPercentage;9665,54;Alpha1
N250;119;PositionalAgatzDecoderWithVehicleByPercentage;9211,54;Alpha1
N250;119;PositionalAgatzDecoderWithVehicleByPercentage;9178,73;Alpha1
N250;119;PositionalAgatzDecoderWithVehicleByPercentage;9239,87;Alpha1
N250;119;PositionalAgatzDecoderWithVehicleByPercentage;9727,23;Alpha1
N250;119;PositionalAgatzDecoderWithVehicleByPercentage;10380,69;Alpha1
N250;6;PositionalAgatzDecoderWithVehicleByPercentage;10208,43;Alpha1
N250;6;PositionalAgatzDecoderWithVehicleByPercentage;10106,43;Alpha1
N250;6;PositionalAgatzDecoderWithVehicleByPercentage;9138,39;Alpha1
N250;6;PositionalAgatzDecoderWithVehicleByPercentage;10280,23;Alpha1
N250;6;PositionalAgatzDecoderWithVehicleByPercentage;9593,60;Alpha1
N250;6;PositionalAgatzDecoderWithVehicleByPercentage;10330,56;Alpha1
N250;6;PositionalAgatzDecoderWithVehicleByPercentage;10287,67;Alpha1
N250;6;PositionalAgatzDecoderWithVehicleByPercentage;9725,64;Alpha1
N250;6;PositionalAgatzDecoderWithVehicleByPercentage;8967,39;Alpha1
N250;6;PositionalAgatzDecoderWithVehicleByPercentage;10901,46;Alpha1
N250;7;PositionalAgatzDecoderWithVehicleByPercentage;10701,65;Alpha1
N250;7;PositionalAgatzDecoderWithVehicleByPercentage;9425,06;Alpha1
N250;7;PositionalAgatzDecoderWithVehicleByPercentage;9797,63;Alpha1
N250;7;PositionalAgatzDecoderWithVehicleByPercentage;9965,56;Alpha1
N250;7;PositionalAgatzDecoderWithVehicleByPercentage;9249,53;Alpha1
N250;7;PositionalAgatzDecoderWithVehicleByPercentage;9593,99;Alpha1
N250;7;PositionalAgatzDecoderWithVehicleByPercentage;10252,91;Alpha1
N250;7;PositionalAgatzDecoderWithVehicleByPercentage;9992,62;Alpha1
N250;7;PositionalAgatzDecoderWithVehicleByPercentage;9377,33;Alpha1
N250;7;PositionalAgatzDecoderWithVehicleByPercentage;9441,11;Alpha1
N250;9;PositionalAgatzDecoderWithVehicleByPercentage;10272,18;Alpha1
N250;9;PositionalAgatzDecoderWithVehicleByPercentage;10725,83;Alpha1
N250;9;PositionalAgatzDecoderWithVehicleByPercentage;9848,00;Alpha1
N250;9;PositionalAgatzDecoderWithVehicleByPercentage;10901,30;Alpha1
N250;9;PositionalAgatzDecoderWithVehicleByPercentage;10242,49;Alpha1
N250;9;PositionalAgatzDecoderWithVehicleByPercentage;9594,47;Alpha1
N250;9;PositionalAgatzDecoderWithVehicleByPercentage;9464,43;Alpha1
N250;9;PositionalAgatzDecoderWithVehicleByPercentage;10839,45;Alpha1
N250;9;PositionalAgatzDecoderWithVehicleByPercentage;11115,35;Alpha1
N250;9;PositionalAgatzDecoderWithVehicleByPercentage;11065,55;Alpha1
N250;10;PositionalAgatzDecoderWithVehicleByPercentage;9758,09;Alpha1
N250;10;PositionalAgatzDecoderWithVehicleByPercentage;9730,33;Alpha1
N250;10;PositionalAgatzDecoderWithVehicleByPercentage;9300,46;Alpha1
N250;10;PositionalAgatzDecoderWithVehicleByPercentage;10417,53;Alpha1
N250;10;PositionalAgatzDecoderWithVehicleByPercentage;9613,68;Alpha1
N250;10;PositionalAgatzDecoderWithVehicleByPercentage;10163,54;Alpha1
N250;10;PositionalAgatzDecoderWithVehicleByPercentage;9621,76;Alpha1
N250;10;PositionalAgatzDecoderWithVehicleByPercentage;10260,01;Alpha1
N250;10;PositionalAgatzDecoderWithVehicleByPercentage;10290,83;Alpha1
N250;10;PositionalAgatzDecoderWithVehicleByPercentage;9824,62;Alpha1
N250;117;PositionalAgatzDecoderWithVehicleByPercentage;10460,10;Alpha1
N250;117;PositionalAgatzDecoderWithVehicleByPercentage;10373,70;Alpha1
N250;117;PositionalAgatzDecoderWithVehicleByPercentage;9787,94;Alpha1
N250;117;PositionalAgatzDecoderWithVehicleByPercentage;9814,79;Alpha1
N250;117;PositionalAgatzDecoderWithVehicleByPercentage;10343,86;Alpha1
N250;117;PositionalAgatzDecoderWithVehicleByPercentage;9353,95;Alpha1
N250;117;PositionalAgatzDecoderWithVehicleByPercentage;10467,16;Alpha1
N250;117;PositionalAgatzDecoderWithVehicleByPercentage;10171,39;Alpha1
N250;117;PositionalAgatzDecoderWithVehicleByPercentage;9929,69;Alpha1
N250;117;PositionalAgatzDecoderWithVehicleByPercentage;10012,17;Alpha1
N250;2;PositionalAgatzDecoderWithVehicleByPercentage;10522,78;Alpha1
N250;2;PositionalAgatzDecoderWithVehicleByPercentage;9314,70;Alpha1
N250;2;PositionalAgatzDecoderWithVehicleByPercentage;9060,38;Alpha1
N250;2;PositionalAgatzDecoderWithVehicleByPercentage;10195,16;Alpha1
N250;2;PositionalAgatzDecoderWithVehicleByPercentage;9365,18;Alpha1
N250;2;PositionalAgatzDecoderWithVehicleByPercentage;10511,28;Alpha1
N250;2;PositionalAgatzDecoderWithVehicleByPercentage;9268,10;Alpha1
N250;2;PositionalAgatzDecoderWithVehicleByPercentage;9604,13;Alpha1
N250;2;PositionalAgatzDecoderWithVehicleByPercentage;9631,42;Alpha1
N250;2;PositionalAgatzDecoderWithVehicleByPercentage;8432,38;Alpha1
N250;3;PositionalAgatzDecoderWithVehicleByPercentage;9741,61;Alpha1
N250;3;PositionalAgatzDecoderWithVehicleByPercentage;9921,92;Alpha1
N250;3;PositionalAgatzDecoderWithVehicleByPercentage;8459,46;Alpha1
N250;3;PositionalAgatzDecoderWithVehicleByPercentage;9047,22;Alpha1
N250;3;PositionalAgatzDecoderWithVehicleByPercentage;9268,81;Alpha1
N250;3;PositionalAgatzDecoderWithVehicleByPercentage;9245,77;Alpha1
N250;3;PositionalAgatzDecoderWithVehicleByPercentage;9885,82;Alpha1
N250;3;PositionalAgatzDecoderWithVehicleByPercentage;9870,49;Alpha1
N250;3;PositionalAgatzDecoderWithVehicleByPercentage;9987,48;Alpha1
N250;3;PositionalAgatzDecoderWithVehicleByPercentage;9356,48;Alpha1
N250;111;PositionalAgatzDecoderWithVehicleByPercentage;10238,19;Alpha1
N250;111;PositionalAgatzDecoderWithVehicleByPercentage;9533,89;Alpha1
N250;111;PositionalAgatzDecoderWithVehicleByPercentage;9945,84;Alpha1
N250;111;PositionalAgatzDecoderWithVehicleByPercentage;10819,38;Alpha1
N250;111;PositionalAgatzDecoderWithVehicleByPercentage;9392,36;Alpha1
N250;111;PositionalAgatzDecoderWithVehicleByPercentage;9289,78;Alpha1
N250;111;PositionalAgatzDecoderWithVehicleByPercentage;9354,44;Alpha1
N250;111;PositionalAgatzDecoderWithVehicleByPercentage;9524,72;Alpha1
N250;111;PositionalAgatzDecoderWithVehicleByPercentage;10200,09;Alpha1
N250;111;PositionalAgatzDecoderWithVehicleByPercentage;9259,13;Alpha1
N250;112;PositionalAgatzDecoderWithVehicleByPercentage;10537,16;Alpha1
N250;112;PositionalAgatzDecoderWithVehicleByPercentage;10060,80;Alpha1
N250;112;PositionalAgatzDecoderWithVehicleByPercentage;10354,54;Alpha1
N250;112;PositionalAgatzDecoderWithVehicleByPercentage;9896,81;Alpha1
N250;112;PositionalAgatzDecoderWithVehicleByPercentage;10222,79;Alpha1
N250;112;PositionalAgatzDecoderWithVehicleByPercentage;9940,23;Alpha1
N250;112;PositionalAgatzDecoderWithVehicleByPercentage;10409,84;Alpha1
N250;112;PositionalAgatzDecoderWithVehicleByPercentage;10132,50;Alpha1
N250;112;PositionalAgatzDecoderWithVehicleByPercentage;9935,78;Alpha1
N250;112;PositionalAgatzDecoderWithVehicleByPercentage;9303,44;Alpha1
N250;4;PositionalAgatzDecoderWithVehicleByPercentage;10126,72;Alpha1
N250;4;PositionalAgatzDecoderWithVehicleByPercentage;10042,73;Alpha1
N250;4;PositionalAgatzDecoderWithVehicleByPercentage;9896,61;Alpha1
N250;4;PositionalAgatzDecoderWithVehicleByPercentage;9957,64;Alpha1
N250;4;PositionalAgatzDecoderWithVehicleByPercentage;9885,32;Alpha1
N250;4;PositionalAgatzDecoderWithVehicleByPercentage;10020,23;Alpha1
N250;4;PositionalAgatzDecoderWithVehicleByPercentage;9052,47;Alpha1
N250;4;PositionalAgatzDecoderWithVehicleByPercentage;9984,49;Alpha1
N250;4;PositionalAgatzDecoderWithVehicleByPercentage;9822,91;Alpha1
N250;4;PositionalAgatzDecoderWithVehicleByPercentage;9963,38;Alpha1
N250;8;PositionalAgatzDecoderWithVehicleByPercentage;9979,22;Alpha1
N250;8;PositionalAgatzDecoderWithVehicleByPercentage;10028,61;Alpha1
N250;8;PositionalAgatzDecoderWithVehicleByPercentage;9608,86;Alpha1
N250;8;PositionalAgatzDecoderWithVehicleByPercentage;9967,66;Alpha1
N250;8;PositionalAgatzDecoderWithVehicleByPercentage;10304,41;Alpha1
N250;8;PositionalAgatzDecoderWithVehicleByPercentage;9232,61;Alpha1
N250;8;PositionalAgatzDecoderWithVehicleByPercentage;9236,55;Alpha1
N250;8;PositionalAgatzDecoderWithVehicleByPercentage;9616,41;Alpha1
N250;8;PositionalAgatzDecoderWithVehicleByPercentage;8758,18;Alpha1
N250;8;PositionalAgatzDecoderWithVehicleByPercentage;9964,07;Alpha1
N250;120;PositionalAgatzDecoderWithVehicleByPercentage;9731,74;Alpha1
N250;120;PositionalAgatzDecoderWithVehicleByPercentage;9902,67;Alpha1
N250;120;PositionalAgatzDecoderWithVehicleByPercentage;10019,26;Alpha1
N250;120;PositionalAgatzDecoderWithVehicleByPercentage;8904,27;Alpha1
N250;120;PositionalAgatzDecoderWithVehicleByPercentage;9799,42;Alpha1
N250;120;PositionalAgatzDecoderWithVehicleByPercentage;9864,55;Alpha1
N250;120;PositionalAgatzDecoderWithVehicleByPercentage;10295,71;Alpha1
N250;120;PositionalAgatzDecoderWithVehicleByPercentage;9953,66;Alpha1
N250;120;PositionalAgatzDecoderWithVehicleByPercentage;10550,91;Alpha1
N250;120;PositionalAgatzDecoderWithVehicleByPercentage;10144,95;Alpha1
N010;51;PositionalAgatzDecoderWithVehicleByPercentage;469,85;Alpha3
N010;51;PositionalAgatzDecoderWithVehicleByPercentage;473,81;Alpha3
N010;51;PositionalAgatzDecoderWithVehicleByPercentage;473,62;Alpha3
N010;51;PositionalAgatzDecoderWithVehicleByPercentage;469,85;Alpha3
N010;51;PositionalAgatzDecoderWithVehicleByPercentage;469,85;Alpha3
N010;51;PositionalAgatzDecoderWithVehicleByPercentage;469,85;Alpha3
N010;51;PositionalAgatzDecoderWithVehicleByPercentage;469,85;Alpha3
N010;51;PositionalAgatzDecoderWithVehicleByPercentage;469,85;Alpha3
N010;51;PositionalAgatzDecoderWithVehicleByPercentage;469,85;Alpha3
N010;51;PositionalAgatzDecoderWithVehicleByPercentage;469,85;Alpha3
N010;53;PositionalAgatzDecoderWithVehicleByPercentage;580,87;Alpha3
N010;53;PositionalAgatzDecoderWithVehicleByPercentage;580,87;Alpha3
N010;53;PositionalAgatzDecoderWithVehicleByPercentage;580,87;Alpha3
N010;53;PositionalAgatzDecoderWithVehicleByPercentage;614,03;Alpha3
N010;53;PositionalAgatzDecoderWithVehicleByPercentage;608,30;Alpha3
N010;53;PositionalAgatzDecoderWithVehicleByPercentage;580,87;Alpha3
N010;53;PositionalAgatzDecoderWithVehicleByPercentage;580,87;Alpha3
N010;53;PositionalAgatzDecoderWithVehicleByPercentage;580,87;Alpha3
N010;53;PositionalAgatzDecoderWithVehicleByPercentage;580,87;Alpha3
N010;53;PositionalAgatzDecoderWithVehicleByPercentage;580,87;Alpha3
N010;56;PositionalAgatzDecoderWithVehicleByPercentage;562,99;Alpha3
N010;56;PositionalAgatzDecoderWithVehicleByPercentage;562,99;Alpha3
N010;56;PositionalAgatzDecoderWithVehicleByPercentage;562,99;Alpha3
N010;56;PositionalAgatzDecoderWithVehicleByPercentage;568,26;Alpha3
N010;56;PositionalAgatzDecoderWithVehicleByPercentage;562,99;Alpha3
N010;56;PositionalAgatzDecoderWithVehicleByPercentage;562,99;Alpha3
N010;56;PositionalAgatzDecoderWithVehicleByPercentage;562,99;Alpha3
N010;56;PositionalAgatzDecoderWithVehicleByPercentage;562,99;Alpha3
N010;56;PositionalAgatzDecoderWithVehicleByPercentage;568,26;Alpha3
N010;56;PositionalAgatzDecoderWithVehicleByPercentage;562,99;Alpha3
N010;59;PositionalAgatzDecoderWithVehicleByPercentage;739,60;Alpha3
N010;59;PositionalAgatzDecoderWithVehicleByPercentage;716,46;Alpha3
N010;59;PositionalAgatzDecoderWithVehicleByPercentage;716,46;Alpha3
N010;59;PositionalAgatzDecoderWithVehicleByPercentage;742,98;Alpha3
N010;59;PositionalAgatzDecoderWithVehicleByPercentage;716,46;Alpha3
N010;59;PositionalAgatzDecoderWithVehicleByPercentage;716,46;Alpha3
N010;59;PositionalAgatzDecoderWithVehicleByPercentage;716,46;Alpha3
N010;59;PositionalAgatzDecoderWithVehicleByPercentage;716,46;Alpha3
N010;59;PositionalAgatzDecoderWithVehicleByPercentage;716,46;Alpha3
N010;59;PositionalAgatzDecoderWithVehicleByPercentage;716,46;Alpha3
N010;52;PositionalAgatzDecoderWithVehicleByPercentage;434,40;Alpha3
N010;52;PositionalAgatzDecoderWithVehicleByPercentage;433,63;Alpha3
N010;52;PositionalAgatzDecoderWithVehicleByPercentage;427,77;Alpha3
N010;52;PositionalAgatzDecoderWithVehicleByPercentage;433,63;Alpha3
N010;52;PositionalAgatzDecoderWithVehicleByPercentage;433,63;Alpha3
N010;52;PositionalAgatzDecoderWithVehicleByPercentage;423,42;Alpha3
N010;52;PositionalAgatzDecoderWithVehicleByPercentage;427,77;Alpha3
N010;52;PositionalAgatzDecoderWithVehicleByPercentage;433,63;Alpha3
N010;52;PositionalAgatzDecoderWithVehicleByPercentage;433,63;Alpha3
N010;52;PositionalAgatzDecoderWithVehicleByPercentage;423,42;Alpha3
N010;54;PositionalAgatzDecoderWithVehicleByPercentage;505,00;Alpha3
N010;54;PositionalAgatzDecoderWithVehicleByPercentage;507,86;Alpha3
N010;54;PositionalAgatzDecoderWithVehicleByPercentage;505,00;Alpha3
N010;54;PositionalAgatzDecoderWithVehicleByPercentage;505,00;Alpha3
N010;54;PositionalAgatzDecoderWithVehicleByPercentage;505,00;Alpha3
N010;54;PositionalAgatzDecoderWithVehicleByPercentage;505,00;Alpha3
N010;54;PositionalAgatzDecoderWithVehicleByPercentage;505,00;Alpha3
N010;54;PositionalAgatzDecoderWithVehicleByPercentage;505,00;Alpha3
N010;54;PositionalAgatzDecoderWithVehicleByPercentage;505,00;Alpha3
N010;54;PositionalAgatzDecoderWithVehicleByPercentage;505,00;Alpha3
N010;55;PositionalAgatzDecoderWithVehicleByPercentage;668,91;Alpha3
N010;55;PositionalAgatzDecoderWithVehicleByPercentage;668,91;Alpha3
N010;55;PositionalAgatzDecoderWithVehicleByPercentage;668,91;Alpha3
N010;55;PositionalAgatzDecoderWithVehicleByPercentage;668,91;Alpha3
N010;55;PositionalAgatzDecoderWithVehicleByPercentage;668,91;Alpha3
N010;55;PositionalAgatzDecoderWithVehicleByPercentage;668,91;Alpha3
N010;55;PositionalAgatzDecoderWithVehicleByPercentage;668,91;Alpha3
N010;55;PositionalAgatzDecoderWithVehicleByPercentage;668,91;Alpha3
N010;55;PositionalAgatzDecoderWithVehicleByPercentage;668,91;Alpha3
N010;55;PositionalAgatzDecoderWithVehicleByPercentage;668,91;Alpha3
N010;57;PositionalAgatzDecoderWithVehicleByPercentage;464,07;Alpha3
N010;57;PositionalAgatzDecoderWithVehicleByPercentage;464,71;Alpha3
N010;57;PositionalAgatzDecoderWithVehicleByPercentage;464,71;Alpha3
N010;57;PositionalAgatzDecoderWithVehicleByPercentage;464,07;Alpha3
N010;57;PositionalAgatzDecoderWithVehicleByPercentage;464,07;Alpha3
N010;57;PositionalAgatzDecoderWithVehicleByPercentage;464,07;Alpha3
N010;57;PositionalAgatzDecoderWithVehicleByPercentage;464,71;Alpha3
N010;57;PositionalAgatzDecoderWithVehicleByPercentage;464,71;Alpha3
N010;57;PositionalAgatzDecoderWithVehicleByPercentage;464,07;Alpha3
N010;57;PositionalAgatzDecoderWithVehicleByPercentage;464,07;Alpha3
N010;58;PositionalAgatzDecoderWithVehicleByPercentage;560,90;Alpha3
N010;58;PositionalAgatzDecoderWithVehicleByPercentage;560,90;Alpha3
N010;58;PositionalAgatzDecoderWithVehicleByPercentage;560,90;Alpha3
N010;58;PositionalAgatzDecoderWithVehicleByPercentage;560,90;Alpha3
N010;58;PositionalAgatzDecoderWithVehicleByPercentage;560,90;Alpha3
N010;58;PositionalAgatzDecoderWithVehicleByPercentage;560,90;Alpha3
N010;58;PositionalAgatzDecoderWithVehicleByPercentage;560,90;Alpha3
N010;58;PositionalAgatzDecoderWithVehicleByPercentage;568,10;Alpha3
N010;58;PositionalAgatzDecoderWithVehicleByPercentage;560,90;Alpha3
N010;58;PositionalAgatzDecoderWithVehicleByPercentage;560,90;Alpha3
N010;60;PositionalAgatzDecoderWithVehicleByPercentage;758,42;Alpha3
N010;60;PositionalAgatzDecoderWithVehicleByPercentage;762,51;Alpha3
N010;60;PositionalAgatzDecoderWithVehicleByPercentage;764,85;Alpha3
N010;60;PositionalAgatzDecoderWithVehicleByPercentage;758,42;Alpha3
N010;60;PositionalAgatzDecoderWithVehicleByPercentage;758,42;Alpha3
N010;60;PositionalAgatzDecoderWithVehicleByPercentage;758,42;Alpha3
N010;60;PositionalAgatzDecoderWithVehicleByPercentage;758,42;Alpha3
N010;60;PositionalAgatzDecoderWithVehicleByPercentage;758,42;Alpha3
N010;60;PositionalAgatzDecoderWithVehicleByPercentage;764,85;Alpha3
N010;60;PositionalAgatzDecoderWithVehicleByPercentage;758,42;Alpha3
N020;66;PositionalAgatzDecoderWithVehicleByPercentage;690,54;Alpha3
N020;66;PositionalAgatzDecoderWithVehicleByPercentage;725,23;Alpha3
N020;66;PositionalAgatzDecoderWithVehicleByPercentage;692,28;Alpha3
N020;66;PositionalAgatzDecoderWithVehicleByPercentage;708,54;Alpha3
N020;66;PositionalAgatzDecoderWithVehicleByPercentage;703,93;Alpha3
N020;66;PositionalAgatzDecoderWithVehicleByPercentage;692,28;Alpha3
N020;66;PositionalAgatzDecoderWithVehicleByPercentage;702,02;Alpha3
N020;66;PositionalAgatzDecoderWithVehicleByPercentage;702,02;Alpha3
N020;66;PositionalAgatzDecoderWithVehicleByPercentage;700,77;Alpha3
N020;66;PositionalAgatzDecoderWithVehicleByPercentage;689,13;Alpha3
N020;69;PositionalAgatzDecoderWithVehicleByPercentage;717,19;Alpha3
N020;69;PositionalAgatzDecoderWithVehicleByPercentage;735,61;Alpha3
N020;69;PositionalAgatzDecoderWithVehicleByPercentage;736,96;Alpha3
N020;69;PositionalAgatzDecoderWithVehicleByPercentage;763,60;Alpha3
N020;69;PositionalAgatzDecoderWithVehicleByPercentage;728,03;Alpha3
N020;69;PositionalAgatzDecoderWithVehicleByPercentage;760,76;Alpha3
N020;69;PositionalAgatzDecoderWithVehicleByPercentage;720,91;Alpha3
N020;69;PositionalAgatzDecoderWithVehicleByPercentage;748,53;Alpha3
N020;69;PositionalAgatzDecoderWithVehicleByPercentage;737,63;Alpha3
N020;69;PositionalAgatzDecoderWithVehicleByPercentage;731,92;Alpha3
N020;70;PositionalAgatzDecoderWithVehicleByPercentage;752,91;Alpha3
N020;70;PositionalAgatzDecoderWithVehicleByPercentage;727,48;Alpha3
N020;70;PositionalAgatzDecoderWithVehicleByPercentage;756,35;Alpha3
N020;70;PositionalAgatzDecoderWithVehicleByPercentage;751,35;Alpha3
N020;70;PositionalAgatzDecoderWithVehicleByPercentage;768,53;Alpha3
N020;70;PositionalAgatzDecoderWithVehicleByPercentage;727,48;Alpha3
N020;70;PositionalAgatzDecoderWithVehicleByPercentage;740,99;Alpha3
N020;70;PositionalAgatzDecoderWithVehicleByPercentage;727,04;Alpha3
N020;70;PositionalAgatzDecoderWithVehicleByPercentage;741,98;Alpha3
N020;70;PositionalAgatzDecoderWithVehicleByPercentage;727,04;Alpha3
N020;65;PositionalAgatzDecoderWithVehicleByPercentage;662,31;Alpha3
N020;65;PositionalAgatzDecoderWithVehicleByPercentage;669,15;Alpha3
N020;65;PositionalAgatzDecoderWithVehicleByPercentage;653,30;Alpha3
N020;65;PositionalAgatzDecoderWithVehicleByPercentage;660,82;Alpha3
N020;65;PositionalAgatzDecoderWithVehicleByPercentage;662,59;Alpha3
N020;65;PositionalAgatzDecoderWithVehicleByPercentage;663,97;Alpha3
N020;65;PositionalAgatzDecoderWithVehicleByPercentage;647,53;Alpha3
N020;65;PositionalAgatzDecoderWithVehicleByPercentage;664,62;Alpha3
N020;65;PositionalAgatzDecoderWithVehicleByPercentage;664,65;Alpha3
N020;65;PositionalAgatzDecoderWithVehicleByPercentage;662,63;Alpha3
N020;62;PositionalAgatzDecoderWithVehicleByPercentage;713,61;Alpha3
N020;62;PositionalAgatzDecoderWithVehicleByPercentage;692,99;Alpha3
N020;62;PositionalAgatzDecoderWithVehicleByPercentage;691,30;Alpha3
N020;62;PositionalAgatzDecoderWithVehicleByPercentage;703,61;Alpha3
N020;62;PositionalAgatzDecoderWithVehicleByPercentage;705,30;Alpha3
N020;62;PositionalAgatzDecoderWithVehicleByPercentage;691,30;Alpha3
N020;62;PositionalAgatzDecoderWithVehicleByPercentage;700,79;Alpha3
N020;62;PositionalAgatzDecoderWithVehicleByPercentage;707,36;Alpha3
N020;62;PositionalAgatzDecoderWithVehicleByPercentage;692,99;Alpha3
N020;62;PositionalAgatzDecoderWithVehicleByPercentage;692,99;Alpha3
N020;63;PositionalAgatzDecoderWithVehicleByPercentage;921,05;Alpha3
N020;63;PositionalAgatzDecoderWithVehicleByPercentage;963,79;Alpha3
N020;63;PositionalAgatzDecoderWithVehicleByPercentage;893,88;Alpha3
N020;63;PositionalAgatzDecoderWithVehicleByPercentage;838,04;Alpha3
N020;63;PositionalAgatzDecoderWithVehicleByPercentage;838,69;Alpha3
N020;63;PositionalAgatzDecoderWithVehicleByPercentage;873,32;Alpha3
N020;63;PositionalAgatzDecoderWithVehicleByPercentage;911,46;Alpha3
N020;63;PositionalAgatzDecoderWithVehicleByPercentage;931,70;Alpha3
N020;63;PositionalAgatzDecoderWithVehicleByPercentage;851,71;Alpha3
N020;63;PositionalAgatzDecoderWithVehicleByPercentage;955,13;Alpha3
N020;64;PositionalAgatzDecoderWithVehicleByPercentage;946,82;Alpha3
N020;64;PositionalAgatzDecoderWithVehicleByPercentage;952,50;Alpha3
N020;64;PositionalAgatzDecoderWithVehicleByPercentage;952,50;Alpha3
N020;64;PositionalAgatzDecoderWithVehicleByPercentage;965,73;Alpha3
N020;64;PositionalAgatzDecoderWithVehicleByPercentage;979,43;Alpha3
N020;64;PositionalAgatzDecoderWithVehicleByPercentage;957,88;Alpha3
N020;64;PositionalAgatzDecoderWithVehicleByPercentage;965,44;Alpha3
N020;64;PositionalAgatzDecoderWithVehicleByPercentage;950,72;Alpha3
N020;64;PositionalAgatzDecoderWithVehicleByPercentage;956,22;Alpha3
N020;64;PositionalAgatzDecoderWithVehicleByPercentage;952,50;Alpha3
N020;67;PositionalAgatzDecoderWithVehicleByPercentage;673,10;Alpha3
N020;67;PositionalAgatzDecoderWithVehicleByPercentage;663,88;Alpha3
N020;67;PositionalAgatzDecoderWithVehicleByPercentage;670,49;Alpha3
N020;67;PositionalAgatzDecoderWithVehicleByPercentage;668,38;Alpha3
N020;67;PositionalAgatzDecoderWithVehicleByPercentage;670,49;Alpha3
N020;67;PositionalAgatzDecoderWithVehicleByPercentage;669,28;Alpha3
N020;67;PositionalAgatzDecoderWithVehicleByPercentage;670,49;Alpha3
N020;67;PositionalAgatzDecoderWithVehicleByPercentage;671,84;Alpha3
N020;67;PositionalAgatzDecoderWithVehicleByPercentage;673,16;Alpha3
N020;67;PositionalAgatzDecoderWithVehicleByPercentage;670,49;Alpha3
N020;68;PositionalAgatzDecoderWithVehicleByPercentage;661,07;Alpha3
N020;68;PositionalAgatzDecoderWithVehicleByPercentage;689,03;Alpha3
N020;68;PositionalAgatzDecoderWithVehicleByPercentage;681,49;Alpha3
N020;68;PositionalAgatzDecoderWithVehicleByPercentage;671,01;Alpha3
N020;68;PositionalAgatzDecoderWithVehicleByPercentage;695,73;Alpha3
N020;68;PositionalAgatzDecoderWithVehicleByPercentage;654,98;Alpha3
N020;68;PositionalAgatzDecoderWithVehicleByPercentage;726,98;Alpha3
N020;68;PositionalAgatzDecoderWithVehicleByPercentage;654,98;Alpha3
N020;68;PositionalAgatzDecoderWithVehicleByPercentage;669,50;Alpha3
N020;68;PositionalAgatzDecoderWithVehicleByPercentage;662,45;Alpha3
N020;61;PositionalAgatzDecoderWithVehicleByPercentage;814,34;Alpha3
N020;61;PositionalAgatzDecoderWithVehicleByPercentage;806,81;Alpha3
N020;61;PositionalAgatzDecoderWithVehicleByPercentage;785,61;Alpha3
N020;61;PositionalAgatzDecoderWithVehicleByPercentage;794,52;Alpha3
N020;61;PositionalAgatzDecoderWithVehicleByPercentage;780,70;Alpha3
N020;61;PositionalAgatzDecoderWithVehicleByPercentage;780,70;Alpha3
N020;61;PositionalAgatzDecoderWithVehicleByPercentage;810,14;Alpha3
N020;61;PositionalAgatzDecoderWithVehicleByPercentage;806,49;Alpha3
N020;61;PositionalAgatzDecoderWithVehicleByPercentage;803,15;Alpha3
N020;61;PositionalAgatzDecoderWithVehicleByPercentage;785,08;Alpha3
N050;76;PositionalAgatzDecoderWithVehicleByPercentage;1312,31;Alpha3
N050;76;PositionalAgatzDecoderWithVehicleByPercentage;1467,13;Alpha3
N050;76;PositionalAgatzDecoderWithVehicleByPercentage;1473,71;Alpha3
N050;76;PositionalAgatzDecoderWithVehicleByPercentage;1604,79;Alpha3
N050;76;PositionalAgatzDecoderWithVehicleByPercentage;1528,59;Alpha3
N050;76;PositionalAgatzDecoderWithVehicleByPercentage;1804,03;Alpha3
N050;76;PositionalAgatzDecoderWithVehicleByPercentage;1314,25;Alpha3
N050;76;PositionalAgatzDecoderWithVehicleByPercentage;1386,41;Alpha3
N050;76;PositionalAgatzDecoderWithVehicleByPercentage;1559,24;Alpha3
N050;76;PositionalAgatzDecoderWithVehicleByPercentage;1633,04;Alpha3
N050;78;PositionalAgatzDecoderWithVehicleByPercentage;1353,59;Alpha3
N050;78;PositionalAgatzDecoderWithVehicleByPercentage;1472,70;Alpha3
N050;78;PositionalAgatzDecoderWithVehicleByPercentage;1191,13;Alpha3
N050;78;PositionalAgatzDecoderWithVehicleByPercentage;1550,68;Alpha3
N050;78;PositionalAgatzDecoderWithVehicleByPercentage;1370,92;Alpha3
N050;78;PositionalAgatzDecoderWithVehicleByPercentage;1373,60;Alpha3
N050;78;PositionalAgatzDecoderWithVehicleByPercentage;1297,00;Alpha3
N050;78;PositionalAgatzDecoderWithVehicleByPercentage;1457,20;Alpha3
N050;78;PositionalAgatzDecoderWithVehicleByPercentage;1450,41;Alpha3
N050;78;PositionalAgatzDecoderWithVehicleByPercentage;1528,83;Alpha3
N050;80;PositionalAgatzDecoderWithVehicleByPercentage;1412,43;Alpha3
N050;80;PositionalAgatzDecoderWithVehicleByPercentage;1644,71;Alpha3
N050;80;PositionalAgatzDecoderWithVehicleByPercentage;1647,09;Alpha3
N050;80;PositionalAgatzDecoderWithVehicleByPercentage;1380,46;Alpha3
N050;80;PositionalAgatzDecoderWithVehicleByPercentage;1388,98;Alpha3
N050;80;PositionalAgatzDecoderWithVehicleByPercentage;1533,96;Alpha3
N050;80;PositionalAgatzDecoderWithVehicleByPercentage;1994,75;Alpha3
N050;80;PositionalAgatzDecoderWithVehicleByPercentage;1400,51;Alpha3
N050;80;PositionalAgatzDecoderWithVehicleByPercentage;1461,35;Alpha3
N050;80;PositionalAgatzDecoderWithVehicleByPercentage;1315,26;Alpha3
N050;71;PositionalAgatzDecoderWithVehicleByPercentage;1576,37;Alpha3
N050;71;PositionalAgatzDecoderWithVehicleByPercentage;1606,69;Alpha3
N050;71;PositionalAgatzDecoderWithVehicleByPercentage;1619,88;Alpha3
N050;71;PositionalAgatzDecoderWithVehicleByPercentage;1344,18;Alpha3
N050;71;PositionalAgatzDecoderWithVehicleByPercentage;1271,68;Alpha3
N050;71;PositionalAgatzDecoderWithVehicleByPercentage;1652,29;Alpha3
N050;71;PositionalAgatzDecoderWithVehicleByPercentage;1545,37;Alpha3
N050;71;PositionalAgatzDecoderWithVehicleByPercentage;1591,43;Alpha3
N050;71;PositionalAgatzDecoderWithVehicleByPercentage;1551,32;Alpha3
N050;71;PositionalAgatzDecoderWithVehicleByPercentage;1508,83;Alpha3
N050;75;PositionalAgatzDecoderWithVehicleByPercentage;1658,15;Alpha3
N050;75;PositionalAgatzDecoderWithVehicleByPercentage;1597,04;Alpha3
N050;75;PositionalAgatzDecoderWithVehicleByPercentage;1279,35;Alpha3
N050;75;PositionalAgatzDecoderWithVehicleByPercentage;1513,51;Alpha3
N050;75;PositionalAgatzDecoderWithVehicleByPercentage;1386,76;Alpha3
N050;75;PositionalAgatzDecoderWithVehicleByPercentage;1970,80;Alpha3
N050;75;PositionalAgatzDecoderWithVehicleByPercentage;1390,07;Alpha3
N050;75;PositionalAgatzDecoderWithVehicleByPercentage;1509,42;Alpha3
N050;75;PositionalAgatzDecoderWithVehicleByPercentage;1499,35;Alpha3
N050;75;PositionalAgatzDecoderWithVehicleByPercentage;1339,64;Alpha3
N050;74;PositionalAgatzDecoderWithVehicleByPercentage;1122,68;Alpha3
N050;74;PositionalAgatzDecoderWithVehicleByPercentage;1426,83;Alpha3
N050;74;PositionalAgatzDecoderWithVehicleByPercentage;1678,55;Alpha3
N050;74;PositionalAgatzDecoderWithVehicleByPercentage;1457,37;Alpha3
N050;74;PositionalAgatzDecoderWithVehicleByPercentage;1162,63;Alpha3
N050;74;PositionalAgatzDecoderWithVehicleByPercentage;1417,70;Alpha3
N050;74;PositionalAgatzDecoderWithVehicleByPercentage;1357,53;Alpha3
N050;74;PositionalAgatzDecoderWithVehicleByPercentage;1423,05;Alpha3
N050;74;PositionalAgatzDecoderWithVehicleByPercentage;1375,40;Alpha3
N050;74;PositionalAgatzDecoderWithVehicleByPercentage;1428,65;Alpha3
N050;77;PositionalAgatzDecoderWithVehicleByPercentage;1483,92;Alpha3
N050;77;PositionalAgatzDecoderWithVehicleByPercentage;1178,97;Alpha3
N050;77;PositionalAgatzDecoderWithVehicleByPercentage;1234,66;Alpha3
N050;77;PositionalAgatzDecoderWithVehicleByPercentage;1451,61;Alpha3
N050;77;PositionalAgatzDecoderWithVehicleByPercentage;1582,03;Alpha3
N050;77;PositionalAgatzDecoderWithVehicleByPercentage;1199,71;Alpha3
N050;77;PositionalAgatzDecoderWithVehicleByPercentage;1592,06;Alpha3
N050;77;PositionalAgatzDecoderWithVehicleByPercentage;1120,82;Alpha3
N050;77;PositionalAgatzDecoderWithVehicleByPercentage;1197,80;Alpha3
N050;77;PositionalAgatzDecoderWithVehicleByPercentage;1158,69;Alpha3
N050;79;PositionalAgatzDecoderWithVehicleByPercentage;1261,00;Alpha3
N050;79;PositionalAgatzDecoderWithVehicleByPercentage;1320,12;Alpha3
N050;79;PositionalAgatzDecoderWithVehicleByPercentage;1458,65;Alpha3
N050;79;PositionalAgatzDecoderWithVehicleByPercentage;1426,38;Alpha3
N050;79;PositionalAgatzDecoderWithVehicleByPercentage;1647,75;Alpha3
N050;79;PositionalAgatzDecoderWithVehicleByPercentage;1249,75;Alpha3
N050;79;PositionalAgatzDecoderWithVehicleByPercentage;1471,86;Alpha3
N050;79;PositionalAgatzDecoderWithVehicleByPercentage;1194,30;Alpha3
N050;79;PositionalAgatzDecoderWithVehicleByPercentage;1336,28;Alpha3
N050;79;PositionalAgatzDecoderWithVehicleByPercentage;1466,02;Alpha3
N050;72;PositionalAgatzDecoderWithVehicleByPercentage;1472,07;Alpha3
N050;72;PositionalAgatzDecoderWithVehicleByPercentage;1270,69;Alpha3
N050;72;PositionalAgatzDecoderWithVehicleByPercentage;1670,53;Alpha3
N050;72;PositionalAgatzDecoderWithVehicleByPercentage;1206,00;Alpha3
N050;72;PositionalAgatzDecoderWithVehicleByPercentage;1612,68;Alpha3
N050;72;PositionalAgatzDecoderWithVehicleByPercentage;1504,19;Alpha3
N050;72;PositionalAgatzDecoderWithVehicleByPercentage;1489,85;Alpha3
N050;72;PositionalAgatzDecoderWithVehicleByPercentage;1190,22;Alpha3
N050;72;PositionalAgatzDecoderWithVehicleByPercentage;1529,08;Alpha3
N050;72;PositionalAgatzDecoderWithVehicleByPercentage;1506,70;Alpha3
N050;73;PositionalAgatzDecoderWithVehicleByPercentage;1086,83;Alpha3
N050;73;PositionalAgatzDecoderWithVehicleByPercentage;1422,39;Alpha3
N050;73;PositionalAgatzDecoderWithVehicleByPercentage;1325,66;Alpha3
N050;73;PositionalAgatzDecoderWithVehicleByPercentage;1089,97;Alpha3
N050;73;PositionalAgatzDecoderWithVehicleByPercentage;1076,25;Alpha3
N050;73;PositionalAgatzDecoderWithVehicleByPercentage;1315,83;Alpha3
N050;73;PositionalAgatzDecoderWithVehicleByPercentage;1441,60;Alpha3
N050;73;PositionalAgatzDecoderWithVehicleByPercentage;1426,28;Alpha3
N050;73;PositionalAgatzDecoderWithVehicleByPercentage;1440,91;Alpha3
N050;73;PositionalAgatzDecoderWithVehicleByPercentage;1420,01;Alpha3
N075;88;PositionalAgatzDecoderWithVehicleByPercentage;2179,60;Alpha3
N075;88;PositionalAgatzDecoderWithVehicleByPercentage;2117,18;Alpha3
N075;88;PositionalAgatzDecoderWithVehicleByPercentage;2172,92;Alpha3
N075;88;PositionalAgatzDecoderWithVehicleByPercentage;2401,49;Alpha3
N075;88;PositionalAgatzDecoderWithVehicleByPercentage;2702,78;Alpha3
N075;88;PositionalAgatzDecoderWithVehicleByPercentage;2015,13;Alpha3
N075;88;PositionalAgatzDecoderWithVehicleByPercentage;2235,29;Alpha3
N075;88;PositionalAgatzDecoderWithVehicleByPercentage;2161,51;Alpha3
N075;88;PositionalAgatzDecoderWithVehicleByPercentage;2324,48;Alpha3
N075;88;PositionalAgatzDecoderWithVehicleByPercentage;2334,15;Alpha3
N075;82;PositionalAgatzDecoderWithVehicleByPercentage;2199,87;Alpha3
N075;82;PositionalAgatzDecoderWithVehicleByPercentage;2135,01;Alpha3
N075;82;PositionalAgatzDecoderWithVehicleByPercentage;2537,11;Alpha3
N075;82;PositionalAgatzDecoderWithVehicleByPercentage;1635,51;Alpha3
N075;82;PositionalAgatzDecoderWithVehicleByPercentage;1949,50;Alpha3
N075;82;PositionalAgatzDecoderWithVehicleByPercentage;1873,27;Alpha3
N075;82;PositionalAgatzDecoderWithVehicleByPercentage;2705,04;Alpha3
N075;82;PositionalAgatzDecoderWithVehicleByPercentage;1850,56;Alpha3
N075;82;PositionalAgatzDecoderWithVehicleByPercentage;2277,11;Alpha3
N075;82;PositionalAgatzDecoderWithVehicleByPercentage;1833,95;Alpha3
N075;83;PositionalAgatzDecoderWithVehicleByPercentage;2297,66;Alpha3
N075;83;PositionalAgatzDecoderWithVehicleByPercentage;2004,00;Alpha3
N075;83;PositionalAgatzDecoderWithVehicleByPercentage;2227,86;Alpha3
N075;83;PositionalAgatzDecoderWithVehicleByPercentage;2336,42;Alpha3
N075;83;PositionalAgatzDecoderWithVehicleByPercentage;1907,73;Alpha3
N075;83;PositionalAgatzDecoderWithVehicleByPercentage;2160,49;Alpha3
N075;83;PositionalAgatzDecoderWithVehicleByPercentage;2306,46;Alpha3
N075;83;PositionalAgatzDecoderWithVehicleByPercentage;2171,45;Alpha3
N075;83;PositionalAgatzDecoderWithVehicleByPercentage;2274,77;Alpha3
N075;83;PositionalAgatzDecoderWithVehicleByPercentage;1717,65;Alpha3
N075;84;PositionalAgatzDecoderWithVehicleByPercentage;2597,59;Alpha3
N075;84;PositionalAgatzDecoderWithVehicleByPercentage;2571,80;Alpha3
N075;84;PositionalAgatzDecoderWithVehicleByPercentage;2812,13;Alpha3
N075;84;PositionalAgatzDecoderWithVehicleByPercentage;2261,04;Alpha3
N075;84;PositionalAgatzDecoderWithVehicleByPercentage;2224,18;Alpha3
N075;84;PositionalAgatzDecoderWithVehicleByPercentage;2434,70;Alpha3
N075;84;PositionalAgatzDecoderWithVehicleByPercentage;2237,87;Alpha3
N075;84;PositionalAgatzDecoderWithVehicleByPercentage;2317,86;Alpha3
N075;84;PositionalAgatzDecoderWithVehicleByPercentage;2640,46;Alpha3
N075;84;PositionalAgatzDecoderWithVehicleByPercentage;2768,29;Alpha3
N075;85;PositionalAgatzDecoderWithVehicleByPercentage;2555,62;Alpha3
N075;85;PositionalAgatzDecoderWithVehicleByPercentage;2175,43;Alpha3
N075;85;PositionalAgatzDecoderWithVehicleByPercentage;2599,80;Alpha3
N075;85;PositionalAgatzDecoderWithVehicleByPercentage;2282,82;Alpha3
N075;85;PositionalAgatzDecoderWithVehicleByPercentage;2439,12;Alpha3
N075;85;PositionalAgatzDecoderWithVehicleByPercentage;2375,99;Alpha3
N075;85;PositionalAgatzDecoderWithVehicleByPercentage;2667,79;Alpha3
N075;85;PositionalAgatzDecoderWithVehicleByPercentage;2370,18;Alpha3
N075;85;PositionalAgatzDecoderWithVehicleByPercentage;2664,46;Alpha3
N075;85;PositionalAgatzDecoderWithVehicleByPercentage;2175,71;Alpha3
N075;86;PositionalAgatzDecoderWithVehicleByPercentage;2114,72;Alpha3
N075;86;PositionalAgatzDecoderWithVehicleByPercentage;2285,87;Alpha3
N075;86;PositionalAgatzDecoderWithVehicleByPercentage;2243,91;Alpha3
N075;86;PositionalAgatzDecoderWithVehicleByPercentage;1803,04;Alpha3
N075;86;PositionalAgatzDecoderWithVehicleByPercentage;1839,45;Alpha3
N075;86;PositionalAgatzDecoderWithVehicleByPercentage;1880,32;Alpha3
N075;86;PositionalAgatzDecoderWithVehicleByPercentage;2238,97;Alpha3
N075;86;PositionalAgatzDecoderWithVehicleByPercentage;1792,69;Alpha3
N075;86;PositionalAgatzDecoderWithVehicleByPercentage;2498,41;Alpha3
N075;86;PositionalAgatzDecoderWithVehicleByPercentage;1832,95;Alpha3
N075;87;PositionalAgatzDecoderWithVehicleByPercentage;2800,70;Alpha3
N075;87;PositionalAgatzDecoderWithVehicleByPercentage;2484,13;Alpha3
N075;87;PositionalAgatzDecoderWithVehicleByPercentage;2196,22;Alpha3
N075;87;PositionalAgatzDecoderWithVehicleByPercentage;1971,16;Alpha3
N075;87;PositionalAgatzDecoderWithVehicleByPercentage;1990,14;Alpha3
N075;87;PositionalAgatzDecoderWithVehicleByPercentage;1993,91;Alpha3
N075;87;PositionalAgatzDecoderWithVehicleByPercentage;2271,77;Alpha3
N075;87;PositionalAgatzDecoderWithVehicleByPercentage;2227,83;Alpha3
N075;87;PositionalAgatzDecoderWithVehicleByPercentage;2008,64;Alpha3
N075;87;PositionalAgatzDecoderWithVehicleByPercentage;2195,74;Alpha3
N075;89;PositionalAgatzDecoderWithVehicleByPercentage;2146,06;Alpha3
N075;89;PositionalAgatzDecoderWithVehicleByPercentage;2050,58;Alpha3
N075;89;PositionalAgatzDecoderWithVehicleByPercentage;2247,46;Alpha3
N075;89;PositionalAgatzDecoderWithVehicleByPercentage;1978,21;Alpha3
N075;89;PositionalAgatzDecoderWithVehicleByPercentage;2060,19;Alpha3
N075;89;PositionalAgatzDecoderWithVehicleByPercentage;1931,58;Alpha3
N075;89;PositionalAgatzDecoderWithVehicleByPercentage;1792,86;Alpha3
N075;89;PositionalAgatzDecoderWithVehicleByPercentage;1843,31;Alpha3
N075;89;PositionalAgatzDecoderWithVehicleByPercentage;1753,14;Alpha3
N075;89;PositionalAgatzDecoderWithVehicleByPercentage;2152,72;Alpha3
N075;81;PositionalAgatzDecoderWithVehicleByPercentage;1781,75;Alpha3
N075;81;PositionalAgatzDecoderWithVehicleByPercentage;1613,04;Alpha3
N075;81;PositionalAgatzDecoderWithVehicleByPercentage;1576,18;Alpha3
N075;81;PositionalAgatzDecoderWithVehicleByPercentage;2224,72;Alpha3
N075;81;PositionalAgatzDecoderWithVehicleByPercentage;1829,17;Alpha3
N075;81;PositionalAgatzDecoderWithVehicleByPercentage;1797,97;Alpha3
N075;81;PositionalAgatzDecoderWithVehicleByPercentage;2076,59;Alpha3
N075;81;PositionalAgatzDecoderWithVehicleByPercentage;1963,81;Alpha3
N075;81;PositionalAgatzDecoderWithVehicleByPercentage;1749,59;Alpha3
N075;81;PositionalAgatzDecoderWithVehicleByPercentage;1862,77;Alpha3
N075;90;PositionalAgatzDecoderWithVehicleByPercentage;1960,12;Alpha3
N075;90;PositionalAgatzDecoderWithVehicleByPercentage;1793,23;Alpha3
N075;90;PositionalAgatzDecoderWithVehicleByPercentage;1742,25;Alpha3
N075;90;PositionalAgatzDecoderWithVehicleByPercentage;1733,97;Alpha3
N075;90;PositionalAgatzDecoderWithVehicleByPercentage;2051,39;Alpha3
N075;90;PositionalAgatzDecoderWithVehicleByPercentage;1840,12;Alpha3
N075;90;PositionalAgatzDecoderWithVehicleByPercentage;1707,20;Alpha3
N075;90;PositionalAgatzDecoderWithVehicleByPercentage;2117,68;Alpha3
N075;90;PositionalAgatzDecoderWithVehicleByPercentage;2076,26;Alpha3
N075;90;PositionalAgatzDecoderWithVehicleByPercentage;2094,03;Alpha3
N100;94;PositionalAgatzDecoderWithVehicleByPercentage;3080,02;Alpha3
N100;94;PositionalAgatzDecoderWithVehicleByPercentage;2737,88;Alpha3
N100;94;PositionalAgatzDecoderWithVehicleByPercentage;3028,88;Alpha3
N100;94;PositionalAgatzDecoderWithVehicleByPercentage;2937,95;Alpha3
N100;94;PositionalAgatzDecoderWithVehicleByPercentage;2872,22;Alpha3
N100;94;PositionalAgatzDecoderWithVehicleByPercentage;2649,06;Alpha3
N100;94;PositionalAgatzDecoderWithVehicleByPercentage;3170,14;Alpha3
N100;94;PositionalAgatzDecoderWithVehicleByPercentage;2968,12;Alpha3
N100;94;PositionalAgatzDecoderWithVehicleByPercentage;3034,99;Alpha3
N100;94;PositionalAgatzDecoderWithVehicleByPercentage;2857,02;Alpha3
N100;95;PositionalAgatzDecoderWithVehicleByPercentage;2910,68;Alpha3
N100;95;PositionalAgatzDecoderWithVehicleByPercentage;3294,77;Alpha3
N100;95;PositionalAgatzDecoderWithVehicleByPercentage;3064,94;Alpha3
N100;95;PositionalAgatzDecoderWithVehicleByPercentage;2632,05;Alpha3
N100;95;PositionalAgatzDecoderWithVehicleByPercentage;2853,42;Alpha3
N100;95;PositionalAgatzDecoderWithVehicleByPercentage;3178,82;Alpha3
N100;95;PositionalAgatzDecoderWithVehicleByPercentage;2656,36;Alpha3
N100;95;PositionalAgatzDecoderWithVehicleByPercentage;2982,39;Alpha3
N100;95;PositionalAgatzDecoderWithVehicleByPercentage;2742,86;Alpha3
N100;95;PositionalAgatzDecoderWithVehicleByPercentage;3336,44;Alpha3
N100;97;PositionalAgatzDecoderWithVehicleByPercentage;3061,72;Alpha3
N100;97;PositionalAgatzDecoderWithVehicleByPercentage;2774,43;Alpha3
N100;97;PositionalAgatzDecoderWithVehicleByPercentage;3054,80;Alpha3
N100;97;PositionalAgatzDecoderWithVehicleByPercentage;3139,14;Alpha3
N100;97;PositionalAgatzDecoderWithVehicleByPercentage;3097,04;Alpha3
N100;97;PositionalAgatzDecoderWithVehicleByPercentage;3099,88;Alpha3
N100;97;PositionalAgatzDecoderWithVehicleByPercentage;2783,57;Alpha3
N100;97;PositionalAgatzDecoderWithVehicleByPercentage;3278,44;Alpha3
N100;97;PositionalAgatzDecoderWithVehicleByPercentage;3315,49;Alpha3
N100;97;PositionalAgatzDecoderWithVehicleByPercentage;3340,30;Alpha3
N100;99;PositionalAgatzDecoderWithVehicleByPercentage;3217,19;Alpha3
N100;99;PositionalAgatzDecoderWithVehicleByPercentage;2962,33;Alpha3
N100;99;PositionalAgatzDecoderWithVehicleByPercentage;2690,75;Alpha3
N100;99;PositionalAgatzDecoderWithVehicleByPercentage;2834,48;Alpha3
N100;99;PositionalAgatzDecoderWithVehicleByPercentage;3024,91;Alpha3
N100;99;PositionalAgatzDecoderWithVehicleByPercentage;3108,85;Alpha3
N100;99;PositionalAgatzDecoderWithVehicleByPercentage;2414,69;Alpha3
N100;99;PositionalAgatzDecoderWithVehicleByPercentage;2537,02;Alpha3
N100;99;PositionalAgatzDecoderWithVehicleByPercentage;2736,57;Alpha3
N100;99;PositionalAgatzDecoderWithVehicleByPercentage;2939,33;Alpha3
N100;100;PositionalAgatzDecoderWithVehicleByPercentage;3038,47;Alpha3
N100;100;PositionalAgatzDecoderWithVehicleByPercentage;2922,27;Alpha3
N100;100;PositionalAgatzDecoderWithVehicleByPercentage;2957,71;Alpha3
N100;100;PositionalAgatzDecoderWithVehicleByPercentage;2633,29;Alpha3
N100;100;PositionalAgatzDecoderWithVehicleByPercentage;2537,60;Alpha3
N100;100;PositionalAgatzDecoderWithVehicleByPercentage;2874,28;Alpha3
N100;100;PositionalAgatzDecoderWithVehicleByPercentage;3180,36;Alpha3
N100;100;PositionalAgatzDecoderWithVehicleByPercentage;2514,04;Alpha3
N100;100;PositionalAgatzDecoderWithVehicleByPercentage;2571,85;Alpha3
N100;100;PositionalAgatzDecoderWithVehicleByPercentage;2894,74;Alpha3
N100;93;PositionalAgatzDecoderWithVehicleByPercentage;2799,14;Alpha3
N100;93;PositionalAgatzDecoderWithVehicleByPercentage;2743,90;Alpha3
N100;93;PositionalAgatzDecoderWithVehicleByPercentage;2715,39;Alpha3
N100;93;PositionalAgatzDecoderWithVehicleByPercentage;2831,13;Alpha3
N100;93;PositionalAgatzDecoderWithVehicleByPercentage;2310,78;Alpha3
N100;93;PositionalAgatzDecoderWithVehicleByPercentage;2295,17;Alpha3
N100;93;PositionalAgatzDecoderWithVehicleByPercentage;2423,46;Alpha3
N100;93;PositionalAgatzDecoderWithVehicleByPercentage;3224,48;Alpha3
N100;93;PositionalAgatzDecoderWithVehicleByPercentage;2791,30;Alpha3
N100;93;PositionalAgatzDecoderWithVehicleByPercentage;2588,07;Alpha3
N100;92;PositionalAgatzDecoderWithVehicleByPercentage;2521,58;Alpha3
N100;92;PositionalAgatzDecoderWithVehicleByPercentage;2814,39;Alpha3
N100;92;PositionalAgatzDecoderWithVehicleByPercentage;2437,08;Alpha3
N100;92;PositionalAgatzDecoderWithVehicleByPercentage;2776,62;Alpha3
N100;92;PositionalAgatzDecoderWithVehicleByPercentage;2301,57;Alpha3
N100;92;PositionalAgatzDecoderWithVehicleByPercentage;2596,70;Alpha3
N100;92;PositionalAgatzDecoderWithVehicleByPercentage;2792,35;Alpha3
N100;92;PositionalAgatzDecoderWithVehicleByPercentage;2783,91;Alpha3
N100;92;PositionalAgatzDecoderWithVehicleByPercentage;2928,14;Alpha3
N100;92;PositionalAgatzDecoderWithVehicleByPercentage;2050,01;Alpha3
N100;96;PositionalAgatzDecoderWithVehicleByPercentage;2999,50;Alpha3
N100;96;PositionalAgatzDecoderWithVehicleByPercentage;2800,35;Alpha3
N100;96;PositionalAgatzDecoderWithVehicleByPercentage;2938,09;Alpha3
N100;96;PositionalAgatzDecoderWithVehicleByPercentage;3070,65;Alpha3
N100;96;PositionalAgatzDecoderWithVehicleByPercentage;3068,81;Alpha3
N100;96;PositionalAgatzDecoderWithVehicleByPercentage;2769,68;Alpha3
N100;96;PositionalAgatzDecoderWithVehicleByPercentage;3227,62;Alpha3
N100;96;PositionalAgatzDecoderWithVehicleByPercentage;2838,73;Alpha3
N100;96;PositionalAgatzDecoderWithVehicleByPercentage;3238,88;Alpha3
N100;96;PositionalAgatzDecoderWithVehicleByPercentage;2932,37;Alpha3
N100;98;PositionalAgatzDecoderWithVehicleByPercentage;2853,13;Alpha3
N100;98;PositionalAgatzDecoderWithVehicleByPercentage;2725,69;Alpha3
N100;98;PositionalAgatzDecoderWithVehicleByPercentage;3139,61;Alpha3
N100;98;PositionalAgatzDecoderWithVehicleByPercentage;3155,15;Alpha3
N100;98;PositionalAgatzDecoderWithVehicleByPercentage;2833,12;Alpha3
N100;98;PositionalAgatzDecoderWithVehicleByPercentage;3452,20;Alpha3
N100;98;PositionalAgatzDecoderWithVehicleByPercentage;2853,24;Alpha3
N100;98;PositionalAgatzDecoderWithVehicleByPercentage;2645,20;Alpha3
N100;98;PositionalAgatzDecoderWithVehicleByPercentage;3084,70;Alpha3
N100;98;PositionalAgatzDecoderWithVehicleByPercentage;2950,10;Alpha3
N100;91;PositionalAgatzDecoderWithVehicleByPercentage;2907,88;Alpha3
N100;91;PositionalAgatzDecoderWithVehicleByPercentage;3154,42;Alpha3
N100;91;PositionalAgatzDecoderWithVehicleByPercentage;2978,36;Alpha3
N100;91;PositionalAgatzDecoderWithVehicleByPercentage;2990,33;Alpha3
N100;91;PositionalAgatzDecoderWithVehicleByPercentage;2976,30;Alpha3
N100;91;PositionalAgatzDecoderWithVehicleByPercentage;3187,42;Alpha3
N100;91;PositionalAgatzDecoderWithVehicleByPercentage;2919,81;Alpha3
N100;91;PositionalAgatzDecoderWithVehicleByPercentage;3028,64;Alpha3
N100;91;PositionalAgatzDecoderWithVehicleByPercentage;3000,02;Alpha3
N100;91;PositionalAgatzDecoderWithVehicleByPercentage;2871,42;Alpha3
N175;109;PositionalAgatzDecoderWithVehicleByPercentage;5496,55;Alpha3
N175;109;PositionalAgatzDecoderWithVehicleByPercentage;6285,44;Alpha3
N175;109;PositionalAgatzDecoderWithVehicleByPercentage;5394,41;Alpha3
N175;109;PositionalAgatzDecoderWithVehicleByPercentage;5885,42;Alpha3
N175;109;PositionalAgatzDecoderWithVehicleByPercentage;4860,72;Alpha3
N175;109;PositionalAgatzDecoderWithVehicleByPercentage;5621,52;Alpha3
N175;109;PositionalAgatzDecoderWithVehicleByPercentage;5497,62;Alpha3
N175;109;PositionalAgatzDecoderWithVehicleByPercentage;6307,56;Alpha3
N175;109;PositionalAgatzDecoderWithVehicleByPercentage;5863,36;Alpha3
N175;109;PositionalAgatzDecoderWithVehicleByPercentage;6179,92;Alpha3
N175;101;PositionalAgatzDecoderWithVehicleByPercentage;5581,06;Alpha3
N175;101;PositionalAgatzDecoderWithVehicleByPercentage;4691,91;Alpha3
N175;101;PositionalAgatzDecoderWithVehicleByPercentage;5123,03;Alpha3
N175;101;PositionalAgatzDecoderWithVehicleByPercentage;5155,86;Alpha3
N175;101;PositionalAgatzDecoderWithVehicleByPercentage;5518,24;Alpha3
N175;101;PositionalAgatzDecoderWithVehicleByPercentage;5233,98;Alpha3
N175;101;PositionalAgatzDecoderWithVehicleByPercentage;4730,74;Alpha3
N175;101;PositionalAgatzDecoderWithVehicleByPercentage;4742,35;Alpha3
N175;101;PositionalAgatzDecoderWithVehicleByPercentage;5025,49;Alpha3
N175;101;PositionalAgatzDecoderWithVehicleByPercentage;5465,17;Alpha3
N175;102;PositionalAgatzDecoderWithVehicleByPercentage;6721,29;Alpha3
N175;102;PositionalAgatzDecoderWithVehicleByPercentage;5935,64;Alpha3
N175;102;PositionalAgatzDecoderWithVehicleByPercentage;5781,44;Alpha3
N175;102;PositionalAgatzDecoderWithVehicleByPercentage;6046,04;Alpha3
N175;102;PositionalAgatzDecoderWithVehicleByPercentage;6596,20;Alpha3
N175;102;PositionalAgatzDecoderWithVehicleByPercentage;5383,44;Alpha3
N175;102;PositionalAgatzDecoderWithVehicleByPercentage;6368,50;Alpha3
N175;102;PositionalAgatzDecoderWithVehicleByPercentage;5814,16;Alpha3
N175;102;PositionalAgatzDecoderWithVehicleByPercentage;5982,13;Alpha3
N175;102;PositionalAgatzDecoderWithVehicleByPercentage;6374,31;Alpha3
N175;104;PositionalAgatzDecoderWithVehicleByPercentage;5577,88;Alpha3
N175;104;PositionalAgatzDecoderWithVehicleByPercentage;5595,82;Alpha3
N175;104;PositionalAgatzDecoderWithVehicleByPercentage;5080,19;Alpha3
N175;104;PositionalAgatzDecoderWithVehicleByPercentage;4949,81;Alpha3
N175;104;PositionalAgatzDecoderWithVehicleByPercentage;5358,82;Alpha3
N175;104;PositionalAgatzDecoderWithVehicleByPercentage;5527,23;Alpha3
N175;104;PositionalAgatzDecoderWithVehicleByPercentage;5769,78;Alpha3
N175;104;PositionalAgatzDecoderWithVehicleByPercentage;5641,48;Alpha3
N175;104;PositionalAgatzDecoderWithVehicleByPercentage;5922,21;Alpha3
N175;104;PositionalAgatzDecoderWithVehicleByPercentage;5298,41;Alpha3
N175;106;PositionalAgatzDecoderWithVehicleByPercentage;5609,94;Alpha3
N175;106;PositionalAgatzDecoderWithVehicleByPercentage;5819,56;Alpha3
N175;106;PositionalAgatzDecoderWithVehicleByPercentage;6939,15;Alpha3
N175;106;PositionalAgatzDecoderWithVehicleByPercentage;5648,66;Alpha3
N175;106;PositionalAgatzDecoderWithVehicleByPercentage;6023,31;Alpha3
N175;106;PositionalAgatzDecoderWithVehicleByPercentage;5495,91;Alpha3
N175;106;PositionalAgatzDecoderWithVehicleByPercentage;6092,00;Alpha3
N175;106;PositionalAgatzDecoderWithVehicleByPercentage;5913,63;Alpha3
N175;106;PositionalAgatzDecoderWithVehicleByPercentage;5993,86;Alpha3
N175;106;PositionalAgatzDecoderWithVehicleByPercentage;5708,93;Alpha3
N175;107;PositionalAgatzDecoderWithVehicleByPercentage;5607,13;Alpha3
N175;107;PositionalAgatzDecoderWithVehicleByPercentage;5737,30;Alpha3
N175;107;PositionalAgatzDecoderWithVehicleByPercentage;5905,03;Alpha3
N175;107;PositionalAgatzDecoderWithVehicleByPercentage;5525,89;Alpha3
N175;107;PositionalAgatzDecoderWithVehicleByPercentage;5731,38;Alpha3
N175;107;PositionalAgatzDecoderWithVehicleByPercentage;5906,85;Alpha3
N175;107;PositionalAgatzDecoderWithVehicleByPercentage;5916,11;Alpha3
N175;107;PositionalAgatzDecoderWithVehicleByPercentage;6034,38;Alpha3
N175;107;PositionalAgatzDecoderWithVehicleByPercentage;5988,75;Alpha3
N175;107;PositionalAgatzDecoderWithVehicleByPercentage;5601,36;Alpha3
N175;108;PositionalAgatzDecoderWithVehicleByPercentage;6225,46;Alpha3
N175;108;PositionalAgatzDecoderWithVehicleByPercentage;5835,74;Alpha3
N175;108;PositionalAgatzDecoderWithVehicleByPercentage;5276,50;Alpha3
N175;108;PositionalAgatzDecoderWithVehicleByPercentage;5280,10;Alpha3
N175;108;PositionalAgatzDecoderWithVehicleByPercentage;5644,22;Alpha3
N175;108;PositionalAgatzDecoderWithVehicleByPercentage;4940,31;Alpha3
N175;108;PositionalAgatzDecoderWithVehicleByPercentage;5839,26;Alpha3
N175;108;PositionalAgatzDecoderWithVehicleByPercentage;5648,97;Alpha3
N175;108;PositionalAgatzDecoderWithVehicleByPercentage;5896,84;Alpha3
N175;108;PositionalAgatzDecoderWithVehicleByPercentage;5822,22;Alpha3
N175;103;PositionalAgatzDecoderWithVehicleByPercentage;5227,30;Alpha3
N175;103;PositionalAgatzDecoderWithVehicleByPercentage;6214,95;Alpha3
N175;103;PositionalAgatzDecoderWithVehicleByPercentage;5879,57;Alpha3
N175;103;PositionalAgatzDecoderWithVehicleByPercentage;5830,04;Alpha3
N175;103;PositionalAgatzDecoderWithVehicleByPercentage;5386,00;Alpha3
N175;103;PositionalAgatzDecoderWithVehicleByPercentage;6092,63;Alpha3
N175;103;PositionalAgatzDecoderWithVehicleByPercentage;5514,06;Alpha3
N175;103;PositionalAgatzDecoderWithVehicleByPercentage;5538,23;Alpha3
N175;103;PositionalAgatzDecoderWithVehicleByPercentage;6342,92;Alpha3
N175;103;PositionalAgatzDecoderWithVehicleByPercentage;5837,30;Alpha3
N175;105;PositionalAgatzDecoderWithVehicleByPercentage;6402,81;Alpha3
N175;105;PositionalAgatzDecoderWithVehicleByPercentage;4961,93;Alpha3
N175;105;PositionalAgatzDecoderWithVehicleByPercentage;5314,53;Alpha3
N175;105;PositionalAgatzDecoderWithVehicleByPercentage;5493,50;Alpha3
N175;105;PositionalAgatzDecoderWithVehicleByPercentage;5069,05;Alpha3
N175;105;PositionalAgatzDecoderWithVehicleByPercentage;6046,10;Alpha3
N175;105;PositionalAgatzDecoderWithVehicleByPercentage;5763,22;Alpha3
N175;105;PositionalAgatzDecoderWithVehicleByPercentage;5118,45;Alpha3
N175;105;PositionalAgatzDecoderWithVehicleByPercentage;6153,22;Alpha3
N175;105;PositionalAgatzDecoderWithVehicleByPercentage;6011,67;Alpha3
N175;110;PositionalAgatzDecoderWithVehicleByPercentage;6831,21;Alpha3
N175;110;PositionalAgatzDecoderWithVehicleByPercentage;6510,04;Alpha3
N175;110;PositionalAgatzDecoderWithVehicleByPercentage;5794,49;Alpha3
N175;110;PositionalAgatzDecoderWithVehicleByPercentage;6091,14;Alpha3
N175;110;PositionalAgatzDecoderWithVehicleByPercentage;6585,38;Alpha3
N175;110;PositionalAgatzDecoderWithVehicleByPercentage;6060,56;Alpha3
N175;110;PositionalAgatzDecoderWithVehicleByPercentage;6349,94;Alpha3
N175;110;PositionalAgatzDecoderWithVehicleByPercentage;5985,96;Alpha3
N175;110;PositionalAgatzDecoderWithVehicleByPercentage;6188,22;Alpha3
N175;110;PositionalAgatzDecoderWithVehicleByPercentage;6622,74;Alpha3
N250;4;PositionalAgatzDecoderWithVehicleByPercentage;8092,42;Alpha3
N250;4;PositionalAgatzDecoderWithVehicleByPercentage;8068,02;Alpha3
N250;4;PositionalAgatzDecoderWithVehicleByPercentage;9098,10;Alpha3
N250;4;PositionalAgatzDecoderWithVehicleByPercentage;8772,64;Alpha3
N250;4;PositionalAgatzDecoderWithVehicleByPercentage;8302,46;Alpha3
N250;4;PositionalAgatzDecoderWithVehicleByPercentage;9605,74;Alpha3
N250;4;PositionalAgatzDecoderWithVehicleByPercentage;8555,73;Alpha3
N250;4;PositionalAgatzDecoderWithVehicleByPercentage;9726,12;Alpha3
N250;4;PositionalAgatzDecoderWithVehicleByPercentage;7825,90;Alpha3
N250;4;PositionalAgatzDecoderWithVehicleByPercentage;8982,02;Alpha3
N250;7;PositionalAgatzDecoderWithVehicleByPercentage;10028,97;Alpha3
N250;7;PositionalAgatzDecoderWithVehicleByPercentage;9070,99;Alpha3
N250;7;PositionalAgatzDecoderWithVehicleByPercentage;8442,45;Alpha3
N250;7;PositionalAgatzDecoderWithVehicleByPercentage;9325,56;Alpha3
N250;7;PositionalAgatzDecoderWithVehicleByPercentage;9273,03;Alpha3
N250;7;PositionalAgatzDecoderWithVehicleByPercentage;7960,14;Alpha3
N250;7;PositionalAgatzDecoderWithVehicleByPercentage;9549,19;Alpha3
N250;7;PositionalAgatzDecoderWithVehicleByPercentage;8820,32;Alpha3
N250;7;PositionalAgatzDecoderWithVehicleByPercentage;8934,68;Alpha3
N250;7;PositionalAgatzDecoderWithVehicleByPercentage;8973,60;Alpha3
N250;8;PositionalAgatzDecoderWithVehicleByPercentage;8793,81;Alpha3
N250;8;PositionalAgatzDecoderWithVehicleByPercentage;8970,30;Alpha3
N250;8;PositionalAgatzDecoderWithVehicleByPercentage;8918,08;Alpha3
N250;8;PositionalAgatzDecoderWithVehicleByPercentage;8663,01;Alpha3
N250;8;PositionalAgatzDecoderWithVehicleByPercentage;8725,12;Alpha3
N250;8;PositionalAgatzDecoderWithVehicleByPercentage;8774,90;Alpha3
N250;8;PositionalAgatzDecoderWithVehicleByPercentage;9007,13;Alpha3
N250;8;PositionalAgatzDecoderWithVehicleByPercentage;8712,20;Alpha3
N250;8;PositionalAgatzDecoderWithVehicleByPercentage;8709,57;Alpha3
N250;8;PositionalAgatzDecoderWithVehicleByPercentage;8939,55;Alpha3
N250;114;PositionalAgatzDecoderWithVehicleByPercentage;8047,51;Alpha3
N250;114;PositionalAgatzDecoderWithVehicleByPercentage;7958,52;Alpha3
N250;114;PositionalAgatzDecoderWithVehicleByPercentage;8261,87;Alpha3
N250;114;PositionalAgatzDecoderWithVehicleByPercentage;8381,21;Alpha3
N250;114;PositionalAgatzDecoderWithVehicleByPercentage;8211,02;Alpha3
N250;114;PositionalAgatzDecoderWithVehicleByPercentage;9218,15;Alpha3
N250;114;PositionalAgatzDecoderWithVehicleByPercentage;8768,95;Alpha3
N250;114;PositionalAgatzDecoderWithVehicleByPercentage;8394,71;Alpha3
N250;114;PositionalAgatzDecoderWithVehicleByPercentage;8510,47;Alpha3
N250;114;PositionalAgatzDecoderWithVehicleByPercentage;9199,16;Alpha3
N250;120;PositionalAgatzDecoderWithVehicleByPercentage;9350,01;Alpha3
N250;120;PositionalAgatzDecoderWithVehicleByPercentage;8068,15;Alpha3
N250;120;PositionalAgatzDecoderWithVehicleByPercentage;8870,35;Alpha3
N250;120;PositionalAgatzDecoderWithVehicleByPercentage;8704,56;Alpha3
N250;120;PositionalAgatzDecoderWithVehicleByPercentage;7660,41;Alpha3
N250;120;PositionalAgatzDecoderWithVehicleByPercentage;9040,24;Alpha3
N250;120;PositionalAgatzDecoderWithVehicleByPercentage;10196,71;Alpha3
N250;120;PositionalAgatzDecoderWithVehicleByPercentage;8760,18;Alpha3
N250;120;PositionalAgatzDecoderWithVehicleByPercentage;8157,06;Alpha3
N250;120;PositionalAgatzDecoderWithVehicleByPercentage;9867,95;Alpha3
N250;5;PositionalAgatzDecoderWithVehicleByPercentage;9031,11;Alpha3
N250;5;PositionalAgatzDecoderWithVehicleByPercentage;9324,14;Alpha3
N250;5;PositionalAgatzDecoderWithVehicleByPercentage;9250,06;Alpha3
N250;5;PositionalAgatzDecoderWithVehicleByPercentage;8670,57;Alpha3
N250;5;PositionalAgatzDecoderWithVehicleByPercentage;9731,93;Alpha3
N250;5;PositionalAgatzDecoderWithVehicleByPercentage;9303,53;Alpha3
N250;5;PositionalAgatzDecoderWithVehicleByPercentage;8688,96;Alpha3
N250;5;PositionalAgatzDecoderWithVehicleByPercentage;8843,27;Alpha3
N250;5;PositionalAgatzDecoderWithVehicleByPercentage;9340,99;Alpha3
N250;5;PositionalAgatzDecoderWithVehicleByPercentage;9146,94;Alpha3
N250;6;PositionalAgatzDecoderWithVehicleByPercentage;8898,51;Alpha3
N250;6;PositionalAgatzDecoderWithVehicleByPercentage;9504,24;Alpha3
N250;6;PositionalAgatzDecoderWithVehicleByPercentage;9833,07;Alpha3
N250;6;PositionalAgatzDecoderWithVehicleByPercentage;9193,59;Alpha3
N250;6;PositionalAgatzDecoderWithVehicleByPercentage;9443,14;Alpha3
N250;6;PositionalAgatzDecoderWithVehicleByPercentage;9389,30;Alpha3
N250;6;PositionalAgatzDecoderWithVehicleByPercentage;9054,67;Alpha3
N250;6;PositionalAgatzDecoderWithVehicleByPercentage;8635,25;Alpha3
N250;6;PositionalAgatzDecoderWithVehicleByPercentage;9428,82;Alpha3
N250;6;PositionalAgatzDecoderWithVehicleByPercentage;9129,31;Alpha3
N250;118;PositionalAgatzDecoderWithVehicleByPercentage;9063,08;Alpha3
N250;118;PositionalAgatzDecoderWithVehicleByPercentage;8513,06;Alpha3
N250;118;PositionalAgatzDecoderWithVehicleByPercentage;9248,73;Alpha3
N250;118;PositionalAgatzDecoderWithVehicleByPercentage;8416,88;Alpha3
N250;118;PositionalAgatzDecoderWithVehicleByPercentage;9344,72;Alpha3
N250;118;PositionalAgatzDecoderWithVehicleByPercentage;9413,00;Alpha3
N250;118;PositionalAgatzDecoderWithVehicleByPercentage;9631,91;Alpha3
N250;118;PositionalAgatzDecoderWithVehicleByPercentage;9369,09;Alpha3
N250;118;PositionalAgatzDecoderWithVehicleByPercentage;8652,71;Alpha3
N250;118;PositionalAgatzDecoderWithVehicleByPercentage;10007,68;Alpha3
N250;2;PositionalAgatzDecoderWithVehicleByPercentage;8213,82;Alpha3
N250;2;PositionalAgatzDecoderWithVehicleByPercentage;9331,76;Alpha3
N250;2;PositionalAgatzDecoderWithVehicleByPercentage;8522,48;Alpha3
N250;2;PositionalAgatzDecoderWithVehicleByPercentage;8212,82;Alpha3
N250;2;PositionalAgatzDecoderWithVehicleByPercentage;8531,31;Alpha3
N250;2;PositionalAgatzDecoderWithVehicleByPercentage;7792,36;Alpha3
N250;2;PositionalAgatzDecoderWithVehicleByPercentage;9025,87;Alpha3
N250;2;PositionalAgatzDecoderWithVehicleByPercentage;8729,28;Alpha3
N250;2;PositionalAgatzDecoderWithVehicleByPercentage;9362,95;Alpha3
N250;2;PositionalAgatzDecoderWithVehicleByPercentage;8947,41;Alpha3
N250;9;PositionalAgatzDecoderWithVehicleByPercentage;9027,34;Alpha3
N250;9;PositionalAgatzDecoderWithVehicleByPercentage;8762,58;Alpha3
N250;9;PositionalAgatzDecoderWithVehicleByPercentage;9829,43;Alpha3
N250;9;PositionalAgatzDecoderWithVehicleByPercentage;10061,75;Alpha3
N250;9;PositionalAgatzDecoderWithVehicleByPercentage;10127,90;Alpha3
N250;9;PositionalAgatzDecoderWithVehicleByPercentage;9039,93;Alpha3
N250;9;PositionalAgatzDecoderWithVehicleByPercentage;9296,29;Alpha3
N250;9;PositionalAgatzDecoderWithVehicleByPercentage;10577,82;Alpha3
N250;9;PositionalAgatzDecoderWithVehicleByPercentage;9180,76;Alpha3
N250;9;PositionalAgatzDecoderWithVehicleByPercentage;9464,57;Alpha3
N250;113;PositionalAgatzDecoderWithVehicleByPercentage;8454,50;Alpha3
N250;113;PositionalAgatzDecoderWithVehicleByPercentage;8253,25;Alpha3
N250;113;PositionalAgatzDecoderWithVehicleByPercentage;9008,38;Alpha3
N250;113;PositionalAgatzDecoderWithVehicleByPercentage;9042,37;Alpha3
N250;113;PositionalAgatzDecoderWithVehicleByPercentage;8523,15;Alpha3
N250;113;PositionalAgatzDecoderWithVehicleByPercentage;8744,46;Alpha3
N250;113;PositionalAgatzDecoderWithVehicleByPercentage;8946,34;Alpha3
N250;113;PositionalAgatzDecoderWithVehicleByPercentage;9004,54;Alpha3
N250;113;PositionalAgatzDecoderWithVehicleByPercentage;8791,18;Alpha3
N250;113;PositionalAgatzDecoderWithVehicleByPercentage;8126,42;Alpha3
N250;116;PositionalAgatzDecoderWithVehicleByPercentage;8421,98;Alpha3
N250;116;PositionalAgatzDecoderWithVehicleByPercentage;9102,56;Alpha3
N250;116;PositionalAgatzDecoderWithVehicleByPercentage;9264,43;Alpha3
N250;116;PositionalAgatzDecoderWithVehicleByPercentage;9214,71;Alpha3
N250;116;PositionalAgatzDecoderWithVehicleByPercentage;8830,48;Alpha3
N250;116;PositionalAgatzDecoderWithVehicleByPercentage;8655,56;Alpha3
N250;116;PositionalAgatzDecoderWithVehicleByPercentage;9117,32;Alpha3
N250;116;PositionalAgatzDecoderWithVehicleByPercentage;9121,02;Alpha3
N250;116;PositionalAgatzDecoderWithVehicleByPercentage;9893,46;Alpha3
N250;116;PositionalAgatzDecoderWithVehicleByPercentage;9211,64;Alpha3
N250;1;PositionalAgatzDecoderWithVehicleByPercentage;8940,97;Alpha3
N250;1;PositionalAgatzDecoderWithVehicleByPercentage;9654,31;Alpha3
N250;1;PositionalAgatzDecoderWithVehicleByPercentage;9330,67;Alpha3
N250;1;PositionalAgatzDecoderWithVehicleByPercentage;8816,02;Alpha3
N250;1;PositionalAgatzDecoderWithVehicleByPercentage;9547,17;Alpha3
N250;1;PositionalAgatzDecoderWithVehicleByPercentage;8885,30;Alpha3
N250;1;PositionalAgatzDecoderWithVehicleByPercentage;8698,42;Alpha3
N250;1;PositionalAgatzDecoderWithVehicleByPercentage;9007,46;Alpha3
N250;1;PositionalAgatzDecoderWithVehicleByPercentage;9719,49;Alpha3
N250;1;PositionalAgatzDecoderWithVehicleByPercentage;8101,24;Alpha3
N250;3;PositionalAgatzDecoderWithVehicleByPercentage;8050,93;Alpha3
N250;3;PositionalAgatzDecoderWithVehicleByPercentage;7844,20;Alpha3
N250;3;PositionalAgatzDecoderWithVehicleByPercentage;8788,77;Alpha3
N250;3;PositionalAgatzDecoderWithVehicleByPercentage;8020,60;Alpha3
N250;3;PositionalAgatzDecoderWithVehicleByPercentage;8172,01;Alpha3
N250;3;PositionalAgatzDecoderWithVehicleByPercentage;8397,67;Alpha3
N250;3;PositionalAgatzDecoderWithVehicleByPercentage;7277,05;Alpha3
N250;3;PositionalAgatzDecoderWithVehicleByPercentage;8041,38;Alpha3
N250;3;PositionalAgatzDecoderWithVehicleByPercentage;7991,76;Alpha3
N250;3;PositionalAgatzDecoderWithVehicleByPercentage;8156,41;Alpha3
N250;10;PositionalAgatzDecoderWithVehicleByPercentage;9548,40;Alpha3
N250;10;PositionalAgatzDecoderWithVehicleByPercentage;9471,16;Alpha3
N250;10;PositionalAgatzDecoderWithVehicleByPercentage;9018,51;Alpha3
N250;10;PositionalAgatzDecoderWithVehicleByPercentage;8610,89;Alpha3
N250;10;PositionalAgatzDecoderWithVehicleByPercentage;9608,01;Alpha3
N250;10;PositionalAgatzDecoderWithVehicleByPercentage;10180,42;Alpha3
N250;10;PositionalAgatzDecoderWithVehicleByPercentage;9714,69;Alpha3
N250;10;PositionalAgatzDecoderWithVehicleByPercentage;9696,33;Alpha3
N250;10;PositionalAgatzDecoderWithVehicleByPercentage;8747,97;Alpha3
N250;10;PositionalAgatzDecoderWithVehicleByPercentage;9049,84;Alpha3
N250;111;PositionalAgatzDecoderWithVehicleByPercentage;9154,45;Alpha3
N250;111;PositionalAgatzDecoderWithVehicleByPercentage;8289,82;Alpha3
N250;111;PositionalAgatzDecoderWithVehicleByPercentage;8623,12;Alpha3
N250;111;PositionalAgatzDecoderWithVehicleByPercentage;9423,54;Alpha3
N250;111;PositionalAgatzDecoderWithVehicleByPercentage;8494,14;Alpha3
N250;111;PositionalAgatzDecoderWithVehicleByPercentage;8763,73;Alpha3
N250;111;PositionalAgatzDecoderWithVehicleByPercentage;8791,98;Alpha3
N250;111;PositionalAgatzDecoderWithVehicleByPercentage;9364,87;Alpha3
N250;111;PositionalAgatzDecoderWithVehicleByPercentage;8024,88;Alpha3
N250;111;PositionalAgatzDecoderWithVehicleByPercentage;8777,03;Alpha3
N250;112;PositionalAgatzDecoderWithVehicleByPercentage;8579,83;Alpha3
N250;112;PositionalAgatzDecoderWithVehicleByPercentage;8882,90;Alpha3
N250;112;PositionalAgatzDecoderWithVehicleByPercentage;8613,36;Alpha3
N250;112;PositionalAgatzDecoderWithVehicleByPercentage;8442,68;Alpha3
N250;112;PositionalAgatzDecoderWithVehicleByPercentage;8940,05;Alpha3
N250;112;PositionalAgatzDecoderWithVehicleByPercentage;10141,50;Alpha3
N250;112;PositionalAgatzDecoderWithVehicleByPercentage;7804,75;Alpha3
N250;112;PositionalAgatzDecoderWithVehicleByPercentage;9080,67;Alpha3
N250;112;PositionalAgatzDecoderWithVehicleByPercentage;9493,95;Alpha3
N250;112;PositionalAgatzDecoderWithVehicleByPercentage;9360,93;Alpha3
N250;115;PositionalAgatzDecoderWithVehicleByPercentage;9107,64;Alpha3
N250;115;PositionalAgatzDecoderWithVehicleByPercentage;9561,54;Alpha3
N250;115;PositionalAgatzDecoderWithVehicleByPercentage;8982,20;Alpha3
N250;115;PositionalAgatzDecoderWithVehicleByPercentage;9799,28;Alpha3
N250;115;PositionalAgatzDecoderWithVehicleByPercentage;9001,17;Alpha3
N250;115;PositionalAgatzDecoderWithVehicleByPercentage;9542,76;Alpha3
N250;115;PositionalAgatzDecoderWithVehicleByPercentage;9109,88;Alpha3
N250;115;PositionalAgatzDecoderWithVehicleByPercentage;9425,97;Alpha3
N250;115;PositionalAgatzDecoderWithVehicleByPercentage;9703,92;Alpha3
N250;115;PositionalAgatzDecoderWithVehicleByPercentage;8853,00;Alpha3
N250;117;PositionalAgatzDecoderWithVehicleByPercentage;8741,80;Alpha3
N250;117;PositionalAgatzDecoderWithVehicleByPercentage;9214,57;Alpha3
N250;117;PositionalAgatzDecoderWithVehicleByPercentage;8602,46;Alpha3
N250;117;PositionalAgatzDecoderWithVehicleByPercentage;9262,69;Alpha3
N250;117;PositionalAgatzDecoderWithVehicleByPercentage;8817,40;Alpha3
N250;117;PositionalAgatzDecoderWithVehicleByPercentage;8692,40;Alpha3
N250;117;PositionalAgatzDecoderWithVehicleByPercentage;9131,70;Alpha3
N250;117;PositionalAgatzDecoderWithVehicleByPercentage;9471,02;Alpha3
N250;117;PositionalAgatzDecoderWithVehicleByPercentage;9786,10;Alpha3
N250;117;PositionalAgatzDecoderWithVehicleByPercentage;9081,97;Alpha3
N250;119;PositionalAgatzDecoderWithVehicleByPercentage;8560,68;Alpha3
N250;119;PositionalAgatzDecoderWithVehicleByPercentage;8707,24;Alpha3
N250;119;PositionalAgatzDecoderWithVehicleByPercentage;8820,59;Alpha3
N250;119;PositionalAgatzDecoderWithVehicleByPercentage;8930,37;Alpha3
N250;119;PositionalAgatzDecoderWithVehicleByPercentage;8635,27;Alpha3
N250;119;PositionalAgatzDecoderWithVehicleByPercentage;8584,21;Alpha3
N250;119;PositionalAgatzDecoderWithVehicleByPercentage;9255,38;Alpha3
N250;119;PositionalAgatzDecoderWithVehicleByPercentage;8829,25;Alpha3
N250;119;PositionalAgatzDecoderWithVehicleByPercentage;8637,31;Alpha3
N250;119;PositionalAgatzDecoderWithVehicleByPercentage;8463,96;Alpha3
N010;51;PositionalAgatzDecoderWithVehicleByPercentage;529,17;Alpha2
N010;51;PositionalAgatzDecoderWithVehicleByPercentage;527,88;Alpha2
N010;51;PositionalAgatzDecoderWithVehicleByPercentage;527,88;Alpha2
N010;51;PositionalAgatzDecoderWithVehicleByPercentage;527,88;Alpha2
N010;51;PositionalAgatzDecoderWithVehicleByPercentage;527,88;Alpha2
N010;51;PositionalAgatzDecoderWithVehicleByPercentage;527,88;Alpha2
N010;51;PositionalAgatzDecoderWithVehicleByPercentage;527,88;Alpha2
N010;51;PositionalAgatzDecoderWithVehicleByPercentage;529,17;Alpha2
N010;51;PositionalAgatzDecoderWithVehicleByPercentage;527,88;Alpha2
N010;51;PositionalAgatzDecoderWithVehicleByPercentage;527,88;Alpha2
N010;52;PositionalAgatzDecoderWithVehicleByPercentage;452,13;Alpha2
N010;52;PositionalAgatzDecoderWithVehicleByPercentage;449,11;Alpha2
N010;52;PositionalAgatzDecoderWithVehicleByPercentage;452,13;Alpha2
N010;52;PositionalAgatzDecoderWithVehicleByPercentage;456,96;Alpha2
N010;52;PositionalAgatzDecoderWithVehicleByPercentage;455,44;Alpha2
N010;52;PositionalAgatzDecoderWithVehicleByPercentage;452,13;Alpha2
N010;52;PositionalAgatzDecoderWithVehicleByPercentage;452,13;Alpha2
N010;52;PositionalAgatzDecoderWithVehicleByPercentage;452,39;Alpha2
N010;52;PositionalAgatzDecoderWithVehicleByPercentage;449,11;Alpha2
N010;52;PositionalAgatzDecoderWithVehicleByPercentage;449,11;Alpha2
N010;54;PositionalAgatzDecoderWithVehicleByPercentage;541,29;Alpha2
N010;54;PositionalAgatzDecoderWithVehicleByPercentage;541,29;Alpha2
N010;54;PositionalAgatzDecoderWithVehicleByPercentage;541,29;Alpha2
N010;54;PositionalAgatzDecoderWithVehicleByPercentage;541,29;Alpha2
N010;54;PositionalAgatzDecoderWithVehicleByPercentage;541,29;Alpha2
N010;54;PositionalAgatzDecoderWithVehicleByPercentage;541,29;Alpha2
N010;54;PositionalAgatzDecoderWithVehicleByPercentage;541,29;Alpha2
N010;54;PositionalAgatzDecoderWithVehicleByPercentage;543,65;Alpha2
N010;54;PositionalAgatzDecoderWithVehicleByPercentage;545,58;Alpha2
N010;54;PositionalAgatzDecoderWithVehicleByPercentage;541,29;Alpha2
N010;55;PositionalAgatzDecoderWithVehicleByPercentage;758,58;Alpha2
N010;55;PositionalAgatzDecoderWithVehicleByPercentage;758,58;Alpha2
N010;55;PositionalAgatzDecoderWithVehicleByPercentage;758,58;Alpha2
N010;55;PositionalAgatzDecoderWithVehicleByPercentage;785,94;Alpha2
N010;55;PositionalAgatzDecoderWithVehicleByPercentage;758,58;Alpha2
N010;55;PositionalAgatzDecoderWithVehicleByPercentage;758,58;Alpha2
N010;55;PositionalAgatzDecoderWithVehicleByPercentage;758,58;Alpha2
N010;55;PositionalAgatzDecoderWithVehicleByPercentage;758,58;Alpha2
N010;55;PositionalAgatzDecoderWithVehicleByPercentage;758,58;Alpha2
N010;55;PositionalAgatzDecoderWithVehicleByPercentage;758,58;Alpha2
N010;56;PositionalAgatzDecoderWithVehicleByPercentage;620,25;Alpha2
N010;56;PositionalAgatzDecoderWithVehicleByPercentage;620,25;Alpha2
N010;56;PositionalAgatzDecoderWithVehicleByPercentage;620,94;Alpha2
N010;56;PositionalAgatzDecoderWithVehicleByPercentage;620,25;Alpha2
N010;56;PositionalAgatzDecoderWithVehicleByPercentage;620,25;Alpha2
N010;56;PositionalAgatzDecoderWithVehicleByPercentage;620,25;Alpha2
N010;56;PositionalAgatzDecoderWithVehicleByPercentage;620,94;Alpha2
N010;56;PositionalAgatzDecoderWithVehicleByPercentage;620,25;Alpha2
N010;56;PositionalAgatzDecoderWithVehicleByPercentage;620,25;Alpha2
N010;56;PositionalAgatzDecoderWithVehicleByPercentage;620,25;Alpha2
N010;57;PositionalAgatzDecoderWithVehicleByPercentage;662,03;Alpha2
N010;57;PositionalAgatzDecoderWithVehicleByPercentage;658,30;Alpha2
N010;57;PositionalAgatzDecoderWithVehicleByPercentage;658,79;Alpha2
N010;57;PositionalAgatzDecoderWithVehicleByPercentage;658,30;Alpha2
N010;57;PositionalAgatzDecoderWithVehicleByPercentage;658,79;Alpha2
N010;57;PositionalAgatzDecoderWithVehicleByPercentage;658,30;Alpha2
N010;57;PositionalAgatzDecoderWithVehicleByPercentage;658,30;Alpha2
N010;57;PositionalAgatzDecoderWithVehicleByPercentage;658,79;Alpha2
N010;57;PositionalAgatzDecoderWithVehicleByPercentage;658,30;Alpha2
N010;57;PositionalAgatzDecoderWithVehicleByPercentage;658,79;Alpha2
N010;58;PositionalAgatzDecoderWithVehicleByPercentage;713,40;Alpha2
N010;58;PositionalAgatzDecoderWithVehicleByPercentage;727,66;Alpha2
N010;58;PositionalAgatzDecoderWithVehicleByPercentage;713,40;Alpha2
N010;58;PositionalAgatzDecoderWithVehicleByPercentage;713,40;Alpha2
N010;58;PositionalAgatzDecoderWithVehicleByPercentage;713,40;Alpha2
N010;58;PositionalAgatzDecoderWithVehicleByPercentage;713,40;Alpha2
N010;58;PositionalAgatzDecoderWithVehicleByPercentage;713,40;Alpha2
N010;58;PositionalAgatzDecoderWithVehicleByPercentage;713,40;Alpha2
N010;58;PositionalAgatzDecoderWithVehicleByPercentage;713,40;Alpha2
N010;58;PositionalAgatzDecoderWithVehicleByPercentage;713,40;Alpha2
N010;53;PositionalAgatzDecoderWithVehicleByPercentage;719,65;Alpha2
N010;53;PositionalAgatzDecoderWithVehicleByPercentage;743,72;Alpha2
N010;53;PositionalAgatzDecoderWithVehicleByPercentage;719,65;Alpha2
N010;53;PositionalAgatzDecoderWithVehicleByPercentage;743,72;Alpha2
N010;53;PositionalAgatzDecoderWithVehicleByPercentage;719,65;Alpha2
N010;53;PositionalAgatzDecoderWithVehicleByPercentage;719,65;Alpha2
N010;53;PositionalAgatzDecoderWithVehicleByPercentage;719,65;Alpha2
N010;53;PositionalAgatzDecoderWithVehicleByPercentage;719,65;Alpha2
N010;53;PositionalAgatzDecoderWithVehicleByPercentage;719,65;Alpha2
N010;53;PositionalAgatzDecoderWithVehicleByPercentage;719,65;Alpha2
N010;59;PositionalAgatzDecoderWithVehicleByPercentage;785,69;Alpha2
N010;59;PositionalAgatzDecoderWithVehicleByPercentage;785,69;Alpha2
N010;59;PositionalAgatzDecoderWithVehicleByPercentage;785,69;Alpha2
N010;59;PositionalAgatzDecoderWithVehicleByPercentage;822,64;Alpha2
N010;59;PositionalAgatzDecoderWithVehicleByPercentage;785,69;Alpha2
N010;59;PositionalAgatzDecoderWithVehicleByPercentage;822,64;Alpha2
N010;59;PositionalAgatzDecoderWithVehicleByPercentage;785,69;Alpha2
N010;59;PositionalAgatzDecoderWithVehicleByPercentage;785,69;Alpha2
N010;59;PositionalAgatzDecoderWithVehicleByPercentage;785,69;Alpha2
N010;59;PositionalAgatzDecoderWithVehicleByPercentage;785,69;Alpha2
N010;60;PositionalAgatzDecoderWithVehicleByPercentage;814,05;Alpha2
N010;60;PositionalAgatzDecoderWithVehicleByPercentage;814,05;Alpha2
N010;60;PositionalAgatzDecoderWithVehicleByPercentage;814,05;Alpha2
N010;60;PositionalAgatzDecoderWithVehicleByPercentage;814,05;Alpha2
N010;60;PositionalAgatzDecoderWithVehicleByPercentage;814,05;Alpha2
N010;60;PositionalAgatzDecoderWithVehicleByPercentage;814,05;Alpha2
N010;60;PositionalAgatzDecoderWithVehicleByPercentage;835,68;Alpha2
N010;60;PositionalAgatzDecoderWithVehicleByPercentage;835,68;Alpha2
N010;60;PositionalAgatzDecoderWithVehicleByPercentage;814,05;Alpha2
N010;60;PositionalAgatzDecoderWithVehicleByPercentage;835,68;Alpha2
N020;66;PositionalAgatzDecoderWithVehicleByPercentage;731,60;Alpha2
N020;66;PositionalAgatzDecoderWithVehicleByPercentage;731,60;Alpha2
N020;66;PositionalAgatzDecoderWithVehicleByPercentage;751,95;Alpha2
N020;66;PositionalAgatzDecoderWithVehicleByPercentage;746,82;Alpha2
N020;66;PositionalAgatzDecoderWithVehicleByPercentage;753,91;Alpha2
N020;66;PositionalAgatzDecoderWithVehicleByPercentage;750,27;Alpha2
N020;66;PositionalAgatzDecoderWithVehicleByPercentage;729,55;Alpha2
N020;66;PositionalAgatzDecoderWithVehicleByPercentage;746,41;Alpha2
N020;66;PositionalAgatzDecoderWithVehicleByPercentage;729,55;Alpha2
N020;66;PositionalAgatzDecoderWithVehicleByPercentage;746,09;Alpha2
N020;70;PositionalAgatzDecoderWithVehicleByPercentage;845,84;Alpha2
N020;70;PositionalAgatzDecoderWithVehicleByPercentage;856,53;Alpha2
N020;70;PositionalAgatzDecoderWithVehicleByPercentage;806,62;Alpha2
N020;70;PositionalAgatzDecoderWithVehicleByPercentage;838,36;Alpha2
N020;70;PositionalAgatzDecoderWithVehicleByPercentage;848,02;Alpha2
N020;70;PositionalAgatzDecoderWithVehicleByPercentage;827,94;Alpha2
N020;70;PositionalAgatzDecoderWithVehicleByPercentage;849,27;Alpha2
N020;70;PositionalAgatzDecoderWithVehicleByPercentage;837,39;Alpha2
N020;70;PositionalAgatzDecoderWithVehicleByPercentage;806,62;Alpha2
N020;70;PositionalAgatzDecoderWithVehicleByPercentage;818,62;Alpha2
N020;61;PositionalAgatzDecoderWithVehicleByPercentage;851,14;Alpha2
N020;61;PositionalAgatzDecoderWithVehicleByPercentage;830,72;Alpha2
N020;61;PositionalAgatzDecoderWithVehicleByPercentage;851,14;Alpha2
N020;61;PositionalAgatzDecoderWithVehicleByPercentage;830,72;Alpha2
N020;61;PositionalAgatzDecoderWithVehicleByPercentage;830,72;Alpha2
N020;61;PositionalAgatzDecoderWithVehicleByPercentage;853,35;Alpha2
N020;61;PositionalAgatzDecoderWithVehicleByPercentage;854,76;Alpha2
N020;61;PositionalAgatzDecoderWithVehicleByPercentage;861,62;Alpha2
N020;61;PositionalAgatzDecoderWithVehicleByPercentage;830,72;Alpha2
N020;61;PositionalAgatzDecoderWithVehicleByPercentage;851,14;Alpha2
N020;63;PositionalAgatzDecoderWithVehicleByPercentage;973,41;Alpha2
N020;63;PositionalAgatzDecoderWithVehicleByPercentage;910,54;Alpha2
N020;63;PositionalAgatzDecoderWithVehicleByPercentage;910,54;Alpha2
N020;63;PositionalAgatzDecoderWithVehicleByPercentage;1029,39;Alpha2
N020;63;PositionalAgatzDecoderWithVehicleByPercentage;910,54;Alpha2
N020;63;PositionalAgatzDecoderWithVehicleByPercentage;910,54;Alpha2
N020;63;PositionalAgatzDecoderWithVehicleByPercentage;1002,78;Alpha2
N020;63;PositionalAgatzDecoderWithVehicleByPercentage;923,11;Alpha2
N020;63;PositionalAgatzDecoderWithVehicleByPercentage;973,41;Alpha2
N020;63;PositionalAgatzDecoderWithVehicleByPercentage;1029,79;Alpha2
N020;64;PositionalAgatzDecoderWithVehicleByPercentage;1035,91;Alpha2
N020;64;PositionalAgatzDecoderWithVehicleByPercentage;1073,60;Alpha2
N020;64;PositionalAgatzDecoderWithVehicleByPercentage;1032,43;Alpha2
N020;64;PositionalAgatzDecoderWithVehicleByPercentage;1035,91;Alpha2
N020;64;PositionalAgatzDecoderWithVehicleByPercentage;1032,15;Alpha2
N020;64;PositionalAgatzDecoderWithVehicleByPercentage;1032,15;Alpha2
N020;64;PositionalAgatzDecoderWithVehicleByPercentage;1041,59;Alpha2
N020;64;PositionalAgatzDecoderWithVehicleByPercentage;1052,19;Alpha2
N020;64;PositionalAgatzDecoderWithVehicleByPercentage;1043,22;Alpha2
N020;64;PositionalAgatzDecoderWithVehicleByPercentage;1032,87;Alpha2
N020;68;PositionalAgatzDecoderWithVehicleByPercentage;695,04;Alpha2
N020;68;PositionalAgatzDecoderWithVehicleByPercentage;695,04;Alpha2
N020;68;PositionalAgatzDecoderWithVehicleByPercentage;741,26;Alpha2
N020;68;PositionalAgatzDecoderWithVehicleByPercentage;751,05;Alpha2
N020;68;PositionalAgatzDecoderWithVehicleByPercentage;762,18;Alpha2
N020;68;PositionalAgatzDecoderWithVehicleByPercentage;729,20;Alpha2
N020;68;PositionalAgatzDecoderWithVehicleByPercentage;693,88;Alpha2
N020;68;PositionalAgatzDecoderWithVehicleByPercentage;754,17;Alpha2
N020;68;PositionalAgatzDecoderWithVehicleByPercentage;715,57;Alpha2
N020;68;PositionalAgatzDecoderWithVehicleByPercentage;788,64;Alpha2
N020;69;PositionalAgatzDecoderWithVehicleByPercentage;776,04;Alpha2
N020;69;PositionalAgatzDecoderWithVehicleByPercentage;777,65;Alpha2
N020;69;PositionalAgatzDecoderWithVehicleByPercentage;767,04;Alpha2
N020;69;PositionalAgatzDecoderWithVehicleByPercentage;780,52;Alpha2
N020;69;PositionalAgatzDecoderWithVehicleByPercentage;806,15;Alpha2
N020;69;PositionalAgatzDecoderWithVehicleByPercentage;763,08;Alpha2
N020;69;PositionalAgatzDecoderWithVehicleByPercentage;766,04;Alpha2
N020;69;PositionalAgatzDecoderWithVehicleByPercentage;763,17;Alpha2
N020;69;PositionalAgatzDecoderWithVehicleByPercentage;766,04;Alpha2
N020;69;PositionalAgatzDecoderWithVehicleByPercentage;782,27;Alpha2
N020;62;PositionalAgatzDecoderWithVehicleByPercentage;780,87;Alpha2
N020;62;PositionalAgatzDecoderWithVehicleByPercentage;789,50;Alpha2
N020;62;PositionalAgatzDecoderWithVehicleByPercentage;794,43;Alpha2
N020;62;PositionalAgatzDecoderWithVehicleByPercentage;766,09;Alpha2
N020;62;PositionalAgatzDecoderWithVehicleByPercentage;780,11;Alpha2
N020;62;PositionalAgatzDecoderWithVehicleByPercentage;774,50;Alpha2
N020;62;PositionalAgatzDecoderWithVehicleByPercentage;768,79;Alpha2
N020;62;PositionalAgatzDecoderWithVehicleByPercentage;780,17;Alpha2
N020;62;PositionalAgatzDecoderWithVehicleByPercentage;766,28;Alpha2
N020;62;PositionalAgatzDecoderWithVehicleByPercentage;771,99;Alpha2
N020;65;PositionalAgatzDecoderWithVehicleByPercentage;763,53;Alpha2
N020;65;PositionalAgatzDecoderWithVehicleByPercentage;713,95;Alpha2
N020;65;PositionalAgatzDecoderWithVehicleByPercentage;726,24;Alpha2
N020;65;PositionalAgatzDecoderWithVehicleByPercentage;731,52;Alpha2
N020;65;PositionalAgatzDecoderWithVehicleByPercentage;745,89;Alpha2
N020;65;PositionalAgatzDecoderWithVehicleByPercentage;719,65;Alpha2
N020;65;PositionalAgatzDecoderWithVehicleByPercentage;729,41;Alpha2
N020;65;PositionalAgatzDecoderWithVehicleByPercentage;719,17;Alpha2
N020;65;PositionalAgatzDecoderWithVehicleByPercentage;729,40;Alpha2
N020;65;PositionalAgatzDecoderWithVehicleByPercentage;708,03;Alpha2
N020;67;PositionalAgatzDecoderWithVehicleByPercentage;752,43;Alpha2
N020;67;PositionalAgatzDecoderWithVehicleByPercentage;759,78;Alpha2
N020;67;PositionalAgatzDecoderWithVehicleByPercentage;828,11;Alpha2
N020;67;PositionalAgatzDecoderWithVehicleByPercentage;760,31;Alpha2
N020;67;PositionalAgatzDecoderWithVehicleByPercentage;773,23;Alpha2
N020;67;PositionalAgatzDecoderWithVehicleByPercentage;755,87;Alpha2
N020;67;PositionalAgatzDecoderWithVehicleByPercentage;849,62;Alpha2
N020;67;PositionalAgatzDecoderWithVehicleByPercentage;760,31;Alpha2
N020;67;PositionalAgatzDecoderWithVehicleByPercentage;753,73;Alpha2
N020;67;PositionalAgatzDecoderWithVehicleByPercentage;752,43;Alpha2
N050;77;PositionalAgatzDecoderWithVehicleByPercentage;1269,92;Alpha2
N050;77;PositionalAgatzDecoderWithVehicleByPercentage;1576,34;Alpha2
N050;77;PositionalAgatzDecoderWithVehicleByPercentage;1627,28;Alpha2
N050;77;PositionalAgatzDecoderWithVehicleByPercentage;1264,23;Alpha2
N050;77;PositionalAgatzDecoderWithVehicleByPercentage;1243,99;Alpha2
N050;77;PositionalAgatzDecoderWithVehicleByPercentage;1600,39;Alpha2
N050;77;PositionalAgatzDecoderWithVehicleByPercentage;1611,38;Alpha2
N050;77;PositionalAgatzDecoderWithVehicleByPercentage;1406,72;Alpha2
N050;77;PositionalAgatzDecoderWithVehicleByPercentage;1310,58;Alpha2
N050;77;PositionalAgatzDecoderWithVehicleByPercentage;1625,00;Alpha2
N050;78;PositionalAgatzDecoderWithVehicleByPercentage;1779,04;Alpha2
N050;78;PositionalAgatzDecoderWithVehicleByPercentage;1544,12;Alpha2
N050;78;PositionalAgatzDecoderWithVehicleByPercentage;1588,64;Alpha2
N050;78;PositionalAgatzDecoderWithVehicleByPercentage;1562,46;Alpha2
N050;78;PositionalAgatzDecoderWithVehicleByPercentage;1711,19;Alpha2
N050;78;PositionalAgatzDecoderWithVehicleByPercentage;1314,00;Alpha2
N050;78;PositionalAgatzDecoderWithVehicleByPercentage;1714,15;Alpha2
N050;78;PositionalAgatzDecoderWithVehicleByPercentage;1861,68;Alpha2
N050;78;PositionalAgatzDecoderWithVehicleByPercentage;1634,85;Alpha2
N050;78;PositionalAgatzDecoderWithVehicleByPercentage;1578,70;Alpha2
N050;75;PositionalAgatzDecoderWithVehicleByPercentage;1776,84;Alpha2
N050;75;PositionalAgatzDecoderWithVehicleByPercentage;1721,05;Alpha2
N050;75;PositionalAgatzDecoderWithVehicleByPercentage;1677,09;Alpha2
N050;75;PositionalAgatzDecoderWithVehicleByPercentage;1940,94;Alpha2
N050;75;PositionalAgatzDecoderWithVehicleByPercentage;1958,31;Alpha2
N050;75;PositionalAgatzDecoderWithVehicleByPercentage;1581,98;Alpha2
N050;75;PositionalAgatzDecoderWithVehicleByPercentage;1711,07;Alpha2
N050;75;PositionalAgatzDecoderWithVehicleByPercentage;1388,07;Alpha2
N050;75;PositionalAgatzDecoderWithVehicleByPercentage;1884,34;Alpha2
N050;75;PositionalAgatzDecoderWithVehicleByPercentage;1731,44;Alpha2
N050;72;PositionalAgatzDecoderWithVehicleByPercentage;1655,63;Alpha2
N050;72;PositionalAgatzDecoderWithVehicleByPercentage;1651,25;Alpha2
N050;72;PositionalAgatzDecoderWithVehicleByPercentage;1413,36;Alpha2
N050;72;PositionalAgatzDecoderWithVehicleByPercentage;1618,63;Alpha2
N050;72;PositionalAgatzDecoderWithVehicleByPercentage;1331,93;Alpha2
N050;72;PositionalAgatzDecoderWithVehicleByPercentage;1659,25;Alpha2
N050;72;PositionalAgatzDecoderWithVehicleByPercentage;1527,05;Alpha2
N050;72;PositionalAgatzDecoderWithVehicleByPercentage;1604,67;Alpha2
N050;72;PositionalAgatzDecoderWithVehicleByPercentage;1690,75;Alpha2
N050;72;PositionalAgatzDecoderWithVehicleByPercentage;1631,91;Alpha2
N050;73;PositionalAgatzDecoderWithVehicleByPercentage;1542,13;Alpha2
N050;73;PositionalAgatzDecoderWithVehicleByPercentage;1540,32;Alpha2
N050;73;PositionalAgatzDecoderWithVehicleByPercentage;1441,10;Alpha2
N050;73;PositionalAgatzDecoderWithVehicleByPercentage;1909,89;Alpha2
N050;73;PositionalAgatzDecoderWithVehicleByPercentage;1516,02;Alpha2
N050;73;PositionalAgatzDecoderWithVehicleByPercentage;1498,24;Alpha2
N050;73;PositionalAgatzDecoderWithVehicleByPercentage;1544,92;Alpha2
N050;73;PositionalAgatzDecoderWithVehicleByPercentage;1197,99;Alpha2
N050;73;PositionalAgatzDecoderWithVehicleByPercentage;1447,73;Alpha2
N050;73;PositionalAgatzDecoderWithVehicleByPercentage;1835,89;Alpha2
N050;74;PositionalAgatzDecoderWithVehicleByPercentage;1526,74;Alpha2
N050;74;PositionalAgatzDecoderWithVehicleByPercentage;1553,00;Alpha2
N050;74;PositionalAgatzDecoderWithVehicleByPercentage;1454,55;Alpha2
N050;74;PositionalAgatzDecoderWithVehicleByPercentage;1514,07;Alpha2
N050;74;PositionalAgatzDecoderWithVehicleByPercentage;1789,34;Alpha2
N050;74;PositionalAgatzDecoderWithVehicleByPercentage;1324,70;Alpha2
N050;74;PositionalAgatzDecoderWithVehicleByPercentage;1480,16;Alpha2
N050;74;PositionalAgatzDecoderWithVehicleByPercentage;1462,55;Alpha2
N050;74;PositionalAgatzDecoderWithVehicleByPercentage;1428,15;Alpha2
N050;74;PositionalAgatzDecoderWithVehicleByPercentage;1377,36;Alpha2
N050;76;PositionalAgatzDecoderWithVehicleByPercentage;2031,05;Alpha2
N050;76;PositionalAgatzDecoderWithVehicleByPercentage;1501,56;Alpha2
N050;76;PositionalAgatzDecoderWithVehicleByPercentage;1821,59;Alpha2
N050;76;PositionalAgatzDecoderWithVehicleByPercentage;1751,20;Alpha2
N050;76;PositionalAgatzDecoderWithVehicleByPercentage;1736,57;Alpha2
N050;76;PositionalAgatzDecoderWithVehicleByPercentage;1704,42;Alpha2
N050;76;PositionalAgatzDecoderWithVehicleByPercentage;1690,31;Alpha2
N050;76;PositionalAgatzDecoderWithVehicleByPercentage;1704,30;Alpha2
N050;76;PositionalAgatzDecoderWithVehicleByPercentage;1612,71;Alpha2
N050;76;PositionalAgatzDecoderWithVehicleByPercentage;1739,57;Alpha2
N050;79;PositionalAgatzDecoderWithVehicleByPercentage;1343,95;Alpha2
N050;79;PositionalAgatzDecoderWithVehicleByPercentage;1831,11;Alpha2
N050;79;PositionalAgatzDecoderWithVehicleByPercentage;1452,35;Alpha2
N050;79;PositionalAgatzDecoderWithVehicleByPercentage;1666,21;Alpha2
N050;79;PositionalAgatzDecoderWithVehicleByPercentage;1623,08;Alpha2
N050;79;PositionalAgatzDecoderWithVehicleByPercentage;1591,10;Alpha2
N050;79;PositionalAgatzDecoderWithVehicleByPercentage;1550,39;Alpha2
N050;79;PositionalAgatzDecoderWithVehicleByPercentage;1627,52;Alpha2
N050;79;PositionalAgatzDecoderWithVehicleByPercentage;1926,39;Alpha2
N050;79;PositionalAgatzDecoderWithVehicleByPercentage;1658,93;Alpha2
N050;80;PositionalAgatzDecoderWithVehicleByPercentage;1699,59;Alpha2
N050;80;PositionalAgatzDecoderWithVehicleByPercentage;1751,38;Alpha2
N050;80;PositionalAgatzDecoderWithVehicleByPercentage;1587,88;Alpha2
N050;80;PositionalAgatzDecoderWithVehicleByPercentage;1969,72;Alpha2
N050;80;PositionalAgatzDecoderWithVehicleByPercentage;1553,64;Alpha2
N050;80;PositionalAgatzDecoderWithVehicleByPercentage;1735,38;Alpha2
N050;80;PositionalAgatzDecoderWithVehicleByPercentage;1578,37;Alpha2
N050;80;PositionalAgatzDecoderWithVehicleByPercentage;1490,68;Alpha2
N050;80;PositionalAgatzDecoderWithVehicleByPercentage;1551,34;Alpha2
N050;80;PositionalAgatzDecoderWithVehicleByPercentage;1658,73;Alpha2
N050;71;PositionalAgatzDecoderWithVehicleByPercentage;1951,05;Alpha2
N050;71;PositionalAgatzDecoderWithVehicleByPercentage;1531,30;Alpha2
N050;71;PositionalAgatzDecoderWithVehicleByPercentage;1740,35;Alpha2
N050;71;PositionalAgatzDecoderWithVehicleByPercentage;1407,17;Alpha2
N050;71;PositionalAgatzDecoderWithVehicleByPercentage;1676,45;Alpha2
N050;71;PositionalAgatzDecoderWithVehicleByPercentage;1632,47;Alpha2
N050;71;PositionalAgatzDecoderWithVehicleByPercentage;2167,72;Alpha2
N050;71;PositionalAgatzDecoderWithVehicleByPercentage;1867,56;Alpha2
N050;71;PositionalAgatzDecoderWithVehicleByPercentage;1802,59;Alpha2
N050;71;PositionalAgatzDecoderWithVehicleByPercentage;1711,32;Alpha2
N075;85;PositionalAgatzDecoderWithVehicleByPercentage;3011,56;Alpha2
N075;85;PositionalAgatzDecoderWithVehicleByPercentage;2516,81;Alpha2
N075;85;PositionalAgatzDecoderWithVehicleByPercentage;2652,48;Alpha2
N075;85;PositionalAgatzDecoderWithVehicleByPercentage;2701,66;Alpha2
N075;85;PositionalAgatzDecoderWithVehicleByPercentage;2649,82;Alpha2
N075;85;PositionalAgatzDecoderWithVehicleByPercentage;2715,40;Alpha2
N075;85;PositionalAgatzDecoderWithVehicleByPercentage;2671,68;Alpha2
N075;85;PositionalAgatzDecoderWithVehicleByPercentage;2716,34;Alpha2
N075;85;PositionalAgatzDecoderWithVehicleByPercentage;2740,71;Alpha2
N075;85;PositionalAgatzDecoderWithVehicleByPercentage;2778,61;Alpha2
N075;87;PositionalAgatzDecoderWithVehicleByPercentage;2077,93;Alpha2
N075;87;PositionalAgatzDecoderWithVehicleByPercentage;2430,43;Alpha2
N075;87;PositionalAgatzDecoderWithVehicleByPercentage;2157,77;Alpha2
N075;87;PositionalAgatzDecoderWithVehicleByPercentage;2136,38;Alpha2
N075;87;PositionalAgatzDecoderWithVehicleByPercentage;2735,78;Alpha2
N075;87;PositionalAgatzDecoderWithVehicleByPercentage;2041,16;Alpha2
N075;87;PositionalAgatzDecoderWithVehicleByPercentage;2134,45;Alpha2
N075;87;PositionalAgatzDecoderWithVehicleByPercentage;2415,64;Alpha2
N075;87;PositionalAgatzDecoderWithVehicleByPercentage;2459,21;Alpha2
N075;87;PositionalAgatzDecoderWithVehicleByPercentage;2326,49;Alpha2
N075;90;PositionalAgatzDecoderWithVehicleByPercentage;2031,73;Alpha2
N075;90;PositionalAgatzDecoderWithVehicleByPercentage;2143,32;Alpha2
N075;90;PositionalAgatzDecoderWithVehicleByPercentage;2188,26;Alpha2
N075;90;PositionalAgatzDecoderWithVehicleByPercentage;2271,88;Alpha2
N075;90;PositionalAgatzDecoderWithVehicleByPercentage;2171,17;Alpha2
N075;90;PositionalAgatzDecoderWithVehicleByPercentage;1914,03;Alpha2
N075;90;PositionalAgatzDecoderWithVehicleByPercentage;2107,53;Alpha2
N075;90;PositionalAgatzDecoderWithVehicleByPercentage;2218,89;Alpha2
N075;90;PositionalAgatzDecoderWithVehicleByPercentage;2129,67;Alpha2
N075;90;PositionalAgatzDecoderWithVehicleByPercentage;2616,42;Alpha2
N075;81;PositionalAgatzDecoderWithVehicleByPercentage;1942,68;Alpha2
N075;81;PositionalAgatzDecoderWithVehicleByPercentage;1976,09;Alpha2
N075;81;PositionalAgatzDecoderWithVehicleByPercentage;2307,64;Alpha2
N075;81;PositionalAgatzDecoderWithVehicleByPercentage;2272,84;Alpha2
N075;81;PositionalAgatzDecoderWithVehicleByPercentage;2017,93;Alpha2
N075;81;PositionalAgatzDecoderWithVehicleByPercentage;2068,43;Alpha2
N075;81;PositionalAgatzDecoderWithVehicleByPercentage;1845,43;Alpha2
N075;81;PositionalAgatzDecoderWithVehicleByPercentage;2065,18;Alpha2
N075;81;PositionalAgatzDecoderWithVehicleByPercentage;2176,53;Alpha2
N075;81;PositionalAgatzDecoderWithVehicleByPercentage;1938,33;Alpha2
N075;82;PositionalAgatzDecoderWithVehicleByPercentage;2014,19;Alpha2
N075;82;PositionalAgatzDecoderWithVehicleByPercentage;2261,67;Alpha2
N075;82;PositionalAgatzDecoderWithVehicleByPercentage;1962,22;Alpha2
N075;82;PositionalAgatzDecoderWithVehicleByPercentage;2429,99;Alpha2
N075;82;PositionalAgatzDecoderWithVehicleByPercentage;2547,34;Alpha2
N075;82;PositionalAgatzDecoderWithVehicleByPercentage;2047,04;Alpha2
N075;82;PositionalAgatzDecoderWithVehicleByPercentage;2347,36;Alpha2
N075;82;PositionalAgatzDecoderWithVehicleByPercentage;2519,19;Alpha2
N075;82;PositionalAgatzDecoderWithVehicleByPercentage;2139,96;Alpha2
N075;82;PositionalAgatzDecoderWithVehicleByPercentage;1880,21;Alpha2
N075;84;PositionalAgatzDecoderWithVehicleByPercentage;2883,25;Alpha2
N075;84;PositionalAgatzDecoderWithVehicleByPercentage;2405,32;Alpha2
N075;84;PositionalAgatzDecoderWithVehicleByPercentage;2767,81;Alpha2
N075;84;PositionalAgatzDecoderWithVehicleByPercentage;2493,73;Alpha2
N075;84;PositionalAgatzDecoderWithVehicleByPercentage;2787,36;Alpha2
N075;84;PositionalAgatzDecoderWithVehicleByPercentage;2463,90;Alpha2
N075;84;PositionalAgatzDecoderWithVehicleByPercentage;2988,44;Alpha2
N075;84;PositionalAgatzDecoderWithVehicleByPercentage;2659,75;Alpha2
N075;84;PositionalAgatzDecoderWithVehicleByPercentage;2572,18;Alpha2
N075;84;PositionalAgatzDecoderWithVehicleByPercentage;2937,92;Alpha2
N075;89;PositionalAgatzDecoderWithVehicleByPercentage;1977,21;Alpha2
N075;89;PositionalAgatzDecoderWithVehicleByPercentage;2359,91;Alpha2
N075;89;PositionalAgatzDecoderWithVehicleByPercentage;2438,20;Alpha2
N075;89;PositionalAgatzDecoderWithVehicleByPercentage;2419,70;Alpha2
N075;89;PositionalAgatzDecoderWithVehicleByPercentage;2489,92;Alpha2
N075;89;PositionalAgatzDecoderWithVehicleByPercentage;2280,23;Alpha2
N075;89;PositionalAgatzDecoderWithVehicleByPercentage;2196,22;Alpha2
N075;89;PositionalAgatzDecoderWithVehicleByPercentage;2351,39;Alpha2
N075;89;PositionalAgatzDecoderWithVehicleByPercentage;2420,63;Alpha2
N075;89;PositionalAgatzDecoderWithVehicleByPercentage;2128,40;Alpha2
N075;83;PositionalAgatzDecoderWithVehicleByPercentage;2715,05;Alpha2
N075;83;PositionalAgatzDecoderWithVehicleByPercentage;2295,39;Alpha2
N075;83;PositionalAgatzDecoderWithVehicleByPercentage;2329,40;Alpha2
N075;83;PositionalAgatzDecoderWithVehicleByPercentage;2198,63;Alpha2
N075;83;PositionalAgatzDecoderWithVehicleByPercentage;1914,08;Alpha2
N075;83;PositionalAgatzDecoderWithVehicleByPercentage;2272,37;Alpha2
N075;83;PositionalAgatzDecoderWithVehicleByPercentage;2435,77;Alpha2
N075;83;PositionalAgatzDecoderWithVehicleByPercentage;2532,15;Alpha2
N075;83;PositionalAgatzDecoderWithVehicleByPercentage;2387,99;Alpha2
N075;83;PositionalAgatzDecoderWithVehicleByPercentage;2420,07;Alpha2
N075;86;PositionalAgatzDecoderWithVehicleByPercentage;2414,72;Alpha2
N075;86;PositionalAgatzDecoderWithVehicleByPercentage;1995,58;Alpha2
N075;86;PositionalAgatzDecoderWithVehicleByPercentage;2690,12;Alpha2
N075;86;PositionalAgatzDecoderWithVehicleByPercentage;2050,20;Alpha2
N075;86;PositionalAgatzDecoderWithVehicleByPercentage;2024,03;Alpha2
N075;86;PositionalAgatzDecoderWithVehicleByPercentage;2035,54;Alpha2
N075;86;PositionalAgatzDecoderWithVehicleByPercentage;2003,92;Alpha2
N075;86;PositionalAgatzDecoderWithVehicleByPercentage;2045,00;Alpha2
N075;86;PositionalAgatzDecoderWithVehicleByPercentage;1973,97;Alpha2
N075;86;PositionalAgatzDecoderWithVehicleByPercentage;2074,74;Alpha2
N075;88;PositionalAgatzDecoderWithVehicleByPercentage;2723,92;Alpha2
N075;88;PositionalAgatzDecoderWithVehicleByPercentage;2731,27;Alpha2
N075;88;PositionalAgatzDecoderWithVehicleByPercentage;2263,65;Alpha2
N075;88;PositionalAgatzDecoderWithVehicleByPercentage;2751,12;Alpha2
N075;88;PositionalAgatzDecoderWithVehicleByPercentage;2402,64;Alpha2
N075;88;PositionalAgatzDecoderWithVehicleByPercentage;2292,84;Alpha2
N075;88;PositionalAgatzDecoderWithVehicleByPercentage;2651,21;Alpha2
N075;88;PositionalAgatzDecoderWithVehicleByPercentage;2736,11;Alpha2
N075;88;PositionalAgatzDecoderWithVehicleByPercentage;2527,62;Alpha2
N075;88;PositionalAgatzDecoderWithVehicleByPercentage;2579,81;Alpha2
N100;100;PositionalAgatzDecoderWithVehicleByPercentage;2909,59;Alpha2
N100;100;PositionalAgatzDecoderWithVehicleByPercentage;2996,58;Alpha2
N100;100;PositionalAgatzDecoderWithVehicleByPercentage;3375,01;Alpha2
N100;100;PositionalAgatzDecoderWithVehicleByPercentage;3321,45;Alpha2
N100;100;PositionalAgatzDecoderWithVehicleByPercentage;3601,62;Alpha2
N100;100;PositionalAgatzDecoderWithVehicleByPercentage;3703,99;Alpha2
N100;100;PositionalAgatzDecoderWithVehicleByPercentage;2992,95;Alpha2
N100;100;PositionalAgatzDecoderWithVehicleByPercentage;2983,03;Alpha2
N100;100;PositionalAgatzDecoderWithVehicleByPercentage;3641,84;Alpha2
N100;100;PositionalAgatzDecoderWithVehicleByPercentage;3028,35;Alpha2
N100;91;PositionalAgatzDecoderWithVehicleByPercentage;3312,34;Alpha2
N100;91;PositionalAgatzDecoderWithVehicleByPercentage;2777,29;Alpha2
N100;91;PositionalAgatzDecoderWithVehicleByPercentage;3381,23;Alpha2
N100;91;PositionalAgatzDecoderWithVehicleByPercentage;2617,90;Alpha2
N100;91;PositionalAgatzDecoderWithVehicleByPercentage;3697,08;Alpha2
N100;91;PositionalAgatzDecoderWithVehicleByPercentage;2650,59;Alpha2
N100;91;PositionalAgatzDecoderWithVehicleByPercentage;3363,53;Alpha2
N100;91;PositionalAgatzDecoderWithVehicleByPercentage;3386,38;Alpha2
N100;91;PositionalAgatzDecoderWithVehicleByPercentage;2937,74;Alpha2
N100;91;PositionalAgatzDecoderWithVehicleByPercentage;2800,97;Alpha2
N100;92;PositionalAgatzDecoderWithVehicleByPercentage;2952,93;Alpha2
N100;92;PositionalAgatzDecoderWithVehicleByPercentage;2843,52;Alpha2
N100;92;PositionalAgatzDecoderWithVehicleByPercentage;3040,33;Alpha2
N100;92;PositionalAgatzDecoderWithVehicleByPercentage;2832,57;Alpha2
N100;92;PositionalAgatzDecoderWithVehicleByPercentage;2972,27;Alpha2
N100;92;PositionalAgatzDecoderWithVehicleByPercentage;3074,64;Alpha2
N100;92;PositionalAgatzDecoderWithVehicleByPercentage;3006,14;Alpha2
N100;92;PositionalAgatzDecoderWithVehicleByPercentage;3390,97;Alpha2
N100;92;PositionalAgatzDecoderWithVehicleByPercentage;2762,05;Alpha2
N100;92;PositionalAgatzDecoderWithVehicleByPercentage;3136,59;Alpha2
N100;94;PositionalAgatzDecoderWithVehicleByPercentage;2676,22;Alpha2
N100;94;PositionalAgatzDecoderWithVehicleByPercentage;2876,63;Alpha2
N100;94;PositionalAgatzDecoderWithVehicleByPercentage;3026,71;Alpha2
N100;94;PositionalAgatzDecoderWithVehicleByPercentage;3196,15;Alpha2
N100;94;PositionalAgatzDecoderWithVehicleByPercentage;3038,51;Alpha2
N100;94;PositionalAgatzDecoderWithVehicleByPercentage;3095,38;Alpha2
N100;94;PositionalAgatzDecoderWithVehicleByPercentage;3229,12;Alpha2
N100;94;PositionalAgatzDecoderWithVehicleByPercentage;3136,33;Alpha2
N100;94;PositionalAgatzDecoderWithVehicleByPercentage;2970,71;Alpha2
N100;94;PositionalAgatzDecoderWithVehicleByPercentage;3392,60;Alpha2
N100;96;PositionalAgatzDecoderWithVehicleByPercentage;3508,17;Alpha2
N100;96;PositionalAgatzDecoderWithVehicleByPercentage;2674,63;Alpha2
N100;96;PositionalAgatzDecoderWithVehicleByPercentage;2991,77;Alpha2
N100;96;PositionalAgatzDecoderWithVehicleByPercentage;3490,09;Alpha2
N100;96;PositionalAgatzDecoderWithVehicleByPercentage;3406,00;Alpha2
N100;96;PositionalAgatzDecoderWithVehicleByPercentage;3426,69;Alpha2
N100;96;PositionalAgatzDecoderWithVehicleByPercentage;2984,33;Alpha2
N100;96;PositionalAgatzDecoderWithVehicleByPercentage;3505,51;Alpha2
N100;96;PositionalAgatzDecoderWithVehicleByPercentage;3006,01;Alpha2
N100;96;PositionalAgatzDecoderWithVehicleByPercentage;3371,87;Alpha2
N100;99;PositionalAgatzDecoderWithVehicleByPercentage;3047,21;Alpha2
N100;99;PositionalAgatzDecoderWithVehicleByPercentage;2693,83;Alpha2
N100;99;PositionalAgatzDecoderWithVehicleByPercentage;2933,49;Alpha2
N100;99;PositionalAgatzDecoderWithVehicleByPercentage;2596,97;Alpha2
N100;99;PositionalAgatzDecoderWithVehicleByPercentage;3382,62;Alpha2
N100;99;PositionalAgatzDecoderWithVehicleByPercentage;3581,68;Alpha2
N100;99;PositionalAgatzDecoderWithVehicleByPercentage;2608,02;Alpha2
N100;99;PositionalAgatzDecoderWithVehicleByPercentage;2796,51;Alpha2
N100;99;PositionalAgatzDecoderWithVehicleByPercentage;3231,41;Alpha2
N100;99;PositionalAgatzDecoderWithVehicleByPercentage;3012,81;Alpha2
N100;93;PositionalAgatzDecoderWithVehicleByPercentage;2774,41;Alpha2
N100;93;PositionalAgatzDecoderWithVehicleByPercentage;2543,86;Alpha2
N100;93;PositionalAgatzDecoderWithVehicleByPercentage;2868,49;Alpha2
N100;93;PositionalAgatzDecoderWithVehicleByPercentage;2755,25;Alpha2
N100;93;PositionalAgatzDecoderWithVehicleByPercentage;2810,45;Alpha2
N100;93;PositionalAgatzDecoderWithVehicleByPercentage;3374,51;Alpha2
N100;93;PositionalAgatzDecoderWithVehicleByPercentage;2824,92;Alpha2
N100;93;PositionalAgatzDecoderWithVehicleByPercentage;2880,59;Alpha2
N100;93;PositionalAgatzDecoderWithVehicleByPercentage;2977,95;Alpha2
N100;93;PositionalAgatzDecoderWithVehicleByPercentage;3090,94;Alpha2
N100;95;PositionalAgatzDecoderWithVehicleByPercentage;3226,37;Alpha2
N100;95;PositionalAgatzDecoderWithVehicleByPercentage;3221,02;Alpha2
N100;95;PositionalAgatzDecoderWithVehicleByPercentage;3256,05;Alpha2
N100;95;PositionalAgatzDecoderWithVehicleByPercentage;3480,85;Alpha2
N100;95;PositionalAgatzDecoderWithVehicleByPercentage;3449,13;Alpha2
N100;95;PositionalAgatzDecoderWithVehicleByPercentage;3627,53;Alpha2
N100;95;PositionalAgatzDecoderWithVehicleByPercentage;3426,55;Alpha2
N100;95;PositionalAgatzDecoderWithVehicleByPercentage;3146,11;Alpha2
N100;95;PositionalAgatzDecoderWithVehicleByPercentage;2689,06;Alpha2
N100;95;PositionalAgatzDecoderWithVehicleByPercentage;3168,21;Alpha2
N100;97;PositionalAgatzDecoderWithVehicleByPercentage;3832,03;Alpha2
N100;97;PositionalAgatzDecoderWithVehicleByPercentage;3121,44;Alpha2
N100;97;PositionalAgatzDecoderWithVehicleByPercentage;3167,80;Alpha2
N100;97;PositionalAgatzDecoderWithVehicleByPercentage;2935,92;Alpha2
N100;97;PositionalAgatzDecoderWithVehicleByPercentage;3751,48;Alpha2
N100;97;PositionalAgatzDecoderWithVehicleByPercentage;3046,27;Alpha2
N100;97;PositionalAgatzDecoderWithVehicleByPercentage;3359,20;Alpha2
N100;97;PositionalAgatzDecoderWithVehicleByPercentage;2960,76;Alpha2
N100;97;PositionalAgatzDecoderWithVehicleByPercentage;3604,76;Alpha2
N100;97;PositionalAgatzDecoderWithVehicleByPercentage;3375,43;Alpha2
N100;98;PositionalAgatzDecoderWithVehicleByPercentage;3597,02;Alpha2
N100;98;PositionalAgatzDecoderWithVehicleByPercentage;3210,47;Alpha2
N100;98;PositionalAgatzDecoderWithVehicleByPercentage;2889,37;Alpha2
N100;98;PositionalAgatzDecoderWithVehicleByPercentage;3584,89;Alpha2
N100;98;PositionalAgatzDecoderWithVehicleByPercentage;3422,67;Alpha2
N100;98;PositionalAgatzDecoderWithVehicleByPercentage;3379,04;Alpha2
N100;98;PositionalAgatzDecoderWithVehicleByPercentage;3140,95;Alpha2
N100;98;PositionalAgatzDecoderWithVehicleByPercentage;3322,85;Alpha2
N100;98;PositionalAgatzDecoderWithVehicleByPercentage;3437,31;Alpha2
N100;98;PositionalAgatzDecoderWithVehicleByPercentage;3172,84;Alpha2
N175;102;PositionalAgatzDecoderWithVehicleByPercentage;6358,94;Alpha2
N175;102;PositionalAgatzDecoderWithVehicleByPercentage;6413,14;Alpha2
N175;102;PositionalAgatzDecoderWithVehicleByPercentage;6150,13;Alpha2
N175;102;PositionalAgatzDecoderWithVehicleByPercentage;6480,22;Alpha2
N175;102;PositionalAgatzDecoderWithVehicleByPercentage;5849,10;Alpha2
N175;102;PositionalAgatzDecoderWithVehicleByPercentage;5876,23;Alpha2
N175;102;PositionalAgatzDecoderWithVehicleByPercentage;6218,01;Alpha2
N175;102;PositionalAgatzDecoderWithVehicleByPercentage;5874,29;Alpha2
N175;102;PositionalAgatzDecoderWithVehicleByPercentage;6556,95;Alpha2
N175;102;PositionalAgatzDecoderWithVehicleByPercentage;6725,92;Alpha2
N175;103;PositionalAgatzDecoderWithVehicleByPercentage;6782,07;Alpha2
N175;103;PositionalAgatzDecoderWithVehicleByPercentage;6521,98;Alpha2
N175;103;PositionalAgatzDecoderWithVehicleByPercentage;6725,47;Alpha2
N175;103;PositionalAgatzDecoderWithVehicleByPercentage;6495,62;Alpha2
N175;103;PositionalAgatzDecoderWithVehicleByPercentage;5909,63;Alpha2
N175;103;PositionalAgatzDecoderWithVehicleByPercentage;6074,89;Alpha2
N175;103;PositionalAgatzDecoderWithVehicleByPercentage;6469,71;Alpha2
N175;103;PositionalAgatzDecoderWithVehicleByPercentage;6908,83;Alpha2
N175;103;PositionalAgatzDecoderWithVehicleByPercentage;6180,16;Alpha2
N175;103;PositionalAgatzDecoderWithVehicleByPercentage;5930,90;Alpha2
N175;104;PositionalAgatzDecoderWithVehicleByPercentage;5770,13;Alpha2
N175;104;PositionalAgatzDecoderWithVehicleByPercentage;6176,37;Alpha2
N175;104;PositionalAgatzDecoderWithVehicleByPercentage;5182,26;Alpha2
N175;104;PositionalAgatzDecoderWithVehicleByPercentage;6062,51;Alpha2
N175;104;PositionalAgatzDecoderWithVehicleByPercentage;5691,49;Alpha2
N175;104;PositionalAgatzDecoderWithVehicleByPercentage;5517,62;Alpha2
N175;104;PositionalAgatzDecoderWithVehicleByPercentage;6293,39;Alpha2
N175;104;PositionalAgatzDecoderWithVehicleByPercentage;5634,70;Alpha2
N175;104;PositionalAgatzDecoderWithVehicleByPercentage;5921,28;Alpha2
N175;104;PositionalAgatzDecoderWithVehicleByPercentage;5306,82;Alpha2
N175;105;PositionalAgatzDecoderWithVehicleByPercentage;5841,38;Alpha2
N175;105;PositionalAgatzDecoderWithVehicleByPercentage;5988,46;Alpha2
N175;105;PositionalAgatzDecoderWithVehicleByPercentage;5755,51;Alpha2
N175;105;PositionalAgatzDecoderWithVehicleByPercentage;6458,59;Alpha2
N175;105;PositionalAgatzDecoderWithVehicleByPercentage;5712,38;Alpha2
N175;105;PositionalAgatzDecoderWithVehicleByPercentage;6404,08;Alpha2
N175;105;PositionalAgatzDecoderWithVehicleByPercentage;6026,51;Alpha2
N175;105;PositionalAgatzDecoderWithVehicleByPercentage;6041,28;Alpha2
N175;105;PositionalAgatzDecoderWithVehicleByPercentage;6264,09;Alpha2
N175;105;PositionalAgatzDecoderWithVehicleByPercentage;5410,99;Alpha2
N175;109;PositionalAgatzDecoderWithVehicleByPercentage;5919,09;Alpha2
N175;109;PositionalAgatzDecoderWithVehicleByPercentage;5952,95;Alpha2
N175;109;PositionalAgatzDecoderWithVehicleByPercentage;5790,00;Alpha2
N175;109;PositionalAgatzDecoderWithVehicleByPercentage;6665,98;Alpha2
N175;109;PositionalAgatzDecoderWithVehicleByPercentage;6515,28;Alpha2
N175;109;PositionalAgatzDecoderWithVehicleByPercentage;5665,59;Alpha2
N175;109;PositionalAgatzDecoderWithVehicleByPercentage;6460,62;Alpha2
N175;109;PositionalAgatzDecoderWithVehicleByPercentage;6158,81;Alpha2
N175;109;PositionalAgatzDecoderWithVehicleByPercentage;5826,18;Alpha2
N175;109;PositionalAgatzDecoderWithVehicleByPercentage;6738,22;Alpha2
N175;110;PositionalAgatzDecoderWithVehicleByPercentage;5917,80;Alpha2
N175;110;PositionalAgatzDecoderWithVehicleByPercentage;6250,07;Alpha2
N175;110;PositionalAgatzDecoderWithVehicleByPercentage;6499,11;Alpha2
N175;110;PositionalAgatzDecoderWithVehicleByPercentage;6936,08;Alpha2
N175;110;PositionalAgatzDecoderWithVehicleByPercentage;5695,71;Alpha2
N175;110;PositionalAgatzDecoderWithVehicleByPercentage;6218,69;Alpha2
N175;110;PositionalAgatzDecoderWithVehicleByPercentage;6562,56;Alpha2
N175;110;PositionalAgatzDecoderWithVehicleByPercentage;5850,28;Alpha2
N175;110;PositionalAgatzDecoderWithVehicleByPercentage;6321,96;Alpha2
N175;110;PositionalAgatzDecoderWithVehicleByPercentage;6177,84;Alpha2
N175;101;PositionalAgatzDecoderWithVehicleByPercentage;5551,10;Alpha2
N175;101;PositionalAgatzDecoderWithVehicleByPercentage;5157,54;Alpha2
N175;101;PositionalAgatzDecoderWithVehicleByPercentage;5209,19;Alpha2
N175;101;PositionalAgatzDecoderWithVehicleByPercentage;5183,65;Alpha2
N175;101;PositionalAgatzDecoderWithVehicleByPercentage;5865,70;Alpha2
N175;101;PositionalAgatzDecoderWithVehicleByPercentage;5571,07;Alpha2
N175;101;PositionalAgatzDecoderWithVehicleByPercentage;5539,35;Alpha2
N175;101;PositionalAgatzDecoderWithVehicleByPercentage;5795,07;Alpha2
N175;101;PositionalAgatzDecoderWithVehicleByPercentage;5018,78;Alpha2
N175;101;PositionalAgatzDecoderWithVehicleByPercentage;5457,08;Alpha2
N175;107;PositionalAgatzDecoderWithVehicleByPercentage;6091,67;Alpha2
N175;107;PositionalAgatzDecoderWithVehicleByPercentage;5588,04;Alpha2
N175;107;PositionalAgatzDecoderWithVehicleByPercentage;5958,50;Alpha2
N175;107;PositionalAgatzDecoderWithVehicleByPercentage;6286,38;Alpha2
N175;107;PositionalAgatzDecoderWithVehicleByPercentage;5389,71;Alpha2
N175;107;PositionalAgatzDecoderWithVehicleByPercentage;5494,89;Alpha2
N175;107;PositionalAgatzDecoderWithVehicleByPercentage;5816,88;Alpha2
N175;107;PositionalAgatzDecoderWithVehicleByPercentage;6230,55;Alpha2
N175;107;PositionalAgatzDecoderWithVehicleByPercentage;5960,21;Alpha2
N175;107;PositionalAgatzDecoderWithVehicleByPercentage;5793,89;Alpha2
N175;108;PositionalAgatzDecoderWithVehicleByPercentage;6778,85;Alpha2
N175;108;PositionalAgatzDecoderWithVehicleByPercentage;6456,85;Alpha2
N175;108;PositionalAgatzDecoderWithVehicleByPercentage;6181,14;Alpha2
N175;108;PositionalAgatzDecoderWithVehicleByPercentage;6048,19;Alpha2
N175;108;PositionalAgatzDecoderWithVehicleByPercentage;5582,49;Alpha2
N175;108;PositionalAgatzDecoderWithVehicleByPercentage;5951,44;Alpha2
N175;108;PositionalAgatzDecoderWithVehicleByPercentage;6279,43;Alpha2
N175;108;PositionalAgatzDecoderWithVehicleByPercentage;5476,11;Alpha2
N175;108;PositionalAgatzDecoderWithVehicleByPercentage;6326,54;Alpha2
N175;108;PositionalAgatzDecoderWithVehicleByPercentage;6118,54;Alpha2
N175;106;PositionalAgatzDecoderWithVehicleByPercentage;5951,94;Alpha2
N175;106;PositionalAgatzDecoderWithVehicleByPercentage;6276,05;Alpha2
N175;106;PositionalAgatzDecoderWithVehicleByPercentage;5991,19;Alpha2
N175;106;PositionalAgatzDecoderWithVehicleByPercentage;6504,02;Alpha2
N175;106;PositionalAgatzDecoderWithVehicleByPercentage;5752,10;Alpha2
N175;106;PositionalAgatzDecoderWithVehicleByPercentage;6756,90;Alpha2
N175;106;PositionalAgatzDecoderWithVehicleByPercentage;5736,24;Alpha2
N175;106;PositionalAgatzDecoderWithVehicleByPercentage;6738,18;Alpha2
N175;106;PositionalAgatzDecoderWithVehicleByPercentage;7417,70;Alpha2
N175;106;PositionalAgatzDecoderWithVehicleByPercentage;6889,36;Alpha2
N250;5;PositionalAgatzDecoderWithVehicleByPercentage;10286,36;Alpha2
N250;5;PositionalAgatzDecoderWithVehicleByPercentage;9439,90;Alpha2
N250;5;PositionalAgatzDecoderWithVehicleByPercentage;9599,40;Alpha2
N250;5;PositionalAgatzDecoderWithVehicleByPercentage;9503,95;Alpha2
N250;5;PositionalAgatzDecoderWithVehicleByPercentage;9815,49;Alpha2
N250;5;PositionalAgatzDecoderWithVehicleByPercentage;9208,27;Alpha2
N250;5;PositionalAgatzDecoderWithVehicleByPercentage;9087,66;Alpha2
N250;5;PositionalAgatzDecoderWithVehicleByPercentage;10106,26;Alpha2
N250;5;PositionalAgatzDecoderWithVehicleByPercentage;9918,04;Alpha2
N250;5;PositionalAgatzDecoderWithVehicleByPercentage;9340,91;Alpha2
N250;7;PositionalAgatzDecoderWithVehicleByPercentage;9653,52;Alpha2
N250;7;PositionalAgatzDecoderWithVehicleByPercentage;9552,35;Alpha2
N250;7;PositionalAgatzDecoderWithVehicleByPercentage;9540,46;Alpha2
N250;7;PositionalAgatzDecoderWithVehicleByPercentage;10194,05;Alpha2
N250;7;PositionalAgatzDecoderWithVehicleByPercentage;9213,55;Alpha2
N250;7;PositionalAgatzDecoderWithVehicleByPercentage;9839,34;Alpha2
N250;7;PositionalAgatzDecoderWithVehicleByPercentage;9424,59;Alpha2
N250;7;PositionalAgatzDecoderWithVehicleByPercentage;9501,65;Alpha2
N250;7;PositionalAgatzDecoderWithVehicleByPercentage;10094,91;Alpha2
N250;7;PositionalAgatzDecoderWithVehicleByPercentage;9690,35;Alpha2
N250;8;PositionalAgatzDecoderWithVehicleByPercentage;8926,03;Alpha2
N250;8;PositionalAgatzDecoderWithVehicleByPercentage;9172,72;Alpha2
N250;8;PositionalAgatzDecoderWithVehicleByPercentage;8906,90;Alpha2
N250;8;PositionalAgatzDecoderWithVehicleByPercentage;9984,36;Alpha2
N250;8;PositionalAgatzDecoderWithVehicleByPercentage;8963,72;Alpha2
N250;8;PositionalAgatzDecoderWithVehicleByPercentage;9469,36;Alpha2
N250;8;PositionalAgatzDecoderWithVehicleByPercentage;9487,11;Alpha2
N250;8;PositionalAgatzDecoderWithVehicleByPercentage;9179,31;Alpha2
N250;8;PositionalAgatzDecoderWithVehicleByPercentage;9117,43;Alpha2
N250;8;PositionalAgatzDecoderWithVehicleByPercentage;8674,80;Alpha2
N250;114;PositionalAgatzDecoderWithVehicleByPercentage;9567,68;Alpha2
N250;114;PositionalAgatzDecoderWithVehicleByPercentage;8820,13;Alpha2
N250;114;PositionalAgatzDecoderWithVehicleByPercentage;8543,43;Alpha2
N250;114;PositionalAgatzDecoderWithVehicleByPercentage;9024,52;Alpha2
N250;114;PositionalAgatzDecoderWithVehicleByPercentage;8434,28;Alpha2
N250;114;PositionalAgatzDecoderWithVehicleByPercentage;10055,79;Alpha2
N250;114;PositionalAgatzDecoderWithVehicleByPercentage;9468,15;Alpha2
N250;114;PositionalAgatzDecoderWithVehicleByPercentage;8818,09;Alpha2
N250;114;PositionalAgatzDecoderWithVehicleByPercentage;9498,12;Alpha2
N250;114;PositionalAgatzDecoderWithVehicleByPercentage;9095,90;Alpha2
N250;118;PositionalAgatzDecoderWithVehicleByPercentage;10447,14;Alpha2
N250;118;PositionalAgatzDecoderWithVehicleByPercentage;9484,40;Alpha2
N250;118;PositionalAgatzDecoderWithVehicleByPercentage;10633,99;Alpha2
N250;118;PositionalAgatzDecoderWithVehicleByPercentage;10656,44;Alpha2
N250;118;PositionalAgatzDecoderWithVehicleByPercentage;9380,64;Alpha2
N250;118;PositionalAgatzDecoderWithVehicleByPercentage;10649,11;Alpha2
N250;118;PositionalAgatzDecoderWithVehicleByPercentage;9146,52;Alpha2
N250;118;PositionalAgatzDecoderWithVehicleByPercentage;9575,14;Alpha2
N250;118;PositionalAgatzDecoderWithVehicleByPercentage;9865,31;Alpha2
N250;118;PositionalAgatzDecoderWithVehicleByPercentage;9845,75;Alpha2
N250;1;PositionalAgatzDecoderWithVehicleByPercentage;9492,35;Alpha2
N250;1;PositionalAgatzDecoderWithVehicleByPercentage;9581,93;Alpha2
N250;1;PositionalAgatzDecoderWithVehicleByPercentage;10048,65;Alpha2
N250;1;PositionalAgatzDecoderWithVehicleByPercentage;9459,96;Alpha2
N250;1;PositionalAgatzDecoderWithVehicleByPercentage;8962,55;Alpha2
N250;1;PositionalAgatzDecoderWithVehicleByPercentage;8990,42;Alpha2
N250;1;PositionalAgatzDecoderWithVehicleByPercentage;9684,08;Alpha2
N250;1;PositionalAgatzDecoderWithVehicleByPercentage;8982,84;Alpha2
N250;1;PositionalAgatzDecoderWithVehicleByPercentage;9546,77;Alpha2
N250;1;PositionalAgatzDecoderWithVehicleByPercentage;8968,38;Alpha2
N250;9;PositionalAgatzDecoderWithVehicleByPercentage;9771,23;Alpha2
N250;9;PositionalAgatzDecoderWithVehicleByPercentage;9999,09;Alpha2
N250;9;PositionalAgatzDecoderWithVehicleByPercentage;9341,41;Alpha2
N250;9;PositionalAgatzDecoderWithVehicleByPercentage;9413,42;Alpha2
N250;9;PositionalAgatzDecoderWithVehicleByPercentage;9765,76;Alpha2
N250;9;PositionalAgatzDecoderWithVehicleByPercentage;9503,49;Alpha2
N250;9;PositionalAgatzDecoderWithVehicleByPercentage;10264,24;Alpha2
N250;9;PositionalAgatzDecoderWithVehicleByPercentage;10143,79;Alpha2
N250;9;PositionalAgatzDecoderWithVehicleByPercentage;10527,38;Alpha2
N250;9;PositionalAgatzDecoderWithVehicleByPercentage;9894,74;Alpha2
N250;3;PositionalAgatzDecoderWithVehicleByPercentage;8574,82;Alpha2
N250;3;PositionalAgatzDecoderWithVehicleByPercentage;9242,83;Alpha2
N250;3;PositionalAgatzDecoderWithVehicleByPercentage;8324,55;Alpha2
N250;3;PositionalAgatzDecoderWithVehicleByPercentage;8272,38;Alpha2
N250;3;PositionalAgatzDecoderWithVehicleByPercentage;9035,71;Alpha2
N250;3;PositionalAgatzDecoderWithVehicleByPercentage;9229,60;Alpha2
N250;3;PositionalAgatzDecoderWithVehicleByPercentage;9163,80;Alpha2
N250;3;PositionalAgatzDecoderWithVehicleByPercentage;8722,01;Alpha2
N250;3;PositionalAgatzDecoderWithVehicleByPercentage;8963,63;Alpha2
N250;3;PositionalAgatzDecoderWithVehicleByPercentage;8318,17;Alpha2
N250;4;PositionalAgatzDecoderWithVehicleByPercentage;8938,90;Alpha2
N250;4;PositionalAgatzDecoderWithVehicleByPercentage;8451,90;Alpha2
N250;4;PositionalAgatzDecoderWithVehicleByPercentage;9467,19;Alpha2
N250;4;PositionalAgatzDecoderWithVehicleByPercentage;9893,20;Alpha2
N250;4;PositionalAgatzDecoderWithVehicleByPercentage;10006,97;Alpha2
N250;4;PositionalAgatzDecoderWithVehicleByPercentage;9341,20;Alpha2
N250;4;PositionalAgatzDecoderWithVehicleByPercentage;9539,84;Alpha2
N250;4;PositionalAgatzDecoderWithVehicleByPercentage;9184,83;Alpha2
N250;4;PositionalAgatzDecoderWithVehicleByPercentage;9395,55;Alpha2
N250;4;PositionalAgatzDecoderWithVehicleByPercentage;9684,82;Alpha2
N250;6;PositionalAgatzDecoderWithVehicleByPercentage;10246,48;Alpha2
N250;6;PositionalAgatzDecoderWithVehicleByPercentage;9828,92;Alpha2
N250;6;PositionalAgatzDecoderWithVehicleByPercentage;9465,41;Alpha2
N250;6;PositionalAgatzDecoderWithVehicleByPercentage;9828,78;Alpha2
N250;6;PositionalAgatzDecoderWithVehicleByPercentage;9185,71;Alpha2
N250;6;PositionalAgatzDecoderWithVehicleByPercentage;8990,82;Alpha2
N250;6;PositionalAgatzDecoderWithVehicleByPercentage;8610,16;Alpha2
N250;6;PositionalAgatzDecoderWithVehicleByPercentage;8494,44;Alpha2
N250;6;PositionalAgatzDecoderWithVehicleByPercentage;10777,37;Alpha2
N250;6;PositionalAgatzDecoderWithVehicleByPercentage;9640,62;Alpha2
N250;112;PositionalAgatzDecoderWithVehicleByPercentage;8873,01;Alpha2
N250;112;PositionalAgatzDecoderWithVehicleByPercentage;9569,33;Alpha2
N250;112;PositionalAgatzDecoderWithVehicleByPercentage;9891,55;Alpha2
N250;112;PositionalAgatzDecoderWithVehicleByPercentage;9482,77;Alpha2
N250;112;PositionalAgatzDecoderWithVehicleByPercentage;9436,42;Alpha2
N250;112;PositionalAgatzDecoderWithVehicleByPercentage;9576,11;Alpha2
N250;112;PositionalAgatzDecoderWithVehicleByPercentage;9202,47;Alpha2
N250;112;PositionalAgatzDecoderWithVehicleByPercentage;8894,71;Alpha2
N250;112;PositionalAgatzDecoderWithVehicleByPercentage;8616,71;Alpha2
N250;112;PositionalAgatzDecoderWithVehicleByPercentage;8816,88;Alpha2
N250;113;PositionalAgatzDecoderWithVehicleByPercentage;8556,93;Alpha2
N250;113;PositionalAgatzDecoderWithVehicleByPercentage;8862,73;Alpha2
N250;113;PositionalAgatzDecoderWithVehicleByPercentage;9953,78;Alpha2
N250;113;PositionalAgatzDecoderWithVehicleByPercentage;9212,68;Alpha2
N250;113;PositionalAgatzDecoderWithVehicleByPercentage;8784,00;Alpha2
N250;113;PositionalAgatzDecoderWithVehicleByPercentage;8780,21;Alpha2
N250;113;PositionalAgatzDecoderWithVehicleByPercentage;8917,28;Alpha2
N250;113;PositionalAgatzDecoderWithVehicleByPercentage;9420,51;Alpha2
N250;113;PositionalAgatzDecoderWithVehicleByPercentage;9822,82;Alpha2
N250;113;PositionalAgatzDecoderWithVehicleByPercentage;9227,47;Alpha2
N250;119;PositionalAgatzDecoderWithVehicleByPercentage;9137,34;Alpha2
N250;119;PositionalAgatzDecoderWithVehicleByPercentage;9717,81;Alpha2
N250;119;PositionalAgatzDecoderWithVehicleByPercentage;9801,72;Alpha2
N250;119;PositionalAgatzDecoderWithVehicleByPercentage;9412,20;Alpha2
N250;119;PositionalAgatzDecoderWithVehicleByPercentage;9216,20;Alpha2
N250;119;PositionalAgatzDecoderWithVehicleByPercentage;9224,04;Alpha2
N250;119;PositionalAgatzDecoderWithVehicleByPercentage;10060,26;Alpha2
N250;119;PositionalAgatzDecoderWithVehicleByPercentage;9058,86;Alpha2
N250;119;PositionalAgatzDecoderWithVehicleByPercentage;9329,07;Alpha2
N250;119;PositionalAgatzDecoderWithVehicleByPercentage;9290,51;Alpha2
N250;2;PositionalAgatzDecoderWithVehicleByPercentage;9025,67;Alpha2
N250;2;PositionalAgatzDecoderWithVehicleByPercentage;9358,18;Alpha2
N250;2;PositionalAgatzDecoderWithVehicleByPercentage;9151,13;Alpha2
N250;2;PositionalAgatzDecoderWithVehicleByPercentage;8955,54;Alpha2
N250;2;PositionalAgatzDecoderWithVehicleByPercentage;8581,81;Alpha2
N250;2;PositionalAgatzDecoderWithVehicleByPercentage;8948,36;Alpha2
N250;2;PositionalAgatzDecoderWithVehicleByPercentage;9492,49;Alpha2
N250;2;PositionalAgatzDecoderWithVehicleByPercentage;9483,68;Alpha2
N250;2;PositionalAgatzDecoderWithVehicleByPercentage;9413,83;Alpha2
N250;2;PositionalAgatzDecoderWithVehicleByPercentage;9842,18;Alpha2
N250;111;PositionalAgatzDecoderWithVehicleByPercentage;8536,77;Alpha2
N250;111;PositionalAgatzDecoderWithVehicleByPercentage;10147,68;Alpha2
N250;111;PositionalAgatzDecoderWithVehicleByPercentage;9117,82;Alpha2
N250;111;PositionalAgatzDecoderWithVehicleByPercentage;9499,44;Alpha2
N250;111;PositionalAgatzDecoderWithVehicleByPercentage;8883,19;Alpha2
N250;111;PositionalAgatzDecoderWithVehicleByPercentage;9419,12;Alpha2
N250;111;PositionalAgatzDecoderWithVehicleByPercentage;9086,82;Alpha2
N250;111;PositionalAgatzDecoderWithVehicleByPercentage;9046,03;Alpha2
N250;111;PositionalAgatzDecoderWithVehicleByPercentage;9364,98;Alpha2
N250;111;PositionalAgatzDecoderWithVehicleByPercentage;8982,31;Alpha2
N250;115;PositionalAgatzDecoderWithVehicleByPercentage;9236,97;Alpha2
N250;115;PositionalAgatzDecoderWithVehicleByPercentage;9225,30;Alpha2
N250;115;PositionalAgatzDecoderWithVehicleByPercentage;9459,47;Alpha2
N250;115;PositionalAgatzDecoderWithVehicleByPercentage;9703,08;Alpha2
N250;115;PositionalAgatzDecoderWithVehicleByPercentage;8681,37;Alpha2
N250;115;PositionalAgatzDecoderWithVehicleByPercentage;9162,97;Alpha2
N250;115;PositionalAgatzDecoderWithVehicleByPercentage;9492,02;Alpha2
N250;115;PositionalAgatzDecoderWithVehicleByPercentage;10262,87;Alpha2
N250;115;PositionalAgatzDecoderWithVehicleByPercentage;9433,57;Alpha2
N250;115;PositionalAgatzDecoderWithVehicleByPercentage;9634,16;Alpha2
N250;116;PositionalAgatzDecoderWithVehicleByPercentage;9856,91;Alpha2
N250;116;PositionalAgatzDecoderWithVehicleByPercentage;9404,71;Alpha2
N250;116;PositionalAgatzDecoderWithVehicleByPercentage;10187,53;Alpha2
N250;116;PositionalAgatzDecoderWithVehicleByPercentage;9263,85;Alpha2
N250;116;PositionalAgatzDecoderWithVehicleByPercentage;9713,59;Alpha2
N250;116;PositionalAgatzDecoderWithVehicleByPercentage;9591,71;Alpha2
N250;116;PositionalAgatzDecoderWithVehicleByPercentage;9452,40;Alpha2
N250;116;PositionalAgatzDecoderWithVehicleByPercentage;9827,36;Alpha2
N250;116;PositionalAgatzDecoderWithVehicleByPercentage;10329,49;Alpha2
N250;116;PositionalAgatzDecoderWithVehicleByPercentage;9253,39;Alpha2
N250;117;PositionalAgatzDecoderWithVehicleByPercentage;8811,99;Alpha2
N250;117;PositionalAgatzDecoderWithVehicleByPercentage;10236,55;Alpha2
N250;117;PositionalAgatzDecoderWithVehicleByPercentage;8875,23;Alpha2
N250;117;PositionalAgatzDecoderWithVehicleByPercentage;9614,71;Alpha2
N250;117;PositionalAgatzDecoderWithVehicleByPercentage;10154,26;Alpha2
N250;117;PositionalAgatzDecoderWithVehicleByPercentage;10307,96;Alpha2
N250;117;PositionalAgatzDecoderWithVehicleByPercentage;9804,96;Alpha2
N250;117;PositionalAgatzDecoderWithVehicleByPercentage;9572,30;Alpha2
N250;117;PositionalAgatzDecoderWithVehicleByPercentage;9865,41;Alpha2
N250;117;PositionalAgatzDecoderWithVehicleByPercentage;9674,65;Alpha2
N250;120;PositionalAgatzDecoderWithVehicleByPercentage;8965,62;Alpha2
N250;120;PositionalAgatzDecoderWithVehicleByPercentage;8982,81;Alpha2
N250;120;PositionalAgatzDecoderWithVehicleByPercentage;9137,03;Alpha2
N250;120;PositionalAgatzDecoderWithVehicleByPercentage;8639,88;Alpha2
N250;120;PositionalAgatzDecoderWithVehicleByPercentage;9442,16;Alpha2
N250;120;PositionalAgatzDecoderWithVehicleByPercentage;9656,03;Alpha2
N250;120;PositionalAgatzDecoderWithVehicleByPercentage;9501,41;Alpha2
N250;120;PositionalAgatzDecoderWithVehicleByPercentage;9519,51;Alpha2
N250;120;PositionalAgatzDecoderWithVehicleByPercentage;10132,46;Alpha2
N250;120;PositionalAgatzDecoderWithVehicleByPercentage;9662,85;Alpha2
N250;10;PositionalAgatzDecoderWithVehicleByPercentage;8610,50;Alpha2
N250;10;PositionalAgatzDecoderWithVehicleByPercentage;8964,03;Alpha2
N250;10;PositionalAgatzDecoderWithVehicleByPercentage;9490,89;Alpha2
N250;10;PositionalAgatzDecoderWithVehicleByPercentage;9585,19;Alpha2
N250;10;PositionalAgatzDecoderWithVehicleByPercentage;9681,67;Alpha2
N250;10;PositionalAgatzDecoderWithVehicleByPercentage;9671,81;Alpha2
N250;10;PositionalAgatzDecoderWithVehicleByPercentage;10031,22;Alpha2
N250;10;PositionalAgatzDecoderWithVehicleByPercentage;9519,39;Alpha2
N250;10;PositionalAgatzDecoderWithVehicleByPercentage;9894,49;Alpha2
N250;10;PositionalAgatzDecoderWithVehicleByPercentage;10483,04;Alpha2
