N;Instance;Decoder;Time Spent;Alpha
N010;52;PositionalAgatzDecoderWithVehicleByPercentage;474,15;Alpha1
N010;52;PositionalAgatzDecoderWithVehicleByPercentage;477,46;Alpha1
N010;52;PositionalAgatzDecoderWithVehicleByPercentage;474,15;Alpha1
N010;52;PositionalAgatzDecoderWithVehicleByPercentage;480,48;Alpha1
N010;52;PositionalAgatzDecoderWithVehicleByPercentage;474,15;Alpha1
N010;52;PositionalAgatzDecoderWithVehicleByPercentage;474,15;Alpha1
N010;52;PositionalAgatzDecoderWithVehicleByPercentage;474,15;Alpha1
N010;52;PositionalAgatzDecoderWithVehicleByPercentage;474,15;Alpha1
N010;52;PositionalAgatzDecoderWithVehicleByPercentage;474,15;Alpha1
N010;52;PositionalAgatzDecoderWithVehicleByPercentage;477,46;Alpha1
N010;56;PositionalAgatzDecoderWithVehicleByPercentage;671,44;Alpha1
N010;56;PositionalAgatzDecoderWithVehicleByPercentage;671,44;Alpha1
N010;56;PositionalAgatzDecoderWithVehicleByPercentage;671,44;Alpha1
N010;56;PositionalAgatzDecoderWithVehicleByPercentage;671,44;Alpha1
N010;56;PositionalAgatzDecoderWithVehicleByPercentage;671,44;Alpha1
N010;56;PositionalAgatzDecoderWithVehicleByPercentage;671,44;Alpha1
N010;56;PositionalAgatzDecoderWithVehicleByPercentage;671,44;Alpha1
N010;56;PositionalAgatzDecoderWithVehicleByPercentage;671,44;Alpha1
N010;56;PositionalAgatzDecoderWithVehicleByPercentage;671,44;Alpha1
N010;56;PositionalAgatzDecoderWithVehicleByPercentage;671,44;Alpha1
N010;58;PositionalAgatzDecoderWithVehicleByPercentage;776,62;Alpha1
N010;58;PositionalAgatzDecoderWithVehicleByPercentage;776,62;Alpha1
N010;58;PositionalAgatzDecoderWithVehicleByPercentage;776,62;Alpha1
N010;58;PositionalAgatzDecoderWithVehicleByPercentage;776,62;Alpha1
N010;58;PositionalAgatzDecoderWithVehicleByPercentage;776,62;Alpha1
N010;58;PositionalAgatzDecoderWithVehicleByPercentage;776,62;Alpha1
N010;58;PositionalAgatzDecoderWithVehicleByPercentage;776,62;Alpha1
N010;58;PositionalAgatzDecoderWithVehicleByPercentage;776,62;Alpha1
N010;58;PositionalAgatzDecoderWithVehicleByPercentage;776,62;Alpha1
N010;58;PositionalAgatzDecoderWithVehicleByPercentage;776,62;Alpha1
N010;60;PositionalAgatzDecoderWithVehicleByPercentage;874,85;Alpha1
N010;60;PositionalAgatzDecoderWithVehicleByPercentage;874,85;Alpha1
N010;60;PositionalAgatzDecoderWithVehicleByPercentage;874,85;Alpha1
N010;60;PositionalAgatzDecoderWithVehicleByPercentage;874,87;Alpha1
N010;60;PositionalAgatzDecoderWithVehicleByPercentage;874,85;Alpha1
N010;60;PositionalAgatzDecoderWithVehicleByPercentage;874,85;Alpha1
N010;60;PositionalAgatzDecoderWithVehicleByPercentage;874,85;Alpha1
N010;60;PositionalAgatzDecoderWithVehicleByPercentage;874,87;Alpha1
N010;60;PositionalAgatzDecoderWithVehicleByPercentage;874,87;Alpha1
N010;60;PositionalAgatzDecoderWithVehicleByPercentage;874,85;Alpha1
N010;51;PositionalAgatzDecoderWithVehicleByPercentage;617,98;Alpha1
N010;51;PositionalAgatzDecoderWithVehicleByPercentage;617,98;Alpha1
N010;51;PositionalAgatzDecoderWithVehicleByPercentage;633,42;Alpha1
N010;51;PositionalAgatzDecoderWithVehicleByPercentage;617,98;Alpha1
N010;51;PositionalAgatzDecoderWithVehicleByPercentage;617,98;Alpha1
N010;51;PositionalAgatzDecoderWithVehicleByPercentage;617,98;Alpha1
N010;51;PositionalAgatzDecoderWithVehicleByPercentage;617,98;Alpha1
N010;51;PositionalAgatzDecoderWithVehicleByPercentage;633,42;Alpha1
N010;51;PositionalAgatzDecoderWithVehicleByPercentage;633,42;Alpha1
N010;51;PositionalAgatzDecoderWithVehicleByPercentage;633,42;Alpha1
N010;53;PositionalAgatzDecoderWithVehicleByPercentage;817,70;Alpha1
N010;53;PositionalAgatzDecoderWithVehicleByPercentage;817,70;Alpha1
N010;53;PositionalAgatzDecoderWithVehicleByPercentage;797,96;Alpha1
N010;53;PositionalAgatzDecoderWithVehicleByPercentage;817,70;Alpha1
N010;53;PositionalAgatzDecoderWithVehicleByPercentage;817,70;Alpha1
N010;53;PositionalAgatzDecoderWithVehicleByPercentage;797,96;Alpha1
N010;53;PositionalAgatzDecoderWithVehicleByPercentage;797,96;Alpha1
N010;53;PositionalAgatzDecoderWithVehicleByPercentage;797,96;Alpha1
N010;53;PositionalAgatzDecoderWithVehicleByPercentage;797,96;Alpha1
N010;53;PositionalAgatzDecoderWithVehicleByPercentage;817,70;Alpha1
N010;54;PositionalAgatzDecoderWithVehicleByPercentage;596,77;Alpha1
N010;54;PositionalAgatzDecoderWithVehicleByPercentage;596,77;Alpha1
N010;54;PositionalAgatzDecoderWithVehicleByPercentage;596,77;Alpha1
N010;54;PositionalAgatzDecoderWithVehicleByPercentage;596,77;Alpha1
N010;54;PositionalAgatzDecoderWithVehicleByPercentage;596,77;Alpha1
N010;54;PositionalAgatzDecoderWithVehicleByPercentage;596,77;Alpha1
N010;54;PositionalAgatzDecoderWithVehicleByPercentage;596,77;Alpha1
N010;54;PositionalAgatzDecoderWithVehicleByPercentage;596,77;Alpha1
N010;54;PositionalAgatzDecoderWithVehicleByPercentage;596,77;Alpha1
N010;54;PositionalAgatzDecoderWithVehicleByPercentage;596,77;Alpha1
N010;55;PositionalAgatzDecoderWithVehicleByPercentage;911,35;Alpha1
N010;55;PositionalAgatzDecoderWithVehicleByPercentage;911,35;Alpha1
N010;55;PositionalAgatzDecoderWithVehicleByPercentage;911,35;Alpha1
N010;55;PositionalAgatzDecoderWithVehicleByPercentage;911,35;Alpha1
N010;55;PositionalAgatzDecoderWithVehicleByPercentage;911,35;Alpha1
N010;55;PositionalAgatzDecoderWithVehicleByPercentage;911,35;Alpha1
N010;55;PositionalAgatzDecoderWithVehicleByPercentage;911,35;Alpha1
N010;55;PositionalAgatzDecoderWithVehicleByPercentage;911,35;Alpha1
N010;55;PositionalAgatzDecoderWithVehicleByPercentage;911,35;Alpha1
N010;55;PositionalAgatzDecoderWithVehicleByPercentage;911,35;Alpha1
N010;57;PositionalAgatzDecoderWithVehicleByPercentage;753,95;Alpha1
N010;57;PositionalAgatzDecoderWithVehicleByPercentage;753,95;Alpha1
N010;57;PositionalAgatzDecoderWithVehicleByPercentage;753,95;Alpha1
N010;57;PositionalAgatzDecoderWithVehicleByPercentage;787,30;Alpha1
N010;57;PositionalAgatzDecoderWithVehicleByPercentage;753,95;Alpha1
N010;57;PositionalAgatzDecoderWithVehicleByPercentage;753,95;Alpha1
N010;57;PositionalAgatzDecoderWithVehicleByPercentage;753,95;Alpha1
N010;57;PositionalAgatzDecoderWithVehicleByPercentage;753,95;Alpha1
N010;57;PositionalAgatzDecoderWithVehicleByPercentage;753,95;Alpha1
N010;57;PositionalAgatzDecoderWithVehicleByPercentage;753,95;Alpha1
N010;59;PositionalAgatzDecoderWithVehicleByPercentage;842,20;Alpha1
N010;59;PositionalAgatzDecoderWithVehicleByPercentage;858,94;Alpha1
N010;59;PositionalAgatzDecoderWithVehicleByPercentage;842,20;Alpha1
N010;59;PositionalAgatzDecoderWithVehicleByPercentage;842,20;Alpha1
N010;59;PositionalAgatzDecoderWithVehicleByPercentage;842,20;Alpha1
N010;59;PositionalAgatzDecoderWithVehicleByPercentage;842,20;Alpha1
N010;59;PositionalAgatzDecoderWithVehicleByPercentage;842,20;Alpha1
N010;59;PositionalAgatzDecoderWithVehicleByPercentage;842,20;Alpha1
N010;59;PositionalAgatzDecoderWithVehicleByPercentage;858,94;Alpha1
N010;59;PositionalAgatzDecoderWithVehicleByPercentage;842,20;Alpha1
N020;62;PositionalAgatzDecoderWithVehicleByPercentage;837,59;Alpha1
N020;62;PositionalAgatzDecoderWithVehicleByPercentage;842,02;Alpha1
N020;62;PositionalAgatzDecoderWithVehicleByPercentage;844,11;Alpha1
N020;62;PositionalAgatzDecoderWithVehicleByPercentage;850,67;Alpha1
N020;62;PositionalAgatzDecoderWithVehicleByPercentage;837,59;Alpha1
N020;62;PositionalAgatzDecoderWithVehicleByPercentage;849,81;Alpha1
N020;62;PositionalAgatzDecoderWithVehicleByPercentage;837,59;Alpha1
N020;62;PositionalAgatzDecoderWithVehicleByPercentage;842,87;Alpha1
N020;62;PositionalAgatzDecoderWithVehicleByPercentage;848,38;Alpha1
N020;62;PositionalAgatzDecoderWithVehicleByPercentage;845,67;Alpha1
N020;64;PositionalAgatzDecoderWithVehicleByPercentage;1121,14;Alpha1
N020;64;PositionalAgatzDecoderWithVehicleByPercentage;1126,05;Alpha1
N020;64;PositionalAgatzDecoderWithVehicleByPercentage;1127,12;Alpha1
N020;64;PositionalAgatzDecoderWithVehicleByPercentage;1222,45;Alpha1
N020;64;PositionalAgatzDecoderWithVehicleByPercentage;1126,05;Alpha1
N020;64;PositionalAgatzDecoderWithVehicleByPercentage;1172,95;Alpha1
N020;64;PositionalAgatzDecoderWithVehicleByPercentage;1131,72;Alpha1
N020;64;PositionalAgatzDecoderWithVehicleByPercentage;1131,72;Alpha1
N020;64;PositionalAgatzDecoderWithVehicleByPercentage;1121,14;Alpha1
N020;64;PositionalAgatzDecoderWithVehicleByPercentage;1131,72;Alpha1
N020;69;PositionalAgatzDecoderWithVehicleByPercentage;791,85;Alpha1
N020;69;PositionalAgatzDecoderWithVehicleByPercentage;791,85;Alpha1
N020;69;PositionalAgatzDecoderWithVehicleByPercentage;785,44;Alpha1
N020;69;PositionalAgatzDecoderWithVehicleByPercentage;788,59;Alpha1
N020;69;PositionalAgatzDecoderWithVehicleByPercentage;808,56;Alpha1
N020;69;PositionalAgatzDecoderWithVehicleByPercentage;791,85;Alpha1
N020;69;PositionalAgatzDecoderWithVehicleByPercentage;777,43;Alpha1
N020;69;PositionalAgatzDecoderWithVehicleByPercentage;799,31;Alpha1
N020;69;PositionalAgatzDecoderWithVehicleByPercentage;788,59;Alpha1
N020;69;PositionalAgatzDecoderWithVehicleByPercentage;807,73;Alpha1
N020;61;PositionalAgatzDecoderWithVehicleByPercentage;929,50;Alpha1
N020;61;PositionalAgatzDecoderWithVehicleByPercentage;920,55;Alpha1
N020;61;PositionalAgatzDecoderWithVehicleByPercentage;930,11;Alpha1
N020;61;PositionalAgatzDecoderWithVehicleByPercentage;975,86;Alpha1
N020;61;PositionalAgatzDecoderWithVehicleByPercentage;921,94;Alpha1
N020;61;PositionalAgatzDecoderWithVehicleByPercentage;885,96;Alpha1
N020;61;PositionalAgatzDecoderWithVehicleByPercentage;906,38;Alpha1
N020;61;PositionalAgatzDecoderWithVehicleByPercentage;930,85;Alpha1
N020;61;PositionalAgatzDecoderWithVehicleByPercentage;885,96;Alpha1
N020;61;PositionalAgatzDecoderWithVehicleByPercentage;921,94;Alpha1
N020;65;PositionalAgatzDecoderWithVehicleByPercentage;758,22;Alpha1
N020;65;PositionalAgatzDecoderWithVehicleByPercentage;757,51;Alpha1
N020;65;PositionalAgatzDecoderWithVehicleByPercentage;773,94;Alpha1
N020;65;PositionalAgatzDecoderWithVehicleByPercentage;758,22;Alpha1
N020;65;PositionalAgatzDecoderWithVehicleByPercentage;758,22;Alpha1
N020;65;PositionalAgatzDecoderWithVehicleByPercentage;791,95;Alpha1
N020;65;PositionalAgatzDecoderWithVehicleByPercentage;804,42;Alpha1
N020;65;PositionalAgatzDecoderWithVehicleByPercentage;804,85;Alpha1
N020;65;PositionalAgatzDecoderWithVehicleByPercentage;804,14;Alpha1
N020;65;PositionalAgatzDecoderWithVehicleByPercentage;833,15;Alpha1
N020;66;PositionalAgatzDecoderWithVehicleByPercentage;794,00;Alpha1
N020;66;PositionalAgatzDecoderWithVehicleByPercentage;789,78;Alpha1
N020;66;PositionalAgatzDecoderWithVehicleByPercentage;770,36;Alpha1
N020;66;PositionalAgatzDecoderWithVehicleByPercentage;756,62;Alpha1
N020;66;PositionalAgatzDecoderWithVehicleByPercentage;786,20;Alpha1
N020;66;PositionalAgatzDecoderWithVehicleByPercentage;800,05;Alpha1
N020;66;PositionalAgatzDecoderWithVehicleByPercentage;790,95;Alpha1
N020;66;PositionalAgatzDecoderWithVehicleByPercentage;774,37;Alpha1
N020;66;PositionalAgatzDecoderWithVehicleByPercentage;795,21;Alpha1
N020;66;PositionalAgatzDecoderWithVehicleByPercentage;778,45;Alpha1
N020;67;PositionalAgatzDecoderWithVehicleByPercentage;900,40;Alpha1
N020;67;PositionalAgatzDecoderWithVehicleByPercentage;791,26;Alpha1
N020;67;PositionalAgatzDecoderWithVehicleByPercentage;833,00;Alpha1
N020;67;PositionalAgatzDecoderWithVehicleByPercentage;802,48;Alpha1
N020;67;PositionalAgatzDecoderWithVehicleByPercentage;791,26;Alpha1
N020;67;PositionalAgatzDecoderWithVehicleByPercentage;898,33;Alpha1
N020;67;PositionalAgatzDecoderWithVehicleByPercentage;848,94;Alpha1
N020;67;PositionalAgatzDecoderWithVehicleByPercentage;835,07;Alpha1
N020;67;PositionalAgatzDecoderWithVehicleByPercentage;1088,77;Alpha1
N020;67;PositionalAgatzDecoderWithVehicleByPercentage;833,00;Alpha1
N020;68;PositionalAgatzDecoderWithVehicleByPercentage;831,25;Alpha1
N020;68;PositionalAgatzDecoderWithVehicleByPercentage;747,66;Alpha1
N020;68;PositionalAgatzDecoderWithVehicleByPercentage;793,98;Alpha1
N020;68;PositionalAgatzDecoderWithVehicleByPercentage;809,07;Alpha1
N020;68;PositionalAgatzDecoderWithVehicleByPercentage;820,39;Alpha1
N020;68;PositionalAgatzDecoderWithVehicleByPercentage;747,66;Alpha1
N020;68;PositionalAgatzDecoderWithVehicleByPercentage;804,19;Alpha1
N020;68;PositionalAgatzDecoderWithVehicleByPercentage;812,61;Alpha1
N020;68;PositionalAgatzDecoderWithVehicleByPercentage;780,01;Alpha1
N020;68;PositionalAgatzDecoderWithVehicleByPercentage;853,83;Alpha1
N020;70;PositionalAgatzDecoderWithVehicleByPercentage;891,87;Alpha1
N020;70;PositionalAgatzDecoderWithVehicleByPercentage;873,81;Alpha1
N020;70;PositionalAgatzDecoderWithVehicleByPercentage;878,13;Alpha1
N020;70;PositionalAgatzDecoderWithVehicleByPercentage;861,54;Alpha1
N020;70;PositionalAgatzDecoderWithVehicleByPercentage;895,18;Alpha1
N020;70;PositionalAgatzDecoderWithVehicleByPercentage;861,31;Alpha1
N020;70;PositionalAgatzDecoderWithVehicleByPercentage;884,18;Alpha1
N020;70;PositionalAgatzDecoderWithVehicleByPercentage;867,49;Alpha1
N020;70;PositionalAgatzDecoderWithVehicleByPercentage;852,41;Alpha1
N020;70;PositionalAgatzDecoderWithVehicleByPercentage;864,42;Alpha1
N020;63;PositionalAgatzDecoderWithVehicleByPercentage;981,29;Alpha1
N020;63;PositionalAgatzDecoderWithVehicleByPercentage;1121,54;Alpha1
N020;63;PositionalAgatzDecoderWithVehicleByPercentage;991,38;Alpha1
N020;63;PositionalAgatzDecoderWithVehicleByPercentage;981,29;Alpha1
N020;63;PositionalAgatzDecoderWithVehicleByPercentage;1138,27;Alpha1
N020;63;PositionalAgatzDecoderWithVehicleByPercentage;1117,39;Alpha1
N020;63;PositionalAgatzDecoderWithVehicleByPercentage;1121,54;Alpha1
N020;63;PositionalAgatzDecoderWithVehicleByPercentage;1051,78;Alpha1
N020;63;PositionalAgatzDecoderWithVehicleByPercentage;1143,69;Alpha1
N020;63;PositionalAgatzDecoderWithVehicleByPercentage;981,29;Alpha1
N050;72;PositionalAgatzDecoderWithVehicleByPercentage;1632,11;Alpha1
N050;72;PositionalAgatzDecoderWithVehicleByPercentage;1447,29;Alpha1
N050;72;PositionalAgatzDecoderWithVehicleByPercentage;1763,99;Alpha1
N050;72;PositionalAgatzDecoderWithVehicleByPercentage;1617,77;Alpha1
N050;72;PositionalAgatzDecoderWithVehicleByPercentage;2028,26;Alpha1
N050;72;PositionalAgatzDecoderWithVehicleByPercentage;1669,72;Alpha1
N050;72;PositionalAgatzDecoderWithVehicleByPercentage;1811,94;Alpha1
N050;72;PositionalAgatzDecoderWithVehicleByPercentage;1680,63;Alpha1
N050;72;PositionalAgatzDecoderWithVehicleByPercentage;1512,93;Alpha1
N050;72;PositionalAgatzDecoderWithVehicleByPercentage;1762,48;Alpha1
N050;73;PositionalAgatzDecoderWithVehicleByPercentage;1593,05;Alpha1
N050;73;PositionalAgatzDecoderWithVehicleByPercentage;1365,05;Alpha1
N050;73;PositionalAgatzDecoderWithVehicleByPercentage;1620,77;Alpha1
N050;73;PositionalAgatzDecoderWithVehicleByPercentage;1557,32;Alpha1
N050;73;PositionalAgatzDecoderWithVehicleByPercentage;1655,23;Alpha1
N050;73;PositionalAgatzDecoderWithVehicleByPercentage;1425,86;Alpha1
N050;73;PositionalAgatzDecoderWithVehicleByPercentage;1561,74;Alpha1
N050;73;PositionalAgatzDecoderWithVehicleByPercentage;1616,05;Alpha1
N050;73;PositionalAgatzDecoderWithVehicleByPercentage;1775,12;Alpha1
N050;73;PositionalAgatzDecoderWithVehicleByPercentage;1622,81;Alpha1
N050;77;PositionalAgatzDecoderWithVehicleByPercentage;1973,73;Alpha1
N050;77;PositionalAgatzDecoderWithVehicleByPercentage;1444,74;Alpha1
N050;77;PositionalAgatzDecoderWithVehicleByPercentage;1599,15;Alpha1
N050;77;PositionalAgatzDecoderWithVehicleByPercentage;1299,99;Alpha1
N050;77;PositionalAgatzDecoderWithVehicleByPercentage;1423,38;Alpha1
N050;77;PositionalAgatzDecoderWithVehicleByPercentage;1420,39;Alpha1
N050;77;PositionalAgatzDecoderWithVehicleByPercentage;1965,24;Alpha1
N050;77;PositionalAgatzDecoderWithVehicleByPercentage;1618,72;Alpha1
N050;77;PositionalAgatzDecoderWithVehicleByPercentage;1591,41;Alpha1
N050;77;PositionalAgatzDecoderWithVehicleByPercentage;2061,49;Alpha1
N050;78;PositionalAgatzDecoderWithVehicleByPercentage;1672,15;Alpha1
N050;78;PositionalAgatzDecoderWithVehicleByPercentage;1729,81;Alpha1
N050;78;PositionalAgatzDecoderWithVehicleByPercentage;1746,37;Alpha1
N050;78;PositionalAgatzDecoderWithVehicleByPercentage;1672,84;Alpha1
N050;78;PositionalAgatzDecoderWithVehicleByPercentage;1688,30;Alpha1
N050;78;PositionalAgatzDecoderWithVehicleByPercentage;1937,64;Alpha1
N050;78;PositionalAgatzDecoderWithVehicleByPercentage;1521,78;Alpha1
N050;78;PositionalAgatzDecoderWithVehicleByPercentage;1752,81;Alpha1
N050;78;PositionalAgatzDecoderWithVehicleByPercentage;1801,91;Alpha1
N050;78;PositionalAgatzDecoderWithVehicleByPercentage;1616,78;Alpha1
N050;80;PositionalAgatzDecoderWithVehicleByPercentage;2039,69;Alpha1
N050;80;PositionalAgatzDecoderWithVehicleByPercentage;1796,17;Alpha1
N050;80;PositionalAgatzDecoderWithVehicleByPercentage;1968,95;Alpha1
N050;80;PositionalAgatzDecoderWithVehicleByPercentage;2128,90;Alpha1
N050;80;PositionalAgatzDecoderWithVehicleByPercentage;1697,99;Alpha1
N050;80;PositionalAgatzDecoderWithVehicleByPercentage;1809,73;Alpha1
N050;80;PositionalAgatzDecoderWithVehicleByPercentage;1948,80;Alpha1
N050;80;PositionalAgatzDecoderWithVehicleByPercentage;1552,23;Alpha1
N050;80;PositionalAgatzDecoderWithVehicleByPercentage;1750,62;Alpha1
N050;80;PositionalAgatzDecoderWithVehicleByPercentage;1626,20;Alpha1
N050;71;PositionalAgatzDecoderWithVehicleByPercentage;1924,52;Alpha1
N050;71;PositionalAgatzDecoderWithVehicleByPercentage;1813,91;Alpha1
N050;71;PositionalAgatzDecoderWithVehicleByPercentage;1845,32;Alpha1
N050;71;PositionalAgatzDecoderWithVehicleByPercentage;1884,55;Alpha1
N050;71;PositionalAgatzDecoderWithVehicleByPercentage;2178,26;Alpha1
N050;71;PositionalAgatzDecoderWithVehicleByPercentage;2121,43;Alpha1
N050;71;PositionalAgatzDecoderWithVehicleByPercentage;1762,40;Alpha1
N050;71;PositionalAgatzDecoderWithVehicleByPercentage;1869,41;Alpha1
N050;71;PositionalAgatzDecoderWithVehicleByPercentage;1893,92;Alpha1
N050;71;PositionalAgatzDecoderWithVehicleByPercentage;1787,74;Alpha1
N050;74;PositionalAgatzDecoderWithVehicleByPercentage;1536,24;Alpha1
N050;74;PositionalAgatzDecoderWithVehicleByPercentage;1385,24;Alpha1
N050;74;PositionalAgatzDecoderWithVehicleByPercentage;1656,28;Alpha1
N050;74;PositionalAgatzDecoderWithVehicleByPercentage;1498,19;Alpha1
N050;74;PositionalAgatzDecoderWithVehicleByPercentage;1661,50;Alpha1
N050;74;PositionalAgatzDecoderWithVehicleByPercentage;1587,10;Alpha1
N050;74;PositionalAgatzDecoderWithVehicleByPercentage;1384,89;Alpha1
N050;74;PositionalAgatzDecoderWithVehicleByPercentage;1589,69;Alpha1
N050;74;PositionalAgatzDecoderWithVehicleByPercentage;1562,50;Alpha1
N050;74;PositionalAgatzDecoderWithVehicleByPercentage;1417,78;Alpha1
N050;75;PositionalAgatzDecoderWithVehicleByPercentage;2109,81;Alpha1
N050;75;PositionalAgatzDecoderWithVehicleByPercentage;1992,34;Alpha1
N050;75;PositionalAgatzDecoderWithVehicleByPercentage;1968,05;Alpha1
N050;75;PositionalAgatzDecoderWithVehicleByPercentage;1655,80;Alpha1
N050;75;PositionalAgatzDecoderWithVehicleByPercentage;1955,94;Alpha1
N050;75;PositionalAgatzDecoderWithVehicleByPercentage;1816,33;Alpha1
N050;75;PositionalAgatzDecoderWithVehicleByPercentage;1808,81;Alpha1
N050;75;PositionalAgatzDecoderWithVehicleByPercentage;1785,24;Alpha1
N050;75;PositionalAgatzDecoderWithVehicleByPercentage;1728,92;Alpha1
N050;75;PositionalAgatzDecoderWithVehicleByPercentage;1651,51;Alpha1
N050;76;PositionalAgatzDecoderWithVehicleByPercentage;1860,48;Alpha1
N050;76;PositionalAgatzDecoderWithVehicleByPercentage;1847,17;Alpha1
N050;76;PositionalAgatzDecoderWithVehicleByPercentage;1832,73;Alpha1
N050;76;PositionalAgatzDecoderWithVehicleByPercentage;1914,59;Alpha1
N050;76;PositionalAgatzDecoderWithVehicleByPercentage;1886,82;Alpha1
N050;76;PositionalAgatzDecoderWithVehicleByPercentage;1980,90;Alpha1
N050;76;PositionalAgatzDecoderWithVehicleByPercentage;1973,94;Alpha1
N050;76;PositionalAgatzDecoderWithVehicleByPercentage;2324,29;Alpha1
N050;76;PositionalAgatzDecoderWithVehicleByPercentage;1699,48;Alpha1
N050;76;PositionalAgatzDecoderWithVehicleByPercentage;1958,51;Alpha1
N050;79;PositionalAgatzDecoderWithVehicleByPercentage;1579,15;Alpha1
N050;79;PositionalAgatzDecoderWithVehicleByPercentage;1693,38;Alpha1
N050;79;PositionalAgatzDecoderWithVehicleByPercentage;1648,47;Alpha1
N050;79;PositionalAgatzDecoderWithVehicleByPercentage;1551,81;Alpha1
N050;79;PositionalAgatzDecoderWithVehicleByPercentage;1963,86;Alpha1
N050;79;PositionalAgatzDecoderWithVehicleByPercentage;1728,03;Alpha1
N050;79;PositionalAgatzDecoderWithVehicleByPercentage;1574,98;Alpha1
N050;79;PositionalAgatzDecoderWithVehicleByPercentage;1457,92;Alpha1
N050;79;PositionalAgatzDecoderWithVehicleByPercentage;1656,97;Alpha1
N050;79;PositionalAgatzDecoderWithVehicleByPercentage;1707,88;Alpha1
N075;83;PositionalAgatzDecoderWithVehicleByPercentage;2466,28;Alpha1
N075;83;PositionalAgatzDecoderWithVehicleByPercentage;2691,38;Alpha1
N075;83;PositionalAgatzDecoderWithVehicleByPercentage;1905,13;Alpha1
N075;83;PositionalAgatzDecoderWithVehicleByPercentage;2561,56;Alpha1
N075;83;PositionalAgatzDecoderWithVehicleByPercentage;2626,61;Alpha1
N075;83;PositionalAgatzDecoderWithVehicleByPercentage;2338,65;Alpha1
N075;83;PositionalAgatzDecoderWithVehicleByPercentage;2309,30;Alpha1
N075;83;PositionalAgatzDecoderWithVehicleByPercentage;2406,53;Alpha1
N075;83;PositionalAgatzDecoderWithVehicleByPercentage;2302,63;Alpha1
N075;83;PositionalAgatzDecoderWithVehicleByPercentage;2287,07;Alpha1
N075;84;PositionalAgatzDecoderWithVehicleByPercentage;2592,06;Alpha1
N075;84;PositionalAgatzDecoderWithVehicleByPercentage;2726,98;Alpha1
N075;84;PositionalAgatzDecoderWithVehicleByPercentage;3028,71;Alpha1
N075;84;PositionalAgatzDecoderWithVehicleByPercentage;2846,59;Alpha1
N075;84;PositionalAgatzDecoderWithVehicleByPercentage;3205,95;Alpha1
N075;84;PositionalAgatzDecoderWithVehicleByPercentage;2848,64;Alpha1
N075;84;PositionalAgatzDecoderWithVehicleByPercentage;2952,80;Alpha1
N075;84;PositionalAgatzDecoderWithVehicleByPercentage;2877,37;Alpha1
N075;84;PositionalAgatzDecoderWithVehicleByPercentage;3254,71;Alpha1
N075;84;PositionalAgatzDecoderWithVehicleByPercentage;2822,26;Alpha1
N075;88;PositionalAgatzDecoderWithVehicleByPercentage;2889,29;Alpha1
N075;88;PositionalAgatzDecoderWithVehicleByPercentage;3139,42;Alpha1
N075;88;PositionalAgatzDecoderWithVehicleByPercentage;2955,73;Alpha1
N075;88;PositionalAgatzDecoderWithVehicleByPercentage;2971,53;Alpha1
N075;88;PositionalAgatzDecoderWithVehicleByPercentage;2791,78;Alpha1
N075;88;PositionalAgatzDecoderWithVehicleByPercentage;2917,94;Alpha1
N075;88;PositionalAgatzDecoderWithVehicleByPercentage;2997,17;Alpha1
N075;88;PositionalAgatzDecoderWithVehicleByPercentage;2786,14;Alpha1
N075;88;PositionalAgatzDecoderWithVehicleByPercentage;2854,55;Alpha1
N075;88;PositionalAgatzDecoderWithVehicleByPercentage;3086,17;Alpha1
N075;89;PositionalAgatzDecoderWithVehicleByPercentage;2551,15;Alpha1
N075;89;PositionalAgatzDecoderWithVehicleByPercentage;2327,22;Alpha1
N075;89;PositionalAgatzDecoderWithVehicleByPercentage;2634,68;Alpha1
N075;89;PositionalAgatzDecoderWithVehicleByPercentage;2571,18;Alpha1
N075;89;PositionalAgatzDecoderWithVehicleByPercentage;2453,23;Alpha1
N075;89;PositionalAgatzDecoderWithVehicleByPercentage;2560,28;Alpha1
N075;89;PositionalAgatzDecoderWithVehicleByPercentage;2471,82;Alpha1
N075;89;PositionalAgatzDecoderWithVehicleByPercentage;2782,76;Alpha1
N075;89;PositionalAgatzDecoderWithVehicleByPercentage;2326,13;Alpha1
N075;89;PositionalAgatzDecoderWithVehicleByPercentage;2406,97;Alpha1
N075;87;PositionalAgatzDecoderWithVehicleByPercentage;2745,93;Alpha1
N075;87;PositionalAgatzDecoderWithVehicleByPercentage;2441,59;Alpha1
N075;87;PositionalAgatzDecoderWithVehicleByPercentage;2279,13;Alpha1
N075;87;PositionalAgatzDecoderWithVehicleByPercentage;2450,01;Alpha1
N075;87;PositionalAgatzDecoderWithVehicleByPercentage;2357,56;Alpha1
N075;87;PositionalAgatzDecoderWithVehicleByPercentage;2565,73;Alpha1
N075;87;PositionalAgatzDecoderWithVehicleByPercentage;2497,97;Alpha1
N075;87;PositionalAgatzDecoderWithVehicleByPercentage;2581,22;Alpha1
N075;87;PositionalAgatzDecoderWithVehicleByPercentage;2520,98;Alpha1
N075;87;PositionalAgatzDecoderWithVehicleByPercentage;3014,31;Alpha1
N075;90;PositionalAgatzDecoderWithVehicleByPercentage;2726,89;Alpha1
N075;90;PositionalAgatzDecoderWithVehicleByPercentage;2329,84;Alpha1
N075;90;PositionalAgatzDecoderWithVehicleByPercentage;2318,52;Alpha1
N075;90;PositionalAgatzDecoderWithVehicleByPercentage;2758,82;Alpha1
N075;90;PositionalAgatzDecoderWithVehicleByPercentage;1939,57;Alpha1
N075;90;PositionalAgatzDecoderWithVehicleByPercentage;2494,05;Alpha1
N075;90;PositionalAgatzDecoderWithVehicleByPercentage;2426,45;Alpha1
N075;90;PositionalAgatzDecoderWithVehicleByPercentage;2378,19;Alpha1
N075;90;PositionalAgatzDecoderWithVehicleByPercentage;2741,97;Alpha1
N075;90;PositionalAgatzDecoderWithVehicleByPercentage;2313,77;Alpha1
N075;81;PositionalAgatzDecoderWithVehicleByPercentage;2354,95;Alpha1
N075;81;PositionalAgatzDecoderWithVehicleByPercentage;2222,46;Alpha1
N075;81;PositionalAgatzDecoderWithVehicleByPercentage;2418,35;Alpha1
N075;81;PositionalAgatzDecoderWithVehicleByPercentage;2505,68;Alpha1
N075;81;PositionalAgatzDecoderWithVehicleByPercentage;2153,41;Alpha1
N075;81;PositionalAgatzDecoderWithVehicleByPercentage;1956,80;Alpha1
N075;81;PositionalAgatzDecoderWithVehicleByPercentage;2405,87;Alpha1
N075;81;PositionalAgatzDecoderWithVehicleByPercentage;2324,35;Alpha1
N075;81;PositionalAgatzDecoderWithVehicleByPercentage;2403,19;Alpha1
N075;81;PositionalAgatzDecoderWithVehicleByPercentage;2369,24;Alpha1
N075;82;PositionalAgatzDecoderWithVehicleByPercentage;2362,93;Alpha1
N075;82;PositionalAgatzDecoderWithVehicleByPercentage;2005,12;Alpha1
N075;82;PositionalAgatzDecoderWithVehicleByPercentage;2721,13;Alpha1
N075;82;PositionalAgatzDecoderWithVehicleByPercentage;2247,65;Alpha1
N075;82;PositionalAgatzDecoderWithVehicleByPercentage;2523,49;Alpha1
N075;82;PositionalAgatzDecoderWithVehicleByPercentage;2203,46;Alpha1
N075;82;PositionalAgatzDecoderWithVehicleByPercentage;2487,55;Alpha1
N075;82;PositionalAgatzDecoderWithVehicleByPercentage;2739,99;Alpha1
N075;82;PositionalAgatzDecoderWithVehicleByPercentage;2483,68;Alpha1
N075;82;PositionalAgatzDecoderWithVehicleByPercentage;2691,16;Alpha1
N075;85;PositionalAgatzDecoderWithVehicleByPercentage;2621,46;Alpha1
N075;85;PositionalAgatzDecoderWithVehicleByPercentage;3219,97;Alpha1
N075;85;PositionalAgatzDecoderWithVehicleByPercentage;2718,27;Alpha1
N075;85;PositionalAgatzDecoderWithVehicleByPercentage;2678,98;Alpha1
N075;85;PositionalAgatzDecoderWithVehicleByPercentage;2373,02;Alpha1
N075;85;PositionalAgatzDecoderWithVehicleByPercentage;2899,61;Alpha1
N075;85;PositionalAgatzDecoderWithVehicleByPercentage;2519,03;Alpha1
N075;85;PositionalAgatzDecoderWithVehicleByPercentage;2935,74;Alpha1
N075;85;PositionalAgatzDecoderWithVehicleByPercentage;2999,17;Alpha1
N075;85;PositionalAgatzDecoderWithVehicleByPercentage;2783,90;Alpha1
N075;86;PositionalAgatzDecoderWithVehicleByPercentage;2242,79;Alpha1
N075;86;PositionalAgatzDecoderWithVehicleByPercentage;2220,61;Alpha1
N075;86;PositionalAgatzDecoderWithVehicleByPercentage;2556,69;Alpha1
N075;86;PositionalAgatzDecoderWithVehicleByPercentage;1980,50;Alpha1
N075;86;PositionalAgatzDecoderWithVehicleByPercentage;2896,72;Alpha1
N075;86;PositionalAgatzDecoderWithVehicleByPercentage;2468,47;Alpha1
N075;86;PositionalAgatzDecoderWithVehicleByPercentage;2140,62;Alpha1
N075;86;PositionalAgatzDecoderWithVehicleByPercentage;2438,63;Alpha1
N075;86;PositionalAgatzDecoderWithVehicleByPercentage;2434,77;Alpha1
N075;86;PositionalAgatzDecoderWithVehicleByPercentage;2674,05;Alpha1
N100;97;PositionalAgatzDecoderWithVehicleByPercentage;4221,70;Alpha1
N100;97;PositionalAgatzDecoderWithVehicleByPercentage;3512,17;Alpha1
N100;97;PositionalAgatzDecoderWithVehicleByPercentage;3965,82;Alpha1
N100;97;PositionalAgatzDecoderWithVehicleByPercentage;4166,22;Alpha1
N100;97;PositionalAgatzDecoderWithVehicleByPercentage;3721,45;Alpha1
N100;97;PositionalAgatzDecoderWithVehicleByPercentage;4142,21;Alpha1
N100;97;PositionalAgatzDecoderWithVehicleByPercentage;3872,86;Alpha1
N100;97;PositionalAgatzDecoderWithVehicleByPercentage;4260,67;Alpha1
N100;97;PositionalAgatzDecoderWithVehicleByPercentage;3590,19;Alpha1
N100;97;PositionalAgatzDecoderWithVehicleByPercentage;3983,12;Alpha1
N100;100;PositionalAgatzDecoderWithVehicleByPercentage;3523,74;Alpha1
N100;100;PositionalAgatzDecoderWithVehicleByPercentage;3833,25;Alpha1
N100;100;PositionalAgatzDecoderWithVehicleByPercentage;3464,93;Alpha1
N100;100;PositionalAgatzDecoderWithVehicleByPercentage;3880,45;Alpha1
N100;100;PositionalAgatzDecoderWithVehicleByPercentage;3691,61;Alpha1
N100;100;PositionalAgatzDecoderWithVehicleByPercentage;3377,10;Alpha1
N100;100;PositionalAgatzDecoderWithVehicleByPercentage;3697,67;Alpha1
N100;100;PositionalAgatzDecoderWithVehicleByPercentage;3091,83;Alpha1
N100;100;PositionalAgatzDecoderWithVehicleByPercentage;3534,82;Alpha1
N100;100;PositionalAgatzDecoderWithVehicleByPercentage;3430,36;Alpha1
N100;92;PositionalAgatzDecoderWithVehicleByPercentage;3447,88;Alpha1
N100;92;PositionalAgatzDecoderWithVehicleByPercentage;3090,27;Alpha1
N100;92;PositionalAgatzDecoderWithVehicleByPercentage;2723,20;Alpha1
N100;92;PositionalAgatzDecoderWithVehicleByPercentage;3235,07;Alpha1
N100;92;PositionalAgatzDecoderWithVehicleByPercentage;3030,10;Alpha1
N100;92;PositionalAgatzDecoderWithVehicleByPercentage;3715,92;Alpha1
N100;92;PositionalAgatzDecoderWithVehicleByPercentage;3151,51;Alpha1
N100;92;PositionalAgatzDecoderWithVehicleByPercentage;3580,73;Alpha1
N100;92;PositionalAgatzDecoderWithVehicleByPercentage;3193,12;Alpha1
N100;92;PositionalAgatzDecoderWithVehicleByPercentage;3159,46;Alpha1
N100;93;PositionalAgatzDecoderWithVehicleByPercentage;2883,52;Alpha1
N100;93;PositionalAgatzDecoderWithVehicleByPercentage;3181,23;Alpha1
N100;93;PositionalAgatzDecoderWithVehicleByPercentage;3491,07;Alpha1
N100;93;PositionalAgatzDecoderWithVehicleByPercentage;3517,28;Alpha1
N100;93;PositionalAgatzDecoderWithVehicleByPercentage;2878,98;Alpha1
N100;93;PositionalAgatzDecoderWithVehicleByPercentage;3173,35;Alpha1
N100;93;PositionalAgatzDecoderWithVehicleByPercentage;3667,11;Alpha1
N100;93;PositionalAgatzDecoderWithVehicleByPercentage;2909,20;Alpha1
N100;93;PositionalAgatzDecoderWithVehicleByPercentage;3377,47;Alpha1
N100;93;PositionalAgatzDecoderWithVehicleByPercentage;3413,00;Alpha1
N100;94;PositionalAgatzDecoderWithVehicleByPercentage;3180,59;Alpha1
N100;94;PositionalAgatzDecoderWithVehicleByPercentage;3670,54;Alpha1
N100;94;PositionalAgatzDecoderWithVehicleByPercentage;3510,07;Alpha1
N100;94;PositionalAgatzDecoderWithVehicleByPercentage;3626,52;Alpha1
N100;94;PositionalAgatzDecoderWithVehicleByPercentage;3637,92;Alpha1
N100;94;PositionalAgatzDecoderWithVehicleByPercentage;3510,98;Alpha1
N100;94;PositionalAgatzDecoderWithVehicleByPercentage;2934,84;Alpha1
N100;94;PositionalAgatzDecoderWithVehicleByPercentage;3369,85;Alpha1
N100;94;PositionalAgatzDecoderWithVehicleByPercentage;3767,44;Alpha1
N100;94;PositionalAgatzDecoderWithVehicleByPercentage;3679,02;Alpha1
N100;95;PositionalAgatzDecoderWithVehicleByPercentage;3301,41;Alpha1
N100;95;PositionalAgatzDecoderWithVehicleByPercentage;3495,71;Alpha1
N100;95;PositionalAgatzDecoderWithVehicleByPercentage;3590,48;Alpha1
N100;95;PositionalAgatzDecoderWithVehicleByPercentage;3338,98;Alpha1
N100;95;PositionalAgatzDecoderWithVehicleByPercentage;3491,51;Alpha1
N100;95;PositionalAgatzDecoderWithVehicleByPercentage;3581,66;Alpha1
N100;95;PositionalAgatzDecoderWithVehicleByPercentage;4015,88;Alpha1
N100;95;PositionalAgatzDecoderWithVehicleByPercentage;3632,59;Alpha1
N100;95;PositionalAgatzDecoderWithVehicleByPercentage;3385,96;Alpha1
N100;95;PositionalAgatzDecoderWithVehicleByPercentage;3194,57;Alpha1
N100;96;PositionalAgatzDecoderWithVehicleByPercentage;3319,92;Alpha1
N100;96;PositionalAgatzDecoderWithVehicleByPercentage;3372,85;Alpha1
N100;96;PositionalAgatzDecoderWithVehicleByPercentage;3879,94;Alpha1
N100;96;PositionalAgatzDecoderWithVehicleByPercentage;3499,56;Alpha1
N100;96;PositionalAgatzDecoderWithVehicleByPercentage;3670,83;Alpha1
N100;96;PositionalAgatzDecoderWithVehicleByPercentage;3233,58;Alpha1
N100;96;PositionalAgatzDecoderWithVehicleByPercentage;3656,28;Alpha1
N100;96;PositionalAgatzDecoderWithVehicleByPercentage;3571,75;Alpha1
N100;96;PositionalAgatzDecoderWithVehicleByPercentage;3748,29;Alpha1
N100;96;PositionalAgatzDecoderWithVehicleByPercentage;3528,30;Alpha1
N100;98;PositionalAgatzDecoderWithVehicleByPercentage;3462,38;Alpha1
N100;98;PositionalAgatzDecoderWithVehicleByPercentage;3410,62;Alpha1
N100;98;PositionalAgatzDecoderWithVehicleByPercentage;3636,52;Alpha1
N100;98;PositionalAgatzDecoderWithVehicleByPercentage;3318,03;Alpha1
N100;98;PositionalAgatzDecoderWithVehicleByPercentage;3351,34;Alpha1
N100;98;PositionalAgatzDecoderWithVehicleByPercentage;3191,78;Alpha1
N100;98;PositionalAgatzDecoderWithVehicleByPercentage;3672,15;Alpha1
N100;98;PositionalAgatzDecoderWithVehicleByPercentage;2883,44;Alpha1
N100;98;PositionalAgatzDecoderWithVehicleByPercentage;3403,97;Alpha1
N100;98;PositionalAgatzDecoderWithVehicleByPercentage;3254,34;Alpha1
N100;99;PositionalAgatzDecoderWithVehicleByPercentage;3479,07;Alpha1
N100;99;PositionalAgatzDecoderWithVehicleByPercentage;2921,24;Alpha1
N100;99;PositionalAgatzDecoderWithVehicleByPercentage;3554,22;Alpha1
N100;99;PositionalAgatzDecoderWithVehicleByPercentage;2958,24;Alpha1
N100;99;PositionalAgatzDecoderWithVehicleByPercentage;2872,22;Alpha1
N100;99;PositionalAgatzDecoderWithVehicleByPercentage;3517,68;Alpha1
N100;99;PositionalAgatzDecoderWithVehicleByPercentage;3198,08;Alpha1
N100;99;PositionalAgatzDecoderWithVehicleByPercentage;3050,62;Alpha1
N100;99;PositionalAgatzDecoderWithVehicleByPercentage;3222,47;Alpha1
N100;99;PositionalAgatzDecoderWithVehicleByPercentage;3015,64;Alpha1
N100;91;PositionalAgatzDecoderWithVehicleByPercentage;3230,27;Alpha1
N100;91;PositionalAgatzDecoderWithVehicleByPercentage;3270,77;Alpha1
N100;91;PositionalAgatzDecoderWithVehicleByPercentage;3400,80;Alpha1
N100;91;PositionalAgatzDecoderWithVehicleByPercentage;3111,81;Alpha1
N100;91;PositionalAgatzDecoderWithVehicleByPercentage;3588,03;Alpha1
N100;91;PositionalAgatzDecoderWithVehicleByPercentage;3419,30;Alpha1
N100;91;PositionalAgatzDecoderWithVehicleByPercentage;3294,00;Alpha1
N100;91;PositionalAgatzDecoderWithVehicleByPercentage;3460,19;Alpha1
N100;91;PositionalAgatzDecoderWithVehicleByPercentage;3525,69;Alpha1
N100;91;PositionalAgatzDecoderWithVehicleByPercentage;3693,80;Alpha1
N175;103;PositionalAgatzDecoderWithVehicleByPercentage;6403,95;Alpha1
N175;103;PositionalAgatzDecoderWithVehicleByPercentage;7391,55;Alpha1
N175;103;PositionalAgatzDecoderWithVehicleByPercentage;6770,01;Alpha1
N175;103;PositionalAgatzDecoderWithVehicleByPercentage;6705,28;Alpha1
N175;103;PositionalAgatzDecoderWithVehicleByPercentage;7312,03;Alpha1
N175;103;PositionalAgatzDecoderWithVehicleByPercentage;6196,33;Alpha1
N175;103;PositionalAgatzDecoderWithVehicleByPercentage;6208,85;Alpha1
N175;103;PositionalAgatzDecoderWithVehicleByPercentage;6639,18;Alpha1
N175;103;PositionalAgatzDecoderWithVehicleByPercentage;6656,29;Alpha1
N175;103;PositionalAgatzDecoderWithVehicleByPercentage;6760,01;Alpha1
N175;104;PositionalAgatzDecoderWithVehicleByPercentage;6346,11;Alpha1
N175;104;PositionalAgatzDecoderWithVehicleByPercentage;6188,80;Alpha1
N175;104;PositionalAgatzDecoderWithVehicleByPercentage;6786,09;Alpha1
N175;104;PositionalAgatzDecoderWithVehicleByPercentage;6783,36;Alpha1
N175;104;PositionalAgatzDecoderWithVehicleByPercentage;6437,26;Alpha1
N175;104;PositionalAgatzDecoderWithVehicleByPercentage;6213,88;Alpha1
N175;104;PositionalAgatzDecoderWithVehicleByPercentage;6440,92;Alpha1
N175;104;PositionalAgatzDecoderWithVehicleByPercentage;6567,76;Alpha1
N175;104;PositionalAgatzDecoderWithVehicleByPercentage;7265,25;Alpha1
N175;104;PositionalAgatzDecoderWithVehicleByPercentage;6393,18;Alpha1
N175;105;PositionalAgatzDecoderWithVehicleByPercentage;6431,28;Alpha1
N175;105;PositionalAgatzDecoderWithVehicleByPercentage;6238,81;Alpha1
N175;105;PositionalAgatzDecoderWithVehicleByPercentage;6632,77;Alpha1
N175;105;PositionalAgatzDecoderWithVehicleByPercentage;7010,51;Alpha1
N175;105;PositionalAgatzDecoderWithVehicleByPercentage;6251,46;Alpha1
N175;105;PositionalAgatzDecoderWithVehicleByPercentage;7440,53;Alpha1
N175;105;PositionalAgatzDecoderWithVehicleByPercentage;7146,49;Alpha1
N175;105;PositionalAgatzDecoderWithVehicleByPercentage;6229,05;Alpha1
N175;105;PositionalAgatzDecoderWithVehicleByPercentage;6319,63;Alpha1
N175;105;PositionalAgatzDecoderWithVehicleByPercentage;6756,98;Alpha1
N175;110;PositionalAgatzDecoderWithVehicleByPercentage;7322,65;Alpha1
N175;110;PositionalAgatzDecoderWithVehicleByPercentage;7919,04;Alpha1
N175;110;PositionalAgatzDecoderWithVehicleByPercentage;7594,24;Alpha1
N175;110;PositionalAgatzDecoderWithVehicleByPercentage;7085,34;Alpha1
N175;110;PositionalAgatzDecoderWithVehicleByPercentage;7310,08;Alpha1
N175;110;PositionalAgatzDecoderWithVehicleByPercentage;6622,98;Alpha1
N175;110;PositionalAgatzDecoderWithVehicleByPercentage;6851,34;Alpha1
N175;110;PositionalAgatzDecoderWithVehicleByPercentage;7056,19;Alpha1
N175;110;PositionalAgatzDecoderWithVehicleByPercentage;6991,08;Alpha1
N175;110;PositionalAgatzDecoderWithVehicleByPercentage;7784,18;Alpha1
N175;108;PositionalAgatzDecoderWithVehicleByPercentage;7220,90;Alpha1
N175;108;PositionalAgatzDecoderWithVehicleByPercentage;6862,57;Alpha1
N175;108;PositionalAgatzDecoderWithVehicleByPercentage;6662,03;Alpha1
N175;108;PositionalAgatzDecoderWithVehicleByPercentage;6163,53;Alpha1
N175;108;PositionalAgatzDecoderWithVehicleByPercentage;6909,09;Alpha1
N175;108;PositionalAgatzDecoderWithVehicleByPercentage;7136,19;Alpha1
N175;108;PositionalAgatzDecoderWithVehicleByPercentage;7153,32;Alpha1
N175;108;PositionalAgatzDecoderWithVehicleByPercentage;6570,41;Alpha1
N175;108;PositionalAgatzDecoderWithVehicleByPercentage;7059,67;Alpha1
N175;108;PositionalAgatzDecoderWithVehicleByPercentage;6095,38;Alpha1
N175;109;PositionalAgatzDecoderWithVehicleByPercentage;6200,46;Alpha1
N175;109;PositionalAgatzDecoderWithVehicleByPercentage;7556,99;Alpha1
N175;109;PositionalAgatzDecoderWithVehicleByPercentage;6447,04;Alpha1
N175;109;PositionalAgatzDecoderWithVehicleByPercentage;6555,74;Alpha1
N175;109;PositionalAgatzDecoderWithVehicleByPercentage;6755,64;Alpha1
N175;109;PositionalAgatzDecoderWithVehicleByPercentage;7091,94;Alpha1
N175;109;PositionalAgatzDecoderWithVehicleByPercentage;6844,71;Alpha1
N175;109;PositionalAgatzDecoderWithVehicleByPercentage;6431,93;Alpha1
N175;109;PositionalAgatzDecoderWithVehicleByPercentage;6488,56;Alpha1
N175;109;PositionalAgatzDecoderWithVehicleByPercentage;6671,78;Alpha1
N175;101;PositionalAgatzDecoderWithVehicleByPercentage;6655,03;Alpha1
N175;101;PositionalAgatzDecoderWithVehicleByPercentage;6033,12;Alpha1
N175;101;PositionalAgatzDecoderWithVehicleByPercentage;6398,19;Alpha1
N175;101;PositionalAgatzDecoderWithVehicleByPercentage;5729,29;Alpha1
N175;101;PositionalAgatzDecoderWithVehicleByPercentage;6574,36;Alpha1
N175;101;PositionalAgatzDecoderWithVehicleByPercentage;6370,49;Alpha1
N175;101;PositionalAgatzDecoderWithVehicleByPercentage;6068,83;Alpha1
N175;101;PositionalAgatzDecoderWithVehicleByPercentage;5874,11;Alpha1
N175;101;PositionalAgatzDecoderWithVehicleByPercentage;6210,05;Alpha1
N175;101;PositionalAgatzDecoderWithVehicleByPercentage;6354,61;Alpha1
N175;102;PositionalAgatzDecoderWithVehicleByPercentage;6450,18;Alpha1
N175;102;PositionalAgatzDecoderWithVehicleByPercentage;6764,66;Alpha1
N175;102;PositionalAgatzDecoderWithVehicleByPercentage;7074,31;Alpha1
N175;102;PositionalAgatzDecoderWithVehicleByPercentage;6436,13;Alpha1
N175;102;PositionalAgatzDecoderWithVehicleByPercentage;7455,85;Alpha1
N175;102;PositionalAgatzDecoderWithVehicleByPercentage;6113,16;Alpha1
N175;102;PositionalAgatzDecoderWithVehicleByPercentage;6129,70;Alpha1
N175;102;PositionalAgatzDecoderWithVehicleByPercentage;6690,85;Alpha1
N175;102;PositionalAgatzDecoderWithVehicleByPercentage;6476,26;Alpha1
N175;102;PositionalAgatzDecoderWithVehicleByPercentage;6799,35;Alpha1
N175;106;PositionalAgatzDecoderWithVehicleByPercentage;6750,39;Alpha1
N175;106;PositionalAgatzDecoderWithVehicleByPercentage;6930,87;Alpha1
N175;106;PositionalAgatzDecoderWithVehicleByPercentage;6762,33;Alpha1
N175;106;PositionalAgatzDecoderWithVehicleByPercentage;6634,16;Alpha1
N175;106;PositionalAgatzDecoderWithVehicleByPercentage;7676,96;Alpha1
N175;106;PositionalAgatzDecoderWithVehicleByPercentage;7576,86;Alpha1
N175;106;PositionalAgatzDecoderWithVehicleByPercentage;7412,19;Alpha1
N175;106;PositionalAgatzDecoderWithVehicleByPercentage;6689,87;Alpha1
N175;106;PositionalAgatzDecoderWithVehicleByPercentage;7012,55;Alpha1
N175;106;PositionalAgatzDecoderWithVehicleByPercentage;7325,80;Alpha1
N175;107;PositionalAgatzDecoderWithVehicleByPercentage;6500,35;Alpha1
N175;107;PositionalAgatzDecoderWithVehicleByPercentage;6868,31;Alpha1
N175;107;PositionalAgatzDecoderWithVehicleByPercentage;6622,08;Alpha1
N175;107;PositionalAgatzDecoderWithVehicleByPercentage;6017,29;Alpha1
N175;107;PositionalAgatzDecoderWithVehicleByPercentage;6762,54;Alpha1
N175;107;PositionalAgatzDecoderWithVehicleByPercentage;6300,67;Alpha1
N175;107;PositionalAgatzDecoderWithVehicleByPercentage;6783,89;Alpha1
N175;107;PositionalAgatzDecoderWithVehicleByPercentage;6022,65;Alpha1
N175;107;PositionalAgatzDecoderWithVehicleByPercentage;6341,20;Alpha1
N175;107;PositionalAgatzDecoderWithVehicleByPercentage;7396,30;Alpha1
N250;114;PositionalAgatzDecoderWithVehicleByPercentage;10068,54;Alpha1
N250;114;PositionalAgatzDecoderWithVehicleByPercentage;10722,75;Alpha1
N250;114;PositionalAgatzDecoderWithVehicleByPercentage;10288,13;Alpha1
N250;114;PositionalAgatzDecoderWithVehicleByPercentage;9686,04;Alpha1
N250;114;PositionalAgatzDecoderWithVehicleByPercentage;9744,54;Alpha1
N250;114;PositionalAgatzDecoderWithVehicleByPercentage;10112,99;Alpha1
N250;114;PositionalAgatzDecoderWithVehicleByPercentage;9953,69;Alpha1
N250;114;PositionalAgatzDecoderWithVehicleByPercentage;9371,15;Alpha1
N250;114;PositionalAgatzDecoderWithVehicleByPercentage;9951,09;Alpha1
N250;114;PositionalAgatzDecoderWithVehicleByPercentage;10270,98;Alpha1
N250;116;PositionalAgatzDecoderWithVehicleByPercentage;12139,34;Alpha1
N250;116;PositionalAgatzDecoderWithVehicleByPercentage;10655,64;Alpha1
N250;116;PositionalAgatzDecoderWithVehicleByPercentage;10141,69;Alpha1
N250;116;PositionalAgatzDecoderWithVehicleByPercentage;10262,08;Alpha1
N250;116;PositionalAgatzDecoderWithVehicleByPercentage;10676,37;Alpha1
N250;116;PositionalAgatzDecoderWithVehicleByPercentage;10840,32;Alpha1
N250;116;PositionalAgatzDecoderWithVehicleByPercentage;10226,20;Alpha1
N250;116;PositionalAgatzDecoderWithVehicleByPercentage;11248,81;Alpha1
N250;116;PositionalAgatzDecoderWithVehicleByPercentage;10341,10;Alpha1
N250;116;PositionalAgatzDecoderWithVehicleByPercentage;9928,82;Alpha1
N250;2;PositionalAgatzDecoderWithVehicleByPercentage;9656,51;Alpha1
N250;2;PositionalAgatzDecoderWithVehicleByPercentage;10308,44;Alpha1
N250;2;PositionalAgatzDecoderWithVehicleByPercentage;10322,92;Alpha1
N250;2;PositionalAgatzDecoderWithVehicleByPercentage;10395,84;Alpha1
N250;2;PositionalAgatzDecoderWithVehicleByPercentage;9617,32;Alpha1
N250;2;PositionalAgatzDecoderWithVehicleByPercentage;9359,90;Alpha1
N250;2;PositionalAgatzDecoderWithVehicleByPercentage;9495,62;Alpha1
N250;2;PositionalAgatzDecoderWithVehicleByPercentage;9979,85;Alpha1
N250;2;PositionalAgatzDecoderWithVehicleByPercentage;10192,17;Alpha1
N250;2;PositionalAgatzDecoderWithVehicleByPercentage;10343,13;Alpha1
N250;8;PositionalAgatzDecoderWithVehicleByPercentage;9744,72;Alpha1
N250;8;PositionalAgatzDecoderWithVehicleByPercentage;9952,35;Alpha1
N250;8;PositionalAgatzDecoderWithVehicleByPercentage;10480,86;Alpha1
N250;8;PositionalAgatzDecoderWithVehicleByPercentage;9614,11;Alpha1
N250;8;PositionalAgatzDecoderWithVehicleByPercentage;10130,18;Alpha1
N250;8;PositionalAgatzDecoderWithVehicleByPercentage;10316,19;Alpha1
N250;8;PositionalAgatzDecoderWithVehicleByPercentage;9984,27;Alpha1
N250;8;PositionalAgatzDecoderWithVehicleByPercentage;8967,60;Alpha1
N250;8;PositionalAgatzDecoderWithVehicleByPercentage;10438,32;Alpha1
N250;8;PositionalAgatzDecoderWithVehicleByPercentage;10043,13;Alpha1
N250;9;PositionalAgatzDecoderWithVehicleByPercentage;11183,79;Alpha1
N250;9;PositionalAgatzDecoderWithVehicleByPercentage;11084,20;Alpha1
N250;9;PositionalAgatzDecoderWithVehicleByPercentage;11507,38;Alpha1
N250;9;PositionalAgatzDecoderWithVehicleByPercentage;11144,73;Alpha1
N250;9;PositionalAgatzDecoderWithVehicleByPercentage;11080,15;Alpha1
N250;9;PositionalAgatzDecoderWithVehicleByPercentage;11101,23;Alpha1
N250;9;PositionalAgatzDecoderWithVehicleByPercentage;10237,55;Alpha1
N250;9;PositionalAgatzDecoderWithVehicleByPercentage;11449,56;Alpha1
N250;9;PositionalAgatzDecoderWithVehicleByPercentage;10964,00;Alpha1
N250;9;PositionalAgatzDecoderWithVehicleByPercentage;10476,43;Alpha1
N250;10;PositionalAgatzDecoderWithVehicleByPercentage;10148,98;Alpha1
N250;10;PositionalAgatzDecoderWithVehicleByPercentage;10971,70;Alpha1
N250;10;PositionalAgatzDecoderWithVehicleByPercentage;11403,37;Alpha1
N250;10;PositionalAgatzDecoderWithVehicleByPercentage;10533,84;Alpha1
N250;10;PositionalAgatzDecoderWithVehicleByPercentage;10172,65;Alpha1
N250;10;PositionalAgatzDecoderWithVehicleByPercentage;10404,09;Alpha1
N250;10;PositionalAgatzDecoderWithVehicleByPercentage;11847,53;Alpha1
N250;10;PositionalAgatzDecoderWithVehicleByPercentage;10588,96;Alpha1
N250;10;PositionalAgatzDecoderWithVehicleByPercentage;9995,84;Alpha1
N250;10;PositionalAgatzDecoderWithVehicleByPercentage;10608,68;Alpha1
N250;111;PositionalAgatzDecoderWithVehicleByPercentage;10128,33;Alpha1
N250;111;PositionalAgatzDecoderWithVehicleByPercentage;9531,54;Alpha1
N250;111;PositionalAgatzDecoderWithVehicleByPercentage;10756,42;Alpha1
N250;111;PositionalAgatzDecoderWithVehicleByPercentage;10411,81;Alpha1
N250;111;PositionalAgatzDecoderWithVehicleByPercentage;10916,96;Alpha1
N250;111;PositionalAgatzDecoderWithVehicleByPercentage;10340,20;Alpha1
N250;111;PositionalAgatzDecoderWithVehicleByPercentage;10790,40;Alpha1
N250;111;PositionalAgatzDecoderWithVehicleByPercentage;9980,75;Alpha1
N250;111;PositionalAgatzDecoderWithVehicleByPercentage;10401,72;Alpha1
N250;111;PositionalAgatzDecoderWithVehicleByPercentage;10654,64;Alpha1
N250;112;PositionalAgatzDecoderWithVehicleByPercentage;9963,58;Alpha1
N250;112;PositionalAgatzDecoderWithVehicleByPercentage;10188,82;Alpha1
N250;112;PositionalAgatzDecoderWithVehicleByPercentage;10050,61;Alpha1
N250;112;PositionalAgatzDecoderWithVehicleByPercentage;9840,44;Alpha1
N250;112;PositionalAgatzDecoderWithVehicleByPercentage;10439,01;Alpha1
N250;112;PositionalAgatzDecoderWithVehicleByPercentage;10150,66;Alpha1
N250;112;PositionalAgatzDecoderWithVehicleByPercentage;10098,94;Alpha1
N250;112;PositionalAgatzDecoderWithVehicleByPercentage;10631,13;Alpha1
N250;112;PositionalAgatzDecoderWithVehicleByPercentage;9815,17;Alpha1
N250;112;PositionalAgatzDecoderWithVehicleByPercentage;10875,53;Alpha1
N250;118;PositionalAgatzDecoderWithVehicleByPercentage;10662,29;Alpha1
N250;118;PositionalAgatzDecoderWithVehicleByPercentage;10856,30;Alpha1
N250;118;PositionalAgatzDecoderWithVehicleByPercentage;10668,22;Alpha1
N250;118;PositionalAgatzDecoderWithVehicleByPercentage;10812,61;Alpha1
N250;118;PositionalAgatzDecoderWithVehicleByPercentage;10673,24;Alpha1
N250;118;PositionalAgatzDecoderWithVehicleByPercentage;10657,06;Alpha1
N250;118;PositionalAgatzDecoderWithVehicleByPercentage;10550,38;Alpha1
N250;118;PositionalAgatzDecoderWithVehicleByPercentage;9741,82;Alpha1
N250;118;PositionalAgatzDecoderWithVehicleByPercentage;10695,88;Alpha1
N250;118;PositionalAgatzDecoderWithVehicleByPercentage;10588,34;Alpha1
N250;120;PositionalAgatzDecoderWithVehicleByPercentage;10159,55;Alpha1
N250;120;PositionalAgatzDecoderWithVehicleByPercentage;10886,06;Alpha1
N250;120;PositionalAgatzDecoderWithVehicleByPercentage;10727,78;Alpha1
N250;120;PositionalAgatzDecoderWithVehicleByPercentage;10226,96;Alpha1
N250;120;PositionalAgatzDecoderWithVehicleByPercentage;9677,85;Alpha1
N250;120;PositionalAgatzDecoderWithVehicleByPercentage;10177,60;Alpha1
N250;120;PositionalAgatzDecoderWithVehicleByPercentage;10114,29;Alpha1
N250;120;PositionalAgatzDecoderWithVehicleByPercentage;10342,98;Alpha1
N250;120;PositionalAgatzDecoderWithVehicleByPercentage;10263,82;Alpha1
N250;120;PositionalAgatzDecoderWithVehicleByPercentage;11184,94;Alpha1
N250;3;PositionalAgatzDecoderWithVehicleByPercentage;9392,12;Alpha1
N250;3;PositionalAgatzDecoderWithVehicleByPercentage;9392,02;Alpha1
N250;3;PositionalAgatzDecoderWithVehicleByPercentage;9570,64;Alpha1
N250;3;PositionalAgatzDecoderWithVehicleByPercentage;9282,41;Alpha1
N250;3;PositionalAgatzDecoderWithVehicleByPercentage;10207,28;Alpha1
N250;3;PositionalAgatzDecoderWithVehicleByPercentage;9594,82;Alpha1
N250;3;PositionalAgatzDecoderWithVehicleByPercentage;10042,10;Alpha1
N250;3;PositionalAgatzDecoderWithVehicleByPercentage;9419,96;Alpha1
N250;3;PositionalAgatzDecoderWithVehicleByPercentage;10001,91;Alpha1
N250;3;PositionalAgatzDecoderWithVehicleByPercentage;9674,89;Alpha1
N250;119;PositionalAgatzDecoderWithVehicleByPercentage;10294,55;Alpha1
N250;119;PositionalAgatzDecoderWithVehicleByPercentage;9739,40;Alpha1
N250;119;PositionalAgatzDecoderWithVehicleByPercentage;10155,37;Alpha1
N250;119;PositionalAgatzDecoderWithVehicleByPercentage;11583,09;Alpha1
N250;119;PositionalAgatzDecoderWithVehicleByPercentage;9245,51;Alpha1
N250;119;PositionalAgatzDecoderWithVehicleByPercentage;10121,76;Alpha1
N250;119;PositionalAgatzDecoderWithVehicleByPercentage;10196,32;Alpha1
N250;119;PositionalAgatzDecoderWithVehicleByPercentage;9594,01;Alpha1
N250;119;PositionalAgatzDecoderWithVehicleByPercentage;10347,76;Alpha1
N250;119;PositionalAgatzDecoderWithVehicleByPercentage;10580,16;Alpha1
N250;1;PositionalAgatzDecoderWithVehicleByPercentage;9790,16;Alpha1
N250;1;PositionalAgatzDecoderWithVehicleByPercentage;11345,67;Alpha1
N250;1;PositionalAgatzDecoderWithVehicleByPercentage;11254,60;Alpha1
N250;1;PositionalAgatzDecoderWithVehicleByPercentage;10388,56;Alpha1
N250;1;PositionalAgatzDecoderWithVehicleByPercentage;10518,23;Alpha1
N250;1;PositionalAgatzDecoderWithVehicleByPercentage;10040,52;Alpha1
N250;1;PositionalAgatzDecoderWithVehicleByPercentage;9942,74;Alpha1
N250;1;PositionalAgatzDecoderWithVehicleByPercentage;10229,73;Alpha1
N250;1;PositionalAgatzDecoderWithVehicleByPercentage;11136,81;Alpha1
N250;1;PositionalAgatzDecoderWithVehicleByPercentage;10535,33;Alpha1
N250;5;PositionalAgatzDecoderWithVehicleByPercentage;10515,30;Alpha1
N250;5;PositionalAgatzDecoderWithVehicleByPercentage;11078,51;Alpha1
N250;5;PositionalAgatzDecoderWithVehicleByPercentage;11153,47;Alpha1
N250;5;PositionalAgatzDecoderWithVehicleByPercentage;10787,57;Alpha1
N250;5;PositionalAgatzDecoderWithVehicleByPercentage;11212,60;Alpha1
N250;5;PositionalAgatzDecoderWithVehicleByPercentage;10201,93;Alpha1
N250;5;PositionalAgatzDecoderWithVehicleByPercentage;9961,64;Alpha1
N250;5;PositionalAgatzDecoderWithVehicleByPercentage;10966,25;Alpha1
N250;5;PositionalAgatzDecoderWithVehicleByPercentage;10529,50;Alpha1
N250;5;PositionalAgatzDecoderWithVehicleByPercentage;9800,13;Alpha1
N250;7;PositionalAgatzDecoderWithVehicleByPercentage;10980,50;Alpha1
N250;7;PositionalAgatzDecoderWithVehicleByPercentage;10914,60;Alpha1
N250;7;PositionalAgatzDecoderWithVehicleByPercentage;10072,65;Alpha1
N250;7;PositionalAgatzDecoderWithVehicleByPercentage;9851,07;Alpha1
N250;7;PositionalAgatzDecoderWithVehicleByPercentage;10146,99;Alpha1
N250;7;PositionalAgatzDecoderWithVehicleByPercentage;9750,19;Alpha1
N250;7;PositionalAgatzDecoderWithVehicleByPercentage;10742,28;Alpha1
N250;7;PositionalAgatzDecoderWithVehicleByPercentage;9952,91;Alpha1
N250;7;PositionalAgatzDecoderWithVehicleByPercentage;10199,07;Alpha1
N250;7;PositionalAgatzDecoderWithVehicleByPercentage;10908,96;Alpha1
N250;113;PositionalAgatzDecoderWithVehicleByPercentage;10803,75;Alpha1
N250;113;PositionalAgatzDecoderWithVehicleByPercentage;9692,83;Alpha1
N250;113;PositionalAgatzDecoderWithVehicleByPercentage;11331,58;Alpha1
N250;113;PositionalAgatzDecoderWithVehicleByPercentage;9847,83;Alpha1
N250;113;PositionalAgatzDecoderWithVehicleByPercentage;10293,36;Alpha1
N250;113;PositionalAgatzDecoderWithVehicleByPercentage;9265,29;Alpha1
N250;113;PositionalAgatzDecoderWithVehicleByPercentage;9057,09;Alpha1
N250;113;PositionalAgatzDecoderWithVehicleByPercentage;9217,63;Alpha1
N250;113;PositionalAgatzDecoderWithVehicleByPercentage;11468,28;Alpha1
N250;113;PositionalAgatzDecoderWithVehicleByPercentage;10441,60;Alpha1
N250;117;PositionalAgatzDecoderWithVehicleByPercentage;10863,14;Alpha1
N250;117;PositionalAgatzDecoderWithVehicleByPercentage;10646,57;Alpha1
N250;117;PositionalAgatzDecoderWithVehicleByPercentage;10078,91;Alpha1
N250;117;PositionalAgatzDecoderWithVehicleByPercentage;11360,15;Alpha1
N250;117;PositionalAgatzDecoderWithVehicleByPercentage;10548,82;Alpha1
N250;117;PositionalAgatzDecoderWithVehicleByPercentage;10278,67;Alpha1
N250;117;PositionalAgatzDecoderWithVehicleByPercentage;10995,09;Alpha1
N250;117;PositionalAgatzDecoderWithVehicleByPercentage;11060,04;Alpha1
N250;117;PositionalAgatzDecoderWithVehicleByPercentage;10171,74;Alpha1
N250;117;PositionalAgatzDecoderWithVehicleByPercentage;10965,41;Alpha1
N250;4;PositionalAgatzDecoderWithVehicleByPercentage;9845,05;Alpha1
N250;4;PositionalAgatzDecoderWithVehicleByPercentage;10771,41;Alpha1
N250;4;PositionalAgatzDecoderWithVehicleByPercentage;9936,55;Alpha1
N250;4;PositionalAgatzDecoderWithVehicleByPercentage;10622,75;Alpha1
N250;4;PositionalAgatzDecoderWithVehicleByPercentage;10010,94;Alpha1
N250;4;PositionalAgatzDecoderWithVehicleByPercentage;10185,01;Alpha1
N250;4;PositionalAgatzDecoderWithVehicleByPercentage;10084,35;Alpha1
N250;4;PositionalAgatzDecoderWithVehicleByPercentage;9673,20;Alpha1
N250;4;PositionalAgatzDecoderWithVehicleByPercentage;10946,46;Alpha1
N250;4;PositionalAgatzDecoderWithVehicleByPercentage;9459,85;Alpha1
N250;6;PositionalAgatzDecoderWithVehicleByPercentage;10399,55;Alpha1
N250;6;PositionalAgatzDecoderWithVehicleByPercentage;10576,79;Alpha1
N250;6;PositionalAgatzDecoderWithVehicleByPercentage;9924,18;Alpha1
N250;6;PositionalAgatzDecoderWithVehicleByPercentage;9725,11;Alpha1
N250;6;PositionalAgatzDecoderWithVehicleByPercentage;10894,95;Alpha1
N250;6;PositionalAgatzDecoderWithVehicleByPercentage;10447,99;Alpha1
N250;6;PositionalAgatzDecoderWithVehicleByPercentage;11292,00;Alpha1
N250;6;PositionalAgatzDecoderWithVehicleByPercentage;10240,82;Alpha1
N250;6;PositionalAgatzDecoderWithVehicleByPercentage;10471,11;Alpha1
N250;6;PositionalAgatzDecoderWithVehicleByPercentage;10763,71;Alpha1
N250;115;PositionalAgatzDecoderWithVehicleByPercentage;11116,30;Alpha1
N250;115;PositionalAgatzDecoderWithVehicleByPercentage;10371,56;Alpha1
N250;115;PositionalAgatzDecoderWithVehicleByPercentage;10547,30;Alpha1
N250;115;PositionalAgatzDecoderWithVehicleByPercentage;10234,00;Alpha1
N250;115;PositionalAgatzDecoderWithVehicleByPercentage;10870,08;Alpha1
N250;115;PositionalAgatzDecoderWithVehicleByPercentage;9920,24;Alpha1
N250;115;PositionalAgatzDecoderWithVehicleByPercentage;10030,74;Alpha1
N250;115;PositionalAgatzDecoderWithVehicleByPercentage;9875,32;Alpha1
N250;115;PositionalAgatzDecoderWithVehicleByPercentage;11007,59;Alpha1
N250;115;PositionalAgatzDecoderWithVehicleByPercentage;10434,00;Alpha1
N010;51;PositionalAgatzDecoderWithVehicleByPercentage;529,17;Alpha2
N010;51;PositionalAgatzDecoderWithVehicleByPercentage;527,88;Alpha2
N010;51;PositionalAgatzDecoderWithVehicleByPercentage;527,88;Alpha2
N010;51;PositionalAgatzDecoderWithVehicleByPercentage;529,17;Alpha2
N010;51;PositionalAgatzDecoderWithVehicleByPercentage;527,88;Alpha2
N010;51;PositionalAgatzDecoderWithVehicleByPercentage;527,88;Alpha2
N010;51;PositionalAgatzDecoderWithVehicleByPercentage;527,88;Alpha2
N010;51;PositionalAgatzDecoderWithVehicleByPercentage;529,17;Alpha2
N010;51;PositionalAgatzDecoderWithVehicleByPercentage;529,17;Alpha2
N010;51;PositionalAgatzDecoderWithVehicleByPercentage;527,88;Alpha2
N010;54;PositionalAgatzDecoderWithVehicleByPercentage;541,29;Alpha2
N010;54;PositionalAgatzDecoderWithVehicleByPercentage;541,29;Alpha2
N010;54;PositionalAgatzDecoderWithVehicleByPercentage;541,29;Alpha2
N010;54;PositionalAgatzDecoderWithVehicleByPercentage;541,29;Alpha2
N010;54;PositionalAgatzDecoderWithVehicleByPercentage;541,29;Alpha2
N010;54;PositionalAgatzDecoderWithVehicleByPercentage;541,29;Alpha2
N010;54;PositionalAgatzDecoderWithVehicleByPercentage;541,29;Alpha2
N010;54;PositionalAgatzDecoderWithVehicleByPercentage;541,29;Alpha2
N010;54;PositionalAgatzDecoderWithVehicleByPercentage;541,29;Alpha2
N010;54;PositionalAgatzDecoderWithVehicleByPercentage;541,29;Alpha2
N010;55;PositionalAgatzDecoderWithVehicleByPercentage;758,58;Alpha2
N010;55;PositionalAgatzDecoderWithVehicleByPercentage;758,58;Alpha2
N010;55;PositionalAgatzDecoderWithVehicleByPercentage;758,58;Alpha2
N010;55;PositionalAgatzDecoderWithVehicleByPercentage;758,58;Alpha2
N010;55;PositionalAgatzDecoderWithVehicleByPercentage;758,58;Alpha2
N010;55;PositionalAgatzDecoderWithVehicleByPercentage;758,58;Alpha2
N010;55;PositionalAgatzDecoderWithVehicleByPercentage;835,25;Alpha2
N010;55;PositionalAgatzDecoderWithVehicleByPercentage;758,58;Alpha2
N010;55;PositionalAgatzDecoderWithVehicleByPercentage;758,58;Alpha2
N010;55;PositionalAgatzDecoderWithVehicleByPercentage;758,58;Alpha2
N010;56;PositionalAgatzDecoderWithVehicleByPercentage;620,25;Alpha2
N010;56;PositionalAgatzDecoderWithVehicleByPercentage;620,25;Alpha2
N010;56;PositionalAgatzDecoderWithVehicleByPercentage;620,25;Alpha2
N010;56;PositionalAgatzDecoderWithVehicleByPercentage;620,25;Alpha2
N010;56;PositionalAgatzDecoderWithVehicleByPercentage;620,25;Alpha2
N010;56;PositionalAgatzDecoderWithVehicleByPercentage;620,25;Alpha2
N010;56;PositionalAgatzDecoderWithVehicleByPercentage;620,25;Alpha2
N010;56;PositionalAgatzDecoderWithVehicleByPercentage;620,25;Alpha2
N010;56;PositionalAgatzDecoderWithVehicleByPercentage;620,25;Alpha2
N010;56;PositionalAgatzDecoderWithVehicleByPercentage;620,25;Alpha2
N010;58;PositionalAgatzDecoderWithVehicleByPercentage;689,06;Alpha2
N010;58;PositionalAgatzDecoderWithVehicleByPercentage;689,06;Alpha2
N010;58;PositionalAgatzDecoderWithVehicleByPercentage;689,06;Alpha2
N010;58;PositionalAgatzDecoderWithVehicleByPercentage;689,06;Alpha2
N010;58;PositionalAgatzDecoderWithVehicleByPercentage;689,06;Alpha2
N010;58;PositionalAgatzDecoderWithVehicleByPercentage;689,06;Alpha2
N010;58;PositionalAgatzDecoderWithVehicleByPercentage;689,06;Alpha2
N010;58;PositionalAgatzDecoderWithVehicleByPercentage;689,06;Alpha2
N010;58;PositionalAgatzDecoderWithVehicleByPercentage;713,40;Alpha2
N010;58;PositionalAgatzDecoderWithVehicleByPercentage;689,06;Alpha2
N010;60;PositionalAgatzDecoderWithVehicleByPercentage;814,05;Alpha2
N010;60;PositionalAgatzDecoderWithVehicleByPercentage;814,05;Alpha2
N010;60;PositionalAgatzDecoderWithVehicleByPercentage;814,05;Alpha2
N010;60;PositionalAgatzDecoderWithVehicleByPercentage;814,05;Alpha2
N010;60;PositionalAgatzDecoderWithVehicleByPercentage;814,05;Alpha2
N010;60;PositionalAgatzDecoderWithVehicleByPercentage;814,05;Alpha2
N010;60;PositionalAgatzDecoderWithVehicleByPercentage;814,05;Alpha2
N010;60;PositionalAgatzDecoderWithVehicleByPercentage;814,05;Alpha2
N010;60;PositionalAgatzDecoderWithVehicleByPercentage;814,05;Alpha2
N010;60;PositionalAgatzDecoderWithVehicleByPercentage;835,68;Alpha2
N010;52;PositionalAgatzDecoderWithVehicleByPercentage;452,13;Alpha2
N010;52;PositionalAgatzDecoderWithVehicleByPercentage;449,11;Alpha2
N010;52;PositionalAgatzDecoderWithVehicleByPercentage;449,11;Alpha2
N010;52;PositionalAgatzDecoderWithVehicleByPercentage;449,11;Alpha2
N010;52;PositionalAgatzDecoderWithVehicleByPercentage;452,13;Alpha2
N010;52;PositionalAgatzDecoderWithVehicleByPercentage;456,96;Alpha2
N010;52;PositionalAgatzDecoderWithVehicleByPercentage;449,11;Alpha2
N010;52;PositionalAgatzDecoderWithVehicleByPercentage;452,13;Alpha2
N010;52;PositionalAgatzDecoderWithVehicleByPercentage;449,11;Alpha2
N010;52;PositionalAgatzDecoderWithVehicleByPercentage;452,13;Alpha2
N010;53;PositionalAgatzDecoderWithVehicleByPercentage;719,65;Alpha2
N010;53;PositionalAgatzDecoderWithVehicleByPercentage;719,65;Alpha2
N010;53;PositionalAgatzDecoderWithVehicleByPercentage;719,65;Alpha2
N010;53;PositionalAgatzDecoderWithVehicleByPercentage;743,72;Alpha2
N010;53;PositionalAgatzDecoderWithVehicleByPercentage;719,65;Alpha2
N010;53;PositionalAgatzDecoderWithVehicleByPercentage;719,65;Alpha2
N010;53;PositionalAgatzDecoderWithVehicleByPercentage;719,65;Alpha2
N010;53;PositionalAgatzDecoderWithVehicleByPercentage;719,65;Alpha2
N010;53;PositionalAgatzDecoderWithVehicleByPercentage;743,72;Alpha2
N010;53;PositionalAgatzDecoderWithVehicleByPercentage;762,95;Alpha2
N010;57;PositionalAgatzDecoderWithVehicleByPercentage;656,51;Alpha2
N010;57;PositionalAgatzDecoderWithVehicleByPercentage;656,51;Alpha2
N010;57;PositionalAgatzDecoderWithVehicleByPercentage;656,52;Alpha2
N010;57;PositionalAgatzDecoderWithVehicleByPercentage;656,51;Alpha2
N010;57;PositionalAgatzDecoderWithVehicleByPercentage;656,51;Alpha2
N010;57;PositionalAgatzDecoderWithVehicleByPercentage;656,52;Alpha2
N010;57;PositionalAgatzDecoderWithVehicleByPercentage;658,79;Alpha2
N010;57;PositionalAgatzDecoderWithVehicleByPercentage;656,51;Alpha2
N010;57;PositionalAgatzDecoderWithVehicleByPercentage;656,51;Alpha2
N010;57;PositionalAgatzDecoderWithVehicleByPercentage;658,79;Alpha2
N010;59;PositionalAgatzDecoderWithVehicleByPercentage;785,69;Alpha2
N010;59;PositionalAgatzDecoderWithVehicleByPercentage;785,69;Alpha2
N010;59;PositionalAgatzDecoderWithVehicleByPercentage;785,69;Alpha2
N010;59;PositionalAgatzDecoderWithVehicleByPercentage;785,69;Alpha2
N010;59;PositionalAgatzDecoderWithVehicleByPercentage;785,69;Alpha2
N010;59;PositionalAgatzDecoderWithVehicleByPercentage;785,69;Alpha2
N010;59;PositionalAgatzDecoderWithVehicleByPercentage;837,06;Alpha2
N010;59;PositionalAgatzDecoderWithVehicleByPercentage;785,69;Alpha2
N010;59;PositionalAgatzDecoderWithVehicleByPercentage;837,06;Alpha2
N010;59;PositionalAgatzDecoderWithVehicleByPercentage;829,79;Alpha2
N020;67;PositionalAgatzDecoderWithVehicleByPercentage;822,03;Alpha2
N020;67;PositionalAgatzDecoderWithVehicleByPercentage;760,29;Alpha2
N020;67;PositionalAgatzDecoderWithVehicleByPercentage;755,10;Alpha2
N020;67;PositionalAgatzDecoderWithVehicleByPercentage;762,46;Alpha2
N020;67;PositionalAgatzDecoderWithVehicleByPercentage;749,86;Alpha2
N020;67;PositionalAgatzDecoderWithVehicleByPercentage;817,15;Alpha2
N020;67;PositionalAgatzDecoderWithVehicleByPercentage;755,10;Alpha2
N020;67;PositionalAgatzDecoderWithVehicleByPercentage;750,61;Alpha2
N020;67;PositionalAgatzDecoderWithVehicleByPercentage;755,10;Alpha2
N020;67;PositionalAgatzDecoderWithVehicleByPercentage;749,86;Alpha2
N020;69;PositionalAgatzDecoderWithVehicleByPercentage;775,97;Alpha2
N020;69;PositionalAgatzDecoderWithVehicleByPercentage;769,31;Alpha2
N020;69;PositionalAgatzDecoderWithVehicleByPercentage;790,74;Alpha2
N020;69;PositionalAgatzDecoderWithVehicleByPercentage;781,92;Alpha2
N020;69;PositionalAgatzDecoderWithVehicleByPercentage;784,16;Alpha2
N020;69;PositionalAgatzDecoderWithVehicleByPercentage;758,98;Alpha2
N020;69;PositionalAgatzDecoderWithVehicleByPercentage;770,31;Alpha2
N020;69;PositionalAgatzDecoderWithVehicleByPercentage;756,14;Alpha2
N020;69;PositionalAgatzDecoderWithVehicleByPercentage;773,26;Alpha2
N020;69;PositionalAgatzDecoderWithVehicleByPercentage;756,14;Alpha2
N020;70;PositionalAgatzDecoderWithVehicleByPercentage;823,87;Alpha2
N020;70;PositionalAgatzDecoderWithVehicleByPercentage;810,83;Alpha2
N020;70;PositionalAgatzDecoderWithVehicleByPercentage;831,65;Alpha2
N020;70;PositionalAgatzDecoderWithVehicleByPercentage;862,27;Alpha2
N020;70;PositionalAgatzDecoderWithVehicleByPercentage;806,62;Alpha2
N020;70;PositionalAgatzDecoderWithVehicleByPercentage;821,65;Alpha2
N020;70;PositionalAgatzDecoderWithVehicleByPercentage;807,28;Alpha2
N020;70;PositionalAgatzDecoderWithVehicleByPercentage;823,51;Alpha2
N020;70;PositionalAgatzDecoderWithVehicleByPercentage;857,58;Alpha2
N020;70;PositionalAgatzDecoderWithVehicleByPercentage;850,61;Alpha2
N020;61;PositionalAgatzDecoderWithVehicleByPercentage;830,72;Alpha2
N020;61;PositionalAgatzDecoderWithVehicleByPercentage;1153,72;Alpha2
N020;61;PositionalAgatzDecoderWithVehicleByPercentage;848,75;Alpha2
N020;61;PositionalAgatzDecoderWithVehicleByPercentage;830,72;Alpha2
N020;61;PositionalAgatzDecoderWithVehicleByPercentage;830,72;Alpha2
N020;61;PositionalAgatzDecoderWithVehicleByPercentage;830,72;Alpha2
N020;61;PositionalAgatzDecoderWithVehicleByPercentage;830,72;Alpha2
N020;61;PositionalAgatzDecoderWithVehicleByPercentage;845,94;Alpha2
N020;61;PositionalAgatzDecoderWithVehicleByPercentage;839,35;Alpha2
N020;61;PositionalAgatzDecoderWithVehicleByPercentage;834,34;Alpha2
N020;63;PositionalAgatzDecoderWithVehicleByPercentage;910,54;Alpha2
N020;63;PositionalAgatzDecoderWithVehicleByPercentage;976,91;Alpha2
N020;63;PositionalAgatzDecoderWithVehicleByPercentage;1065,00;Alpha2
N020;63;PositionalAgatzDecoderWithVehicleByPercentage;935,44;Alpha2
N020;63;PositionalAgatzDecoderWithVehicleByPercentage;1010,16;Alpha2
N020;63;PositionalAgatzDecoderWithVehicleByPercentage;913,01;Alpha2
N020;63;PositionalAgatzDecoderWithVehicleByPercentage;910,54;Alpha2
N020;63;PositionalAgatzDecoderWithVehicleByPercentage;979,18;Alpha2
N020;63;PositionalAgatzDecoderWithVehicleByPercentage;1010,16;Alpha2
N020;63;PositionalAgatzDecoderWithVehicleByPercentage;1076,73;Alpha2
N020;65;PositionalAgatzDecoderWithVehicleByPercentage;739,04;Alpha2
N020;65;PositionalAgatzDecoderWithVehicleByPercentage;731,17;Alpha2
N020;65;PositionalAgatzDecoderWithVehicleByPercentage;731,64;Alpha2
N020;65;PositionalAgatzDecoderWithVehicleByPercentage;728,95;Alpha2
N020;65;PositionalAgatzDecoderWithVehicleByPercentage;726,24;Alpha2
N020;65;PositionalAgatzDecoderWithVehicleByPercentage;726,71;Alpha2
N020;65;PositionalAgatzDecoderWithVehicleByPercentage;754,03;Alpha2
N020;65;PositionalAgatzDecoderWithVehicleByPercentage;712,22;Alpha2
N020;65;PositionalAgatzDecoderWithVehicleByPercentage;708,03;Alpha2
N020;65;PositionalAgatzDecoderWithVehicleByPercentage;726,69;Alpha2
N020;66;PositionalAgatzDecoderWithVehicleByPercentage;731,28;Alpha2
N020;66;PositionalAgatzDecoderWithVehicleByPercentage;752,27;Alpha2
N020;66;PositionalAgatzDecoderWithVehicleByPercentage;748,58;Alpha2
N020;66;PositionalAgatzDecoderWithVehicleByPercentage;758,26;Alpha2
N020;66;PositionalAgatzDecoderWithVehicleByPercentage;738,12;Alpha2
N020;66;PositionalAgatzDecoderWithVehicleByPercentage;731,60;Alpha2
N020;66;PositionalAgatzDecoderWithVehicleByPercentage;740,18;Alpha2
N020;66;PositionalAgatzDecoderWithVehicleByPercentage;746,09;Alpha2
N020;66;PositionalAgatzDecoderWithVehicleByPercentage;748,14;Alpha2
N020;66;PositionalAgatzDecoderWithVehicleByPercentage;752,14;Alpha2
N020;62;PositionalAgatzDecoderWithVehicleByPercentage;765,68;Alpha2
N020;62;PositionalAgatzDecoderWithVehicleByPercentage;761,00;Alpha2
N020;62;PositionalAgatzDecoderWithVehicleByPercentage;761,00;Alpha2
N020;62;PositionalAgatzDecoderWithVehicleByPercentage;782,79;Alpha2
N020;62;PositionalAgatzDecoderWithVehicleByPercentage;783,50;Alpha2
N020;62;PositionalAgatzDecoderWithVehicleByPercentage;800,91;Alpha2
N020;62;PositionalAgatzDecoderWithVehicleByPercentage;775,60;Alpha2
N020;62;PositionalAgatzDecoderWithVehicleByPercentage;766,39;Alpha2
N020;62;PositionalAgatzDecoderWithVehicleByPercentage;780,87;Alpha2
N020;62;PositionalAgatzDecoderWithVehicleByPercentage;768,79;Alpha2
N020;64;PositionalAgatzDecoderWithVehicleByPercentage;1052,19;Alpha2
N020;64;PositionalAgatzDecoderWithVehicleByPercentage;1041,59;Alpha2
N020;64;PositionalAgatzDecoderWithVehicleByPercentage;1059,38;Alpha2
N020;64;PositionalAgatzDecoderWithVehicleByPercentage;1035,51;Alpha2
N020;64;PositionalAgatzDecoderWithVehicleByPercentage;1063,14;Alpha2
N020;64;PositionalAgatzDecoderWithVehicleByPercentage;1052,98;Alpha2
N020;64;PositionalAgatzDecoderWithVehicleByPercentage;1053,97;Alpha2
N020;64;PositionalAgatzDecoderWithVehicleByPercentage;1041,59;Alpha2
N020;64;PositionalAgatzDecoderWithVehicleByPercentage;1032,15;Alpha2
N020;64;PositionalAgatzDecoderWithVehicleByPercentage;1036,19;Alpha2
N020;68;PositionalAgatzDecoderWithVehicleByPercentage;760,29;Alpha2
N020;68;PositionalAgatzDecoderWithVehicleByPercentage;754,13;Alpha2
N020;68;PositionalAgatzDecoderWithVehicleByPercentage;693,88;Alpha2
N020;68;PositionalAgatzDecoderWithVehicleByPercentage;783,43;Alpha2
N020;68;PositionalAgatzDecoderWithVehicleByPercentage;762,18;Alpha2
N020;68;PositionalAgatzDecoderWithVehicleByPercentage;744,96;Alpha2
N020;68;PositionalAgatzDecoderWithVehicleByPercentage;693,88;Alpha2
N020;68;PositionalAgatzDecoderWithVehicleByPercentage;705,80;Alpha2
N020;68;PositionalAgatzDecoderWithVehicleByPercentage;773,82;Alpha2
N020;68;PositionalAgatzDecoderWithVehicleByPercentage;709,11;Alpha2
N050;75;PositionalAgatzDecoderWithVehicleByPercentage;1777,82;Alpha2
N050;75;PositionalAgatzDecoderWithVehicleByPercentage;1729,11;Alpha2
N050;75;PositionalAgatzDecoderWithVehicleByPercentage;1431,11;Alpha2
N050;75;PositionalAgatzDecoderWithVehicleByPercentage;1435,74;Alpha2
N050;75;PositionalAgatzDecoderWithVehicleByPercentage;1377,38;Alpha2
N050;75;PositionalAgatzDecoderWithVehicleByPercentage;1359,30;Alpha2
N050;75;PositionalAgatzDecoderWithVehicleByPercentage;1380,56;Alpha2
N050;75;PositionalAgatzDecoderWithVehicleByPercentage;1646,19;Alpha2
N050;75;PositionalAgatzDecoderWithVehicleByPercentage;1546,80;Alpha2
N050;75;PositionalAgatzDecoderWithVehicleByPercentage;1482,36;Alpha2
N050;76;PositionalAgatzDecoderWithVehicleByPercentage;1686,83;Alpha2
N050;76;PositionalAgatzDecoderWithVehicleByPercentage;1623,12;Alpha2
N050;76;PositionalAgatzDecoderWithVehicleByPercentage;1637,57;Alpha2
N050;76;PositionalAgatzDecoderWithVehicleByPercentage;1612,78;Alpha2
N050;76;PositionalAgatzDecoderWithVehicleByPercentage;1629,77;Alpha2
N050;76;PositionalAgatzDecoderWithVehicleByPercentage;1465,62;Alpha2
N050;76;PositionalAgatzDecoderWithVehicleByPercentage;1613,39;Alpha2
N050;76;PositionalAgatzDecoderWithVehicleByPercentage;1563,55;Alpha2
N050;76;PositionalAgatzDecoderWithVehicleByPercentage;1446,97;Alpha2
N050;76;PositionalAgatzDecoderWithVehicleByPercentage;1621,17;Alpha2
N050;80;PositionalAgatzDecoderWithVehicleByPercentage;1552,92;Alpha2
N050;80;PositionalAgatzDecoderWithVehicleByPercentage;1526,23;Alpha2
N050;80;PositionalAgatzDecoderWithVehicleByPercentage;1633,23;Alpha2
N050;80;PositionalAgatzDecoderWithVehicleByPercentage;1767,62;Alpha2
N050;80;PositionalAgatzDecoderWithVehicleByPercentage;1651,25;Alpha2
N050;80;PositionalAgatzDecoderWithVehicleByPercentage;1648,51;Alpha2
N050;80;PositionalAgatzDecoderWithVehicleByPercentage;1420,41;Alpha2
N050;80;PositionalAgatzDecoderWithVehicleByPercentage;1654,93;Alpha2
N050;80;PositionalAgatzDecoderWithVehicleByPercentage;1372,96;Alpha2
N050;80;PositionalAgatzDecoderWithVehicleByPercentage;1621,07;Alpha2
N050;71;PositionalAgatzDecoderWithVehicleByPercentage;1520,16;Alpha2
N050;71;PositionalAgatzDecoderWithVehicleByPercentage;1661,65;Alpha2
N050;71;PositionalAgatzDecoderWithVehicleByPercentage;1413,93;Alpha2
N050;71;PositionalAgatzDecoderWithVehicleByPercentage;1443,83;Alpha2
N050;71;PositionalAgatzDecoderWithVehicleByPercentage;1636,94;Alpha2
N050;71;PositionalAgatzDecoderWithVehicleByPercentage;1878,18;Alpha2
N050;71;PositionalAgatzDecoderWithVehicleByPercentage;1542,11;Alpha2
N050;71;PositionalAgatzDecoderWithVehicleByPercentage;1463,43;Alpha2
N050;71;PositionalAgatzDecoderWithVehicleByPercentage;1457,79;Alpha2
N050;71;PositionalAgatzDecoderWithVehicleByPercentage;1791,76;Alpha2
N050;72;PositionalAgatzDecoderWithVehicleByPercentage;1592,85;Alpha2
N050;72;PositionalAgatzDecoderWithVehicleByPercentage;1653,97;Alpha2
N050;72;PositionalAgatzDecoderWithVehicleByPercentage;1680,16;Alpha2
N050;72;PositionalAgatzDecoderWithVehicleByPercentage;1677,24;Alpha2
N050;72;PositionalAgatzDecoderWithVehicleByPercentage;1344,20;Alpha2
N050;72;PositionalAgatzDecoderWithVehicleByPercentage;1581,85;Alpha2
N050;72;PositionalAgatzDecoderWithVehicleByPercentage;1437,79;Alpha2
N050;72;PositionalAgatzDecoderWithVehicleByPercentage;1338,08;Alpha2
N050;72;PositionalAgatzDecoderWithVehicleByPercentage;1544,26;Alpha2
N050;72;PositionalAgatzDecoderWithVehicleByPercentage;1516,72;Alpha2
N050;73;PositionalAgatzDecoderWithVehicleByPercentage;1232,68;Alpha2
N050;73;PositionalAgatzDecoderWithVehicleByPercentage;1130,64;Alpha2
N050;73;PositionalAgatzDecoderWithVehicleByPercentage;1590,97;Alpha2
N050;73;PositionalAgatzDecoderWithVehicleByPercentage;1596,68;Alpha2
N050;73;PositionalAgatzDecoderWithVehicleByPercentage;1594,20;Alpha2
N050;73;PositionalAgatzDecoderWithVehicleByPercentage;1406,44;Alpha2
N050;73;PositionalAgatzDecoderWithVehicleByPercentage;1269,30;Alpha2
N050;73;PositionalAgatzDecoderWithVehicleByPercentage;1535,93;Alpha2
N050;73;PositionalAgatzDecoderWithVehicleByPercentage;1508,37;Alpha2
N050;73;PositionalAgatzDecoderWithVehicleByPercentage;1452,43;Alpha2
N050;79;PositionalAgatzDecoderWithVehicleByPercentage;1552,11;Alpha2
N050;79;PositionalAgatzDecoderWithVehicleByPercentage;1376,72;Alpha2
N050;79;PositionalAgatzDecoderWithVehicleByPercentage;1544,65;Alpha2
N050;79;PositionalAgatzDecoderWithVehicleByPercentage;1570,63;Alpha2
N050;79;PositionalAgatzDecoderWithVehicleByPercentage;1161,68;Alpha2
N050;79;PositionalAgatzDecoderWithVehicleByPercentage;1332,98;Alpha2
N050;79;PositionalAgatzDecoderWithVehicleByPercentage;1527,42;Alpha2
N050;79;PositionalAgatzDecoderWithVehicleByPercentage;1310,02;Alpha2
N050;79;PositionalAgatzDecoderWithVehicleByPercentage;1416,12;Alpha2
N050;79;PositionalAgatzDecoderWithVehicleByPercentage;1662,32;Alpha2
N050;74;PositionalAgatzDecoderWithVehicleByPercentage;1221,42;Alpha2
N050;74;PositionalAgatzDecoderWithVehicleByPercentage;1607,94;Alpha2
N050;74;PositionalAgatzDecoderWithVehicleByPercentage;1126,66;Alpha2
N050;74;PositionalAgatzDecoderWithVehicleByPercentage;1492,66;Alpha2
N050;74;PositionalAgatzDecoderWithVehicleByPercentage;1167,99;Alpha2
N050;74;PositionalAgatzDecoderWithVehicleByPercentage;1510,01;Alpha2
N050;74;PositionalAgatzDecoderWithVehicleByPercentage;1485,05;Alpha2
N050;74;PositionalAgatzDecoderWithVehicleByPercentage;1222,84;Alpha2
N050;74;PositionalAgatzDecoderWithVehicleByPercentage;1511,45;Alpha2
N050;74;PositionalAgatzDecoderWithVehicleByPercentage;1548,12;Alpha2
N050;77;PositionalAgatzDecoderWithVehicleByPercentage;1328,72;Alpha2
N050;77;PositionalAgatzDecoderWithVehicleByPercentage;1496,70;Alpha2
N050;77;PositionalAgatzDecoderWithVehicleByPercentage;1538,72;Alpha2
N050;77;PositionalAgatzDecoderWithVehicleByPercentage;1570,39;Alpha2
N050;77;PositionalAgatzDecoderWithVehicleByPercentage;1348,32;Alpha2
N050;77;PositionalAgatzDecoderWithVehicleByPercentage;1291,44;Alpha2
N050;77;PositionalAgatzDecoderWithVehicleByPercentage;1174,19;Alpha2
N050;77;PositionalAgatzDecoderWithVehicleByPercentage;1563,90;Alpha2
N050;77;PositionalAgatzDecoderWithVehicleByPercentage;1622,09;Alpha2
N050;77;PositionalAgatzDecoderWithVehicleByPercentage;1248,97;Alpha2
N050;78;PositionalAgatzDecoderWithVehicleByPercentage;1579,14;Alpha2
N050;78;PositionalAgatzDecoderWithVehicleByPercentage;1567,26;Alpha2
N050;78;PositionalAgatzDecoderWithVehicleByPercentage;1577,98;Alpha2
N050;78;PositionalAgatzDecoderWithVehicleByPercentage;1319,07;Alpha2
N050;78;PositionalAgatzDecoderWithVehicleByPercentage;1393,78;Alpha2
N050;78;PositionalAgatzDecoderWithVehicleByPercentage;1496,06;Alpha2
N050;78;PositionalAgatzDecoderWithVehicleByPercentage;1348,01;Alpha2
N050;78;PositionalAgatzDecoderWithVehicleByPercentage;1348,25;Alpha2
N050;78;PositionalAgatzDecoderWithVehicleByPercentage;1369,61;Alpha2
N050;78;PositionalAgatzDecoderWithVehicleByPercentage;1323,71;Alpha2
N075;81;PositionalAgatzDecoderWithVehicleByPercentage;2192,23;Alpha2
N075;81;PositionalAgatzDecoderWithVehicleByPercentage;1990,86;Alpha2
N075;81;PositionalAgatzDecoderWithVehicleByPercentage;1859,63;Alpha2
N075;81;PositionalAgatzDecoderWithVehicleByPercentage;2104,39;Alpha2
N075;81;PositionalAgatzDecoderWithVehicleByPercentage;2349,08;Alpha2
N075;81;PositionalAgatzDecoderWithVehicleByPercentage;2025,75;Alpha2
N075;81;PositionalAgatzDecoderWithVehicleByPercentage;2029,85;Alpha2
N075;81;PositionalAgatzDecoderWithVehicleByPercentage;2021,47;Alpha2
N075;81;PositionalAgatzDecoderWithVehicleByPercentage;2230,99;Alpha2
N075;81;PositionalAgatzDecoderWithVehicleByPercentage;1769,12;Alpha2
N075;85;PositionalAgatzDecoderWithVehicleByPercentage;2631,84;Alpha2
N075;85;PositionalAgatzDecoderWithVehicleByPercentage;2343,83;Alpha2
N075;85;PositionalAgatzDecoderWithVehicleByPercentage;2617,47;Alpha2
N075;85;PositionalAgatzDecoderWithVehicleByPercentage;2466,21;Alpha2
N075;85;PositionalAgatzDecoderWithVehicleByPercentage;2497,50;Alpha2
N075;85;PositionalAgatzDecoderWithVehicleByPercentage;2615,98;Alpha2
N075;85;PositionalAgatzDecoderWithVehicleByPercentage;2326,40;Alpha2
N075;85;PositionalAgatzDecoderWithVehicleByPercentage;2692,29;Alpha2
N075;85;PositionalAgatzDecoderWithVehicleByPercentage;2554,78;Alpha2
N075;85;PositionalAgatzDecoderWithVehicleByPercentage;2402,02;Alpha2
N075;86;PositionalAgatzDecoderWithVehicleByPercentage;2009,77;Alpha2
N075;86;PositionalAgatzDecoderWithVehicleByPercentage;2024,22;Alpha2
N075;86;PositionalAgatzDecoderWithVehicleByPercentage;1939,94;Alpha2
N075;86;PositionalAgatzDecoderWithVehicleByPercentage;2448,68;Alpha2
N075;86;PositionalAgatzDecoderWithVehicleByPercentage;1904,33;Alpha2
N075;86;PositionalAgatzDecoderWithVehicleByPercentage;2129,17;Alpha2
N075;86;PositionalAgatzDecoderWithVehicleByPercentage;1892,84;Alpha2
N075;86;PositionalAgatzDecoderWithVehicleByPercentage;2069,81;Alpha2
N075;86;PositionalAgatzDecoderWithVehicleByPercentage;1715,85;Alpha2
N075;86;PositionalAgatzDecoderWithVehicleByPercentage;1917,24;Alpha2
N075;87;PositionalAgatzDecoderWithVehicleByPercentage;1910,90;Alpha2
N075;87;PositionalAgatzDecoderWithVehicleByPercentage;2062,13;Alpha2
N075;87;PositionalAgatzDecoderWithVehicleByPercentage;2457,30;Alpha2
N075;87;PositionalAgatzDecoderWithVehicleByPercentage;2257,84;Alpha2
N075;87;PositionalAgatzDecoderWithVehicleByPercentage;2108,65;Alpha2
N075;87;PositionalAgatzDecoderWithVehicleByPercentage;3077,60;Alpha2
N075;87;PositionalAgatzDecoderWithVehicleByPercentage;2448,04;Alpha2
N075;87;PositionalAgatzDecoderWithVehicleByPercentage;2083,82;Alpha2
N075;87;PositionalAgatzDecoderWithVehicleByPercentage;1982,35;Alpha2
N075;87;PositionalAgatzDecoderWithVehicleByPercentage;2258,38;Alpha2
N075;88;PositionalAgatzDecoderWithVehicleByPercentage;2532,69;Alpha2
N075;88;PositionalAgatzDecoderWithVehicleByPercentage;2504,50;Alpha2
N075;88;PositionalAgatzDecoderWithVehicleByPercentage;2387,29;Alpha2
N075;88;PositionalAgatzDecoderWithVehicleByPercentage;2567,81;Alpha2
N075;88;PositionalAgatzDecoderWithVehicleByPercentage;2433,72;Alpha2
N075;88;PositionalAgatzDecoderWithVehicleByPercentage;2464,57;Alpha2
N075;88;PositionalAgatzDecoderWithVehicleByPercentage;2647,60;Alpha2
N075;88;PositionalAgatzDecoderWithVehicleByPercentage;2665,07;Alpha2
N075;88;PositionalAgatzDecoderWithVehicleByPercentage;2681,99;Alpha2
N075;88;PositionalAgatzDecoderWithVehicleByPercentage;2489,98;Alpha2
N075;82;PositionalAgatzDecoderWithVehicleByPercentage;2093,33;Alpha2
N075;82;PositionalAgatzDecoderWithVehicleByPercentage;1980,15;Alpha2
N075;82;PositionalAgatzDecoderWithVehicleByPercentage;2260,15;Alpha2
N075;82;PositionalAgatzDecoderWithVehicleByPercentage;2068,15;Alpha2
N075;82;PositionalAgatzDecoderWithVehicleByPercentage;2335,85;Alpha2
N075;82;PositionalAgatzDecoderWithVehicleByPercentage;2041,97;Alpha2
N075;82;PositionalAgatzDecoderWithVehicleByPercentage;2071,03;Alpha2
N075;82;PositionalAgatzDecoderWithVehicleByPercentage;2211,78;Alpha2
N075;82;PositionalAgatzDecoderWithVehicleByPercentage;2337,75;Alpha2
N075;82;PositionalAgatzDecoderWithVehicleByPercentage;2068,92;Alpha2
N075;83;PositionalAgatzDecoderWithVehicleByPercentage;2356,53;Alpha2
N075;83;PositionalAgatzDecoderWithVehicleByPercentage;2266,93;Alpha2
N075;83;PositionalAgatzDecoderWithVehicleByPercentage;2043,35;Alpha2
N075;83;PositionalAgatzDecoderWithVehicleByPercentage;1964,51;Alpha2
N075;83;PositionalAgatzDecoderWithVehicleByPercentage;2430,90;Alpha2
N075;83;PositionalAgatzDecoderWithVehicleByPercentage;2337,40;Alpha2
N075;83;PositionalAgatzDecoderWithVehicleByPercentage;2426,54;Alpha2
N075;83;PositionalAgatzDecoderWithVehicleByPercentage;2243,29;Alpha2
N075;83;PositionalAgatzDecoderWithVehicleByPercentage;2071,11;Alpha2
N075;83;PositionalAgatzDecoderWithVehicleByPercentage;2002,85;Alpha2
N075;84;PositionalAgatzDecoderWithVehicleByPercentage;3192,30;Alpha2
N075;84;PositionalAgatzDecoderWithVehicleByPercentage;2633,82;Alpha2
N075;84;PositionalAgatzDecoderWithVehicleByPercentage;2997,99;Alpha2
N075;84;PositionalAgatzDecoderWithVehicleByPercentage;2447,35;Alpha2
N075;84;PositionalAgatzDecoderWithVehicleByPercentage;2972,11;Alpha2
N075;84;PositionalAgatzDecoderWithVehicleByPercentage;2223,18;Alpha2
N075;84;PositionalAgatzDecoderWithVehicleByPercentage;2543,63;Alpha2
N075;84;PositionalAgatzDecoderWithVehicleByPercentage;2869,34;Alpha2
N075;84;PositionalAgatzDecoderWithVehicleByPercentage;3059,68;Alpha2
N075;84;PositionalAgatzDecoderWithVehicleByPercentage;2716,97;Alpha2
N075;89;PositionalAgatzDecoderWithVehicleByPercentage;2042,52;Alpha2
N075;89;PositionalAgatzDecoderWithVehicleByPercentage;2095,88;Alpha2
N075;89;PositionalAgatzDecoderWithVehicleByPercentage;2164,61;Alpha2
N075;89;PositionalAgatzDecoderWithVehicleByPercentage;2264,18;Alpha2
N075;89;PositionalAgatzDecoderWithVehicleByPercentage;2067,17;Alpha2
N075;89;PositionalAgatzDecoderWithVehicleByPercentage;2262,57;Alpha2
N075;89;PositionalAgatzDecoderWithVehicleByPercentage;2417,85;Alpha2
N075;89;PositionalAgatzDecoderWithVehicleByPercentage;1774,71;Alpha2
N075;89;PositionalAgatzDecoderWithVehicleByPercentage;2086,38;Alpha2
N075;89;PositionalAgatzDecoderWithVehicleByPercentage;2171,40;Alpha2
N075;90;PositionalAgatzDecoderWithVehicleByPercentage;1664,08;Alpha2
N075;90;PositionalAgatzDecoderWithVehicleByPercentage;2484,87;Alpha2
N075;90;PositionalAgatzDecoderWithVehicleByPercentage;2368,75;Alpha2
N075;90;PositionalAgatzDecoderWithVehicleByPercentage;1970,30;Alpha2
N075;90;PositionalAgatzDecoderWithVehicleByPercentage;2054,26;Alpha2
N075;90;PositionalAgatzDecoderWithVehicleByPercentage;1775,74;Alpha2
N075;90;PositionalAgatzDecoderWithVehicleByPercentage;2202,96;Alpha2
N075;90;PositionalAgatzDecoderWithVehicleByPercentage;1833,24;Alpha2
N075;90;PositionalAgatzDecoderWithVehicleByPercentage;2073,03;Alpha2
N075;90;PositionalAgatzDecoderWithVehicleByPercentage;2245,16;Alpha2
N100;93;PositionalAgatzDecoderWithVehicleByPercentage;2425,39;Alpha2
N100;93;PositionalAgatzDecoderWithVehicleByPercentage;2838,65;Alpha2
N100;93;PositionalAgatzDecoderWithVehicleByPercentage;2478,97;Alpha2
N100;93;PositionalAgatzDecoderWithVehicleByPercentage;2547,50;Alpha2
N100;93;PositionalAgatzDecoderWithVehicleByPercentage;2738,56;Alpha2
N100;93;PositionalAgatzDecoderWithVehicleByPercentage;2442,16;Alpha2
N100;93;PositionalAgatzDecoderWithVehicleByPercentage;2925,96;Alpha2
N100;93;PositionalAgatzDecoderWithVehicleByPercentage;2625,28;Alpha2
N100;93;PositionalAgatzDecoderWithVehicleByPercentage;3030,06;Alpha2
N100;93;PositionalAgatzDecoderWithVehicleByPercentage;2385,91;Alpha2
N100;100;PositionalAgatzDecoderWithVehicleByPercentage;2875,87;Alpha2
N100;100;PositionalAgatzDecoderWithVehicleByPercentage;2807,57;Alpha2
N100;100;PositionalAgatzDecoderWithVehicleByPercentage;3187,13;Alpha2
N100;100;PositionalAgatzDecoderWithVehicleByPercentage;3011,84;Alpha2
N100;100;PositionalAgatzDecoderWithVehicleByPercentage;2797,91;Alpha2
N100;100;PositionalAgatzDecoderWithVehicleByPercentage;3080,33;Alpha2
N100;100;PositionalAgatzDecoderWithVehicleByPercentage;3219,50;Alpha2
N100;100;PositionalAgatzDecoderWithVehicleByPercentage;3292,49;Alpha2
N100;100;PositionalAgatzDecoderWithVehicleByPercentage;3040,46;Alpha2
N100;100;PositionalAgatzDecoderWithVehicleByPercentage;3039,50;Alpha2
N100;96;PositionalAgatzDecoderWithVehicleByPercentage;2991,23;Alpha2
N100;96;PositionalAgatzDecoderWithVehicleByPercentage;3105,54;Alpha2
N100;96;PositionalAgatzDecoderWithVehicleByPercentage;2975,90;Alpha2
N100;96;PositionalAgatzDecoderWithVehicleByPercentage;3257,71;Alpha2
N100;96;PositionalAgatzDecoderWithVehicleByPercentage;3046,26;Alpha2
N100;96;PositionalAgatzDecoderWithVehicleByPercentage;3130,32;Alpha2
N100;96;PositionalAgatzDecoderWithVehicleByPercentage;3438,42;Alpha2
N100;96;PositionalAgatzDecoderWithVehicleByPercentage;3466,96;Alpha2
N100;96;PositionalAgatzDecoderWithVehicleByPercentage;3008,99;Alpha2
N100;96;PositionalAgatzDecoderWithVehicleByPercentage;3255,58;Alpha2
N100;97;PositionalAgatzDecoderWithVehicleByPercentage;3799,85;Alpha2
N100;97;PositionalAgatzDecoderWithVehicleByPercentage;3232,57;Alpha2
N100;97;PositionalAgatzDecoderWithVehicleByPercentage;3779,86;Alpha2
N100;97;PositionalAgatzDecoderWithVehicleByPercentage;3006,34;Alpha2
N100;97;PositionalAgatzDecoderWithVehicleByPercentage;3648,99;Alpha2
N100;97;PositionalAgatzDecoderWithVehicleByPercentage;3509,95;Alpha2
N100;97;PositionalAgatzDecoderWithVehicleByPercentage;3031,78;Alpha2
N100;97;PositionalAgatzDecoderWithVehicleByPercentage;3015,92;Alpha2
N100;97;PositionalAgatzDecoderWithVehicleByPercentage;3150,75;Alpha2
N100;97;PositionalAgatzDecoderWithVehicleByPercentage;3163,94;Alpha2
N100;98;PositionalAgatzDecoderWithVehicleByPercentage;2951,61;Alpha2
N100;98;PositionalAgatzDecoderWithVehicleByPercentage;2711,26;Alpha2
N100;98;PositionalAgatzDecoderWithVehicleByPercentage;3212,49;Alpha2
N100;98;PositionalAgatzDecoderWithVehicleByPercentage;3000,56;Alpha2
N100;98;PositionalAgatzDecoderWithVehicleByPercentage;2939,31;Alpha2
N100;98;PositionalAgatzDecoderWithVehicleByPercentage;2683,06;Alpha2
N100;98;PositionalAgatzDecoderWithVehicleByPercentage;3455,28;Alpha2
N100;98;PositionalAgatzDecoderWithVehicleByPercentage;3275,91;Alpha2
N100;98;PositionalAgatzDecoderWithVehicleByPercentage;3041,99;Alpha2
N100;98;PositionalAgatzDecoderWithVehicleByPercentage;3380,81;Alpha2
N100;99;PositionalAgatzDecoderWithVehicleByPercentage;2878,44;Alpha2
N100;99;PositionalAgatzDecoderWithVehicleByPercentage;2820,86;Alpha2
N100;99;PositionalAgatzDecoderWithVehicleByPercentage;2714,76;Alpha2
N100;99;PositionalAgatzDecoderWithVehicleByPercentage;3141,74;Alpha2
N100;99;PositionalAgatzDecoderWithVehicleByPercentage;2826,62;Alpha2
N100;99;PositionalAgatzDecoderWithVehicleByPercentage;2747,11;Alpha2
N100;99;PositionalAgatzDecoderWithVehicleByPercentage;2944,10;Alpha2
N100;99;PositionalAgatzDecoderWithVehicleByPercentage;2820,97;Alpha2
N100;99;PositionalAgatzDecoderWithVehicleByPercentage;3155,18;Alpha2
N100;99;PositionalAgatzDecoderWithVehicleByPercentage;2769,66;Alpha2
N100;91;PositionalAgatzDecoderWithVehicleByPercentage;3123,40;Alpha2
N100;91;PositionalAgatzDecoderWithVehicleByPercentage;3092,25;Alpha2
N100;91;PositionalAgatzDecoderWithVehicleByPercentage;2899,34;Alpha2
N100;91;PositionalAgatzDecoderWithVehicleByPercentage;3065,68;Alpha2
N100;91;PositionalAgatzDecoderWithVehicleByPercentage;3200,23;Alpha2
N100;91;PositionalAgatzDecoderWithVehicleByPercentage;2704,68;Alpha2
N100;91;PositionalAgatzDecoderWithVehicleByPercentage;2790,40;Alpha2
N100;91;PositionalAgatzDecoderWithVehicleByPercentage;2868,29;Alpha2
N100;91;PositionalAgatzDecoderWithVehicleByPercentage;2994,67;Alpha2
N100;91;PositionalAgatzDecoderWithVehicleByPercentage;2483,81;Alpha2
N100;92;PositionalAgatzDecoderWithVehicleByPercentage;3184,61;Alpha2
N100;92;PositionalAgatzDecoderWithVehicleByPercentage;2835,09;Alpha2
N100;92;PositionalAgatzDecoderWithVehicleByPercentage;2386,18;Alpha2
N100;92;PositionalAgatzDecoderWithVehicleByPercentage;3055,83;Alpha2
N100;92;PositionalAgatzDecoderWithVehicleByPercentage;2932,67;Alpha2
N100;92;PositionalAgatzDecoderWithVehicleByPercentage;2741,54;Alpha2
N100;92;PositionalAgatzDecoderWithVehicleByPercentage;2610,70;Alpha2
N100;92;PositionalAgatzDecoderWithVehicleByPercentage;2822,37;Alpha2
N100;92;PositionalAgatzDecoderWithVehicleByPercentage;2674,01;Alpha2
N100;92;PositionalAgatzDecoderWithVehicleByPercentage;2808,07;Alpha2
N100;94;PositionalAgatzDecoderWithVehicleByPercentage;2860,34;Alpha2
N100;94;PositionalAgatzDecoderWithVehicleByPercentage;3151,98;Alpha2
N100;94;PositionalAgatzDecoderWithVehicleByPercentage;3262,71;Alpha2
N100;94;PositionalAgatzDecoderWithVehicleByPercentage;3326,00;Alpha2
N100;94;PositionalAgatzDecoderWithVehicleByPercentage;2694,29;Alpha2
N100;94;PositionalAgatzDecoderWithVehicleByPercentage;2693,53;Alpha2
N100;94;PositionalAgatzDecoderWithVehicleByPercentage;3038,84;Alpha2
N100;94;PositionalAgatzDecoderWithVehicleByPercentage;3266,59;Alpha2
N100;94;PositionalAgatzDecoderWithVehicleByPercentage;3365,93;Alpha2
N100;94;PositionalAgatzDecoderWithVehicleByPercentage;2729,55;Alpha2
N100;95;PositionalAgatzDecoderWithVehicleByPercentage;2810,78;Alpha2
N100;95;PositionalAgatzDecoderWithVehicleByPercentage;3347,02;Alpha2
N100;95;PositionalAgatzDecoderWithVehicleByPercentage;2859,04;Alpha2
N100;95;PositionalAgatzDecoderWithVehicleByPercentage;3353,35;Alpha2
N100;95;PositionalAgatzDecoderWithVehicleByPercentage;3036,30;Alpha2
N100;95;PositionalAgatzDecoderWithVehicleByPercentage;2989,90;Alpha2
N100;95;PositionalAgatzDecoderWithVehicleByPercentage;3029,28;Alpha2
N100;95;PositionalAgatzDecoderWithVehicleByPercentage;3330,58;Alpha2
N100;95;PositionalAgatzDecoderWithVehicleByPercentage;3327,06;Alpha2
N100;95;PositionalAgatzDecoderWithVehicleByPercentage;2627,38;Alpha2
N175;102;PositionalAgatzDecoderWithVehicleByPercentage;5889,23;Alpha2
N175;102;PositionalAgatzDecoderWithVehicleByPercentage;5349,42;Alpha2
N175;102;PositionalAgatzDecoderWithVehicleByPercentage;6529,35;Alpha2
N175;102;PositionalAgatzDecoderWithVehicleByPercentage;6148,26;Alpha2
N175;102;PositionalAgatzDecoderWithVehicleByPercentage;6426,02;Alpha2
N175;102;PositionalAgatzDecoderWithVehicleByPercentage;6129,45;Alpha2
N175;102;PositionalAgatzDecoderWithVehicleByPercentage;5814,14;Alpha2
N175;102;PositionalAgatzDecoderWithVehicleByPercentage;5714,46;Alpha2
N175;102;PositionalAgatzDecoderWithVehicleByPercentage;6105,74;Alpha2
N175;102;PositionalAgatzDecoderWithVehicleByPercentage;5908,73;Alpha2
N175;103;PositionalAgatzDecoderWithVehicleByPercentage;5427,15;Alpha2
N175;103;PositionalAgatzDecoderWithVehicleByPercentage;5776,32;Alpha2
N175;103;PositionalAgatzDecoderWithVehicleByPercentage;6286,00;Alpha2
N175;103;PositionalAgatzDecoderWithVehicleByPercentage;5878,67;Alpha2
N175;103;PositionalAgatzDecoderWithVehicleByPercentage;6045,75;Alpha2
N175;103;PositionalAgatzDecoderWithVehicleByPercentage;5314,64;Alpha2
N175;103;PositionalAgatzDecoderWithVehicleByPercentage;5851,95;Alpha2
N175;103;PositionalAgatzDecoderWithVehicleByPercentage;6520,79;Alpha2
N175;103;PositionalAgatzDecoderWithVehicleByPercentage;6406,70;Alpha2
N175;103;PositionalAgatzDecoderWithVehicleByPercentage;6126,84;Alpha2
N175;110;PositionalAgatzDecoderWithVehicleByPercentage;6157,69;Alpha2
N175;110;PositionalAgatzDecoderWithVehicleByPercentage;6239,09;Alpha2
N175;110;PositionalAgatzDecoderWithVehicleByPercentage;5799,23;Alpha2
N175;110;PositionalAgatzDecoderWithVehicleByPercentage;6161,76;Alpha2
N175;110;PositionalAgatzDecoderWithVehicleByPercentage;5572,30;Alpha2
N175;110;PositionalAgatzDecoderWithVehicleByPercentage;6034,86;Alpha2
N175;110;PositionalAgatzDecoderWithVehicleByPercentage;6457,84;Alpha2
N175;110;PositionalAgatzDecoderWithVehicleByPercentage;5432,44;Alpha2
N175;110;PositionalAgatzDecoderWithVehicleByPercentage;6186,49;Alpha2
N175;110;PositionalAgatzDecoderWithVehicleByPercentage;5823,18;Alpha2
N175;108;PositionalAgatzDecoderWithVehicleByPercentage;5547,19;Alpha2
N175;108;PositionalAgatzDecoderWithVehicleByPercentage;5456,32;Alpha2
N175;108;PositionalAgatzDecoderWithVehicleByPercentage;5766,50;Alpha2
N175;108;PositionalAgatzDecoderWithVehicleByPercentage;5509,69;Alpha2
N175;108;PositionalAgatzDecoderWithVehicleByPercentage;5680,34;Alpha2
N175;108;PositionalAgatzDecoderWithVehicleByPercentage;5635,17;Alpha2
N175;108;PositionalAgatzDecoderWithVehicleByPercentage;5507,35;Alpha2
N175;108;PositionalAgatzDecoderWithVehicleByPercentage;5561,65;Alpha2
N175;108;PositionalAgatzDecoderWithVehicleByPercentage;5419,94;Alpha2
N175;108;PositionalAgatzDecoderWithVehicleByPercentage;6326,81;Alpha2
N175;109;PositionalAgatzDecoderWithVehicleByPercentage;5917,84;Alpha2
N175;109;PositionalAgatzDecoderWithVehicleByPercentage;5982,12;Alpha2
N175;109;PositionalAgatzDecoderWithVehicleByPercentage;5620,24;Alpha2
N175;109;PositionalAgatzDecoderWithVehicleByPercentage;6359,25;Alpha2
N175;109;PositionalAgatzDecoderWithVehicleByPercentage;5789,17;Alpha2
N175;109;PositionalAgatzDecoderWithVehicleByPercentage;6139,89;Alpha2
N175;109;PositionalAgatzDecoderWithVehicleByPercentage;6506,25;Alpha2
N175;109;PositionalAgatzDecoderWithVehicleByPercentage;5563,76;Alpha2
N175;109;PositionalAgatzDecoderWithVehicleByPercentage;5665,60;Alpha2
N175;109;PositionalAgatzDecoderWithVehicleByPercentage;5417,85;Alpha2
N175;101;PositionalAgatzDecoderWithVehicleByPercentage;5450,56;Alpha2
N175;101;PositionalAgatzDecoderWithVehicleByPercentage;5483,40;Alpha2
N175;101;PositionalAgatzDecoderWithVehicleByPercentage;5291,78;Alpha2
N175;101;PositionalAgatzDecoderWithVehicleByPercentage;5336,02;Alpha2
N175;101;PositionalAgatzDecoderWithVehicleByPercentage;5279,72;Alpha2
N175;101;PositionalAgatzDecoderWithVehicleByPercentage;5659,16;Alpha2
N175;101;PositionalAgatzDecoderWithVehicleByPercentage;5442,32;Alpha2
N175;101;PositionalAgatzDecoderWithVehicleByPercentage;5354,37;Alpha2
N175;101;PositionalAgatzDecoderWithVehicleByPercentage;5687,37;Alpha2
N175;101;PositionalAgatzDecoderWithVehicleByPercentage;5890,41;Alpha2
N175;104;PositionalAgatzDecoderWithVehicleByPercentage;6087,92;Alpha2
N175;104;PositionalAgatzDecoderWithVehicleByPercentage;6210,69;Alpha2
N175;104;PositionalAgatzDecoderWithVehicleByPercentage;5796,92;Alpha2
N175;104;PositionalAgatzDecoderWithVehicleByPercentage;5680,86;Alpha2
N175;104;PositionalAgatzDecoderWithVehicleByPercentage;5081,41;Alpha2
N175;104;PositionalAgatzDecoderWithVehicleByPercentage;5828,57;Alpha2
N175;104;PositionalAgatzDecoderWithVehicleByPercentage;6276,80;Alpha2
N175;104;PositionalAgatzDecoderWithVehicleByPercentage;6148,69;Alpha2
N175;104;PositionalAgatzDecoderWithVehicleByPercentage;6374,54;Alpha2
N175;104;PositionalAgatzDecoderWithVehicleByPercentage;5901,98;Alpha2
N175;105;PositionalAgatzDecoderWithVehicleByPercentage;5851,68;Alpha2
N175;105;PositionalAgatzDecoderWithVehicleByPercentage;6239,16;Alpha2
N175;105;PositionalAgatzDecoderWithVehicleByPercentage;5543,24;Alpha2
N175;105;PositionalAgatzDecoderWithVehicleByPercentage;5740,44;Alpha2
N175;105;PositionalAgatzDecoderWithVehicleByPercentage;5664,83;Alpha2
N175;105;PositionalAgatzDecoderWithVehicleByPercentage;5853,37;Alpha2
N175;105;PositionalAgatzDecoderWithVehicleByPercentage;5628,95;Alpha2
N175;105;PositionalAgatzDecoderWithVehicleByPercentage;5716,24;Alpha2
N175;105;PositionalAgatzDecoderWithVehicleByPercentage;6042,71;Alpha2
N175;105;PositionalAgatzDecoderWithVehicleByPercentage;6313,61;Alpha2
N175;106;PositionalAgatzDecoderWithVehicleByPercentage;6685,83;Alpha2
N175;106;PositionalAgatzDecoderWithVehicleByPercentage;5842,20;Alpha2
N175;106;PositionalAgatzDecoderWithVehicleByPercentage;5613,84;Alpha2
N175;106;PositionalAgatzDecoderWithVehicleByPercentage;6107,32;Alpha2
N175;106;PositionalAgatzDecoderWithVehicleByPercentage;5681,50;Alpha2
N175;106;PositionalAgatzDecoderWithVehicleByPercentage;6431,29;Alpha2
N175;106;PositionalAgatzDecoderWithVehicleByPercentage;6043,79;Alpha2
N175;106;PositionalAgatzDecoderWithVehicleByPercentage;6766,10;Alpha2
N175;106;PositionalAgatzDecoderWithVehicleByPercentage;6003,24;Alpha2
N175;106;PositionalAgatzDecoderWithVehicleByPercentage;6112,48;Alpha2
N175;107;PositionalAgatzDecoderWithVehicleByPercentage;5886,49;Alpha2
N175;107;PositionalAgatzDecoderWithVehicleByPercentage;5578,88;Alpha2
N175;107;PositionalAgatzDecoderWithVehicleByPercentage;6106,39;Alpha2
N175;107;PositionalAgatzDecoderWithVehicleByPercentage;6687,52;Alpha2
N175;107;PositionalAgatzDecoderWithVehicleByPercentage;5813,36;Alpha2
N175;107;PositionalAgatzDecoderWithVehicleByPercentage;6166,90;Alpha2
N175;107;PositionalAgatzDecoderWithVehicleByPercentage;6211,95;Alpha2
N175;107;PositionalAgatzDecoderWithVehicleByPercentage;5316,57;Alpha2
N175;107;PositionalAgatzDecoderWithVehicleByPercentage;5076,11;Alpha2
N175;107;PositionalAgatzDecoderWithVehicleByPercentage;6183,27;Alpha2
N250;1;PositionalAgatzDecoderWithVehicleByPercentage;9048,26;Alpha2
N250;1;PositionalAgatzDecoderWithVehicleByPercentage;8957,30;Alpha2
N250;1;PositionalAgatzDecoderWithVehicleByPercentage;9432,13;Alpha2
N250;1;PositionalAgatzDecoderWithVehicleByPercentage;9483,19;Alpha2
N250;1;PositionalAgatzDecoderWithVehicleByPercentage;9112,12;Alpha2
N250;1;PositionalAgatzDecoderWithVehicleByPercentage;8502,42;Alpha2
N250;1;PositionalAgatzDecoderWithVehicleByPercentage;9814,09;Alpha2
N250;1;PositionalAgatzDecoderWithVehicleByPercentage;9708,92;Alpha2
N250;1;PositionalAgatzDecoderWithVehicleByPercentage;9996,87;Alpha2
N250;1;PositionalAgatzDecoderWithVehicleByPercentage;9512,05;Alpha2
N250;2;PositionalAgatzDecoderWithVehicleByPercentage;8278,89;Alpha2
N250;2;PositionalAgatzDecoderWithVehicleByPercentage;8461,95;Alpha2
N250;2;PositionalAgatzDecoderWithVehicleByPercentage;8626,17;Alpha2
N250;2;PositionalAgatzDecoderWithVehicleByPercentage;8088,29;Alpha2
N250;2;PositionalAgatzDecoderWithVehicleByPercentage;8306,68;Alpha2
N250;2;PositionalAgatzDecoderWithVehicleByPercentage;8872,37;Alpha2
N250;2;PositionalAgatzDecoderWithVehicleByPercentage;8909,63;Alpha2
N250;2;PositionalAgatzDecoderWithVehicleByPercentage;8476,86;Alpha2
N250;2;PositionalAgatzDecoderWithVehicleByPercentage;9268,68;Alpha2
N250;2;PositionalAgatzDecoderWithVehicleByPercentage;8415,22;Alpha2
N250;111;PositionalAgatzDecoderWithVehicleByPercentage;8631,26;Alpha2
N250;111;PositionalAgatzDecoderWithVehicleByPercentage;8785,12;Alpha2
N250;111;PositionalAgatzDecoderWithVehicleByPercentage;9305,45;Alpha2
N250;111;PositionalAgatzDecoderWithVehicleByPercentage;8622,71;Alpha2
N250;111;PositionalAgatzDecoderWithVehicleByPercentage;9309,97;Alpha2
N250;111;PositionalAgatzDecoderWithVehicleByPercentage;8382,23;Alpha2
N250;111;PositionalAgatzDecoderWithVehicleByPercentage;9342,36;Alpha2
N250;111;PositionalAgatzDecoderWithVehicleByPercentage;9264,36;Alpha2
N250;111;PositionalAgatzDecoderWithVehicleByPercentage;8957,57;Alpha2
N250;111;PositionalAgatzDecoderWithVehicleByPercentage;8532,54;Alpha2
N250;112;PositionalAgatzDecoderWithVehicleByPercentage;8439,80;Alpha2
N250;112;PositionalAgatzDecoderWithVehicleByPercentage;8962,85;Alpha2
N250;112;PositionalAgatzDecoderWithVehicleByPercentage;9264,47;Alpha2
N250;112;PositionalAgatzDecoderWithVehicleByPercentage;9208,63;Alpha2
N250;112;PositionalAgatzDecoderWithVehicleByPercentage;8821,13;Alpha2
N250;112;PositionalAgatzDecoderWithVehicleByPercentage;9027,59;Alpha2
N250;112;PositionalAgatzDecoderWithVehicleByPercentage;8710,46;Alpha2
N250;112;PositionalAgatzDecoderWithVehicleByPercentage;9327,66;Alpha2
N250;112;PositionalAgatzDecoderWithVehicleByPercentage;8882,80;Alpha2
N250;112;PositionalAgatzDecoderWithVehicleByPercentage;8923,20;Alpha2
N250;113;PositionalAgatzDecoderWithVehicleByPercentage;9012,94;Alpha2
N250;113;PositionalAgatzDecoderWithVehicleByPercentage;8391,07;Alpha2
N250;113;PositionalAgatzDecoderWithVehicleByPercentage;9471,87;Alpha2
N250;113;PositionalAgatzDecoderWithVehicleByPercentage;8825,26;Alpha2
N250;113;PositionalAgatzDecoderWithVehicleByPercentage;7938,28;Alpha2
N250;113;PositionalAgatzDecoderWithVehicleByPercentage;9170,48;Alpha2
N250;113;PositionalAgatzDecoderWithVehicleByPercentage;9493,46;Alpha2
N250;113;PositionalAgatzDecoderWithVehicleByPercentage;8041,84;Alpha2
N250;113;PositionalAgatzDecoderWithVehicleByPercentage;9055,73;Alpha2
N250;113;PositionalAgatzDecoderWithVehicleByPercentage;8835,70;Alpha2
N250;5;PositionalAgatzDecoderWithVehicleByPercentage;9220,56;Alpha2
N250;5;PositionalAgatzDecoderWithVehicleByPercentage;8730,00;Alpha2
N250;5;PositionalAgatzDecoderWithVehicleByPercentage;9094,36;Alpha2
N250;5;PositionalAgatzDecoderWithVehicleByPercentage;9776,77;Alpha2
N250;5;PositionalAgatzDecoderWithVehicleByPercentage;8790,59;Alpha2
N250;5;PositionalAgatzDecoderWithVehicleByPercentage;9882,70;Alpha2
N250;5;PositionalAgatzDecoderWithVehicleByPercentage;9320,91;Alpha2
N250;5;PositionalAgatzDecoderWithVehicleByPercentage;9275,03;Alpha2
N250;5;PositionalAgatzDecoderWithVehicleByPercentage;8396,46;Alpha2
N250;5;PositionalAgatzDecoderWithVehicleByPercentage;8494,27;Alpha2
N250;8;PositionalAgatzDecoderWithVehicleByPercentage;8583,10;Alpha2
N250;8;PositionalAgatzDecoderWithVehicleByPercentage;9263,11;Alpha2
N250;8;PositionalAgatzDecoderWithVehicleByPercentage;8832,79;Alpha2
N250;8;PositionalAgatzDecoderWithVehicleByPercentage;9612,79;Alpha2
N250;8;PositionalAgatzDecoderWithVehicleByPercentage;8490,02;Alpha2
N250;8;PositionalAgatzDecoderWithVehicleByPercentage;8894,40;Alpha2
N250;8;PositionalAgatzDecoderWithVehicleByPercentage;8412,72;Alpha2
N250;8;PositionalAgatzDecoderWithVehicleByPercentage;8853,40;Alpha2
N250;8;PositionalAgatzDecoderWithVehicleByPercentage;8278,97;Alpha2
N250;8;PositionalAgatzDecoderWithVehicleByPercentage;8863,36;Alpha2
N250;9;PositionalAgatzDecoderWithVehicleByPercentage;8627,83;Alpha2
N250;9;PositionalAgatzDecoderWithVehicleByPercentage;8855,58;Alpha2
N250;9;PositionalAgatzDecoderWithVehicleByPercentage;9955,87;Alpha2
N250;9;PositionalAgatzDecoderWithVehicleByPercentage;10529,30;Alpha2
N250;9;PositionalAgatzDecoderWithVehicleByPercentage;9777,81;Alpha2
N250;9;PositionalAgatzDecoderWithVehicleByPercentage;8368,89;Alpha2
N250;9;PositionalAgatzDecoderWithVehicleByPercentage;10202,85;Alpha2
N250;9;PositionalAgatzDecoderWithVehicleByPercentage;9865,32;Alpha2
N250;9;PositionalAgatzDecoderWithVehicleByPercentage;9479,26;Alpha2
N250;9;PositionalAgatzDecoderWithVehicleByPercentage;9821,10;Alpha2
N250;115;PositionalAgatzDecoderWithVehicleByPercentage;8180,61;Alpha2
N250;115;PositionalAgatzDecoderWithVehicleByPercentage;8159,69;Alpha2
N250;115;PositionalAgatzDecoderWithVehicleByPercentage;9465,04;Alpha2
N250;115;PositionalAgatzDecoderWithVehicleByPercentage;9085,45;Alpha2
N250;115;PositionalAgatzDecoderWithVehicleByPercentage;9018,27;Alpha2
N250;115;PositionalAgatzDecoderWithVehicleByPercentage;10228,09;Alpha2
N250;115;PositionalAgatzDecoderWithVehicleByPercentage;8964,12;Alpha2
N250;115;PositionalAgatzDecoderWithVehicleByPercentage;9179,42;Alpha2
N250;115;PositionalAgatzDecoderWithVehicleByPercentage;8642,29;Alpha2
N250;115;PositionalAgatzDecoderWithVehicleByPercentage;8780,13;Alpha2
N250;116;PositionalAgatzDecoderWithVehicleByPercentage;9377,34;Alpha2
N250;116;PositionalAgatzDecoderWithVehicleByPercentage;9157,30;Alpha2
N250;116;PositionalAgatzDecoderWithVehicleByPercentage;8723,62;Alpha2
N250;116;PositionalAgatzDecoderWithVehicleByPercentage;9389,58;Alpha2
N250;116;PositionalAgatzDecoderWithVehicleByPercentage;9450,16;Alpha2
N250;116;PositionalAgatzDecoderWithVehicleByPercentage;9328,93;Alpha2
N250;116;PositionalAgatzDecoderWithVehicleByPercentage;8769,39;Alpha2
N250;116;PositionalAgatzDecoderWithVehicleByPercentage;9495,72;Alpha2
N250;116;PositionalAgatzDecoderWithVehicleByPercentage;8661,63;Alpha2
N250;116;PositionalAgatzDecoderWithVehicleByPercentage;8814,00;Alpha2
N250;3;PositionalAgatzDecoderWithVehicleByPercentage;8561,46;Alpha2
N250;3;PositionalAgatzDecoderWithVehicleByPercentage;8957,46;Alpha2
N250;3;PositionalAgatzDecoderWithVehicleByPercentage;8461,05;Alpha2
N250;3;PositionalAgatzDecoderWithVehicleByPercentage;8459,93;Alpha2
N250;3;PositionalAgatzDecoderWithVehicleByPercentage;8135,06;Alpha2
N250;3;PositionalAgatzDecoderWithVehicleByPercentage;8154,96;Alpha2
N250;3;PositionalAgatzDecoderWithVehicleByPercentage;9037,90;Alpha2
N250;3;PositionalAgatzDecoderWithVehicleByPercentage;8661,26;Alpha2
N250;3;PositionalAgatzDecoderWithVehicleByPercentage;8357,80;Alpha2
N250;3;PositionalAgatzDecoderWithVehicleByPercentage;8618,69;Alpha2
N250;4;PositionalAgatzDecoderWithVehicleByPercentage;8579,88;Alpha2
N250;4;PositionalAgatzDecoderWithVehicleByPercentage;8810,06;Alpha2
N250;4;PositionalAgatzDecoderWithVehicleByPercentage;9457,09;Alpha2
N250;4;PositionalAgatzDecoderWithVehicleByPercentage;9705,08;Alpha2
N250;4;PositionalAgatzDecoderWithVehicleByPercentage;9071,12;Alpha2
N250;4;PositionalAgatzDecoderWithVehicleByPercentage;9582,84;Alpha2
N250;4;PositionalAgatzDecoderWithVehicleByPercentage;8748,86;Alpha2
N250;4;PositionalAgatzDecoderWithVehicleByPercentage;8941,36;Alpha2
N250;4;PositionalAgatzDecoderWithVehicleByPercentage;8476,46;Alpha2
N250;4;PositionalAgatzDecoderWithVehicleByPercentage;8969,23;Alpha2
N250;7;PositionalAgatzDecoderWithVehicleByPercentage;8679,66;Alpha2
N250;7;PositionalAgatzDecoderWithVehicleByPercentage;8645,55;Alpha2
N250;7;PositionalAgatzDecoderWithVehicleByPercentage;9864,35;Alpha2
N250;7;PositionalAgatzDecoderWithVehicleByPercentage;8837,85;Alpha2
N250;7;PositionalAgatzDecoderWithVehicleByPercentage;9270,94;Alpha2
N250;7;PositionalAgatzDecoderWithVehicleByPercentage;10179,29;Alpha2
N250;7;PositionalAgatzDecoderWithVehicleByPercentage;9467,57;Alpha2
N250;7;PositionalAgatzDecoderWithVehicleByPercentage;9288,78;Alpha2
N250;7;PositionalAgatzDecoderWithVehicleByPercentage;8620,88;Alpha2
N250;7;PositionalAgatzDecoderWithVehicleByPercentage;8545,08;Alpha2
N250;114;PositionalAgatzDecoderWithVehicleByPercentage;8739,49;Alpha2
N250;114;PositionalAgatzDecoderWithVehicleByPercentage;9119,50;Alpha2
N250;114;PositionalAgatzDecoderWithVehicleByPercentage;8934,86;Alpha2
N250;114;PositionalAgatzDecoderWithVehicleByPercentage;8941,30;Alpha2
N250;114;PositionalAgatzDecoderWithVehicleByPercentage;9028,96;Alpha2
N250;114;PositionalAgatzDecoderWithVehicleByPercentage;8181,03;Alpha2
N250;114;PositionalAgatzDecoderWithVehicleByPercentage;7710,37;Alpha2
N250;114;PositionalAgatzDecoderWithVehicleByPercentage;8450,61;Alpha2
N250;114;PositionalAgatzDecoderWithVehicleByPercentage;7808,78;Alpha2
N250;114;PositionalAgatzDecoderWithVehicleByPercentage;9433,05;Alpha2
N250;118;PositionalAgatzDecoderWithVehicleByPercentage;9811,18;Alpha2
N250;118;PositionalAgatzDecoderWithVehicleByPercentage;9501,67;Alpha2
N250;118;PositionalAgatzDecoderWithVehicleByPercentage;9839,93;Alpha2
N250;118;PositionalAgatzDecoderWithVehicleByPercentage;10012,53;Alpha2
N250;118;PositionalAgatzDecoderWithVehicleByPercentage;9310,73;Alpha2
N250;118;PositionalAgatzDecoderWithVehicleByPercentage;9752,37;Alpha2
N250;118;PositionalAgatzDecoderWithVehicleByPercentage;9328,55;Alpha2
N250;118;PositionalAgatzDecoderWithVehicleByPercentage;9481,33;Alpha2
N250;118;PositionalAgatzDecoderWithVehicleByPercentage;9301,75;Alpha2
N250;118;PositionalAgatzDecoderWithVehicleByPercentage;9397,35;Alpha2
N250;119;PositionalAgatzDecoderWithVehicleByPercentage;8463,11;Alpha2
N250;119;PositionalAgatzDecoderWithVehicleByPercentage;8410,37;Alpha2
N250;119;PositionalAgatzDecoderWithVehicleByPercentage;8917,52;Alpha2
N250;119;PositionalAgatzDecoderWithVehicleByPercentage;8924,89;Alpha2
N250;119;PositionalAgatzDecoderWithVehicleByPercentage;8916,61;Alpha2
N250;119;PositionalAgatzDecoderWithVehicleByPercentage;8457,47;Alpha2
N250;119;PositionalAgatzDecoderWithVehicleByPercentage;8226,79;Alpha2
N250;119;PositionalAgatzDecoderWithVehicleByPercentage;9762,17;Alpha2
N250;119;PositionalAgatzDecoderWithVehicleByPercentage;8369,77;Alpha2
N250;119;PositionalAgatzDecoderWithVehicleByPercentage;8237,29;Alpha2
N250;120;PositionalAgatzDecoderWithVehicleByPercentage;9001,32;Alpha2
N250;120;PositionalAgatzDecoderWithVehicleByPercentage;8942,04;Alpha2
N250;120;PositionalAgatzDecoderWithVehicleByPercentage;8570,94;Alpha2
N250;120;PositionalAgatzDecoderWithVehicleByPercentage;8389,79;Alpha2
N250;120;PositionalAgatzDecoderWithVehicleByPercentage;10878,81;Alpha2
N250;120;PositionalAgatzDecoderWithVehicleByPercentage;8611,33;Alpha2
N250;120;PositionalAgatzDecoderWithVehicleByPercentage;8783,84;Alpha2
N250;120;PositionalAgatzDecoderWithVehicleByPercentage;9372,22;Alpha2
N250;120;PositionalAgatzDecoderWithVehicleByPercentage;9923,77;Alpha2
N250;120;PositionalAgatzDecoderWithVehicleByPercentage;8573,04;Alpha2
N250;6;PositionalAgatzDecoderWithVehicleByPercentage;8416,86;Alpha2
N250;6;PositionalAgatzDecoderWithVehicleByPercentage;10453,86;Alpha2
N250;6;PositionalAgatzDecoderWithVehicleByPercentage;8467,86;Alpha2
N250;6;PositionalAgatzDecoderWithVehicleByPercentage;8143,66;Alpha2
N250;6;PositionalAgatzDecoderWithVehicleByPercentage;9636,87;Alpha2
N250;6;PositionalAgatzDecoderWithVehicleByPercentage;9464,77;Alpha2
N250;6;PositionalAgatzDecoderWithVehicleByPercentage;8922,66;Alpha2
N250;6;PositionalAgatzDecoderWithVehicleByPercentage;9162,31;Alpha2
N250;6;PositionalAgatzDecoderWithVehicleByPercentage;9722,37;Alpha2
N250;6;PositionalAgatzDecoderWithVehicleByPercentage;9222,52;Alpha2
N250;10;PositionalAgatzDecoderWithVehicleByPercentage;9291,67;Alpha2
N250;10;PositionalAgatzDecoderWithVehicleByPercentage;8476,95;Alpha2
N250;10;PositionalAgatzDecoderWithVehicleByPercentage;8872,46;Alpha2
N250;10;PositionalAgatzDecoderWithVehicleByPercentage;9095,40;Alpha2
N250;10;PositionalAgatzDecoderWithVehicleByPercentage;9171,30;Alpha2
N250;10;PositionalAgatzDecoderWithVehicleByPercentage;8781,57;Alpha2
N250;10;PositionalAgatzDecoderWithVehicleByPercentage;8776,41;Alpha2
N250;10;PositionalAgatzDecoderWithVehicleByPercentage;10189,29;Alpha2
N250;10;PositionalAgatzDecoderWithVehicleByPercentage;9638,14;Alpha2
N250;10;PositionalAgatzDecoderWithVehicleByPercentage;8755,23;Alpha2
N250;117;PositionalAgatzDecoderWithVehicleByPercentage;9151,51;Alpha2
N250;117;PositionalAgatzDecoderWithVehicleByPercentage;9342,75;Alpha2
N250;117;PositionalAgatzDecoderWithVehicleByPercentage;9819,65;Alpha2
N250;117;PositionalAgatzDecoderWithVehicleByPercentage;8341,75;Alpha2
N250;117;PositionalAgatzDecoderWithVehicleByPercentage;9253,24;Alpha2
N250;117;PositionalAgatzDecoderWithVehicleByPercentage;10148,88;Alpha2
N250;117;PositionalAgatzDecoderWithVehicleByPercentage;9474,70;Alpha2
N250;117;PositionalAgatzDecoderWithVehicleByPercentage;9185,09;Alpha2
N250;117;PositionalAgatzDecoderWithVehicleByPercentage;9243,47;Alpha2
N250;117;PositionalAgatzDecoderWithVehicleByPercentage;9658,88;Alpha2
N010;54;PositionalAgatzDecoderWithVehicleByPercentage;505,00;Alpha3
N010;54;PositionalAgatzDecoderWithVehicleByPercentage;505,00;Alpha3
N010;54;PositionalAgatzDecoderWithVehicleByPercentage;505,00;Alpha3
N010;54;PositionalAgatzDecoderWithVehicleByPercentage;505,00;Alpha3
N010;54;PositionalAgatzDecoderWithVehicleByPercentage;505,00;Alpha3
N010;54;PositionalAgatzDecoderWithVehicleByPercentage;505,00;Alpha3
N010;54;PositionalAgatzDecoderWithVehicleByPercentage;505,00;Alpha3
N010;54;PositionalAgatzDecoderWithVehicleByPercentage;505,00;Alpha3
N010;54;PositionalAgatzDecoderWithVehicleByPercentage;505,00;Alpha3
N010;54;PositionalAgatzDecoderWithVehicleByPercentage;509,14;Alpha3
N010;57;PositionalAgatzDecoderWithVehicleByPercentage;464,07;Alpha3
N010;57;PositionalAgatzDecoderWithVehicleByPercentage;464,71;Alpha3
N010;57;PositionalAgatzDecoderWithVehicleByPercentage;464,71;Alpha3
N010;57;PositionalAgatzDecoderWithVehicleByPercentage;464,71;Alpha3
N010;57;PositionalAgatzDecoderWithVehicleByPercentage;464,71;Alpha3
N010;57;PositionalAgatzDecoderWithVehicleByPercentage;464,07;Alpha3
N010;57;PositionalAgatzDecoderWithVehicleByPercentage;464,71;Alpha3
N010;57;PositionalAgatzDecoderWithVehicleByPercentage;464,71;Alpha3
N010;57;PositionalAgatzDecoderWithVehicleByPercentage;464,07;Alpha3
N010;57;PositionalAgatzDecoderWithVehicleByPercentage;464,07;Alpha3
N010;52;PositionalAgatzDecoderWithVehicleByPercentage;423,42;Alpha3
N010;52;PositionalAgatzDecoderWithVehicleByPercentage;427,77;Alpha3
N010;52;PositionalAgatzDecoderWithVehicleByPercentage;433,63;Alpha3
N010;52;PositionalAgatzDecoderWithVehicleByPercentage;427,77;Alpha3
N010;52;PositionalAgatzDecoderWithVehicleByPercentage;423,42;Alpha3
N010;52;PositionalAgatzDecoderWithVehicleByPercentage;423,42;Alpha3
N010;52;PositionalAgatzDecoderWithVehicleByPercentage;423,42;Alpha3
N010;52;PositionalAgatzDecoderWithVehicleByPercentage;428,48;Alpha3
N010;52;PositionalAgatzDecoderWithVehicleByPercentage;423,42;Alpha3
N010;52;PositionalAgatzDecoderWithVehicleByPercentage;427,77;Alpha3
N010;53;PositionalAgatzDecoderWithVehicleByPercentage;580,87;Alpha3
N010;53;PositionalAgatzDecoderWithVehicleByPercentage;580,87;Alpha3
N010;53;PositionalAgatzDecoderWithVehicleByPercentage;580,87;Alpha3
N010;53;PositionalAgatzDecoderWithVehicleByPercentage;580,87;Alpha3
N010;53;PositionalAgatzDecoderWithVehicleByPercentage;580,87;Alpha3
N010;53;PositionalAgatzDecoderWithVehicleByPercentage;608,30;Alpha3
N010;53;PositionalAgatzDecoderWithVehicleByPercentage;580,87;Alpha3
N010;53;PositionalAgatzDecoderWithVehicleByPercentage;580,87;Alpha3
N010;53;PositionalAgatzDecoderWithVehicleByPercentage;580,87;Alpha3
N010;53;PositionalAgatzDecoderWithVehicleByPercentage;580,87;Alpha3
N010;55;PositionalAgatzDecoderWithVehicleByPercentage;668,91;Alpha3
N010;55;PositionalAgatzDecoderWithVehicleByPercentage;668,91;Alpha3
N010;55;PositionalAgatzDecoderWithVehicleByPercentage;668,91;Alpha3
N010;55;PositionalAgatzDecoderWithVehicleByPercentage;668,91;Alpha3
N010;55;PositionalAgatzDecoderWithVehicleByPercentage;668,91;Alpha3
N010;55;PositionalAgatzDecoderWithVehicleByPercentage;668,91;Alpha3
N010;55;PositionalAgatzDecoderWithVehicleByPercentage;668,91;Alpha3
N010;55;PositionalAgatzDecoderWithVehicleByPercentage;668,91;Alpha3
N010;55;PositionalAgatzDecoderWithVehicleByPercentage;668,91;Alpha3
N010;55;PositionalAgatzDecoderWithVehicleByPercentage;690,21;Alpha3
N010;56;PositionalAgatzDecoderWithVehicleByPercentage;562,99;Alpha3
N010;56;PositionalAgatzDecoderWithVehicleByPercentage;562,99;Alpha3
N010;56;PositionalAgatzDecoderWithVehicleByPercentage;562,99;Alpha3
N010;56;PositionalAgatzDecoderWithVehicleByPercentage;562,99;Alpha3
N010;56;PositionalAgatzDecoderWithVehicleByPercentage;562,99;Alpha3
N010;56;PositionalAgatzDecoderWithVehicleByPercentage;562,99;Alpha3
N010;56;PositionalAgatzDecoderWithVehicleByPercentage;562,99;Alpha3
N010;56;PositionalAgatzDecoderWithVehicleByPercentage;562,99;Alpha3
N010;56;PositionalAgatzDecoderWithVehicleByPercentage;562,99;Alpha3
N010;56;PositionalAgatzDecoderWithVehicleByPercentage;562,99;Alpha3
N010;58;PositionalAgatzDecoderWithVehicleByPercentage;560,90;Alpha3
N010;58;PositionalAgatzDecoderWithVehicleByPercentage;560,90;Alpha3
N010;58;PositionalAgatzDecoderWithVehicleByPercentage;560,90;Alpha3
N010;58;PositionalAgatzDecoderWithVehicleByPercentage;560,90;Alpha3
N010;58;PositionalAgatzDecoderWithVehicleByPercentage;560,90;Alpha3
N010;58;PositionalAgatzDecoderWithVehicleByPercentage;560,90;Alpha3
N010;58;PositionalAgatzDecoderWithVehicleByPercentage;560,90;Alpha3
N010;58;PositionalAgatzDecoderWithVehicleByPercentage;560,90;Alpha3
N010;58;PositionalAgatzDecoderWithVehicleByPercentage;560,90;Alpha3
N010;58;PositionalAgatzDecoderWithVehicleByPercentage;560,90;Alpha3
N010;59;PositionalAgatzDecoderWithVehicleByPercentage;716,46;Alpha3
N010;59;PositionalAgatzDecoderWithVehicleByPercentage;716,46;Alpha3
N010;59;PositionalAgatzDecoderWithVehicleByPercentage;712,57;Alpha3
N010;59;PositionalAgatzDecoderWithVehicleByPercentage;712,57;Alpha3
N010;59;PositionalAgatzDecoderWithVehicleByPercentage;712,57;Alpha3
N010;59;PositionalAgatzDecoderWithVehicleByPercentage;716,46;Alpha3
N010;59;PositionalAgatzDecoderWithVehicleByPercentage;712,57;Alpha3
N010;59;PositionalAgatzDecoderWithVehicleByPercentage;712,57;Alpha3
N010;59;PositionalAgatzDecoderWithVehicleByPercentage;712,57;Alpha3
N010;59;PositionalAgatzDecoderWithVehicleByPercentage;712,57;Alpha3
N010;60;PositionalAgatzDecoderWithVehicleByPercentage;758,42;Alpha3
N010;60;PositionalAgatzDecoderWithVehicleByPercentage;764,85;Alpha3
N010;60;PositionalAgatzDecoderWithVehicleByPercentage;762,51;Alpha3
N010;60;PositionalAgatzDecoderWithVehicleByPercentage;758,42;Alpha3
N010;60;PositionalAgatzDecoderWithVehicleByPercentage;758,42;Alpha3
N010;60;PositionalAgatzDecoderWithVehicleByPercentage;758,42;Alpha3
N010;60;PositionalAgatzDecoderWithVehicleByPercentage;764,85;Alpha3
N010;60;PositionalAgatzDecoderWithVehicleByPercentage;762,51;Alpha3
N010;60;PositionalAgatzDecoderWithVehicleByPercentage;758,42;Alpha3
N010;60;PositionalAgatzDecoderWithVehicleByPercentage;762,51;Alpha3
N010;51;PositionalAgatzDecoderWithVehicleByPercentage;469,85;Alpha3
N010;51;PositionalAgatzDecoderWithVehicleByPercentage;469,85;Alpha3
N010;51;PositionalAgatzDecoderWithVehicleByPercentage;469,85;Alpha3
N010;51;PositionalAgatzDecoderWithVehicleByPercentage;469,85;Alpha3
N010;51;PositionalAgatzDecoderWithVehicleByPercentage;473,81;Alpha3
N010;51;PositionalAgatzDecoderWithVehicleByPercentage;469,85;Alpha3
N010;51;PositionalAgatzDecoderWithVehicleByPercentage;473,62;Alpha3
N010;51;PositionalAgatzDecoderWithVehicleByPercentage;469,85;Alpha3
N010;51;PositionalAgatzDecoderWithVehicleByPercentage;469,85;Alpha3
N010;51;PositionalAgatzDecoderWithVehicleByPercentage;469,85;Alpha3
N020;69;PositionalAgatzDecoderWithVehicleByPercentage;717,19;Alpha3
N020;69;PositionalAgatzDecoderWithVehicleByPercentage;728,03;Alpha3
N020;69;PositionalAgatzDecoderWithVehicleByPercentage;739,31;Alpha3
N020;69;PositionalAgatzDecoderWithVehicleByPercentage;723,10;Alpha3
N020;69;PositionalAgatzDecoderWithVehicleByPercentage;735,08;Alpha3
N020;69;PositionalAgatzDecoderWithVehicleByPercentage;717,19;Alpha3
N020;69;PositionalAgatzDecoderWithVehicleByPercentage;725,13;Alpha3
N020;69;PositionalAgatzDecoderWithVehicleByPercentage;731,92;Alpha3
N020;69;PositionalAgatzDecoderWithVehicleByPercentage;728,29;Alpha3
N020;69;PositionalAgatzDecoderWithVehicleByPercentage;717,19;Alpha3
N020;70;PositionalAgatzDecoderWithVehicleByPercentage;761,48;Alpha3
N020;70;PositionalAgatzDecoderWithVehicleByPercentage;748,36;Alpha3
N020;70;PositionalAgatzDecoderWithVehicleByPercentage;756,06;Alpha3
N020;70;PositionalAgatzDecoderWithVehicleByPercentage;741,97;Alpha3
N020;70;PositionalAgatzDecoderWithVehicleByPercentage;731,66;Alpha3
N020;70;PositionalAgatzDecoderWithVehicleByPercentage;727,04;Alpha3
N020;70;PositionalAgatzDecoderWithVehicleByPercentage;728,07;Alpha3
N020;70;PositionalAgatzDecoderWithVehicleByPercentage;738,42;Alpha3
N020;70;PositionalAgatzDecoderWithVehicleByPercentage;742,90;Alpha3
N020;70;PositionalAgatzDecoderWithVehicleByPercentage;739,37;Alpha3
N020;61;PositionalAgatzDecoderWithVehicleByPercentage;785,08;Alpha3
N020;61;PositionalAgatzDecoderWithVehicleByPercentage;819,23;Alpha3
N020;61;PositionalAgatzDecoderWithVehicleByPercentage;793,07;Alpha3
N020;61;PositionalAgatzDecoderWithVehicleByPercentage;805,43;Alpha3
N020;61;PositionalAgatzDecoderWithVehicleByPercentage;780,17;Alpha3
N020;61;PositionalAgatzDecoderWithVehicleByPercentage;794,00;Alpha3
N020;61;PositionalAgatzDecoderWithVehicleByPercentage;785,08;Alpha3
N020;61;PositionalAgatzDecoderWithVehicleByPercentage;794,52;Alpha3
N020;61;PositionalAgatzDecoderWithVehicleByPercentage;780,70;Alpha3
N020;61;PositionalAgatzDecoderWithVehicleByPercentage;785,08;Alpha3
N020;62;PositionalAgatzDecoderWithVehicleByPercentage;696,91;Alpha3
N020;62;PositionalAgatzDecoderWithVehicleByPercentage;756,40;Alpha3
N020;62;PositionalAgatzDecoderWithVehicleByPercentage;692,99;Alpha3
N020;62;PositionalAgatzDecoderWithVehicleByPercentage;703,61;Alpha3
N020;62;PositionalAgatzDecoderWithVehicleByPercentage;692,92;Alpha3
N020;62;PositionalAgatzDecoderWithVehicleByPercentage;699,82;Alpha3
N020;62;PositionalAgatzDecoderWithVehicleByPercentage;713,11;Alpha3
N020;62;PositionalAgatzDecoderWithVehicleByPercentage;706,40;Alpha3
N020;62;PositionalAgatzDecoderWithVehicleByPercentage;699,82;Alpha3
N020;62;PositionalAgatzDecoderWithVehicleByPercentage;691,30;Alpha3
N020;64;PositionalAgatzDecoderWithVehicleByPercentage;960,04;Alpha3
N020;64;PositionalAgatzDecoderWithVehicleByPercentage;979,43;Alpha3
N020;64;PositionalAgatzDecoderWithVehicleByPercentage;950,54;Alpha3
N020;64;PositionalAgatzDecoderWithVehicleByPercentage;963,67;Alpha3
N020;64;PositionalAgatzDecoderWithVehicleByPercentage;963,49;Alpha3
N020;64;PositionalAgatzDecoderWithVehicleByPercentage;963,95;Alpha3
N020;64;PositionalAgatzDecoderWithVehicleByPercentage;950,64;Alpha3
N020;64;PositionalAgatzDecoderWithVehicleByPercentage;946,82;Alpha3
N020;64;PositionalAgatzDecoderWithVehicleByPercentage;964,20;Alpha3
N020;64;PositionalAgatzDecoderWithVehicleByPercentage;971,59;Alpha3
N020;65;PositionalAgatzDecoderWithVehicleByPercentage;644,53;Alpha3
N020;65;PositionalAgatzDecoderWithVehicleByPercentage;645,72;Alpha3
N020;65;PositionalAgatzDecoderWithVehicleByPercentage;644,11;Alpha3
N020;65;PositionalAgatzDecoderWithVehicleByPercentage;663,91;Alpha3
N020;65;PositionalAgatzDecoderWithVehicleByPercentage;645,72;Alpha3
N020;65;PositionalAgatzDecoderWithVehicleByPercentage;671,67;Alpha3
N020;65;PositionalAgatzDecoderWithVehicleByPercentage;647,63;Alpha3
N020;65;PositionalAgatzDecoderWithVehicleByPercentage;667,25;Alpha3
N020;65;PositionalAgatzDecoderWithVehicleByPercentage;643,11;Alpha3
N020;65;PositionalAgatzDecoderWithVehicleByPercentage;644,46;Alpha3
N020;66;PositionalAgatzDecoderWithVehicleByPercentage;720,27;Alpha3
N020;66;PositionalAgatzDecoderWithVehicleByPercentage;690,54;Alpha3
N020;66;PositionalAgatzDecoderWithVehicleByPercentage;700,77;Alpha3
N020;66;PositionalAgatzDecoderWithVehicleByPercentage;700,77;Alpha3
N020;66;PositionalAgatzDecoderWithVehicleByPercentage;690,54;Alpha3
N020;66;PositionalAgatzDecoderWithVehicleByPercentage;700,77;Alpha3
N020;66;PositionalAgatzDecoderWithVehicleByPercentage;706,20;Alpha3
N020;66;PositionalAgatzDecoderWithVehicleByPercentage;718,85;Alpha3
N020;66;PositionalAgatzDecoderWithVehicleByPercentage;711,61;Alpha3
N020;66;PositionalAgatzDecoderWithVehicleByPercentage;696,67;Alpha3
N020;67;PositionalAgatzDecoderWithVehicleByPercentage;663,88;Alpha3
N020;67;PositionalAgatzDecoderWithVehicleByPercentage;663,88;Alpha3
N020;67;PositionalAgatzDecoderWithVehicleByPercentage;686,47;Alpha3
N020;67;PositionalAgatzDecoderWithVehicleByPercentage;670,49;Alpha3
N020;67;PositionalAgatzDecoderWithVehicleByPercentage;671,87;Alpha3
N020;67;PositionalAgatzDecoderWithVehicleByPercentage;671,84;Alpha3
N020;67;PositionalAgatzDecoderWithVehicleByPercentage;668,38;Alpha3
N020;67;PositionalAgatzDecoderWithVehicleByPercentage;668,67;Alpha3
N020;67;PositionalAgatzDecoderWithVehicleByPercentage;663,88;Alpha3
N020;67;PositionalAgatzDecoderWithVehicleByPercentage;670,49;Alpha3
N020;63;PositionalAgatzDecoderWithVehicleByPercentage;887,93;Alpha3
N020;63;PositionalAgatzDecoderWithVehicleByPercentage;858,29;Alpha3
N020;63;PositionalAgatzDecoderWithVehicleByPercentage;837,17;Alpha3
N020;63;PositionalAgatzDecoderWithVehicleByPercentage;850,45;Alpha3
N020;63;PositionalAgatzDecoderWithVehicleByPercentage;860,95;Alpha3
N020;63;PositionalAgatzDecoderWithVehicleByPercentage;834,33;Alpha3
N020;63;PositionalAgatzDecoderWithVehicleByPercentage;909,73;Alpha3
N020;63;PositionalAgatzDecoderWithVehicleByPercentage;832,68;Alpha3
N020;63;PositionalAgatzDecoderWithVehicleByPercentage;900,82;Alpha3
N020;63;PositionalAgatzDecoderWithVehicleByPercentage;836,44;Alpha3
N020;68;PositionalAgatzDecoderWithVehicleByPercentage;657,96;Alpha3
N020;68;PositionalAgatzDecoderWithVehicleByPercentage;682,85;Alpha3
N020;68;PositionalAgatzDecoderWithVehicleByPercentage;678,14;Alpha3
N020;68;PositionalAgatzDecoderWithVehicleByPercentage;676,74;Alpha3
N020;68;PositionalAgatzDecoderWithVehicleByPercentage;654,98;Alpha3
N020;68;PositionalAgatzDecoderWithVehicleByPercentage;686,05;Alpha3
N020;68;PositionalAgatzDecoderWithVehicleByPercentage;681,32;Alpha3
N020;68;PositionalAgatzDecoderWithVehicleByPercentage;682,46;Alpha3
N020;68;PositionalAgatzDecoderWithVehicleByPercentage;705,18;Alpha3
N020;68;PositionalAgatzDecoderWithVehicleByPercentage;654,57;Alpha3
N050;72;PositionalAgatzDecoderWithVehicleByPercentage;1200,70;Alpha3
N050;72;PositionalAgatzDecoderWithVehicleByPercentage;1200,75;Alpha3
N050;72;PositionalAgatzDecoderWithVehicleByPercentage;1158,24;Alpha3
N050;72;PositionalAgatzDecoderWithVehicleByPercentage;1131,17;Alpha3
N050;72;PositionalAgatzDecoderWithVehicleByPercentage;1252,04;Alpha3
N050;72;PositionalAgatzDecoderWithVehicleByPercentage;1503,94;Alpha3
N050;72;PositionalAgatzDecoderWithVehicleByPercentage;1522,31;Alpha3
N050;72;PositionalAgatzDecoderWithVehicleByPercentage;1505,07;Alpha3
N050;72;PositionalAgatzDecoderWithVehicleByPercentage;1137,54;Alpha3
N050;72;PositionalAgatzDecoderWithVehicleByPercentage;1163,12;Alpha3
N050;73;PositionalAgatzDecoderWithVehicleByPercentage;1391,17;Alpha3
N050;73;PositionalAgatzDecoderWithVehicleByPercentage;1391,32;Alpha3
N050;73;PositionalAgatzDecoderWithVehicleByPercentage;1335,64;Alpha3
N050;73;PositionalAgatzDecoderWithVehicleByPercentage;1319,71;Alpha3
N050;73;PositionalAgatzDecoderWithVehicleByPercentage;1114,78;Alpha3
N050;73;PositionalAgatzDecoderWithVehicleByPercentage;1049,03;Alpha3
N050;73;PositionalAgatzDecoderWithVehicleByPercentage;1057,71;Alpha3
N050;73;PositionalAgatzDecoderWithVehicleByPercentage;1374,05;Alpha3
N050;73;PositionalAgatzDecoderWithVehicleByPercentage;1039,82;Alpha3
N050;73;PositionalAgatzDecoderWithVehicleByPercentage;1085,12;Alpha3
N050;74;PositionalAgatzDecoderWithVehicleByPercentage;1318,84;Alpha3
N050;74;PositionalAgatzDecoderWithVehicleByPercentage;1026,45;Alpha3
N050;74;PositionalAgatzDecoderWithVehicleByPercentage;1088,27;Alpha3
N050;74;PositionalAgatzDecoderWithVehicleByPercentage;1346,15;Alpha3
N050;74;PositionalAgatzDecoderWithVehicleByPercentage;1113,01;Alpha3
N050;74;PositionalAgatzDecoderWithVehicleByPercentage;1079,29;Alpha3
N050;74;PositionalAgatzDecoderWithVehicleByPercentage;1031,98;Alpha3
N050;74;PositionalAgatzDecoderWithVehicleByPercentage;1301,27;Alpha3
N050;74;PositionalAgatzDecoderWithVehicleByPercentage;1328,84;Alpha3
N050;74;PositionalAgatzDecoderWithVehicleByPercentage;1106,16;Alpha3
N050;76;PositionalAgatzDecoderWithVehicleByPercentage;1556,61;Alpha3
N050;76;PositionalAgatzDecoderWithVehicleByPercentage;1260,36;Alpha3
N050;76;PositionalAgatzDecoderWithVehicleByPercentage;1290,98;Alpha3
N050;76;PositionalAgatzDecoderWithVehicleByPercentage;1491,81;Alpha3
N050;76;PositionalAgatzDecoderWithVehicleByPercentage;1612,20;Alpha3
N050;76;PositionalAgatzDecoderWithVehicleByPercentage;1310,72;Alpha3
N050;76;PositionalAgatzDecoderWithVehicleByPercentage;1566,85;Alpha3
N050;76;PositionalAgatzDecoderWithVehicleByPercentage;1410,07;Alpha3
N050;76;PositionalAgatzDecoderWithVehicleByPercentage;1347,22;Alpha3
N050;76;PositionalAgatzDecoderWithVehicleByPercentage;1197,66;Alpha3
N050;78;PositionalAgatzDecoderWithVehicleByPercentage;1144,93;Alpha3
N050;78;PositionalAgatzDecoderWithVehicleByPercentage;1361,42;Alpha3
N050;78;PositionalAgatzDecoderWithVehicleByPercentage;1121,63;Alpha3
N050;78;PositionalAgatzDecoderWithVehicleByPercentage;1564,51;Alpha3
N050;78;PositionalAgatzDecoderWithVehicleByPercentage;1429,49;Alpha3
N050;78;PositionalAgatzDecoderWithVehicleByPercentage;1225,04;Alpha3
N050;78;PositionalAgatzDecoderWithVehicleByPercentage;1182,48;Alpha3
N050;78;PositionalAgatzDecoderWithVehicleByPercentage;1225,62;Alpha3
N050;78;PositionalAgatzDecoderWithVehicleByPercentage;1358,04;Alpha3
N050;78;PositionalAgatzDecoderWithVehicleByPercentage;1098,41;Alpha3
N050;79;PositionalAgatzDecoderWithVehicleByPercentage;1150,17;Alpha3
N050;79;PositionalAgatzDecoderWithVehicleByPercentage;1468,97;Alpha3
N050;79;PositionalAgatzDecoderWithVehicleByPercentage;1212,29;Alpha3
N050;79;PositionalAgatzDecoderWithVehicleByPercentage;1289,26;Alpha3
N050;79;PositionalAgatzDecoderWithVehicleByPercentage;1163,62;Alpha3
N050;79;PositionalAgatzDecoderWithVehicleByPercentage;1227,61;Alpha3
N050;79;PositionalAgatzDecoderWithVehicleByPercentage;1205,66;Alpha3
N050;79;PositionalAgatzDecoderWithVehicleByPercentage;1390,10;Alpha3
N050;79;PositionalAgatzDecoderWithVehicleByPercentage;1128,29;Alpha3
N050;79;PositionalAgatzDecoderWithVehicleByPercentage;1431,89;Alpha3
N050;71;PositionalAgatzDecoderWithVehicleByPercentage;1265,79;Alpha3
N050;71;PositionalAgatzDecoderWithVehicleByPercentage;1588,52;Alpha3
N050;71;PositionalAgatzDecoderWithVehicleByPercentage;1513,31;Alpha3
N050;71;PositionalAgatzDecoderWithVehicleByPercentage;1580,21;Alpha3
N050;71;PositionalAgatzDecoderWithVehicleByPercentage;1329,50;Alpha3
N050;71;PositionalAgatzDecoderWithVehicleByPercentage;1923,94;Alpha3
N050;71;PositionalAgatzDecoderWithVehicleByPercentage;1271,26;Alpha3
N050;71;PositionalAgatzDecoderWithVehicleByPercentage;1280,47;Alpha3
N050;71;PositionalAgatzDecoderWithVehicleByPercentage;1259,98;Alpha3
N050;71;PositionalAgatzDecoderWithVehicleByPercentage;1243,39;Alpha3
N050;75;PositionalAgatzDecoderWithVehicleByPercentage;1237,89;Alpha3
N050;75;PositionalAgatzDecoderWithVehicleByPercentage;1200,71;Alpha3
N050;75;PositionalAgatzDecoderWithVehicleByPercentage;1315,93;Alpha3
N050;75;PositionalAgatzDecoderWithVehicleByPercentage;1299,19;Alpha3
N050;75;PositionalAgatzDecoderWithVehicleByPercentage;1514,48;Alpha3
N050;75;PositionalAgatzDecoderWithVehicleByPercentage;1225,82;Alpha3
N050;75;PositionalAgatzDecoderWithVehicleByPercentage;1579,61;Alpha3
N050;75;PositionalAgatzDecoderWithVehicleByPercentage;1331,82;Alpha3
N050;75;PositionalAgatzDecoderWithVehicleByPercentage;1509,07;Alpha3
N050;75;PositionalAgatzDecoderWithVehicleByPercentage;1362,58;Alpha3
N050;77;PositionalAgatzDecoderWithVehicleByPercentage;1515,40;Alpha3
N050;77;PositionalAgatzDecoderWithVehicleByPercentage;1371,75;Alpha3
N050;77;PositionalAgatzDecoderWithVehicleByPercentage;1121,21;Alpha3
N050;77;PositionalAgatzDecoderWithVehicleByPercentage;1456,56;Alpha3
N050;77;PositionalAgatzDecoderWithVehicleByPercentage;1347,13;Alpha3
N050;77;PositionalAgatzDecoderWithVehicleByPercentage;1433,42;Alpha3
N050;77;PositionalAgatzDecoderWithVehicleByPercentage;1472,79;Alpha3
N050;77;PositionalAgatzDecoderWithVehicleByPercentage;1120,72;Alpha3
N050;77;PositionalAgatzDecoderWithVehicleByPercentage;1091,17;Alpha3
N050;77;PositionalAgatzDecoderWithVehicleByPercentage;1100,40;Alpha3
N050;80;PositionalAgatzDecoderWithVehicleByPercentage;1307,18;Alpha3
N050;80;PositionalAgatzDecoderWithVehicleByPercentage;1496,57;Alpha3
N050;80;PositionalAgatzDecoderWithVehicleByPercentage;1596,12;Alpha3
N050;80;PositionalAgatzDecoderWithVehicleByPercentage;1334,23;Alpha3
N050;80;PositionalAgatzDecoderWithVehicleByPercentage;1302,84;Alpha3
N050;80;PositionalAgatzDecoderWithVehicleByPercentage;1528,43;Alpha3
N050;80;PositionalAgatzDecoderWithVehicleByPercentage;1319,18;Alpha3
N050;80;PositionalAgatzDecoderWithVehicleByPercentage;1637,68;Alpha3
N050;80;PositionalAgatzDecoderWithVehicleByPercentage;1547,22;Alpha3
N050;80;PositionalAgatzDecoderWithVehicleByPercentage;1401,34;Alpha3
N075;82;PositionalAgatzDecoderWithVehicleByPercentage;2046,44;Alpha3
N075;82;PositionalAgatzDecoderWithVehicleByPercentage;1729,43;Alpha3
N075;82;PositionalAgatzDecoderWithVehicleByPercentage;1839,93;Alpha3
N075;82;PositionalAgatzDecoderWithVehicleByPercentage;1743,43;Alpha3
N075;82;PositionalAgatzDecoderWithVehicleByPercentage;1752,76;Alpha3
N075;82;PositionalAgatzDecoderWithVehicleByPercentage;1893,40;Alpha3
N075;82;PositionalAgatzDecoderWithVehicleByPercentage;1803,53;Alpha3
N075;82;PositionalAgatzDecoderWithVehicleByPercentage;1753,99;Alpha3
N075;82;PositionalAgatzDecoderWithVehicleByPercentage;1727,30;Alpha3
N075;82;PositionalAgatzDecoderWithVehicleByPercentage;1495,57;Alpha3
N075;85;PositionalAgatzDecoderWithVehicleByPercentage;2038,04;Alpha3
N075;85;PositionalAgatzDecoderWithVehicleByPercentage;2105,73;Alpha3
N075;85;PositionalAgatzDecoderWithVehicleByPercentage;2410,26;Alpha3
N075;85;PositionalAgatzDecoderWithVehicleByPercentage;1686,54;Alpha3
N075;85;PositionalAgatzDecoderWithVehicleByPercentage;1982,39;Alpha3
N075;85;PositionalAgatzDecoderWithVehicleByPercentage;2081,38;Alpha3
N075;85;PositionalAgatzDecoderWithVehicleByPercentage;2006,83;Alpha3
N075;85;PositionalAgatzDecoderWithVehicleByPercentage;2095,51;Alpha3
N075;85;PositionalAgatzDecoderWithVehicleByPercentage;2100,12;Alpha3
N075;85;PositionalAgatzDecoderWithVehicleByPercentage;2149,33;Alpha3
N075;86;PositionalAgatzDecoderWithVehicleByPercentage;1892,25;Alpha3
N075;86;PositionalAgatzDecoderWithVehicleByPercentage;1477,94;Alpha3
N075;86;PositionalAgatzDecoderWithVehicleByPercentage;2115,68;Alpha3
N075;86;PositionalAgatzDecoderWithVehicleByPercentage;1617,38;Alpha3
N075;86;PositionalAgatzDecoderWithVehicleByPercentage;1905,49;Alpha3
N075;86;PositionalAgatzDecoderWithVehicleByPercentage;1900,91;Alpha3
N075;86;PositionalAgatzDecoderWithVehicleByPercentage;2120,72;Alpha3
N075;86;PositionalAgatzDecoderWithVehicleByPercentage;2096,52;Alpha3
N075;86;PositionalAgatzDecoderWithVehicleByPercentage;1721,52;Alpha3
N075;86;PositionalAgatzDecoderWithVehicleByPercentage;2033,44;Alpha3
N075;87;PositionalAgatzDecoderWithVehicleByPercentage;1786,82;Alpha3
N075;87;PositionalAgatzDecoderWithVehicleByPercentage;1887,92;Alpha3
N075;87;PositionalAgatzDecoderWithVehicleByPercentage;1829,56;Alpha3
N075;87;PositionalAgatzDecoderWithVehicleByPercentage;1892,87;Alpha3
N075;87;PositionalAgatzDecoderWithVehicleByPercentage;1788,40;Alpha3
N075;87;PositionalAgatzDecoderWithVehicleByPercentage;2111,21;Alpha3
N075;87;PositionalAgatzDecoderWithVehicleByPercentage;1914,16;Alpha3
N075;87;PositionalAgatzDecoderWithVehicleByPercentage;1798,93;Alpha3
N075;87;PositionalAgatzDecoderWithVehicleByPercentage;1815,40;Alpha3
N075;87;PositionalAgatzDecoderWithVehicleByPercentage;1839,01;Alpha3
N075;81;PositionalAgatzDecoderWithVehicleByPercentage;1452,67;Alpha3
N075;81;PositionalAgatzDecoderWithVehicleByPercentage;1890,18;Alpha3
N075;81;PositionalAgatzDecoderWithVehicleByPercentage;2151,74;Alpha3
N075;81;PositionalAgatzDecoderWithVehicleByPercentage;2066,45;Alpha3
N075;81;PositionalAgatzDecoderWithVehicleByPercentage;1356,71;Alpha3
N075;81;PositionalAgatzDecoderWithVehicleByPercentage;1644,78;Alpha3
N075;81;PositionalAgatzDecoderWithVehicleByPercentage;1733,57;Alpha3
N075;81;PositionalAgatzDecoderWithVehicleByPercentage;1708,03;Alpha3
N075;81;PositionalAgatzDecoderWithVehicleByPercentage;1778,80;Alpha3
N075;81;PositionalAgatzDecoderWithVehicleByPercentage;2015,08;Alpha3
N075;83;PositionalAgatzDecoderWithVehicleByPercentage;2047,09;Alpha3
N075;83;PositionalAgatzDecoderWithVehicleByPercentage;1736,12;Alpha3
N075;83;PositionalAgatzDecoderWithVehicleByPercentage;1747,43;Alpha3
N075;83;PositionalAgatzDecoderWithVehicleByPercentage;1871,49;Alpha3
N075;83;PositionalAgatzDecoderWithVehicleByPercentage;2075,76;Alpha3
N075;83;PositionalAgatzDecoderWithVehicleByPercentage;1692,62;Alpha3
N075;83;PositionalAgatzDecoderWithVehicleByPercentage;1797,74;Alpha3
N075;83;PositionalAgatzDecoderWithVehicleByPercentage;1858,22;Alpha3
N075;83;PositionalAgatzDecoderWithVehicleByPercentage;2158,10;Alpha3
N075;83;PositionalAgatzDecoderWithVehicleByPercentage;1958,44;Alpha3
N075;84;PositionalAgatzDecoderWithVehicleByPercentage;2388,25;Alpha3
N075;84;PositionalAgatzDecoderWithVehicleByPercentage;2010,34;Alpha3
N075;84;PositionalAgatzDecoderWithVehicleByPercentage;2769,06;Alpha3
N075;84;PositionalAgatzDecoderWithVehicleByPercentage;2209,59;Alpha3
N075;84;PositionalAgatzDecoderWithVehicleByPercentage;1838,63;Alpha3
N075;84;PositionalAgatzDecoderWithVehicleByPercentage;2247,55;Alpha3
N075;84;PositionalAgatzDecoderWithVehicleByPercentage;2076,65;Alpha3
N075;84;PositionalAgatzDecoderWithVehicleByPercentage;2071,68;Alpha3
N075;84;PositionalAgatzDecoderWithVehicleByPercentage;2078,87;Alpha3
N075;84;PositionalAgatzDecoderWithVehicleByPercentage;2205,27;Alpha3
N075;88;PositionalAgatzDecoderWithVehicleByPercentage;1970,64;Alpha3
N075;88;PositionalAgatzDecoderWithVehicleByPercentage;1947,11;Alpha3
N075;88;PositionalAgatzDecoderWithVehicleByPercentage;2399,61;Alpha3
N075;88;PositionalAgatzDecoderWithVehicleByPercentage;2096,48;Alpha3
N075;88;PositionalAgatzDecoderWithVehicleByPercentage;1835,03;Alpha3
N075;88;PositionalAgatzDecoderWithVehicleByPercentage;2322,12;Alpha3
N075;88;PositionalAgatzDecoderWithVehicleByPercentage;2295,95;Alpha3
N075;88;PositionalAgatzDecoderWithVehicleByPercentage;2255,97;Alpha3
N075;88;PositionalAgatzDecoderWithVehicleByPercentage;2094,66;Alpha3
N075;88;PositionalAgatzDecoderWithVehicleByPercentage;2010,81;Alpha3
N075;89;PositionalAgatzDecoderWithVehicleByPercentage;2156,52;Alpha3
N075;89;PositionalAgatzDecoderWithVehicleByPercentage;1706,47;Alpha3
N075;89;PositionalAgatzDecoderWithVehicleByPercentage;2210,97;Alpha3
N075;89;PositionalAgatzDecoderWithVehicleByPercentage;1871,38;Alpha3
N075;89;PositionalAgatzDecoderWithVehicleByPercentage;2157,93;Alpha3
N075;89;PositionalAgatzDecoderWithVehicleByPercentage;2140,08;Alpha3
N075;89;PositionalAgatzDecoderWithVehicleByPercentage;1771,27;Alpha3
N075;89;PositionalAgatzDecoderWithVehicleByPercentage;2232,28;Alpha3
N075;89;PositionalAgatzDecoderWithVehicleByPercentage;1733,14;Alpha3
N075;89;PositionalAgatzDecoderWithVehicleByPercentage;1861,61;Alpha3
N075;90;PositionalAgatzDecoderWithVehicleByPercentage;1756,92;Alpha3
N075;90;PositionalAgatzDecoderWithVehicleByPercentage;1380,05;Alpha3
N075;90;PositionalAgatzDecoderWithVehicleByPercentage;1573,35;Alpha3
N075;90;PositionalAgatzDecoderWithVehicleByPercentage;1877,09;Alpha3
N075;90;PositionalAgatzDecoderWithVehicleByPercentage;1490,80;Alpha3
N075;90;PositionalAgatzDecoderWithVehicleByPercentage;1804,82;Alpha3
N075;90;PositionalAgatzDecoderWithVehicleByPercentage;2047,35;Alpha3
N075;90;PositionalAgatzDecoderWithVehicleByPercentage;1705,67;Alpha3
N075;90;PositionalAgatzDecoderWithVehicleByPercentage;2012,10;Alpha3
N075;90;PositionalAgatzDecoderWithVehicleByPercentage;1810,37;Alpha3
N100;99;PositionalAgatzDecoderWithVehicleByPercentage;2572,59;Alpha3
N100;99;PositionalAgatzDecoderWithVehicleByPercentage;2892,40;Alpha3
N100;99;PositionalAgatzDecoderWithVehicleByPercentage;2402,25;Alpha3
N100;99;PositionalAgatzDecoderWithVehicleByPercentage;2241,82;Alpha3
N100;99;PositionalAgatzDecoderWithVehicleByPercentage;2235,82;Alpha3
N100;99;PositionalAgatzDecoderWithVehicleByPercentage;2205,70;Alpha3
N100;99;PositionalAgatzDecoderWithVehicleByPercentage;2405,49;Alpha3
N100;99;PositionalAgatzDecoderWithVehicleByPercentage;2248,62;Alpha3
N100;99;PositionalAgatzDecoderWithVehicleByPercentage;2533,68;Alpha3
N100;99;PositionalAgatzDecoderWithVehicleByPercentage;2149,97;Alpha3
N100;91;PositionalAgatzDecoderWithVehicleByPercentage;2576,19;Alpha3
N100;91;PositionalAgatzDecoderWithVehicleByPercentage;2576,88;Alpha3
N100;91;PositionalAgatzDecoderWithVehicleByPercentage;2892,92;Alpha3
N100;91;PositionalAgatzDecoderWithVehicleByPercentage;2436,01;Alpha3
N100;91;PositionalAgatzDecoderWithVehicleByPercentage;2918,73;Alpha3
N100;91;PositionalAgatzDecoderWithVehicleByPercentage;2566,22;Alpha3
N100;91;PositionalAgatzDecoderWithVehicleByPercentage;2533,78;Alpha3
N100;91;PositionalAgatzDecoderWithVehicleByPercentage;2206,25;Alpha3
N100;91;PositionalAgatzDecoderWithVehicleByPercentage;2872,63;Alpha3
N100;91;PositionalAgatzDecoderWithVehicleByPercentage;2618,11;Alpha3
N100;92;PositionalAgatzDecoderWithVehicleByPercentage;2495,81;Alpha3
N100;92;PositionalAgatzDecoderWithVehicleByPercentage;2083,56;Alpha3
N100;92;PositionalAgatzDecoderWithVehicleByPercentage;2184,40;Alpha3
N100;92;PositionalAgatzDecoderWithVehicleByPercentage;2292,57;Alpha3
N100;92;PositionalAgatzDecoderWithVehicleByPercentage;2262,31;Alpha3
N100;92;PositionalAgatzDecoderWithVehicleByPercentage;2707,60;Alpha3
N100;92;PositionalAgatzDecoderWithVehicleByPercentage;2621,20;Alpha3
N100;92;PositionalAgatzDecoderWithVehicleByPercentage;1818,03;Alpha3
N100;92;PositionalAgatzDecoderWithVehicleByPercentage;2574,07;Alpha3
N100;92;PositionalAgatzDecoderWithVehicleByPercentage;2131,70;Alpha3
N100;94;PositionalAgatzDecoderWithVehicleByPercentage;2678,21;Alpha3
N100;94;PositionalAgatzDecoderWithVehicleByPercentage;2570,06;Alpha3
N100;94;PositionalAgatzDecoderWithVehicleByPercentage;2474,65;Alpha3
N100;94;PositionalAgatzDecoderWithVehicleByPercentage;2756,80;Alpha3
N100;94;PositionalAgatzDecoderWithVehicleByPercentage;2601,95;Alpha3
N100;94;PositionalAgatzDecoderWithVehicleByPercentage;2750,82;Alpha3
N100;94;PositionalAgatzDecoderWithVehicleByPercentage;2328,83;Alpha3
N100;94;PositionalAgatzDecoderWithVehicleByPercentage;2926,80;Alpha3
N100;94;PositionalAgatzDecoderWithVehicleByPercentage;2670,69;Alpha3
N100;94;PositionalAgatzDecoderWithVehicleByPercentage;2785,06;Alpha3
N100;97;PositionalAgatzDecoderWithVehicleByPercentage;3207,65;Alpha3
N100;97;PositionalAgatzDecoderWithVehicleByPercentage;2463,62;Alpha3
N100;97;PositionalAgatzDecoderWithVehicleByPercentage;2863,79;Alpha3
N100;97;PositionalAgatzDecoderWithVehicleByPercentage;2513,67;Alpha3
N100;97;PositionalAgatzDecoderWithVehicleByPercentage;2696,68;Alpha3
N100;97;PositionalAgatzDecoderWithVehicleByPercentage;3083,71;Alpha3
N100;97;PositionalAgatzDecoderWithVehicleByPercentage;2673,15;Alpha3
N100;97;PositionalAgatzDecoderWithVehicleByPercentage;2828,70;Alpha3
N100;97;PositionalAgatzDecoderWithVehicleByPercentage;2614,64;Alpha3
N100;97;PositionalAgatzDecoderWithVehicleByPercentage;3018,88;Alpha3
N100;98;PositionalAgatzDecoderWithVehicleByPercentage;2407,65;Alpha3
N100;98;PositionalAgatzDecoderWithVehicleByPercentage;2485,00;Alpha3
N100;98;PositionalAgatzDecoderWithVehicleByPercentage;2408,18;Alpha3
N100;98;PositionalAgatzDecoderWithVehicleByPercentage;2652,52;Alpha3
N100;98;PositionalAgatzDecoderWithVehicleByPercentage;2776,80;Alpha3
N100;98;PositionalAgatzDecoderWithVehicleByPercentage;3014,90;Alpha3
N100;98;PositionalAgatzDecoderWithVehicleByPercentage;2884,67;Alpha3
N100;98;PositionalAgatzDecoderWithVehicleByPercentage;2690,99;Alpha3
N100;98;PositionalAgatzDecoderWithVehicleByPercentage;2596,41;Alpha3
N100;98;PositionalAgatzDecoderWithVehicleByPercentage;2709,76;Alpha3
N100;93;PositionalAgatzDecoderWithVehicleByPercentage;2508,34;Alpha3
N100;93;PositionalAgatzDecoderWithVehicleByPercentage;2136,13;Alpha3
N100;93;PositionalAgatzDecoderWithVehicleByPercentage;2502,95;Alpha3
N100;93;PositionalAgatzDecoderWithVehicleByPercentage;2104,61;Alpha3
N100;93;PositionalAgatzDecoderWithVehicleByPercentage;2520,42;Alpha3
N100;93;PositionalAgatzDecoderWithVehicleByPercentage;3067,17;Alpha3
N100;93;PositionalAgatzDecoderWithVehicleByPercentage;1938,90;Alpha3
N100;93;PositionalAgatzDecoderWithVehicleByPercentage;1998,34;Alpha3
N100;93;PositionalAgatzDecoderWithVehicleByPercentage;2703,93;Alpha3
N100;93;PositionalAgatzDecoderWithVehicleByPercentage;2494,36;Alpha3
N100;95;PositionalAgatzDecoderWithVehicleByPercentage;2697,52;Alpha3
N100;95;PositionalAgatzDecoderWithVehicleByPercentage;3032,77;Alpha3
N100;95;PositionalAgatzDecoderWithVehicleByPercentage;2631,40;Alpha3
N100;95;PositionalAgatzDecoderWithVehicleByPercentage;2715,65;Alpha3
N100;95;PositionalAgatzDecoderWithVehicleByPercentage;2549,10;Alpha3
N100;95;PositionalAgatzDecoderWithVehicleByPercentage;2407,70;Alpha3
N100;95;PositionalAgatzDecoderWithVehicleByPercentage;2444,44;Alpha3
N100;95;PositionalAgatzDecoderWithVehicleByPercentage;2362,58;Alpha3
N100;95;PositionalAgatzDecoderWithVehicleByPercentage;2522,77;Alpha3
N100;95;PositionalAgatzDecoderWithVehicleByPercentage;2782,29;Alpha3
N100;96;PositionalAgatzDecoderWithVehicleByPercentage;2970,98;Alpha3
N100;96;PositionalAgatzDecoderWithVehicleByPercentage;2638,79;Alpha3
N100;96;PositionalAgatzDecoderWithVehicleByPercentage;2827,44;Alpha3
N100;96;PositionalAgatzDecoderWithVehicleByPercentage;2838,93;Alpha3
N100;96;PositionalAgatzDecoderWithVehicleByPercentage;2530,54;Alpha3
N100;96;PositionalAgatzDecoderWithVehicleByPercentage;2483,10;Alpha3
N100;96;PositionalAgatzDecoderWithVehicleByPercentage;3057,33;Alpha3
N100;96;PositionalAgatzDecoderWithVehicleByPercentage;2466,10;Alpha3
N100;96;PositionalAgatzDecoderWithVehicleByPercentage;2476,59;Alpha3
N100;96;PositionalAgatzDecoderWithVehicleByPercentage;2564,27;Alpha3
N100;100;PositionalAgatzDecoderWithVehicleByPercentage;2318,92;Alpha3
N100;100;PositionalAgatzDecoderWithVehicleByPercentage;2416,82;Alpha3
N100;100;PositionalAgatzDecoderWithVehicleByPercentage;3101,10;Alpha3
N100;100;PositionalAgatzDecoderWithVehicleByPercentage;2699,42;Alpha3
N100;100;PositionalAgatzDecoderWithVehicleByPercentage;2433,82;Alpha3
N100;100;PositionalAgatzDecoderWithVehicleByPercentage;2786,08;Alpha3
N100;100;PositionalAgatzDecoderWithVehicleByPercentage;2868,79;Alpha3
N100;100;PositionalAgatzDecoderWithVehicleByPercentage;2421,49;Alpha3
N100;100;PositionalAgatzDecoderWithVehicleByPercentage;2160,43;Alpha3
N100;100;PositionalAgatzDecoderWithVehicleByPercentage;2459,40;Alpha3
N175;110;PositionalAgatzDecoderWithVehicleByPercentage;5579,23;Alpha3
N175;110;PositionalAgatzDecoderWithVehicleByPercentage;5607,01;Alpha3
N175;110;PositionalAgatzDecoderWithVehicleByPercentage;6027,05;Alpha3
N175;110;PositionalAgatzDecoderWithVehicleByPercentage;4900,12;Alpha3
N175;110;PositionalAgatzDecoderWithVehicleByPercentage;4929,75;Alpha3
N175;110;PositionalAgatzDecoderWithVehicleByPercentage;5184,71;Alpha3
N175;110;PositionalAgatzDecoderWithVehicleByPercentage;5122,07;Alpha3
N175;110;PositionalAgatzDecoderWithVehicleByPercentage;5508,74;Alpha3
N175;110;PositionalAgatzDecoderWithVehicleByPercentage;5590,83;Alpha3
N175;110;PositionalAgatzDecoderWithVehicleByPercentage;5246,20;Alpha3
N175;102;PositionalAgatzDecoderWithVehicleByPercentage;5254,38;Alpha3
N175;102;PositionalAgatzDecoderWithVehicleByPercentage;5847,49;Alpha3
N175;102;PositionalAgatzDecoderWithVehicleByPercentage;5413,30;Alpha3
N175;102;PositionalAgatzDecoderWithVehicleByPercentage;5476,14;Alpha3
N175;102;PositionalAgatzDecoderWithVehicleByPercentage;5384,90;Alpha3
N175;102;PositionalAgatzDecoderWithVehicleByPercentage;4985,59;Alpha3
N175;102;PositionalAgatzDecoderWithVehicleByPercentage;5335,60;Alpha3
N175;102;PositionalAgatzDecoderWithVehicleByPercentage;5698,06;Alpha3
N175;102;PositionalAgatzDecoderWithVehicleByPercentage;5224,00;Alpha3
N175;102;PositionalAgatzDecoderWithVehicleByPercentage;5168,02;Alpha3
N175;104;PositionalAgatzDecoderWithVehicleByPercentage;4659,04;Alpha3
N175;104;PositionalAgatzDecoderWithVehicleByPercentage;4114,19;Alpha3
N175;104;PositionalAgatzDecoderWithVehicleByPercentage;4455,78;Alpha3
N175;104;PositionalAgatzDecoderWithVehicleByPercentage;5296,86;Alpha3
N175;104;PositionalAgatzDecoderWithVehicleByPercentage;5216,35;Alpha3
N175;104;PositionalAgatzDecoderWithVehicleByPercentage;5104,38;Alpha3
N175;104;PositionalAgatzDecoderWithVehicleByPercentage;4868,95;Alpha3
N175;104;PositionalAgatzDecoderWithVehicleByPercentage;4697,06;Alpha3
N175;104;PositionalAgatzDecoderWithVehicleByPercentage;4973,32;Alpha3
N175;104;PositionalAgatzDecoderWithVehicleByPercentage;4699,46;Alpha3
N175;106;PositionalAgatzDecoderWithVehicleByPercentage;5654,59;Alpha3
N175;106;PositionalAgatzDecoderWithVehicleByPercentage;5339,44;Alpha3
N175;106;PositionalAgatzDecoderWithVehicleByPercentage;5187,11;Alpha3
N175;106;PositionalAgatzDecoderWithVehicleByPercentage;5423,12;Alpha3
N175;106;PositionalAgatzDecoderWithVehicleByPercentage;4866,98;Alpha3
N175;106;PositionalAgatzDecoderWithVehicleByPercentage;5668,04;Alpha3
N175;106;PositionalAgatzDecoderWithVehicleByPercentage;4932,07;Alpha3
N175;106;PositionalAgatzDecoderWithVehicleByPercentage;5514,49;Alpha3
N175;106;PositionalAgatzDecoderWithVehicleByPercentage;5137,62;Alpha3
N175;106;PositionalAgatzDecoderWithVehicleByPercentage;4825,14;Alpha3
N175;108;PositionalAgatzDecoderWithVehicleByPercentage;4635,31;Alpha3
N175;108;PositionalAgatzDecoderWithVehicleByPercentage;5040,16;Alpha3
N175;108;PositionalAgatzDecoderWithVehicleByPercentage;4713,85;Alpha3
N175;108;PositionalAgatzDecoderWithVehicleByPercentage;4815,15;Alpha3
N175;108;PositionalAgatzDecoderWithVehicleByPercentage;4896,56;Alpha3
N175;108;PositionalAgatzDecoderWithVehicleByPercentage;4704,64;Alpha3
N175;108;PositionalAgatzDecoderWithVehicleByPercentage;5167,48;Alpha3
N175;108;PositionalAgatzDecoderWithVehicleByPercentage;4943,48;Alpha3
N175;108;PositionalAgatzDecoderWithVehicleByPercentage;4974,71;Alpha3
N175;108;PositionalAgatzDecoderWithVehicleByPercentage;5092,91;Alpha3
N175;109;PositionalAgatzDecoderWithVehicleByPercentage;6016,10;Alpha3
N175;109;PositionalAgatzDecoderWithVehicleByPercentage;5075,81;Alpha3
N175;109;PositionalAgatzDecoderWithVehicleByPercentage;5332,13;Alpha3
N175;109;PositionalAgatzDecoderWithVehicleByPercentage;5520,38;Alpha3
N175;109;PositionalAgatzDecoderWithVehicleByPercentage;4624,00;Alpha3
N175;109;PositionalAgatzDecoderWithVehicleByPercentage;5107,78;Alpha3
N175;109;PositionalAgatzDecoderWithVehicleByPercentage;5592,79;Alpha3
N175;109;PositionalAgatzDecoderWithVehicleByPercentage;5275,11;Alpha3
N175;109;PositionalAgatzDecoderWithVehicleByPercentage;5219,42;Alpha3
N175;109;PositionalAgatzDecoderWithVehicleByPercentage;5382,54;Alpha3
N175;101;PositionalAgatzDecoderWithVehicleByPercentage;4500,98;Alpha3
N175;101;PositionalAgatzDecoderWithVehicleByPercentage;4911,18;Alpha3
N175;101;PositionalAgatzDecoderWithVehicleByPercentage;4705,66;Alpha3
N175;101;PositionalAgatzDecoderWithVehicleByPercentage;4965,83;Alpha3
N175;101;PositionalAgatzDecoderWithVehicleByPercentage;4685,58;Alpha3
N175;101;PositionalAgatzDecoderWithVehicleByPercentage;4290,81;Alpha3
N175;101;PositionalAgatzDecoderWithVehicleByPercentage;5275,97;Alpha3
N175;101;PositionalAgatzDecoderWithVehicleByPercentage;4511,88;Alpha3
N175;101;PositionalAgatzDecoderWithVehicleByPercentage;4672,51;Alpha3
N175;101;PositionalAgatzDecoderWithVehicleByPercentage;5229,62;Alpha3
N175;103;PositionalAgatzDecoderWithVehicleByPercentage;5760,26;Alpha3
N175;103;PositionalAgatzDecoderWithVehicleByPercentage;5740,05;Alpha3
N175;103;PositionalAgatzDecoderWithVehicleByPercentage;4403,22;Alpha3
N175;103;PositionalAgatzDecoderWithVehicleByPercentage;5419,90;Alpha3
N175;103;PositionalAgatzDecoderWithVehicleByPercentage;4968,08;Alpha3
N175;103;PositionalAgatzDecoderWithVehicleByPercentage;5174,32;Alpha3
N175;103;PositionalAgatzDecoderWithVehicleByPercentage;4471,87;Alpha3
N175;103;PositionalAgatzDecoderWithVehicleByPercentage;5430,30;Alpha3
N175;103;PositionalAgatzDecoderWithVehicleByPercentage;4596,96;Alpha3
N175;103;PositionalAgatzDecoderWithVehicleByPercentage;5353,36;Alpha3
N175;105;PositionalAgatzDecoderWithVehicleByPercentage;4829,03;Alpha3
N175;105;PositionalAgatzDecoderWithVehicleByPercentage;4355,36;Alpha3
N175;105;PositionalAgatzDecoderWithVehicleByPercentage;4810,40;Alpha3
N175;105;PositionalAgatzDecoderWithVehicleByPercentage;5900,05;Alpha3
N175;105;PositionalAgatzDecoderWithVehicleByPercentage;5054,23;Alpha3
N175;105;PositionalAgatzDecoderWithVehicleByPercentage;4412,46;Alpha3
N175;105;PositionalAgatzDecoderWithVehicleByPercentage;5110,20;Alpha3
N175;105;PositionalAgatzDecoderWithVehicleByPercentage;4657,94;Alpha3
N175;105;PositionalAgatzDecoderWithVehicleByPercentage;4772,63;Alpha3
N175;105;PositionalAgatzDecoderWithVehicleByPercentage;4602,39;Alpha3
N175;107;PositionalAgatzDecoderWithVehicleByPercentage;4899,92;Alpha3
N175;107;PositionalAgatzDecoderWithVehicleByPercentage;5039,97;Alpha3
N175;107;PositionalAgatzDecoderWithVehicleByPercentage;4724,15;Alpha3
N175;107;PositionalAgatzDecoderWithVehicleByPercentage;4878,57;Alpha3
N175;107;PositionalAgatzDecoderWithVehicleByPercentage;4653,33;Alpha3
N175;107;PositionalAgatzDecoderWithVehicleByPercentage;5380,04;Alpha3
N175;107;PositionalAgatzDecoderWithVehicleByPercentage;4644,58;Alpha3
N175;107;PositionalAgatzDecoderWithVehicleByPercentage;4914,57;Alpha3
N175;107;PositionalAgatzDecoderWithVehicleByPercentage;4777,80;Alpha3
N175;107;PositionalAgatzDecoderWithVehicleByPercentage;4790,02;Alpha3
N250;3;PositionalAgatzDecoderWithVehicleByPercentage;6810,62;Alpha3
N250;3;PositionalAgatzDecoderWithVehicleByPercentage;6493,75;Alpha3
N250;3;PositionalAgatzDecoderWithVehicleByPercentage;7282,25;Alpha3
N250;3;PositionalAgatzDecoderWithVehicleByPercentage;7757,68;Alpha3
N250;3;PositionalAgatzDecoderWithVehicleByPercentage;7144,92;Alpha3
N250;3;PositionalAgatzDecoderWithVehicleByPercentage;7918,59;Alpha3
N250;3;PositionalAgatzDecoderWithVehicleByPercentage;7426,73;Alpha3
N250;3;PositionalAgatzDecoderWithVehicleByPercentage;6714,40;Alpha3
N250;3;PositionalAgatzDecoderWithVehicleByPercentage;7445,63;Alpha3
N250;3;PositionalAgatzDecoderWithVehicleByPercentage;6971,28;Alpha3
N250;5;PositionalAgatzDecoderWithVehicleByPercentage;7657,67;Alpha3
N250;5;PositionalAgatzDecoderWithVehicleByPercentage;7332,54;Alpha3
N250;5;PositionalAgatzDecoderWithVehicleByPercentage;7720,74;Alpha3
N250;5;PositionalAgatzDecoderWithVehicleByPercentage;8036,67;Alpha3
N250;5;PositionalAgatzDecoderWithVehicleByPercentage;7785,35;Alpha3
N250;5;PositionalAgatzDecoderWithVehicleByPercentage;8180,02;Alpha3
N250;5;PositionalAgatzDecoderWithVehicleByPercentage;8338,36;Alpha3
N250;5;PositionalAgatzDecoderWithVehicleByPercentage;7731,80;Alpha3
N250;5;PositionalAgatzDecoderWithVehicleByPercentage;8447,41;Alpha3
N250;5;PositionalAgatzDecoderWithVehicleByPercentage;7976,37;Alpha3
N250;111;PositionalAgatzDecoderWithVehicleByPercentage;6871,85;Alpha3
N250;111;PositionalAgatzDecoderWithVehicleByPercentage;6779,93;Alpha3
N250;111;PositionalAgatzDecoderWithVehicleByPercentage;7553,22;Alpha3
N250;111;PositionalAgatzDecoderWithVehicleByPercentage;7123,92;Alpha3
N250;111;PositionalAgatzDecoderWithVehicleByPercentage;8115,74;Alpha3
N250;111;PositionalAgatzDecoderWithVehicleByPercentage;7753,05;Alpha3
N250;111;PositionalAgatzDecoderWithVehicleByPercentage;7808,14;Alpha3
N250;111;PositionalAgatzDecoderWithVehicleByPercentage;7574,46;Alpha3
N250;111;PositionalAgatzDecoderWithVehicleByPercentage;6824,85;Alpha3
N250;111;PositionalAgatzDecoderWithVehicleByPercentage;6681,59;Alpha3
N250;112;PositionalAgatzDecoderWithVehicleByPercentage;7838,92;Alpha3
N250;112;PositionalAgatzDecoderWithVehicleByPercentage;7221,84;Alpha3
N250;112;PositionalAgatzDecoderWithVehicleByPercentage;7682,86;Alpha3
N250;112;PositionalAgatzDecoderWithVehicleByPercentage;7766,79;Alpha3
N250;112;PositionalAgatzDecoderWithVehicleByPercentage;8253,50;Alpha3
N250;112;PositionalAgatzDecoderWithVehicleByPercentage;7652,57;Alpha3
N250;112;PositionalAgatzDecoderWithVehicleByPercentage;7440,15;Alpha3
N250;112;PositionalAgatzDecoderWithVehicleByPercentage;7642,07;Alpha3
N250;112;PositionalAgatzDecoderWithVehicleByPercentage;7688,15;Alpha3
N250;112;PositionalAgatzDecoderWithVehicleByPercentage;7854,46;Alpha3
N250;113;PositionalAgatzDecoderWithVehicleByPercentage;6806,49;Alpha3
N250;113;PositionalAgatzDecoderWithVehicleByPercentage;8158,48;Alpha3
N250;113;PositionalAgatzDecoderWithVehicleByPercentage;7782,64;Alpha3
N250;113;PositionalAgatzDecoderWithVehicleByPercentage;7556,19;Alpha3
N250;113;PositionalAgatzDecoderWithVehicleByPercentage;6809,35;Alpha3
N250;113;PositionalAgatzDecoderWithVehicleByPercentage;7068,99;Alpha3
N250;113;PositionalAgatzDecoderWithVehicleByPercentage;6962,13;Alpha3
N250;113;PositionalAgatzDecoderWithVehicleByPercentage;7650,62;Alpha3
N250;113;PositionalAgatzDecoderWithVehicleByPercentage;8236,73;Alpha3
N250;113;PositionalAgatzDecoderWithVehicleByPercentage;8073,86;Alpha3
N250;1;PositionalAgatzDecoderWithVehicleByPercentage;7992,87;Alpha3
N250;1;PositionalAgatzDecoderWithVehicleByPercentage;7731,47;Alpha3
N250;1;PositionalAgatzDecoderWithVehicleByPercentage;7124,67;Alpha3
N250;1;PositionalAgatzDecoderWithVehicleByPercentage;7741,41;Alpha3
N250;1;PositionalAgatzDecoderWithVehicleByPercentage;7768,92;Alpha3
N250;1;PositionalAgatzDecoderWithVehicleByPercentage;7288,53;Alpha3
N250;1;PositionalAgatzDecoderWithVehicleByPercentage;7979,42;Alpha3
N250;1;PositionalAgatzDecoderWithVehicleByPercentage;7720,99;Alpha3
N250;1;PositionalAgatzDecoderWithVehicleByPercentage;7047,38;Alpha3
N250;1;PositionalAgatzDecoderWithVehicleByPercentage;7290,21;Alpha3
N250;4;PositionalAgatzDecoderWithVehicleByPercentage;7496,94;Alpha3
N250;4;PositionalAgatzDecoderWithVehicleByPercentage;7589,60;Alpha3
N250;4;PositionalAgatzDecoderWithVehicleByPercentage;7750,37;Alpha3
N250;4;PositionalAgatzDecoderWithVehicleByPercentage;7307,18;Alpha3
N250;4;PositionalAgatzDecoderWithVehicleByPercentage;7178,96;Alpha3
N250;4;PositionalAgatzDecoderWithVehicleByPercentage;7321,65;Alpha3
N250;4;PositionalAgatzDecoderWithVehicleByPercentage;7429,92;Alpha3
N250;4;PositionalAgatzDecoderWithVehicleByPercentage;7176,96;Alpha3
N250;4;PositionalAgatzDecoderWithVehicleByPercentage;7926,55;Alpha3
N250;4;PositionalAgatzDecoderWithVehicleByPercentage;8158,07;Alpha3
N250;8;PositionalAgatzDecoderWithVehicleByPercentage;7621,71;Alpha3
N250;8;PositionalAgatzDecoderWithVehicleByPercentage;8422,34;Alpha3
N250;8;PositionalAgatzDecoderWithVehicleByPercentage;7663,94;Alpha3
N250;8;PositionalAgatzDecoderWithVehicleByPercentage;7740,43;Alpha3
N250;8;PositionalAgatzDecoderWithVehicleByPercentage;7281,45;Alpha3
N250;8;PositionalAgatzDecoderWithVehicleByPercentage;6856,25;Alpha3
N250;8;PositionalAgatzDecoderWithVehicleByPercentage;7660,73;Alpha3
N250;8;PositionalAgatzDecoderWithVehicleByPercentage;7873,57;Alpha3
N250;8;PositionalAgatzDecoderWithVehicleByPercentage;7909,66;Alpha3
N250;8;PositionalAgatzDecoderWithVehicleByPercentage;7420,81;Alpha3
N250;9;PositionalAgatzDecoderWithVehicleByPercentage;8873,56;Alpha3
N250;9;PositionalAgatzDecoderWithVehicleByPercentage;8426,16;Alpha3
N250;9;PositionalAgatzDecoderWithVehicleByPercentage;8514,26;Alpha3
N250;9;PositionalAgatzDecoderWithVehicleByPercentage;8457,10;Alpha3
N250;9;PositionalAgatzDecoderWithVehicleByPercentage;7461,20;Alpha3
N250;9;PositionalAgatzDecoderWithVehicleByPercentage;8500,25;Alpha3
N250;9;PositionalAgatzDecoderWithVehicleByPercentage;8425,79;Alpha3
N250;9;PositionalAgatzDecoderWithVehicleByPercentage;8141,08;Alpha3
N250;9;PositionalAgatzDecoderWithVehicleByPercentage;8716,43;Alpha3
N250;9;PositionalAgatzDecoderWithVehicleByPercentage;8084,30;Alpha3
N250;10;PositionalAgatzDecoderWithVehicleByPercentage;8003,43;Alpha3
N250;10;PositionalAgatzDecoderWithVehicleByPercentage;7199,29;Alpha3
N250;10;PositionalAgatzDecoderWithVehicleByPercentage;7979,02;Alpha3
N250;10;PositionalAgatzDecoderWithVehicleByPercentage;7449,33;Alpha3
N250;10;PositionalAgatzDecoderWithVehicleByPercentage;8388,28;Alpha3
N250;10;PositionalAgatzDecoderWithVehicleByPercentage;8198,32;Alpha3
N250;10;PositionalAgatzDecoderWithVehicleByPercentage;7833,65;Alpha3
N250;10;PositionalAgatzDecoderWithVehicleByPercentage;8734,16;Alpha3
N250;10;PositionalAgatzDecoderWithVehicleByPercentage;8631,52;Alpha3
N250;10;PositionalAgatzDecoderWithVehicleByPercentage;7374,20;Alpha3
N250;115;PositionalAgatzDecoderWithVehicleByPercentage;8129,39;Alpha3
N250;115;PositionalAgatzDecoderWithVehicleByPercentage;8138,68;Alpha3
N250;115;PositionalAgatzDecoderWithVehicleByPercentage;7988,10;Alpha3
N250;115;PositionalAgatzDecoderWithVehicleByPercentage;7866,81;Alpha3
N250;115;PositionalAgatzDecoderWithVehicleByPercentage;8257,99;Alpha3
N250;115;PositionalAgatzDecoderWithVehicleByPercentage;7676,28;Alpha3
N250;115;PositionalAgatzDecoderWithVehicleByPercentage;8175,24;Alpha3
N250;115;PositionalAgatzDecoderWithVehicleByPercentage;8186,94;Alpha3
N250;115;PositionalAgatzDecoderWithVehicleByPercentage;7243,15;Alpha3
N250;115;PositionalAgatzDecoderWithVehicleByPercentage;8054,04;Alpha3
N250;116;PositionalAgatzDecoderWithVehicleByPercentage;7719,38;Alpha3
N250;116;PositionalAgatzDecoderWithVehicleByPercentage;8646,17;Alpha3
N250;116;PositionalAgatzDecoderWithVehicleByPercentage;8156,53;Alpha3
N250;116;PositionalAgatzDecoderWithVehicleByPercentage;8658,01;Alpha3
N250;116;PositionalAgatzDecoderWithVehicleByPercentage;7348,12;Alpha3
N250;116;PositionalAgatzDecoderWithVehicleByPercentage;9069,78;Alpha3
N250;116;PositionalAgatzDecoderWithVehicleByPercentage;8202,47;Alpha3
N250;116;PositionalAgatzDecoderWithVehicleByPercentage;7481,97;Alpha3
N250;116;PositionalAgatzDecoderWithVehicleByPercentage;7769,06;Alpha3
N250;116;PositionalAgatzDecoderWithVehicleByPercentage;8186,31;Alpha3
N250;118;PositionalAgatzDecoderWithVehicleByPercentage;8456,07;Alpha3
N250;118;PositionalAgatzDecoderWithVehicleByPercentage;8706,98;Alpha3
N250;118;PositionalAgatzDecoderWithVehicleByPercentage;8072,96;Alpha3
N250;118;PositionalAgatzDecoderWithVehicleByPercentage;7531,75;Alpha3
N250;118;PositionalAgatzDecoderWithVehicleByPercentage;8550,84;Alpha3
N250;118;PositionalAgatzDecoderWithVehicleByPercentage;7392,19;Alpha3
N250;118;PositionalAgatzDecoderWithVehicleByPercentage;8022,40;Alpha3
N250;118;PositionalAgatzDecoderWithVehicleByPercentage;7016,19;Alpha3
N250;118;PositionalAgatzDecoderWithVehicleByPercentage;8225,87;Alpha3
N250;118;PositionalAgatzDecoderWithVehicleByPercentage;8027,52;Alpha3
N250;119;PositionalAgatzDecoderWithVehicleByPercentage;7608,42;Alpha3
N250;119;PositionalAgatzDecoderWithVehicleByPercentage;7364,32;Alpha3
N250;119;PositionalAgatzDecoderWithVehicleByPercentage;7145,16;Alpha3
N250;119;PositionalAgatzDecoderWithVehicleByPercentage;7459,33;Alpha3
N250;119;PositionalAgatzDecoderWithVehicleByPercentage;7829,15;Alpha3
N250;119;PositionalAgatzDecoderWithVehicleByPercentage;7212,57;Alpha3
N250;119;PositionalAgatzDecoderWithVehicleByPercentage;8195,93;Alpha3
N250;119;PositionalAgatzDecoderWithVehicleByPercentage;7279,56;Alpha3
N250;119;PositionalAgatzDecoderWithVehicleByPercentage;6725,72;Alpha3
N250;119;PositionalAgatzDecoderWithVehicleByPercentage;6909,58;Alpha3
N250;2;PositionalAgatzDecoderWithVehicleByPercentage;7049,92;Alpha3
N250;2;PositionalAgatzDecoderWithVehicleByPercentage;7072,01;Alpha3
N250;2;PositionalAgatzDecoderWithVehicleByPercentage;7036,10;Alpha3
N250;2;PositionalAgatzDecoderWithVehicleByPercentage;7329,82;Alpha3
N250;2;PositionalAgatzDecoderWithVehicleByPercentage;6518,54;Alpha3
N250;2;PositionalAgatzDecoderWithVehicleByPercentage;7009,84;Alpha3
N250;2;PositionalAgatzDecoderWithVehicleByPercentage;7371,11;Alpha3
N250;2;PositionalAgatzDecoderWithVehicleByPercentage;7348,00;Alpha3
N250;2;PositionalAgatzDecoderWithVehicleByPercentage;7495,03;Alpha3
N250;2;PositionalAgatzDecoderWithVehicleByPercentage;7013,95;Alpha3
N250;6;PositionalAgatzDecoderWithVehicleByPercentage;8025,42;Alpha3
N250;6;PositionalAgatzDecoderWithVehicleByPercentage;7956,01;Alpha3
N250;6;PositionalAgatzDecoderWithVehicleByPercentage;7849,93;Alpha3
N250;6;PositionalAgatzDecoderWithVehicleByPercentage;7685,97;Alpha3
N250;6;PositionalAgatzDecoderWithVehicleByPercentage;8322,46;Alpha3
N250;6;PositionalAgatzDecoderWithVehicleByPercentage;7560,02;Alpha3
N250;6;PositionalAgatzDecoderWithVehicleByPercentage;6958,65;Alpha3
N250;6;PositionalAgatzDecoderWithVehicleByPercentage;7009,84;Alpha3
N250;6;PositionalAgatzDecoderWithVehicleByPercentage;8114,14;Alpha3
N250;6;PositionalAgatzDecoderWithVehicleByPercentage;8546,67;Alpha3
N250;7;PositionalAgatzDecoderWithVehicleByPercentage;8054,78;Alpha3
N250;7;PositionalAgatzDecoderWithVehicleByPercentage;7773,44;Alpha3
N250;7;PositionalAgatzDecoderWithVehicleByPercentage;7644,97;Alpha3
N250;7;PositionalAgatzDecoderWithVehicleByPercentage;8068,82;Alpha3
N250;7;PositionalAgatzDecoderWithVehicleByPercentage;8588,00;Alpha3
N250;7;PositionalAgatzDecoderWithVehicleByPercentage;8105,04;Alpha3
N250;7;PositionalAgatzDecoderWithVehicleByPercentage;8480,71;Alpha3
N250;7;PositionalAgatzDecoderWithVehicleByPercentage;8113,41;Alpha3
N250;7;PositionalAgatzDecoderWithVehicleByPercentage;8490,75;Alpha3
N250;7;PositionalAgatzDecoderWithVehicleByPercentage;8043,62;Alpha3
N250;114;PositionalAgatzDecoderWithVehicleByPercentage;8479,14;Alpha3
N250;114;PositionalAgatzDecoderWithVehicleByPercentage;7345,42;Alpha3
N250;114;PositionalAgatzDecoderWithVehicleByPercentage;7194,86;Alpha3
N250;114;PositionalAgatzDecoderWithVehicleByPercentage;7985,87;Alpha3
N250;114;PositionalAgatzDecoderWithVehicleByPercentage;7321,54;Alpha3
N250;114;PositionalAgatzDecoderWithVehicleByPercentage;7604,31;Alpha3
N250;114;PositionalAgatzDecoderWithVehicleByPercentage;7324,56;Alpha3
N250;114;PositionalAgatzDecoderWithVehicleByPercentage;7593,58;Alpha3
N250;114;PositionalAgatzDecoderWithVehicleByPercentage;7467,93;Alpha3
N250;114;PositionalAgatzDecoderWithVehicleByPercentage;7838,85;Alpha3
N250;117;PositionalAgatzDecoderWithVehicleByPercentage;9188,39;Alpha3
N250;117;PositionalAgatzDecoderWithVehicleByPercentage;7551,92;Alpha3
N250;117;PositionalAgatzDecoderWithVehicleByPercentage;7294,92;Alpha3
N250;117;PositionalAgatzDecoderWithVehicleByPercentage;7983,59;Alpha3
N250;117;PositionalAgatzDecoderWithVehicleByPercentage;7810,99;Alpha3
N250;117;PositionalAgatzDecoderWithVehicleByPercentage;8033,02;Alpha3
N250;117;PositionalAgatzDecoderWithVehicleByPercentage;8971,87;Alpha3
N250;117;PositionalAgatzDecoderWithVehicleByPercentage;8045,25;Alpha3
N250;117;PositionalAgatzDecoderWithVehicleByPercentage;7940,51;Alpha3
N250;117;PositionalAgatzDecoderWithVehicleByPercentage;8437,54;Alpha3
N250;120;PositionalAgatzDecoderWithVehicleByPercentage;7204,03;Alpha3
N250;120;PositionalAgatzDecoderWithVehicleByPercentage;7379,94;Alpha3
N250;120;PositionalAgatzDecoderWithVehicleByPercentage;8039,90;Alpha3
N250;120;PositionalAgatzDecoderWithVehicleByPercentage;9130,33;Alpha3
N250;120;PositionalAgatzDecoderWithVehicleByPercentage;7330,86;Alpha3
N250;120;PositionalAgatzDecoderWithVehicleByPercentage;8630,35;Alpha3
N250;120;PositionalAgatzDecoderWithVehicleByPercentage;7754,63;Alpha3
N250;120;PositionalAgatzDecoderWithVehicleByPercentage;7282,18;Alpha3
N250;120;PositionalAgatzDecoderWithVehicleByPercentage;7345,17;Alpha3
N250;120;PositionalAgatzDecoderWithVehicleByPercentage;7042,89;Alpha3
